# Blender 5.1.0
# www.blender.org
mtllib Furgoncino.mtl
o Cube
v 0.850921 0.256196 3.068728
v 0.846293 0.437214 2.091096
v 0.683001 0.439201 2.149734
v 0.379790 0.439201 2.192119
v 0.000000 0.439201 2.211681
v 0.845542 0.345167 2.703501
v 0.673220 0.348636 2.661607
v 0.389571 0.348636 2.664867
v 0.000000 0.348636 2.671388
v 1.100505 0.332335 2.769336
v 1.245409 0.369013 2.529712
v 1.322389 0.459578 1.865632
v 1.150316 0.441693 2.012800
v 0.657643 0.245392 2.996355
v 0.396816 0.245392 3.001316
v 0.000000 0.245392 3.017617
v 0.804811 0.218404 3.140020
v 0.657643 0.198933 3.107866
v 0.396816 0.198933 3.109993
v 0.000000 0.185348 3.126295
v 0.788962 0.125575 3.235254
v 0.663416 0.075537 3.251060
v 0.398046 0.075812 3.257203
v 0.000000 0.101575 3.253086
v 0.802547 -0.067328 3.322968
v 0.722133 -0.037393 3.337655
v 0.395586 -0.047074 3.346778
v 0.000000 -0.091328 3.383499
v 1.265514 -0.028204 3.155473
v 1.418750 0.056565 2.826066
v 1.352456 0.291309 2.503118
v 0.805807 -0.173067 3.570019
v 0.729340 -0.173357 3.571196
v 0.396816 -0.176816 3.586157
v 0.000000 -0.181344 3.592678
v 1.265514 -0.148836 3.372541
v 1.418750 -0.108616 3.225827
v 1.016099 -0.168398 3.558608
v 1.386539 0.575048 1.682284
v 0.718655 -0.809621 3.591867
v 0.953765 -0.793241 3.579572
v 0.973945 -0.627901 3.579572
v 0.747506 -0.641602 3.591574
v 0.994391 -0.460372 3.579572
v 1.329291 -0.490269 3.324231
v 1.329645 -0.397979 3.324984
v 0.776358 -0.473572 3.591282
v 1.382766 0.525238 1.772237
v 0.805807 -0.302072 3.590983
v 0.729340 -0.310223 3.592160
v 0.396816 -0.321544 3.614983
v 0.000000 -0.326072 3.621503
v 1.265514 -0.262948 3.389718
v 1.418750 -0.222728 3.243003
v 1.016099 -0.282510 3.579572
v 1.502070 -0.134733 2.930224
v 1.588559 -0.029074 2.542613
v 0.689718 -0.978139 3.592160
v 0.689718 -1.182589 3.393823
v 0.396816 -0.997007 3.613624
v 0.000000 -1.001535 3.620145
v 0.396816 -1.178816 3.423438
v 0.000000 -1.183344 3.429959
v 0.931873 -0.972615 3.579572
v 0.918289 -1.179103 3.392103
v 0.689718 -1.221155 2.994432
v 0.396816 -1.217381 3.024047
v 0.000000 -1.221910 3.030567
v 0.918289 -1.217668 2.992712
v 1.512998 -0.972615 3.019202
v 1.405075 -1.179103 2.992108
v 1.127468 -0.972615 3.492152
v 1.323063 -0.972615 3.331147
v 1.080551 -1.179103 3.339902
v 1.242813 -1.179103 3.217891
v 1.080551 -1.204813 2.992510
v 1.242813 -1.191958 2.992309
v 1.493934 -0.247183 3.113695
v 1.441421 -0.418353 3.199026
v 1.432380 -0.540618 3.205565
v 1.583971 -0.709071 2.956712
v 1.601283 -0.334125 2.410006
v 1.597676 -0.418353 2.663788
v 1.599502 -0.540618 2.825193
v 1.430433 0.173937 2.669546
v 1.458282 0.131118 2.533733
v 1.426047 0.593161 1.599145
v 1.455469 0.595426 1.464203
v 1.540943 0.203279 1.466920
v 1.492702 0.329165 1.465562
v 1.596368 -0.211780 1.481229
v 1.596368 -0.376061 1.471448
v 1.495298 -1.085551 1.435585
v 1.423043 0.716058 1.460943
v 1.584824 -0.423138 1.929621
v 1.566623 -0.689502 1.663388
v 1.500213 -1.080743 1.565578
v 1.580536 -0.693312 1.453516
v 0.657643 0.106104 3.231855
v 0.768784 0.089039 3.250583
v 0.396816 0.106104 3.236784
v 0.729340 -0.075479 3.354467
v 0.000000 0.071695 3.272067
v 0.774240 0.006145 3.317697
v 0.396816 -0.086800 3.367197
v 0.000000 -0.045520 3.361515
v 1.217464 1.510408 -0.677839
v 1.367440 1.062795 1.000583
v 1.298973 1.244559 0.681070
v 1.223985 1.454753 0.212886
v 1.647503 -0.313557 -0.595678
v 1.614139 -0.348769 1.313576
v 1.486575 0.247270 0.500991
v 1.486575 0.319287 -0.368026
v 1.400502 0.854893 -0.416640
v 1.297476 1.327837 -0.442362
v 1.323558 1.294219 0.195823
v 1.372463 1.143954 0.634474
v 1.405067 0.968289 0.933482
v 1.460473 0.671010 1.348197
v 1.486575 0.213652 1.362182
v 1.357985 1.334349 -0.661407
v 1.498832 0.849993 -0.644975
v 1.592838 0.318688 -0.628542
v 1.635756 -0.122632 -0.608198
v 1.596736 -0.189493 1.342288
v 1.599820 -0.167206 0.487377
v 1.602904 -0.137094 -0.367534
v 1.614139 -0.325294 -0.377888
v 1.614139 -0.337032 0.489363
v 1.220725 1.507881 -0.447659
v 1.486575 0.344521 1.355190
v 1.580536 -0.644860 -0.570611
v 1.460242 0.284830 0.501705
v 1.460242 0.379510 -0.319644
v 1.380750 0.845992 -0.364541
v 1.285601 1.282774 -0.388296
v 1.331177 1.251727 0.219871
v 1.376342 1.112951 0.624982
v 1.406453 0.950719 0.901127
v 1.433688 0.779457 1.129201
v 1.459523 0.253783 1.113947
v 1.466488 0.374645 1.126269
v 1.597045 -0.729330 1.256657
v 1.597074 -0.704196 0.486404
v 1.597073 -0.689653 -0.388204
v 1.495298 -1.049687 -0.543441
v 1.552187 -0.883765 1.150134
v 1.552257 -0.869087 0.489270
v 1.552297 -0.854862 -0.387436
v 1.407761 -1.214417 1.555797
v 1.407761 -1.190832 -0.530820
v 1.407761 -1.214417 1.438425
v 1.407761 -1.214417 1.291709
v 1.407761 -1.214417 0.486406
v 1.407761 -1.214417 -0.387365
v 1.580536 -0.649615 -0.387352
v 1.580536 -0.678686 1.293081
v 1.577158 -0.699081 -0.560796
v 1.580536 -0.664150 0.487098
v 1.495298 -1.048872 -0.387760
v 1.495298 -1.083105 1.292945
v 1.572206 -0.853613 -0.552497
v 1.495298 -1.067619 0.488456
v 1.581100 -0.651200 -1.792332
v 1.576148 -0.834595 -1.709918
v 1.580536 -0.604106 -1.811351
v 1.580536 -0.332411 -2.150969
v 1.580536 -0.511277 -1.942670
v 1.530757 -1.029761 -1.809087
v 1.580536 -0.553540 -1.980405
v 1.580536 -0.797311 -1.843803
v 1.600554 -0.297256 -1.661809
v 1.407761 -1.190958 -1.806654
v 1.587933 0.232588 -2.304852
v 1.632445 -0.137499 -1.832977
v 1.173993 1.502583 -2.129342
v 1.518565 0.787568 -2.150208
v 1.324186 1.297268 -2.153901
v 1.219175 1.365681 0.591157
v 0.000000 1.365681 0.612893
v 1.267431 1.313271 0.558373
v 1.348011 1.197351 0.526543
v 1.353760 1.160603 0.517520
v 1.363445 0.759665 1.508184
v 1.301227 1.124939 1.038239
v 1.258571 1.299797 0.718408
v 1.154866 1.568299 -0.677839
v 1.177036 1.512644 0.212886
v 1.158126 1.565772 -0.447659
v 1.111395 1.560474 -2.129342
v 1.060968 1.610552 -0.677839
v 1.114438 1.524711 0.268065
v 1.064229 1.604113 -0.447659
v 1.017497 1.605336 -2.129342
v 0.000000 1.649676 -0.677839
v 0.000000 1.563835 0.268065
v 0.000000 1.643237 -0.447659
v 0.000000 1.647720 -2.129342
v 1.153412 1.365681 0.602025
v 1.580536 -0.319369 -3.014959
v 1.580536 -0.234601 -2.366967
v 1.580536 -0.195477 -2.602526
v 1.580536 -0.224820 -2.834825
v 1.414750 -1.126382 -3.282137
v 1.532102 -0.856609 -3.280475
v 1.561210 -0.552531 -3.126656
v 1.578719 -0.455608 -3.011621
v 1.582506 -0.355585 -2.815315
v 1.584162 -0.321120 -2.597708
v 1.599808 -0.355585 -2.380100
v 1.575978 -0.455608 -2.183794
v 1.583036 -0.611398 -2.028004
v 1.582101 -0.807704 -1.927981
v 1.527931 -1.025311 -1.880474
v 1.407602 -1.195557 -1.871643
v 1.560974 -0.487603 -3.234054
v 1.539937 0.042081 -3.282719
v 1.587558 0.231943 -2.471555
v 1.476874 -0.373814 -3.391202
v 1.522279 -0.147348 -3.371970
v 1.077592 1.560474 -3.143438
v 1.139303 1.502583 -3.211044
v 1.229636 1.336392 -3.373477
v 1.338703 0.787568 -3.457265
v 1.349571 0.698600 -3.468532
v 1.537920 0.418555 -3.288318
v 1.498158 0.628414 -3.333354
v 1.586184 0.230502 -2.690224
v 1.584231 0.231024 -2.934061
v 1.586948 0.229088 -3.140047
v 1.493025 0.787568 -2.411619
v 1.467486 0.787568 -2.673031
v 1.441947 0.787568 -2.934442
v 1.416407 0.787568 -3.195853
v 1.562521 0.425259 -2.416889
v 1.527773 0.621085 -2.412624
v 1.554008 0.425285 -2.647612
v 1.510747 0.625988 -2.660321
v 1.545495 0.425311 -2.904130
v 1.493721 0.624371 -2.922547
v 1.536982 0.417173 -3.129036
v 1.476695 0.617042 -3.172225
v 1.522019 0.718944 -0.640922
v 1.553354 0.541842 -0.635444
v 1.573040 0.380323 -2.342445
v 1.537978 0.611668 -2.152781
v 1.403638 0.787568 -3.346121
v 1.597269 0.109713 -3.076066
v 1.597269 0.074423 -2.160641
v 1.562223 0.226676 -3.245687
v 1.597269 0.121841 -2.414634
v 1.565116 0.384684 -3.250502
v 1.597269 0.116990 -2.625122
v 1.597269 0.112139 -2.869412
v 1.564212 0.373953 -2.156259
v 1.572194 0.385170 -2.488283
v 1.565056 0.385334 -2.711401
v 1.558534 0.383768 -2.966564
v 1.547268 0.384601 -3.190544
v 1.574267 0.279391 -3.156185
v 1.561111 0.331576 -3.172927
v 1.582854 0.281728 -2.326376
v 1.578527 0.332746 -2.297612
v 1.576288 0.279988 -2.944108
v 1.568188 0.329915 -2.954353
v 1.565285 0.332239 -3.250815
v 1.579336 0.280684 -2.697088
v 1.572878 0.331784 -2.703561
v 1.582608 0.281304 -2.476944
v 1.578094 0.333873 -2.481859
v 1.571233 0.279457 -3.252968
v 1.592423 0.343221 -3.239839
v 1.584806 0.373559 -3.241330
v 1.604993 0.344936 -2.483245
v 1.601633 0.373805 -2.486860
v 1.599586 0.342893 -2.705188
v 1.595017 0.374186 -2.709769
v 1.594428 0.341062 -2.956881
v 1.588676 0.372762 -2.964069
v 1.588169 0.342372 -3.176216
v 1.581889 0.373923 -3.185712
v 1.605499 0.344058 -2.323649
v 1.602578 0.369330 -2.347465
v 1.603343 0.266091 -3.237458
v 1.617832 0.267816 -2.475471
v 1.615148 0.267252 -2.695251
v 1.612440 0.266608 -2.941362
v 1.618184 0.268215 -2.335248
v 1.611392 0.266253 -3.151978
v 1.616170 0.244318 -2.936784
v 0.000000 1.589393 -2.889914
v 1.618301 0.243994 -2.692069
v 0.000000 1.601704 -2.636390
v 1.620140 0.245409 -2.473025
v 0.000000 1.621926 -2.382866
v 1.620470 0.245996 -2.325516
v 0.000000 1.566877 -3.159978
v 1.601548 0.240255 -3.234287
v 0.992314 1.560474 -3.151488
v 1.615863 0.242174 -3.144173
v 1.007879 1.589314 -2.636390
v 1.324186 1.297268 -2.402446
v 1.324186 1.297268 -2.669104
v 1.324186 1.297268 -2.928970
v 1.324186 1.297268 -3.172987
v 1.324186 1.297268 -3.319646
v 1.169298 1.502583 -2.391134
v 1.164603 1.502583 -2.634813
v 1.159909 1.502583 -2.912455
v 1.160300 1.502583 -3.141702
v 1.102944 1.560474 -2.382866
v 1.094493 1.560474 -2.636390
v 1.086042 1.560474 -2.889914
v 1.015661 1.605451 -2.382866
v 1.000097 1.568808 -2.889914
v 1.017002 1.450777 -3.277715
v 0.000000 1.476860 -3.294876
v 1.010355 1.372529 -3.353623
v 0.000000 1.398612 -3.353251
v 1.160457 1.284500 -3.417304
v 1.255007 0.788929 -3.501712
v 1.279007 0.619391 -3.501125
v 1.286021 0.448223 -3.509276
v 1.296848 -0.095167 -3.506559
v 1.459865 -0.054412 -3.409634
v 0.938754 1.297541 -3.403085
v 0.000000 1.323624 -3.407437
v 1.091990 1.209512 -3.448543
v 1.163717 0.782408 -3.537576
v 1.166978 0.609610 -3.537576
v 1.135489 0.453114 -3.537576
v 1.007221 0.404209 -3.531996
v 0.000000 0.404209 -3.531524
v 1.296848 -0.179935 -3.506559
v 1.287067 -0.411420 -3.506559
v 0.000000 -0.783098 -3.534084
v 1.264398 -0.681376 -3.506559
v 1.147179 -0.781794 -3.506559
v 0.697406 -0.784402 -3.534084
v 0.309579 -0.787011 -3.534084
v 0.000000 -0.411420 -3.534084
v 0.000000 -0.179935 -3.534084
v 0.000000 -0.095167 -3.534084
v 1.473426 -0.991496 -3.291717
v 0.000000 -0.681376 -3.534084
v 0.998910 -0.783098 -3.534084
v 0.695933 0.404209 -3.531838
v 0.305854 0.404209 -3.531682
v 1.007956 -0.095167 -3.534084
v 0.697329 -0.095167 -3.534084
v 0.299759 -0.095167 -3.534084
v 1.007956 -0.179935 -3.534084
v 0.702763 -0.179935 -3.534084
v 0.299759 -0.179935 -3.534084
v 1.000620 -0.411420 -3.534084
v 0.700589 -0.411420 -3.534084
v 0.305465 -0.411420 -3.534084
v 0.999920 -0.681376 -3.534084
v 0.697406 -0.681376 -3.534084
v 0.307949 -0.681376 -3.534084
v 1.073045 -0.782446 -3.523083
v 1.152402 -0.095167 -3.543337
v 1.152402 -0.179935 -3.536168
v 1.143844 -0.411420 -3.532664
v 1.132159 -0.681376 -3.536113
v 0.000000 -1.092831 -3.414538
v 1.147179 -1.151299 -3.294543
v 0.727292 -1.094135 -3.409104
v 0.309579 -1.096743 -3.414538
v 0.814158 -1.147169 -3.338260
v 1.073045 -1.151951 -3.305458
v 1.479262 -0.997495 -3.308053
v 1.463135 -0.992293 -3.365039
v 1.482010 -1.001843 -3.329427
v 1.476107 -0.999939 -3.350286
v 1.405751 -1.112319 -3.340785
v 1.420684 -1.132481 -3.298746
v 1.418090 -1.127408 -3.333405
v 1.423556 -1.134788 -3.318017
v 1.577000 -0.586900 -3.232676
v 1.566757 -0.558232 -3.142183
v 1.576892 -0.577720 -3.201465
v 1.573143 -0.567227 -3.168342
v 1.523957 -0.858463 -3.357478
v 1.537793 -0.862459 -3.296405
v 1.535836 -0.865561 -3.340829
v 1.540901 -0.867024 -3.318475
v 1.566588 -0.493373 -3.249768
v 1.552686 -0.525375 -3.313224
v 1.569715 -0.502789 -3.272236
v 1.564627 -0.514503 -3.295462
v 1.482596 -0.379697 -3.407221
v 1.457058 -0.401336 -3.468813
v 1.484125 -0.387683 -3.429328
v 1.474777 -0.395604 -3.451872
v 1.528105 -0.153337 -3.388279
v 1.494519 -0.213929 -3.452472
v 1.528517 -0.166504 -3.410628
v 1.516224 -0.188682 -3.434125
v 1.348879 -0.235018 -3.539840
v 1.302754 -0.186006 -3.523090
v 1.330699 -0.215531 -3.545132
v 1.313816 -0.197591 -3.539001
v 1.293041 -0.417560 -3.523281
v 1.340698 -0.424390 -3.539533
v 1.304283 -0.423468 -3.539056
v 1.321727 -0.425968 -3.545004
v 0.328824 -0.843607 -3.573746
v 0.315608 -0.793208 -3.550960
v 0.327054 -0.823380 -3.575894
v 0.322216 -0.804933 -3.567554
v 0.000000 -0.839708 -3.573742
v 0.000000 -0.789308 -3.550994
v 0.000000 -0.819476 -3.575897
v 0.000000 -0.801028 -3.567570
v 1.270441 -0.687587 -3.523474
v 1.312424 -0.721609 -3.538450
v 1.280898 -0.697113 -3.539008
v 1.296265 -0.709565 -3.544489
v 1.153266 -0.788051 -3.523597
v 1.177819 -0.837708 -3.540854
v 1.161372 -0.799654 -3.539391
v 1.170359 -0.817830 -3.545708
v 1.000545 -0.837585 -3.569289
v 1.004984 -0.789342 -3.551086
v 1.007585 -0.818419 -3.573683
v 1.009210 -0.800761 -3.567020
v 0.703451 -0.790617 -3.551007
v 0.720177 -0.840720 -3.573213
v 0.710523 -0.802296 -3.567506
v 0.716645 -0.820635 -3.575634
v 1.092290 -0.837133 -3.556397
v 1.079139 -0.788711 -3.540142
v 1.090528 -0.817870 -3.561744
v 1.085715 -0.800146 -3.555794
v 0.315625 -1.102958 -3.431464
v 0.328824 -1.073951 -3.484842
v 0.322225 -1.104038 -3.452138
v 0.327056 -1.093421 -3.471676
v 0.000000 -1.099058 -3.431496
v 0.000000 -1.070248 -3.484761
v 0.000000 -1.100160 -3.452144
v 0.000000 -1.089614 -3.471640
v 0.820225 -1.153406 -3.355243
v 0.848644 -1.136918 -3.408286
v 0.828856 -1.156155 -3.375852
v 0.839258 -1.150120 -3.395267
v 0.742393 -1.070961 -3.480309
v 0.733355 -1.100367 -3.426077
v 0.742699 -1.090624 -3.466699
v 0.739391 -1.101387 -3.446848
v 1.079091 -1.158166 -3.322382
v 1.092290 -1.140696 -3.377610
v 1.085690 -1.160792 -3.343305
v 1.090522 -1.154397 -3.363520
v 1.153181 -1.157469 -3.311344
v 1.166425 -1.139487 -3.366544
v 1.159803 -1.160042 -3.332308
v 1.164650 -1.153460 -3.352512
v 1.315205 1.246452 -0.437935
v 1.382222 1.251000 -0.658579
v 1.301974 1.207612 -0.384208
v 1.357635 1.209558 -2.153266
v 1.248404 1.241950 -3.387895
v 1.353240 1.209558 -2.404025
v 1.348845 1.209558 -2.669780
v 1.344450 1.209558 -2.929912
v 1.340055 1.209558 -3.176922
v 1.337858 1.209558 -3.324202
v 1.176727 1.199222 -3.431829
v 1.104333 1.136016 -3.463864
v 1.402288 1.181995 -0.656238
v 1.263943 1.163760 -3.399832
v 1.190198 1.128618 -3.443854
v 1.114552 1.075167 -3.476548
v 1.329883 1.179072 -0.434271
v 1.315530 1.145385 -0.380824
v 1.385328 1.136942 -2.152740
v 1.377294 1.136942 -2.405332
v 1.369261 1.136942 -2.670339
v 1.361228 1.136942 -2.930691
v 1.353194 1.136942 -3.180180
v 1.349177 1.136942 -3.327974
v 1.473690 0.399470 -0.375304
v 1.448341 0.449345 -0.326365
v 0.929622 1.261743 -3.358160
v 0.000000 1.286011 -3.362271
v 1.071565 1.180220 -3.400428
v 1.138285 0.782932 -3.483294
v 1.141319 0.622150 -3.483261
v 1.114150 0.477212 -3.483144
v 0.993581 0.431990 -3.477923
v 0.000000 0.431996 -3.477528
v 0.703744 0.431991 -3.477783
v 0.340241 0.431991 -3.477637
v 1.082963 1.112348 -3.414618
v 1.092486 1.055645 -3.426439
v 1.605863 -0.806564 -1.687999
v 1.571846 -0.833812 -1.709912
v 1.601017 -0.822400 -1.698972
v 1.588566 -0.832374 -1.706993
v 1.576798 -0.650418 -1.792326
v 1.608984 -0.692074 -1.739449
v 1.593273 -0.658211 -1.785259
v 1.605053 -0.673458 -1.765904
v 1.547973 -0.868307 0.489276
v 1.590024 -0.841823 0.488664
v 1.565763 -0.866970 0.489177
v 1.581154 -0.857276 0.488953
v 1.590384 -0.856238 1.132269
v 1.547904 -0.882986 1.150140
v 1.581300 -0.871823 1.141188
v 1.565751 -0.881614 1.147729
v 1.567908 -0.852831 -0.552491
v 1.602212 -0.825199 -0.554346
v 1.584665 -0.851341 -0.552757
v 1.597221 -0.841227 -0.553436
v 1.590038 -0.827597 -0.387628
v 1.548004 -0.854081 -0.387430
v 1.581180 -0.843050 -0.387546
v 1.565795 -0.852744 -0.387474
v 1.617143 -0.742045 0.486930
v 1.592792 -0.703417 0.486410
v 1.617123 -0.724942 0.486653
v 1.608209 -0.710803 0.486462
v 1.592764 -0.728552 1.256662
v 1.616751 -0.765051 1.195146
v 1.608132 -0.735652 1.248404
v 1.616912 -0.749012 1.225887
v 1.605008 -0.737956 -0.559032
v 1.572864 -0.698299 -0.560790
v 1.601095 -0.720340 -0.559928
v 1.589330 -0.705824 -0.560572
v 1.592784 -0.688873 -0.388198
v 1.617165 -0.727509 -0.388093
v 1.608208 -0.696261 -0.388201
v 1.617132 -0.710403 -0.388163
v 1.540616 -1.119333 1.724483
v 1.540616 -1.030720 1.731457
v 1.540616 -0.944289 1.752208
v 1.540616 -0.862168 1.786223
v 1.540616 -0.786379 1.832667
v 1.540616 -0.718789 1.890394
v 1.540616 -0.661061 1.957985
v 1.540616 -0.614618 2.033773
v 1.540616 -0.580602 2.115894
v 1.540616 -0.559852 2.202325
v 1.540616 -0.552878 2.290938
v 1.540616 -0.559852 2.379551
v 1.540616 -0.580602 2.465982
v 1.540616 -0.614618 2.548104
v 1.540616 -0.661061 2.623892
v 1.540616 -0.718789 2.691483
v 1.540616 -0.786379 2.749210
v 1.540616 -0.862168 2.795653
v 1.540616 -0.944289 2.829669
v 1.540616 -1.030720 2.850419
v 1.540616 -1.119333 2.857393
v 1.540616 -1.207946 2.850419
v 1.540616 -1.294377 2.829669
v 1.540616 -1.376498 2.795653
v 1.540616 -1.452287 2.749210
v 1.540616 -1.519877 2.691483
v 1.540616 -1.577605 2.623892
v 1.540616 -1.624048 2.548104
v 1.540616 -1.658064 2.465982
v 1.540616 -1.678814 2.379551
v 1.540616 -1.685788 2.290938
v 1.540616 -1.678814 2.202325
v 1.540616 -1.658064 2.115894
v 1.540616 -1.624048 2.033773
v 1.540616 -1.577605 1.957985
v 1.540616 -1.519877 1.890394
v 1.540616 -1.452287 1.832667
v 1.540616 -1.376498 1.786223
v 1.540616 -1.294377 1.752208
v 1.540616 -1.207946 1.731457
v 1.485468 -1.119333 1.701757
v 1.485468 -1.027165 1.709011
v 1.485468 -0.937266 1.730594
v 1.485468 -0.851850 1.765974
v 1.485468 -0.773021 1.814281
v 1.485468 -0.702719 1.874324
v 1.485468 -0.642675 1.944626
v 1.485468 -0.594369 2.023456
v 1.485468 -0.558988 2.108871
v 1.485468 -0.537405 2.198770
v 1.485468 -0.530152 2.290938
v 1.485468 -0.537405 2.383107
v 1.485468 -0.558988 2.473006
v 1.485468 -0.594369 2.558421
v 1.485468 -0.642675 2.637250
v 1.485468 -0.702719 2.707552
v 1.485468 -0.773021 2.767596
v 1.485468 -0.851850 2.815903
v 1.485468 -0.937266 2.851283
v 1.485468 -1.027165 2.872866
v 1.485468 -1.119333 2.880120
v 1.485469 -1.211501 2.872866
v 1.485469 -1.301400 2.851283
v 1.485469 -1.386816 2.815903
v 1.485469 -1.465645 2.767596
v 1.485469 -1.535947 2.707552
v 1.485469 -1.595991 2.637250
v 1.485469 -1.644297 2.558421
v 1.485469 -1.679678 2.473006
v 1.485469 -1.701261 2.383107
v 1.485469 -1.708514 2.290938
v 1.485469 -1.701261 2.198770
v 1.485469 -1.679678 2.108871
v 1.485469 -1.644297 2.023456
v 1.485469 -1.595991 1.944626
v 1.485469 -1.535947 1.874324
v 1.485469 -1.465645 1.814281
v 1.485469 -1.386816 1.765974
v 1.485469 -1.301400 1.730594
v 1.485469 -1.211501 1.709011
v 1.389277 -1.119333 1.701757
v 1.389277 -1.027165 1.709011
v 1.389277 -0.937266 1.730594
v 1.389277 -0.851850 1.765974
v 1.389277 -0.773021 1.814281
v 1.389277 -0.702719 1.874324
v 1.389277 -0.642675 1.944626
v 1.389277 -0.594369 2.023456
v 1.389277 -0.558988 2.108871
v 1.389277 -0.537405 2.198770
v 1.389277 -0.530152 2.290938
v 1.389277 -0.537405 2.383107
v 1.389277 -0.558988 2.473006
v 1.389277 -0.594369 2.558421
v 1.389277 -0.642675 2.637250
v 1.389277 -0.702719 2.707552
v 1.389277 -0.773021 2.767596
v 1.389277 -0.851850 2.815903
v 1.389277 -0.937266 2.851283
v 1.389277 -1.027165 2.872866
v 1.389277 -1.119333 2.880120
v 1.389277 -1.211501 2.872866
v 1.389277 -1.301400 2.851283
v 1.389277 -1.386816 2.815903
v 1.389277 -1.465645 2.767596
v 1.389277 -1.535947 2.707552
v 1.389277 -1.595991 2.637250
v 1.389277 -1.644297 2.558421
v 1.389277 -1.679678 2.473006
v 1.389277 -1.701261 2.383107
v 1.389277 -1.708514 2.290938
v 1.389277 -1.701261 2.198770
v 1.389277 -1.679678 2.108871
v 1.389277 -1.644297 2.023456
v 1.389277 -1.595991 1.944626
v 1.389277 -1.535947 1.874324
v 1.389277 -1.465645 1.814281
v 1.389277 -1.386816 1.765974
v 1.389277 -1.301400 1.730594
v 1.389277 -1.211501 1.709011
v 1.294744 -1.119333 1.701757
v 1.294744 -1.027165 1.709011
v 1.294744 -0.937266 1.730594
v 1.294744 -0.851850 1.765974
v 1.294744 -0.773021 1.814281
v 1.294744 -0.702719 1.874324
v 1.294744 -0.642675 1.944626
v 1.294744 -0.594369 2.023456
v 1.294744 -0.558988 2.108871
v 1.294744 -0.537405 2.198770
v 1.294744 -0.530152 2.290938
v 1.294744 -0.537405 2.383107
v 1.294744 -0.558988 2.473006
v 1.294744 -0.594369 2.558421
v 1.294744 -0.642675 2.637250
v 1.294744 -0.702719 2.707552
v 1.294744 -0.773021 2.767596
v 1.294744 -0.851850 2.815903
v 1.294744 -0.937266 2.851283
v 1.294744 -1.027165 2.872866
v 1.294744 -1.119333 2.880120
v 1.294744 -1.211501 2.872866
v 1.294744 -1.301400 2.851283
v 1.294744 -1.386816 2.815903
v 1.294744 -1.465645 2.767596
v 1.294744 -1.535947 2.707552
v 1.294744 -1.595991 2.637250
v 1.294744 -1.644297 2.558421
v 1.294744 -1.679678 2.473006
v 1.294744 -1.701261 2.383107
v 1.294744 -1.708514 2.290938
v 1.294744 -1.701261 2.198770
v 1.294744 -1.679678 2.108871
v 1.294744 -1.644297 2.023456
v 1.294744 -1.595991 1.944626
v 1.294744 -1.535947 1.874324
v 1.294744 -1.465645 1.814281
v 1.294744 -1.386816 1.765974
v 1.294744 -1.301400 1.730594
v 1.294744 -1.211501 1.709011
v 1.235230 -1.119333 1.733286
v 1.235230 -1.032097 1.740151
v 1.235230 -0.947009 1.760579
v 1.235230 -0.866164 1.794066
v 1.235230 -0.791553 1.839788
v 1.235230 -0.725013 1.896618
v 1.235230 -0.668182 1.963158
v 1.235230 -0.622461 2.037769
v 1.235230 -0.588974 2.118614
v 1.235230 -0.568546 2.203702
v 1.235230 -0.561680 2.290938
v 1.235230 -0.568546 2.378175
v 1.235230 -0.588974 2.463263
v 1.235230 -0.622461 2.544107
v 1.235230 -0.668182 2.618718
v 1.235230 -0.725013 2.685258
v 1.235230 -0.791553 2.742089
v 1.235230 -0.866164 2.787811
v 1.235230 -0.947009 2.821298
v 1.235230 -1.032097 2.841726
v 1.235230 -1.119333 2.848591
v 1.235230 -1.206569 2.841726
v 1.235230 -1.291657 2.821298
v 1.235230 -1.372502 2.787811
v 1.235230 -1.447113 2.742089
v 1.235230 -1.513653 2.685258
v 1.235230 -1.570484 2.618718
v 1.235230 -1.616205 2.544107
v 1.235230 -1.649692 2.463263
v 1.235230 -1.670120 2.378175
v 1.235230 -1.676986 2.290938
v 1.235230 -1.670120 2.203702
v 1.235230 -1.649692 2.118614
v 1.235230 -1.616205 2.037769
v 1.235230 -1.570484 1.963158
v 1.235230 -1.513653 1.896618
v 1.235230 -1.447113 1.839788
v 1.235230 -1.372502 1.794066
v 1.235230 -1.291657 1.760579
v 1.235230 -1.206569 1.740151
v 1.574782 -1.119333 1.839671
v 1.574782 -1.048739 1.845227
v 1.574782 -0.979884 1.861758
v 1.574782 -0.914462 1.888856
v 1.574782 -0.854085 1.925856
v 1.574782 -0.800239 1.971844
v 1.574782 -0.754250 2.025690
v 1.574782 -0.717251 2.086067
v 1.574782 -0.690152 2.151489
v 1.574782 -0.673622 2.220345
v 1.574782 -0.668066 2.290938
v 1.574782 -0.673622 2.361532
v 1.574782 -0.690152 2.430387
v 1.574782 -0.717251 2.495809
v 1.574782 -0.754250 2.556187
v 1.574782 -0.800239 2.610033
v 1.574782 -0.854085 2.656021
v 1.574782 -0.914462 2.693020
v 1.574782 -0.979884 2.720119
v 1.574782 -1.048739 2.736650
v 1.574782 -1.119333 2.742206
v 1.574782 -1.189927 2.736650
v 1.574782 -1.258782 2.720119
v 1.574782 -1.324204 2.693020
v 1.574782 -1.384581 2.656021
v 1.574782 -1.438427 2.610033
v 1.574782 -1.484416 2.556187
v 1.574782 -1.521415 2.495809
v 1.574782 -1.548514 2.430387
v 1.574782 -1.565045 2.361532
v 1.574782 -1.570600 2.290938
v 1.574782 -1.565045 2.220345
v 1.574782 -1.548514 2.151489
v 1.574782 -1.521415 2.086067
v 1.574782 -1.484416 2.025690
v 1.574782 -1.438427 1.971844
v 1.574782 -1.384581 1.925856
v 1.574782 -1.324204 1.888856
v 1.574782 -1.258782 1.861758
v 1.574782 -1.189927 1.845227
v 1.191711 -1.119333 1.840633
v 1.191711 -1.048890 1.846177
v 1.191711 -0.980181 1.862673
v 1.191711 -0.914899 1.889713
v 1.191711 -0.854650 1.926634
v 1.191711 -0.800919 1.972524
v 1.191711 -0.755028 2.026256
v 1.191711 -0.718108 2.086504
v 1.191711 -0.691067 2.151786
v 1.191711 -0.674572 2.220495
v 1.191711 -0.669028 2.290938
v 1.191711 -0.674572 2.361382
v 1.191711 -0.691067 2.430090
v 1.191711 -0.718108 2.495373
v 1.191711 -0.755028 2.555621
v 1.191711 -0.800919 2.609352
v 1.191711 -0.854650 2.655243
v 1.191711 -0.914899 2.692163
v 1.191711 -0.980181 2.719204
v 1.191711 -1.048890 2.735700
v 1.191711 -1.119333 2.741244
v 1.191711 -1.189776 2.735700
v 1.191711 -1.258485 2.719204
v 1.191712 -1.323767 2.692163
v 1.191712 -1.384016 2.655243
v 1.191712 -1.437747 2.609352
v 1.191712 -1.483638 2.555621
v 1.191712 -1.520558 2.495373
v 1.191712 -1.547599 2.430090
v 1.191712 -1.564094 2.361382
v 1.191712 -1.569638 2.290938
v 1.191712 -1.564094 2.220495
v 1.191712 -1.547599 2.151786
v 1.191712 -1.520558 2.086504
v 1.191712 -1.483638 2.026256
v 1.191712 -1.437747 1.972524
v 1.191712 -1.384016 1.926634
v 1.191712 -1.323767 1.889713
v 1.191711 -1.258485 1.862673
v 1.191711 -1.189776 1.846177
v 1.563241 -1.119333 1.866863
v 1.563241 -1.052993 1.872084
v 1.563241 -0.988286 1.887619
v 1.563241 -0.926807 1.913085
v 1.563241 -0.870068 1.947854
v 1.563241 -0.819467 1.991072
v 1.563241 -0.776249 2.041673
v 1.563241 -0.741479 2.098412
v 1.563241 -0.716013 2.159892
v 1.563241 -0.700479 2.224598
v 1.563241 -0.695258 2.290938
v 1.563241 -0.700479 2.357278
v 1.563241 -0.716013 2.421985
v 1.563241 -0.741479 2.483464
v 1.563241 -0.776249 2.540204
v 1.563241 -0.819467 2.590805
v 1.563241 -0.870068 2.634022
v 1.563241 -0.926807 2.668792
v 1.563241 -0.988286 2.694258
v 1.563241 -1.052993 2.709793
v 1.563241 -1.119333 2.715014
v 1.563241 -1.185673 2.709793
v 1.563241 -1.250380 2.694258
v 1.563241 -1.311859 2.668792
v 1.563241 -1.368598 2.634022
v 1.563241 -1.419200 2.590805
v 1.563241 -1.462417 2.540204
v 1.563241 -1.497187 2.483464
v 1.563241 -1.522653 2.421985
v 1.563241 -1.538187 2.357278
v 1.563241 -1.543408 2.290938
v 1.563241 -1.538187 2.224598
v 1.563241 -1.522653 2.159892
v 1.563241 -1.497187 2.098412
v 1.563241 -1.462417 2.041673
v 1.563241 -1.419200 1.991072
v 1.563241 -1.368598 1.947854
v 1.563241 -1.311859 1.913085
v 1.563241 -1.250380 1.887619
v 1.563241 -1.185673 1.872084
v 1.203253 -1.119333 1.867767
v 1.203253 -1.053135 1.872977
v 1.203253 -0.988566 1.888479
v 1.203253 -0.927217 1.913890
v 1.203253 -0.870599 1.948586
v 1.203253 -0.820106 1.991711
v 1.203253 -0.776980 2.042205
v 1.203253 -0.742285 2.098823
v 1.203253 -0.716873 2.160171
v 1.203253 -0.701372 2.224740
v 1.203253 -0.696162 2.290938
v 1.203253 -0.701372 2.357137
v 1.203253 -0.716873 2.421705
v 1.203253 -0.742285 2.483054
v 1.203253 -0.776980 2.539672
v 1.203253 -0.820106 2.590166
v 1.203253 -0.870599 2.633291
v 1.203253 -0.927217 2.667987
v 1.203253 -0.988566 2.693398
v 1.203253 -1.053135 2.708900
v 1.203253 -1.119333 2.714110
v 1.203253 -1.185532 2.708900
v 1.203253 -1.250100 2.693398
v 1.203253 -1.311449 2.667987
v 1.203253 -1.368067 2.633291
v 1.203253 -1.418560 2.590166
v 1.203253 -1.461686 2.539672
v 1.203253 -1.496382 2.483054
v 1.203253 -1.521793 2.421705
v 1.203253 -1.537295 2.357137
v 1.203253 -1.542504 2.290938
v 1.203253 -1.537295 2.224740
v 1.203253 -1.521793 2.160171
v 1.203253 -1.496382 2.098823
v 1.203253 -1.461686 2.042205
v 1.203253 -1.418560 1.991711
v 1.203253 -1.368067 1.948586
v 1.203253 -1.311449 1.913890
v 1.203253 -1.250100 1.888479
v 1.203253 -1.185532 1.872977
v 1.563241 -1.028618 2.166080
v 1.563241 -1.010203 2.181808
v 1.563241 -0.994475 2.200224
v 1.563241 -0.981821 2.220873
v 1.563241 -0.994475 2.381654
v 1.563241 -1.010203 2.400069
v 1.563241 -1.028618 2.415797
v 1.563241 -1.049267 2.428451
v 1.563241 -1.210048 2.415797
v 1.563241 -1.228463 2.400069
v 1.563241 -1.244192 2.381654
v 1.563241 -1.256845 2.361005
v 1.563241 -1.244192 2.200224
v 1.563241 -1.228463 2.181808
v 1.563241 -1.210048 2.166080
v 1.563241 -1.189399 2.153427
v 1.563241 -1.119333 2.239588
v 1.563241 -1.111300 2.240220
v 1.563241 -1.103465 2.242101
v 1.563241 -1.096020 2.245185
v 1.563241 -1.089150 2.249395
v 1.563241 -1.083023 2.254628
v 1.563241 -1.077790 2.260756
v 1.563241 -1.073579 2.267626
v 1.563241 -1.070496 2.275070
v 1.563241 -1.068615 2.282906
v 1.563241 -1.067982 2.290939
v 1.563241 -1.068615 2.298972
v 1.563241 -1.070496 2.306807
v 1.563241 -1.073579 2.314251
v 1.563241 -1.077790 2.321122
v 1.563241 -1.083023 2.327249
v 1.563241 -1.089150 2.332482
v 1.563241 -1.096020 2.336693
v 1.563241 -1.103465 2.339776
v 1.563241 -1.111300 2.341657
v 1.563241 -1.119333 2.342289
v 1.563241 -1.127366 2.341657
v 1.563241 -1.135202 2.339776
v 1.563241 -1.142646 2.336693
v 1.563241 -1.149516 2.332482
v 1.563241 -1.155644 2.327249
v 1.563241 -1.160877 2.321122
v 1.563241 -1.165087 2.314251
v 1.563241 -1.168171 2.306807
v 1.563241 -1.170052 2.298972
v 1.563241 -1.170684 2.290939
v 1.563241 -1.170052 2.282906
v 1.563241 -1.168171 2.275070
v 1.563241 -1.165087 2.267626
v 1.563241 -1.160877 2.260756
v 1.563241 -1.155644 2.254628
v 1.563241 -1.149516 2.249395
v 1.563241 -1.142646 2.245185
v 1.563241 -1.135202 2.242101
v 1.563241 -1.127366 2.240220
v 1.563241 -1.248760 2.112798
v 1.563241 -1.248760 2.469079
v 1.563241 -0.901850 2.325384
v 1.563241 -0.899139 2.290939
v 1.563241 -1.275034 2.446639
v 1.563241 -1.153779 2.073456
v 1.563241 -1.297474 2.420365
v 1.563241 -1.119333 2.070745
v 1.563241 -0.941193 2.420365
v 1.563241 -1.084887 2.073456
v 1.563241 -0.963633 2.446639
v 1.563241 -1.336816 2.325384
v 1.563241 -0.989906 2.469079
v 1.563241 -1.339527 2.290939
v 1.563241 -0.989906 2.112798
v 1.563241 -1.336816 2.256493
v 1.563241 -0.963633 2.135238
v 1.563241 -1.084887 2.508421
v 1.563241 -0.941193 2.161512
v 1.563241 -1.119333 2.511132
v 1.563241 -1.297474 2.161512
v 1.563241 -1.153779 2.508421
v 1.563241 -1.275034 2.135238
v 1.563241 -0.901850 2.256493
v 1.203253 -1.119333 1.943355
v 1.203253 -1.064959 1.947634
v 1.203253 -1.011924 1.960367
v 1.203253 -0.961533 1.981239
v 1.203253 -0.915029 2.009737
v 1.203253 -0.873555 2.045160
v 1.203253 -0.838132 2.086634
v 1.203253 -0.809634 2.133139
v 1.203253 -0.788762 2.183529
v 1.203253 -0.776029 2.236564
v 1.203253 -0.771750 2.290938
v 1.203253 -0.776029 2.345313
v 1.203253 -0.788762 2.398348
v 1.203253 -0.809634 2.448738
v 1.203253 -0.838132 2.495243
v 1.203253 -0.873555 2.536717
v 1.203253 -0.915029 2.572140
v 1.203253 -0.961533 2.600638
v 1.203253 -1.011924 2.621510
v 1.203253 -1.064959 2.634243
v 1.203253 -1.119333 2.638522
v 1.203253 -1.173707 2.634243
v 1.203253 -1.226742 2.621510
v 1.203253 -1.277133 2.600638
v 1.203253 -1.323638 2.572140
v 1.203253 -1.365112 2.536717
v 1.203253 -1.400534 2.495243
v 1.203253 -1.429032 2.448738
v 1.203253 -1.449905 2.398348
v 1.203253 -1.462637 2.345313
v 1.203253 -1.466917 2.290938
v 1.203253 -1.462637 2.236564
v 1.203253 -1.449905 2.183529
v 1.203253 -1.429032 2.133139
v 1.203253 -1.400534 2.086634
v 1.203253 -1.365112 2.045160
v 1.203253 -1.323638 2.009737
v 1.203253 -1.277133 1.981239
v 1.203253 -1.226742 1.960367
v 1.203253 -1.173707 1.947634
v 1.563241 -1.276888 2.507794
v 1.563241 -1.161265 2.555686
v 1.563241 -1.202164 2.545867
v 1.563241 -1.241024 2.529771
v 1.563241 -1.337543 2.449477
v 1.563241 -1.359658 2.413390
v 1.563241 -1.375855 2.374287
v 1.563241 -1.385735 2.333133
v 1.563241 -1.386517 2.248621
v 1.563241 -1.376607 2.207345
v 1.563241 -1.360363 2.168128
v 1.563241 -1.338184 2.131934
v 1.563241 -1.243219 2.047799
v 1.563241 -1.203658 2.031412
v 1.563241 -1.162021 2.021416
v 1.563241 -1.279729 2.070172
v 1.563241 -1.076884 2.022923
v 1.563241 -1.035479 2.032863
v 1.563241 -0.996140 2.049158
v 1.563241 -0.959834 2.071407
v 1.563241 -0.899903 2.131514
v 1.563241 -0.877665 2.167803
v 1.563241 -0.861378 2.207124
v 1.563241 -0.851443 2.248509
v 1.563241 -0.852140 2.333258
v 1.563241 -0.862050 2.374535
v 1.563241 -0.878294 2.413754
v 1.563241 -0.900475 2.449949
v 1.563241 -0.959082 2.511505
v 1.563241 -0.995559 2.533858
v 1.563241 -1.035084 2.550230
v 1.563241 -1.076684 2.560217
v 1.563241 -1.156803 2.217400
v 1.563241 -1.177694 2.349299
v 1.563241 -1.167846 2.357710
v 1.563241 -1.186105 2.339451
v 1.563241 -1.192872 2.328408
v 1.563241 -1.052562 2.339451
v 1.563241 -1.060973 2.349299
v 1.563241 -1.070821 2.357710
v 1.563241 -1.081863 2.364477
v 1.563241 -1.070821 2.224167
v 1.563241 -1.060973 2.232578
v 1.563241 -1.052562 2.242426
v 1.563241 -1.045795 2.253469
v 1.563241 -1.186105 2.242426
v 1.563241 -1.177694 2.232578
v 1.563241 -1.167846 2.224167
v 1.581154 -1.119333 1.866863
v 1.581154 -1.052993 1.872084
v 1.581154 -0.988286 1.887619
v 1.581154 -0.926807 1.913085
v 1.581154 -0.870068 1.947854
v 1.581154 -0.819467 1.991072
v 1.581154 -0.776249 2.041673
v 1.581154 -0.741479 2.098412
v 1.581154 -0.716013 2.159892
v 1.581154 -0.700479 2.224598
v 1.581154 -0.695258 2.290938
v 1.581154 -0.700479 2.357278
v 1.581154 -0.716013 2.421985
v 1.581154 -0.741479 2.483464
v 1.581154 -0.776249 2.540204
v 1.581154 -0.819467 2.590805
v 1.581154 -0.870068 2.634022
v 1.581154 -0.926807 2.668792
v 1.581154 -0.988286 2.694258
v 1.581154 -1.052993 2.709793
v 1.581154 -1.119333 2.715014
v 1.581154 -1.185673 2.709793
v 1.581154 -1.250380 2.694258
v 1.581154 -1.311859 2.668792
v 1.581154 -1.368598 2.634022
v 1.581154 -1.419200 2.590805
v 1.581154 -1.462417 2.540204
v 1.581154 -1.497187 2.483464
v 1.581154 -1.522653 2.421985
v 1.581154 -1.538187 2.357278
v 1.581154 -1.543408 2.290938
v 1.581154 -1.538187 2.224598
v 1.581154 -1.522653 2.159892
v 1.581154 -1.497187 2.098412
v 1.581154 -1.462417 2.041673
v 1.581154 -1.419200 1.991072
v 1.581154 -1.368598 1.947854
v 1.581154 -1.311859 1.913085
v 1.581154 -1.250380 1.887619
v 1.581154 -1.185673 1.872084
v 1.581154 -1.119333 2.136605
v 1.581154 -1.095190 2.138505
v 1.581154 -1.071642 2.144159
v 1.581154 -1.049267 2.153427
v 1.581154 -1.028618 2.166080
v 1.581154 -1.010203 2.181808
v 1.581154 -0.994475 2.200224
v 1.581154 -0.981821 2.220873
v 1.581154 -0.972553 2.243247
v 1.581154 -0.966900 2.266796
v 1.581154 -0.965000 2.290939
v 1.581154 -0.966900 2.315082
v 1.581154 -0.972553 2.338630
v 1.581154 -0.981821 2.361005
v 1.581154 -0.994475 2.381654
v 1.581154 -1.010203 2.400069
v 1.581154 -1.028618 2.415797
v 1.581154 -1.049267 2.428451
v 1.581154 -1.071642 2.437718
v 1.581154 -1.095190 2.443372
v 1.581154 -1.119333 2.445272
v 1.581154 -1.143476 2.443372
v 1.581154 -1.167025 2.437718
v 1.581154 -1.189399 2.428451
v 1.581154 -1.210048 2.415797
v 1.581154 -1.228463 2.400069
v 1.581154 -1.244192 2.381654
v 1.581154 -1.256845 2.361005
v 1.581154 -1.266113 2.338630
v 1.581154 -1.271766 2.315082
v 1.581154 -1.273667 2.290939
v 1.581154 -1.271766 2.266796
v 1.581154 -1.266113 2.243247
v 1.581154 -1.256845 2.220873
v 1.581154 -1.244192 2.200224
v 1.581154 -1.228463 2.181808
v 1.581154 -1.210048 2.166080
v 1.581154 -1.189399 2.153427
v 1.581154 -1.167025 2.144159
v 1.581154 -1.143476 2.138505
v 1.581154 -1.119333 2.239588
v 1.581154 -1.111300 2.240220
v 1.581154 -1.103465 2.242101
v 1.581154 -1.096020 2.245185
v 1.581154 -1.089150 2.249395
v 1.581154 -1.083023 2.254628
v 1.581154 -1.077790 2.260756
v 1.581154 -1.073579 2.267626
v 1.581154 -1.070496 2.275070
v 1.581154 -1.068615 2.282906
v 1.581154 -1.067982 2.290939
v 1.581154 -1.068615 2.298972
v 1.581154 -1.070496 2.306807
v 1.581154 -1.073579 2.314251
v 1.581154 -1.077790 2.321122
v 1.581154 -1.083023 2.327249
v 1.581154 -1.089150 2.332482
v 1.581154 -1.096020 2.336693
v 1.581154 -1.103465 2.339776
v 1.581154 -1.111300 2.341657
v 1.581154 -1.119333 2.342289
v 1.581154 -1.127366 2.341657
v 1.581154 -1.135202 2.339776
v 1.581154 -1.142646 2.336693
v 1.581154 -1.149516 2.332482
v 1.581154 -1.155644 2.327249
v 1.581154 -1.160877 2.321122
v 1.581154 -1.165087 2.314251
v 1.581154 -1.168171 2.306807
v 1.581154 -1.170052 2.298972
v 1.581154 -1.170684 2.290939
v 1.581154 -1.170052 2.282906
v 1.581154 -1.168171 2.275070
v 1.581154 -1.165087 2.267626
v 1.581154 -1.160877 2.260756
v 1.581154 -1.155644 2.254628
v 1.581154 -1.149516 2.249395
v 1.581154 -1.142646 2.245185
v 1.581154 -1.135202 2.242101
v 1.581154 -1.127366 2.240220
v 1.581154 -1.219299 2.094745
v 1.581154 -1.248760 2.112798
v 1.581154 -1.248760 2.469079
v 1.581154 -1.219299 2.487133
v 1.581154 -0.901850 2.325384
v 1.581154 -0.899139 2.290939
v 1.581154 -1.187377 2.081522
v 1.581154 -1.275034 2.446639
v 1.581154 -0.909916 2.358982
v 1.581154 -1.153779 2.073456
v 1.581154 -1.297474 2.420365
v 1.581154 -0.923139 2.390904
v 1.581154 -1.119333 2.070745
v 1.581154 -1.315527 2.390904
v 1.581154 -0.941193 2.420365
v 1.581154 -1.084887 2.073456
v 1.581154 -1.328750 2.358982
v 1.581154 -0.963633 2.446639
v 1.581154 -1.051290 2.081522
v 1.581154 -1.336816 2.325384
v 1.581154 -0.989906 2.469079
v 1.581154 -1.019367 2.094745
v 1.581154 -1.339527 2.290939
v 1.581154 -1.019367 2.487133
v 1.581154 -0.989906 2.112798
v 1.581154 -1.336816 2.256493
v 1.581154 -1.051290 2.500355
v 1.581154 -0.963633 2.135238
v 1.581154 -1.328750 2.222895
v 1.581154 -1.084887 2.508421
v 1.581154 -0.941193 2.161512
v 1.581154 -1.315527 2.190973
v 1.581154 -1.119333 2.511132
v 1.581154 -0.923139 2.190973
v 1.581154 -1.297474 2.161512
v 1.581154 -1.153779 2.508421
v 1.581154 -0.909916 2.222895
v 1.581154 -1.275034 2.135238
v 1.581154 -1.187377 2.500355
v 1.581154 -0.901850 2.256493
v 1.581154 -1.276888 2.507794
v 1.581154 -1.161265 2.555686
v 1.581154 -1.202164 2.545867
v 1.581154 -1.241024 2.529771
v 1.581154 -1.337543 2.449477
v 1.581154 -1.359658 2.413390
v 1.581154 -1.375855 2.374287
v 1.581154 -1.385735 2.333133
v 1.581154 -1.386517 2.248621
v 1.581154 -1.376607 2.207345
v 1.581154 -1.360363 2.168128
v 1.581154 -1.338184 2.131934
v 1.581154 -1.243219 2.047799
v 1.581154 -1.203658 2.031412
v 1.581154 -1.162021 2.021416
v 1.581154 -1.279729 2.070172
v 1.581154 -1.076884 2.022923
v 1.581154 -1.035479 2.032863
v 1.581154 -0.996140 2.049158
v 1.581154 -0.959834 2.071407
v 1.581154 -0.899903 2.131514
v 1.581154 -0.877665 2.167803
v 1.581154 -0.861378 2.207124
v 1.581154 -0.851443 2.248509
v 1.581154 -0.852140 2.333258
v 1.581154 -0.862050 2.374535
v 1.581154 -0.878294 2.413754
v 1.581154 -0.900475 2.449949
v 1.581154 -0.959082 2.511505
v 1.581154 -0.995559 2.533858
v 1.581154 -1.035084 2.550230
v 1.581154 -1.076684 2.560217
v 1.581154 -1.037815 2.303850
v 1.581154 -1.036799 2.290939
v 1.581154 -1.144838 2.212444
v 1.581154 -1.156803 2.217400
v 1.581154 -1.177694 2.349299
v 1.581154 -1.167846 2.357710
v 1.581154 -1.040838 2.316443
v 1.581154 -1.132244 2.209420
v 1.581154 -1.186105 2.339451
v 1.581154 -1.045795 2.328408
v 1.581154 -1.119333 2.208404
v 1.581154 -1.192872 2.328408
v 1.581154 -1.052562 2.339451
v 1.581154 -1.106422 2.209420
v 1.581154 -1.197828 2.316443
v 1.581154 -1.060973 2.349299
v 1.581154 -1.093829 2.212444
v 1.581154 -1.200851 2.303850
v 1.581154 -1.070821 2.357710
v 1.581154 -1.081863 2.217400
v 1.581154 -1.201868 2.290939
v 1.581154 -1.081863 2.364477
v 1.581154 -1.070821 2.224167
v 1.581154 -1.200851 2.278028
v 1.581154 -1.093829 2.369433
v 1.581154 -1.060973 2.232578
v 1.581154 -1.197828 2.265434
v 1.581154 -1.106422 2.372457
v 1.581154 -1.052562 2.242426
v 1.581154 -1.192872 2.253469
v 1.581154 -1.119333 2.373473
v 1.581154 -1.045795 2.253469
v 1.581154 -1.186105 2.242426
v 1.581154 -1.132244 2.372457
v 1.581154 -1.040838 2.265434
v 1.581154 -1.177694 2.232578
v 1.581154 -1.144838 2.369433
v 1.581154 -1.037815 2.278028
v 1.581154 -1.167846 2.224167
v 1.581154 -1.156803 2.364477
v 1.574058 -1.117069 -3.141715
v 1.574058 -1.028456 -3.134742
v 1.574058 -0.942025 -3.113991
v 1.574058 -0.859904 -3.079976
v 1.574058 -0.784115 -3.033532
v 1.574058 -0.716525 -2.975805
v 1.574058 -0.658797 -2.908215
v 1.574058 -0.612354 -2.832426
v 1.574058 -0.578338 -2.750305
v 1.574058 -0.557588 -2.663874
v 1.574058 -0.550614 -2.575261
v 1.574058 -0.557588 -2.486648
v 1.574058 -0.578338 -2.400217
v 1.574058 -0.612354 -2.318096
v 1.574058 -0.658797 -2.242307
v 1.574058 -0.716525 -2.174717
v 1.574058 -0.784115 -2.116989
v 1.574058 -0.859904 -2.070546
v 1.574058 -0.942025 -2.036530
v 1.574058 -1.028456 -2.015780
v 1.574058 -1.117069 -2.008806
v 1.574058 -1.205682 -2.015780
v 1.574058 -1.292113 -2.036530
v 1.574058 -1.374234 -2.070546
v 1.574058 -1.450023 -2.116989
v 1.574058 -1.517613 -2.174717
v 1.574058 -1.575341 -2.242307
v 1.574058 -1.621784 -2.318096
v 1.574058 -1.655800 -2.400217
v 1.574058 -1.676550 -2.486648
v 1.574058 -1.683524 -2.575261
v 1.574058 -1.676550 -2.663874
v 1.574058 -1.655800 -2.750305
v 1.574058 -1.621784 -2.832426
v 1.574058 -1.575341 -2.908215
v 1.574058 -1.517613 -2.975805
v 1.574058 -1.450023 -3.033532
v 1.574058 -1.374234 -3.079976
v 1.574058 -1.292113 -3.113991
v 1.574058 -1.205682 -3.134742
v 1.517117 -1.117069 -3.164442
v 1.517117 -1.024901 -3.157189
v 1.517117 -0.935002 -3.135606
v 1.517117 -0.849586 -3.100225
v 1.517117 -0.770757 -3.051919
v 1.517117 -0.700455 -2.991875
v 1.517117 -0.640411 -2.921573
v 1.517117 -0.592104 -2.842744
v 1.517117 -0.556724 -2.757328
v 1.517117 -0.535141 -2.667429
v 1.517117 -0.527888 -2.575261
v 1.517117 -0.535141 -2.483093
v 1.517117 -0.556724 -2.393193
v 1.517117 -0.592104 -2.307778
v 1.517117 -0.640411 -2.228949
v 1.517117 -0.700455 -2.158647
v 1.517117 -0.770757 -2.098603
v 1.517117 -0.849586 -2.050297
v 1.517117 -0.935002 -2.014916
v 1.517117 -1.024901 -1.993333
v 1.517117 -1.117069 -1.986079
v 1.517117 -1.209237 -1.993333
v 1.517117 -1.299136 -2.014916
v 1.517117 -1.384552 -2.050297
v 1.517117 -1.463381 -2.098603
v 1.517117 -1.533683 -2.158647
v 1.517117 -1.593727 -2.228949
v 1.517117 -1.642033 -2.307778
v 1.517117 -1.677414 -2.393193
v 1.517117 -1.698997 -2.483093
v 1.517117 -1.706250 -2.575261
v 1.517117 -1.698997 -2.667429
v 1.517117 -1.677414 -2.757328
v 1.517117 -1.642033 -2.842744
v 1.517117 -1.593727 -2.921573
v 1.517117 -1.533683 -2.991875
v 1.517117 -1.463381 -3.051919
v 1.517117 -1.384552 -3.100225
v 1.517117 -1.299136 -3.135606
v 1.517117 -1.209237 -3.157189
v 1.429103 -1.117069 -3.164442
v 1.429103 -1.024901 -3.157189
v 1.429103 -0.935002 -3.135606
v 1.429103 -0.849586 -3.100225
v 1.429103 -0.770757 -3.051919
v 1.429103 -0.700455 -2.991875
v 1.429103 -0.640411 -2.921573
v 1.429103 -0.592104 -2.842744
v 1.429103 -0.556724 -2.757328
v 1.429103 -0.535141 -2.667429
v 1.429103 -0.527888 -2.575261
v 1.429103 -0.535141 -2.483093
v 1.429103 -0.556724 -2.393193
v 1.429103 -0.592104 -2.307778
v 1.429103 -0.640411 -2.228949
v 1.429103 -0.700455 -2.158647
v 1.429103 -0.770757 -2.098603
v 1.429103 -0.849586 -2.050297
v 1.429103 -0.935002 -2.014916
v 1.429103 -1.024901 -1.993333
v 1.429103 -1.117069 -1.986079
v 1.429103 -1.209237 -1.993333
v 1.429103 -1.299136 -2.014916
v 1.429103 -1.384552 -2.050297
v 1.429103 -1.463381 -2.098603
v 1.429103 -1.533683 -2.158647
v 1.429103 -1.593727 -2.228949
v 1.429103 -1.642033 -2.307778
v 1.429103 -1.677414 -2.393193
v 1.429103 -1.698997 -2.483093
v 1.429103 -1.706250 -2.575261
v 1.429103 -1.698997 -2.667429
v 1.429103 -1.677414 -2.757328
v 1.429103 -1.642033 -2.842744
v 1.429103 -1.593727 -2.921573
v 1.429103 -1.533683 -2.991875
v 1.429103 -1.463381 -3.051919
v 1.429103 -1.384552 -3.100225
v 1.429103 -1.299136 -3.135606
v 1.429103 -1.209237 -3.157189
v 1.323773 -1.117069 -3.164442
v 1.323773 -1.024901 -3.157189
v 1.323773 -0.935002 -3.135606
v 1.323773 -0.849586 -3.100225
v 1.323773 -0.770757 -3.051919
v 1.323773 -0.700455 -2.991875
v 1.323773 -0.640411 -2.921573
v 1.323773 -0.592104 -2.842744
v 1.323773 -0.556724 -2.757328
v 1.323773 -0.535141 -2.667429
v 1.323773 -0.527888 -2.575261
v 1.323773 -0.535141 -2.483093
v 1.323773 -0.556724 -2.393193
v 1.323773 -0.592104 -2.307778
v 1.323773 -0.640411 -2.228949
v 1.323773 -0.700455 -2.158647
v 1.323773 -0.770757 -2.098603
v 1.323773 -0.849586 -2.050297
v 1.323773 -0.935002 -2.014916
v 1.323773 -1.024901 -1.993333
v 1.323773 -1.117069 -1.986079
v 1.323773 -1.209237 -1.993333
v 1.323773 -1.299136 -2.014916
v 1.323773 -1.384552 -2.050297
v 1.323773 -1.463381 -2.098603
v 1.323773 -1.533683 -2.158647
v 1.323773 -1.593727 -2.228949
v 1.323773 -1.642033 -2.307778
v 1.323773 -1.677414 -2.393193
v 1.323773 -1.698997 -2.483093
v 1.323773 -1.706250 -2.575261
v 1.323773 -1.698997 -2.667429
v 1.323773 -1.677414 -2.757328
v 1.323773 -1.642033 -2.842744
v 1.323773 -1.593727 -2.921573
v 1.323773 -1.533683 -2.991875
v 1.323773 -1.463381 -3.051919
v 1.323773 -1.384552 -3.100225
v 1.323773 -1.299136 -3.135606
v 1.323773 -1.209237 -3.157189
v 1.254475 -1.117069 -3.132914
v 1.254475 -1.029833 -3.126048
v 1.254475 -0.944745 -3.105620
v 1.254475 -0.863900 -3.072133
v 1.254475 -0.789289 -3.026412
v 1.254475 -0.722749 -2.969581
v 1.254475 -0.665918 -2.903041
v 1.254475 -0.620197 -2.828430
v 1.254475 -0.586709 -2.747585
v 1.254475 -0.566282 -2.662497
v 1.254475 -0.559416 -2.575261
v 1.254475 -0.566282 -2.488025
v 1.254475 -0.586709 -2.402937
v 1.254475 -0.620197 -2.322092
v 1.254475 -0.665918 -2.247481
v 1.254475 -0.722749 -2.180940
v 1.254475 -0.789289 -2.124110
v 1.254475 -0.863900 -2.078388
v 1.254475 -0.944745 -2.044902
v 1.254475 -1.029833 -2.024474
v 1.254475 -1.117069 -2.017608
v 1.254475 -1.204305 -2.024474
v 1.254475 -1.289393 -2.044902
v 1.254475 -1.370238 -2.078388
v 1.254475 -1.444849 -2.124110
v 1.254475 -1.511389 -2.180940
v 1.254475 -1.568220 -2.247481
v 1.254475 -1.613941 -2.322092
v 1.254475 -1.647428 -2.402937
v 1.254475 -1.667856 -2.488025
v 1.254475 -1.674722 -2.575261
v 1.254475 -1.667856 -2.662497
v 1.254475 -1.647428 -2.747585
v 1.254475 -1.613941 -2.828430
v 1.254475 -1.568220 -2.903041
v 1.254475 -1.511389 -2.969581
v 1.254475 -1.444849 -3.026412
v 1.254475 -1.370238 -3.072133
v 1.254475 -1.289393 -3.105620
v 1.254475 -1.204305 -3.126048
v 1.601952 -1.117069 -3.026528
v 1.601952 -1.046475 -3.020972
v 1.601952 -0.977620 -3.004441
v 1.601952 -0.912198 -2.977343
v 1.601952 -0.851821 -2.940344
v 1.601952 -0.797975 -2.894355
v 1.601952 -0.751986 -2.840509
v 1.601952 -0.714987 -2.780132
v 1.601952 -0.687888 -2.714710
v 1.601952 -0.671358 -2.645855
v 1.601952 -0.665802 -2.575261
v 1.601952 -0.671358 -2.504667
v 1.601952 -0.687888 -2.435811
v 1.601952 -0.714987 -2.370390
v 1.601952 -0.751986 -2.310013
v 1.601952 -0.797975 -2.256167
v 1.601952 -0.851821 -2.210178
v 1.601952 -0.912198 -2.173179
v 1.601952 -0.977620 -2.146080
v 1.601952 -1.046475 -2.129549
v 1.601952 -1.117069 -2.123994
v 1.601952 -1.187663 -2.129549
v 1.601952 -1.256518 -2.146080
v 1.601952 -1.321940 -2.173179
v 1.601952 -1.382317 -2.210178
v 1.601952 -1.436163 -2.256167
v 1.601952 -1.482152 -2.310013
v 1.601952 -1.519151 -2.370390
v 1.601952 -1.546250 -2.435811
v 1.601952 -1.562780 -2.504667
v 1.601952 -1.568336 -2.575261
v 1.601952 -1.562780 -2.645855
v 1.601952 -1.546250 -2.714710
v 1.601952 -1.519151 -2.780132
v 1.601952 -1.482152 -2.840509
v 1.601952 -1.436163 -2.894355
v 1.601952 -1.382317 -2.940344
v 1.601952 -1.321940 -2.977343
v 1.601952 -1.256518 -3.004441
v 1.601952 -1.187663 -3.020972
v 1.218881 -1.117069 -3.025566
v 1.218881 -1.046626 -3.020022
v 1.218881 -0.977917 -3.003526
v 1.218881 -0.912635 -2.976486
v 1.218881 -0.852386 -2.939565
v 1.218881 -0.798655 -2.893675
v 1.218881 -0.752764 -2.839944
v 1.218881 -0.715844 -2.779695
v 1.218881 -0.688803 -2.714413
v 1.218881 -0.672308 -2.645704
v 1.218881 -0.666764 -2.575261
v 1.218881 -0.672308 -2.504817
v 1.218881 -0.688803 -2.436109
v 1.218881 -0.715844 -2.370826
v 1.218881 -0.752764 -2.310578
v 1.218881 -0.798655 -2.256847
v 1.218881 -0.852386 -2.210956
v 1.218881 -0.912635 -2.174036
v 1.218881 -0.977917 -2.146995
v 1.218881 -1.046626 -2.130499
v 1.218881 -1.117069 -2.124955
v 1.218881 -1.187512 -2.130499
v 1.218881 -1.256221 -2.146995
v 1.218881 -1.321503 -2.174036
v 1.218881 -1.381752 -2.210956
v 1.218881 -1.435483 -2.256847
v 1.218881 -1.481374 -2.310578
v 1.218881 -1.518294 -2.370826
v 1.218881 -1.545335 -2.436109
v 1.218881 -1.561830 -2.504817
v 1.218881 -1.567374 -2.575261
v 1.218881 -1.561830 -2.645704
v 1.218881 -1.545335 -2.714413
v 1.218881 -1.518294 -2.779695
v 1.218881 -1.481374 -2.839944
v 1.218881 -1.435483 -2.893675
v 1.218881 -1.381752 -2.939565
v 1.218881 -1.321503 -2.976486
v 1.218881 -1.256221 -3.003526
v 1.218881 -1.187512 -3.020022
v 1.590411 -1.117069 -2.999336
v 1.590411 -1.050729 -2.994115
v 1.590411 -0.986022 -2.978581
v 1.590410 -0.924543 -2.953115
v 1.590410 -0.867804 -2.918345
v 1.590410 -0.817202 -2.875127
v 1.590410 -0.773985 -2.824526
v 1.590410 -0.739215 -2.767787
v 1.590410 -0.713749 -2.706307
v 1.590410 -0.698215 -2.641601
v 1.590410 -0.692994 -2.575261
v 1.590410 -0.698215 -2.508920
v 1.590410 -0.713749 -2.444214
v 1.590410 -0.739215 -2.382735
v 1.590410 -0.773985 -2.325995
v 1.590410 -0.817202 -2.275394
v 1.590410 -0.867804 -2.232177
v 1.590410 -0.924543 -2.197407
v 1.590411 -0.986022 -2.171942
v 1.590411 -1.050729 -2.156407
v 1.590411 -1.117069 -2.151185
v 1.590411 -1.183409 -2.156407
v 1.590411 -1.248115 -2.171942
v 1.590411 -1.309595 -2.197407
v 1.590411 -1.366334 -2.232177
v 1.590411 -1.416936 -2.275394
v 1.590411 -1.460153 -2.325995
v 1.590411 -1.494923 -2.382735
v 1.590411 -1.520389 -2.444214
v 1.590411 -1.535923 -2.508920
v 1.590411 -1.541144 -2.575261
v 1.590411 -1.535923 -2.641601
v 1.590411 -1.520389 -2.706307
v 1.590411 -1.494923 -2.767787
v 1.590411 -1.460153 -2.824526
v 1.590411 -1.416936 -2.875127
v 1.590411 -1.366334 -2.918345
v 1.590411 -1.309595 -2.953115
v 1.590411 -1.248115 -2.978581
v 1.590411 -1.183409 -2.994115
v 1.230422 -1.117069 -2.998432
v 1.230422 -1.050870 -2.993222
v 1.230422 -0.986302 -2.977721
v 1.230422 -0.924953 -2.952309
v 1.230422 -0.868335 -2.917613
v 1.230422 -0.817842 -2.874488
v 1.230422 -0.774716 -2.823994
v 1.230422 -0.740021 -2.767377
v 1.230422 -0.714609 -2.706028
v 1.230422 -0.699107 -2.641459
v 1.230422 -0.693898 -2.575261
v 1.230422 -0.699107 -2.509062
v 1.230422 -0.714609 -2.444494
v 1.230422 -0.740021 -2.383145
v 1.230422 -0.774716 -2.326527
v 1.230422 -0.817842 -2.276034
v 1.230422 -0.868335 -2.232908
v 1.230422 -0.924953 -2.198212
v 1.230422 -0.986302 -2.172801
v 1.230422 -1.050870 -2.157299
v 1.230422 -1.117069 -2.152089
v 1.230422 -1.183268 -2.157299
v 1.230422 -1.247836 -2.172801
v 1.230422 -1.309185 -2.198212
v 1.230422 -1.365803 -2.232908
v 1.230422 -1.416296 -2.276034
v 1.230422 -1.459422 -2.326527
v 1.230422 -1.494117 -2.383145
v 1.230422 -1.519529 -2.444494
v 1.230422 -1.535030 -2.509062
v 1.230422 -1.540240 -2.575261
v 1.230422 -1.535030 -2.641459
v 1.230422 -1.519529 -2.706028
v 1.230422 -1.494117 -2.767377
v 1.230422 -1.459422 -2.823994
v 1.230422 -1.416296 -2.874488
v 1.230422 -1.365803 -2.917613
v 1.230422 -1.309185 -2.952309
v 1.230422 -1.247836 -2.977721
v 1.230422 -1.183268 -2.993222
v 1.590410 -1.026354 -2.700119
v 1.590410 -1.007939 -2.684391
v 1.590410 -0.992211 -2.665976
v 1.590410 -0.979557 -2.645326
v 1.590410 -0.992211 -2.484546
v 1.590410 -1.007939 -2.466130
v 1.590410 -1.026354 -2.450402
v 1.590410 -1.047003 -2.437748
v 1.590410 -1.207784 -2.450402
v 1.590410 -1.226199 -2.466130
v 1.590410 -1.241927 -2.484546
v 1.590410 -1.254581 -2.505195
v 1.590410 -1.241927 -2.665976
v 1.590410 -1.226199 -2.684391
v 1.590410 -1.207784 -2.700119
v 1.590410 -1.187135 -2.712773
v 1.590410 -1.117069 -2.626611
v 1.590410 -1.109036 -2.625979
v 1.590410 -1.101201 -2.624098
v 1.590410 -1.093756 -2.621014
v 1.590410 -1.086886 -2.616804
v 1.590410 -1.080759 -2.611571
v 1.590410 -1.075526 -2.605444
v 1.590410 -1.071315 -2.598573
v 1.590410 -1.068232 -2.591129
v 1.590410 -1.066351 -2.583293
v 1.590410 -1.065718 -2.575261
v 1.590410 -1.066351 -2.567228
v 1.590410 -1.068232 -2.559392
v 1.590410 -1.071315 -2.551948
v 1.590410 -1.075526 -2.545077
v 1.590410 -1.080759 -2.538950
v 1.590410 -1.086886 -2.533717
v 1.590410 -1.093756 -2.529506
v 1.590410 -1.101201 -2.526423
v 1.590410 -1.109036 -2.524542
v 1.590410 -1.117069 -2.523910
v 1.590410 -1.125102 -2.524542
v 1.590410 -1.132937 -2.526423
v 1.590410 -1.140382 -2.529506
v 1.590410 -1.147252 -2.533717
v 1.590410 -1.153380 -2.538950
v 1.590410 -1.158613 -2.545077
v 1.590410 -1.162823 -2.551948
v 1.590410 -1.165907 -2.559392
v 1.590410 -1.167788 -2.567228
v 1.590410 -1.168420 -2.575261
v 1.590410 -1.167788 -2.583293
v 1.590410 -1.165907 -2.591129
v 1.590410 -1.162823 -2.598573
v 1.590410 -1.158613 -2.605444
v 1.590410 -1.153380 -2.611571
v 1.590410 -1.147252 -2.616804
v 1.590410 -1.140382 -2.621014
v 1.590410 -1.132937 -2.624098
v 1.590410 -1.125102 -2.625979
v 1.590410 -1.246496 -2.753401
v 1.590410 -1.246496 -2.397120
v 1.590410 -0.899586 -2.540815
v 1.590410 -0.896875 -2.575261
v 1.590410 -1.272770 -2.419560
v 1.590410 -1.151515 -2.792743
v 1.590410 -1.295210 -2.445834
v 1.590410 -1.117069 -2.795454
v 1.590410 -0.938929 -2.445834
v 1.590410 -1.082623 -2.792743
v 1.590410 -0.961369 -2.419560
v 1.590410 -1.334552 -2.540815
v 1.590410 -0.987642 -2.397120
v 1.590410 -1.337263 -2.575261
v 1.590410 -0.987642 -2.753401
v 1.590410 -1.334552 -2.609707
v 1.590410 -0.961369 -2.730961
v 1.590410 -1.082623 -2.357778
v 1.590410 -0.938929 -2.704687
v 1.590410 -1.117069 -2.355067
v 1.590410 -1.295210 -2.704687
v 1.590410 -1.151515 -2.357778
v 1.590410 -1.272770 -2.730961
v 1.590410 -0.899586 -2.609707
v 1.230422 -1.117069 -2.922844
v 1.230422 -1.062695 -2.918565
v 1.230422 -1.009660 -2.905832
v 1.230422 -0.959269 -2.884960
v 1.230422 -0.912765 -2.856462
v 1.230422 -0.871290 -2.821039
v 1.230422 -0.835868 -2.779565
v 1.230422 -0.807370 -2.733060
v 1.230422 -0.786498 -2.682670
v 1.230422 -0.773765 -2.629635
v 1.230422 -0.769486 -2.575261
v 1.230422 -0.773765 -2.520887
v 1.230422 -0.786498 -2.467852
v 1.230422 -0.807370 -2.417461
v 1.230422 -0.835868 -2.370956
v 1.230422 -0.871290 -2.329482
v 1.230422 -0.912765 -2.294060
v 1.230422 -0.959269 -2.265561
v 1.230422 -1.009660 -2.244689
v 1.230422 -1.062695 -2.231956
v 1.230422 -1.117069 -2.227677
v 1.230422 -1.171443 -2.231956
v 1.230422 -1.224478 -2.244689
v 1.230422 -1.274869 -2.265561
v 1.230422 -1.321373 -2.294060
v 1.230422 -1.362848 -2.329482
v 1.230422 -1.398270 -2.370956
v 1.230422 -1.426768 -2.417461
v 1.230422 -1.447641 -2.467852
v 1.230422 -1.460373 -2.520887
v 1.230422 -1.464653 -2.575261
v 1.230422 -1.460373 -2.629635
v 1.230422 -1.447641 -2.682670
v 1.230422 -1.426768 -2.733060
v 1.230422 -1.398270 -2.779565
v 1.230422 -1.362848 -2.821039
v 1.230422 -1.321373 -2.856462
v 1.230422 -1.274869 -2.884960
v 1.230422 -1.224478 -2.905832
v 1.230422 -1.171443 -2.918565
v 1.590410 -1.274624 -2.358406
v 1.590410 -1.159001 -2.310513
v 1.590410 -1.199900 -2.320332
v 1.590410 -1.238760 -2.336428
v 1.590410 -1.335279 -2.416722
v 1.590410 -1.357394 -2.452809
v 1.590410 -1.373590 -2.491912
v 1.590410 -1.383471 -2.533067
v 1.590410 -1.384253 -2.617578
v 1.590410 -1.374343 -2.658854
v 1.590410 -1.358099 -2.698071
v 1.590410 -1.335920 -2.734265
v 1.590410 -1.240955 -2.818401
v 1.590410 -1.201394 -2.834787
v 1.590410 -1.159757 -2.844784
v 1.590410 -1.277465 -2.796027
v 1.590410 -1.074620 -2.843276
v 1.590410 -1.033215 -2.833336
v 1.590410 -0.993876 -2.817041
v 1.590410 -0.957570 -2.794792
v 1.590410 -0.897639 -2.734686
v 1.590410 -0.875401 -2.698396
v 1.590410 -0.859114 -2.659075
v 1.590410 -0.849178 -2.617690
v 1.590410 -0.849876 -2.532942
v 1.590410 -0.859785 -2.491664
v 1.590410 -0.876030 -2.452445
v 1.590410 -0.898210 -2.416250
v 1.590410 -0.956818 -2.354694
v 1.590410 -0.993295 -2.332341
v 1.590410 -1.032820 -2.315969
v 1.590410 -1.074419 -2.305982
v 1.590410 -1.154539 -2.648799
v 1.590410 -1.175430 -2.516900
v 1.590410 -1.165582 -2.508488
v 1.590410 -1.183841 -2.526748
v 1.590410 -1.190608 -2.537791
v 1.590410 -1.050297 -2.526748
v 1.590410 -1.058709 -2.516900
v 1.590410 -1.068557 -2.508488
v 1.590410 -1.079599 -2.501722
v 1.590410 -1.068557 -2.642032
v 1.590410 -1.058709 -2.633621
v 1.590410 -1.050297 -2.623773
v 1.590410 -1.043531 -2.612730
v 1.590410 -1.183841 -2.623773
v 1.590410 -1.175430 -2.633621
v 1.590410 -1.165582 -2.642032
v 1.608323 -1.117069 -2.999336
v 1.608323 -1.050729 -2.994115
v 1.608323 -0.986022 -2.978581
v 1.608323 -0.924543 -2.953115
v 1.608323 -0.867804 -2.918345
v 1.608323 -0.817202 -2.875127
v 1.608323 -0.773985 -2.824526
v 1.608323 -0.739215 -2.767787
v 1.608323 -0.713749 -2.706307
v 1.608323 -0.698215 -2.641601
v 1.608323 -0.692994 -2.575261
v 1.608323 -0.698215 -2.508920
v 1.608323 -0.713749 -2.444214
v 1.608323 -0.739215 -2.382735
v 1.608323 -0.773985 -2.325995
v 1.608323 -0.817202 -2.275394
v 1.608323 -0.867804 -2.232177
v 1.608323 -0.924543 -2.197407
v 1.608323 -0.986022 -2.171942
v 1.608323 -1.050729 -2.156407
v 1.608323 -1.117069 -2.151185
v 1.608323 -1.183409 -2.156407
v 1.608323 -1.248115 -2.171942
v 1.608324 -1.309595 -2.197407
v 1.608324 -1.366334 -2.232177
v 1.608324 -1.416936 -2.275394
v 1.608324 -1.460153 -2.325995
v 1.608324 -1.494923 -2.382735
v 1.608324 -1.520389 -2.444214
v 1.608324 -1.535923 -2.508920
v 1.608324 -1.541144 -2.575261
v 1.608324 -1.535923 -2.641601
v 1.608324 -1.520389 -2.706307
v 1.608324 -1.494923 -2.767787
v 1.608324 -1.460153 -2.824526
v 1.608324 -1.416936 -2.875127
v 1.608324 -1.366334 -2.918345
v 1.608324 -1.309595 -2.953115
v 1.608323 -1.248115 -2.978581
v 1.608323 -1.183409 -2.994115
v 1.608323 -1.117069 -2.729594
v 1.608323 -1.092926 -2.727693
v 1.608323 -1.069378 -2.722040
v 1.608323 -1.047003 -2.712773
v 1.608323 -1.026354 -2.700119
v 1.608323 -1.007939 -2.684391
v 1.608323 -0.992211 -2.665976
v 1.608323 -0.979557 -2.645326
v 1.608323 -0.970289 -2.622952
v 1.608323 -0.964636 -2.599404
v 1.608323 -0.962736 -2.575261
v 1.608323 -0.964636 -2.551117
v 1.608323 -0.970289 -2.527569
v 1.608323 -0.979557 -2.505195
v 1.608323 -0.992211 -2.484546
v 1.608323 -1.007939 -2.466130
v 1.608323 -1.026354 -2.450402
v 1.608323 -1.047003 -2.437748
v 1.608323 -1.069378 -2.428481
v 1.608323 -1.092926 -2.422827
v 1.608323 -1.117069 -2.420927
v 1.608323 -1.141212 -2.422827
v 1.608323 -1.164761 -2.428481
v 1.608323 -1.187135 -2.437748
v 1.608323 -1.207784 -2.450402
v 1.608323 -1.226199 -2.466130
v 1.608323 -1.241927 -2.484546
v 1.608323 -1.254581 -2.505195
v 1.608323 -1.263849 -2.527569
v 1.608323 -1.269502 -2.551117
v 1.608323 -1.271402 -2.575261
v 1.608323 -1.269502 -2.599404
v 1.608323 -1.263849 -2.622952
v 1.608323 -1.254581 -2.645326
v 1.608323 -1.241927 -2.665976
v 1.608323 -1.226199 -2.684391
v 1.608323 -1.207784 -2.700119
v 1.608323 -1.187135 -2.712773
v 1.608323 -1.164761 -2.722040
v 1.608323 -1.141212 -2.727693
v 1.608323 -1.117069 -2.626611
v 1.608323 -1.109036 -2.625979
v 1.608323 -1.101201 -2.624098
v 1.608323 -1.093756 -2.621014
v 1.608323 -1.086886 -2.616804
v 1.608323 -1.080759 -2.611571
v 1.608323 -1.075526 -2.605444
v 1.608323 -1.071315 -2.598573
v 1.608323 -1.068232 -2.591129
v 1.608323 -1.066351 -2.583293
v 1.608323 -1.065718 -2.575261
v 1.608323 -1.066351 -2.567228
v 1.608323 -1.068232 -2.559392
v 1.608323 -1.071315 -2.551948
v 1.608323 -1.075526 -2.545077
v 1.608323 -1.080759 -2.538950
v 1.608323 -1.086886 -2.533717
v 1.608323 -1.093756 -2.529506
v 1.608323 -1.101201 -2.526423
v 1.608323 -1.109036 -2.524542
v 1.608323 -1.117069 -2.523910
v 1.608323 -1.125102 -2.524542
v 1.608323 -1.132937 -2.526423
v 1.608323 -1.140382 -2.529506
v 1.608323 -1.147252 -2.533717
v 1.608323 -1.153380 -2.538950
v 1.608323 -1.158613 -2.545077
v 1.608323 -1.162823 -2.551948
v 1.608323 -1.165907 -2.559392
v 1.608323 -1.167788 -2.567228
v 1.608323 -1.168420 -2.575261
v 1.608323 -1.167788 -2.583293
v 1.608323 -1.165907 -2.591129
v 1.608323 -1.162823 -2.598573
v 1.608323 -1.158613 -2.605444
v 1.608323 -1.153380 -2.611571
v 1.608323 -1.147252 -2.616804
v 1.608323 -1.140382 -2.621014
v 1.608323 -1.132937 -2.624098
v 1.608323 -1.125102 -2.625979
v 1.608323 -1.217035 -2.771455
v 1.608323 -1.246496 -2.753401
v 1.608323 -1.246496 -2.397120
v 1.608323 -1.217035 -2.379067
v 1.608323 -0.899586 -2.540815
v 1.608323 -0.896875 -2.575261
v 1.608323 -1.185113 -2.784677
v 1.608323 -1.272770 -2.419560
v 1.608323 -0.907652 -2.507217
v 1.608323 -1.151515 -2.792743
v 1.608323 -1.295210 -2.445834
v 1.608323 -0.920875 -2.475295
v 1.608323 -1.117069 -2.795454
v 1.608323 -1.313263 -2.475295
v 1.608323 -0.938929 -2.445834
v 1.608323 -1.082623 -2.792743
v 1.608323 -1.326486 -2.507217
v 1.608323 -0.961369 -2.419560
v 1.608323 -1.049026 -2.784677
v 1.608323 -1.334552 -2.540815
v 1.608323 -0.987642 -2.397120
v 1.608323 -1.017103 -2.771455
v 1.608323 -1.337263 -2.575261
v 1.608323 -1.017103 -2.379067
v 1.608323 -0.987642 -2.753401
v 1.608323 -1.334552 -2.609707
v 1.608323 -1.049026 -2.365844
v 1.608323 -0.961369 -2.730961
v 1.608323 -1.326486 -2.643304
v 1.608323 -1.082623 -2.357778
v 1.608323 -0.938929 -2.704687
v 1.608323 -1.313263 -2.675226
v 1.608323 -1.117069 -2.355067
v 1.608323 -0.920875 -2.675226
v 1.608323 -1.295210 -2.704687
v 1.608323 -1.151515 -2.357778
v 1.608323 -0.907652 -2.643304
v 1.608323 -1.272770 -2.730961
v 1.608323 -1.185113 -2.365844
v 1.608323 -0.899586 -2.609707
v 1.608323 -1.274624 -2.358406
v 1.608323 -1.159001 -2.310513
v 1.608323 -1.199900 -2.320332
v 1.608323 -1.238760 -2.336428
v 1.608323 -1.335279 -2.416722
v 1.608323 -1.357394 -2.452809
v 1.608323 -1.373590 -2.491912
v 1.608323 -1.383471 -2.533067
v 1.608323 -1.384253 -2.617578
v 1.608323 -1.374343 -2.658854
v 1.608323 -1.358099 -2.698071
v 1.608323 -1.335920 -2.734265
v 1.608323 -1.240955 -2.818401
v 1.608323 -1.201394 -2.834787
v 1.608323 -1.159757 -2.844784
v 1.608323 -1.277465 -2.796027
v 1.608323 -1.074620 -2.843276
v 1.608323 -1.033215 -2.833336
v 1.608323 -0.993876 -2.817041
v 1.608323 -0.957570 -2.794792
v 1.608323 -0.897639 -2.734686
v 1.608323 -0.875401 -2.698396
v 1.608323 -0.859114 -2.659075
v 1.608323 -0.849178 -2.617690
v 1.608323 -0.849876 -2.532942
v 1.608323 -0.859785 -2.491664
v 1.608323 -0.876030 -2.452445
v 1.608323 -0.898210 -2.416250
v 1.608323 -0.956818 -2.354694
v 1.608323 -0.993295 -2.332341
v 1.608323 -1.032820 -2.315969
v 1.608323 -1.074419 -2.305982
v 1.608323 -1.035551 -2.562350
v 1.608323 -1.034535 -2.575261
v 1.608323 -1.142574 -2.653755
v 1.608323 -1.154539 -2.648799
v 1.608323 -1.175430 -2.516900
v 1.608323 -1.165582 -2.508488
v 1.608323 -1.038574 -2.549756
v 1.608323 -1.129980 -2.656779
v 1.608323 -1.183841 -2.526748
v 1.608323 -1.043531 -2.537791
v 1.608323 -1.117069 -2.657795
v 1.608323 -1.190608 -2.537791
v 1.608323 -1.050297 -2.526748
v 1.608323 -1.104158 -2.656779
v 1.608323 -1.195564 -2.549756
v 1.608323 -1.058709 -2.516900
v 1.608323 -1.091565 -2.653755
v 1.608323 -1.198587 -2.562350
v 1.608323 -1.068557 -2.508488
v 1.608323 -1.079599 -2.648799
v 1.608323 -1.199604 -2.575261
v 1.608323 -1.079599 -2.501722
v 1.608323 -1.068557 -2.642032
v 1.608323 -1.198587 -2.588172
v 1.608323 -1.091565 -2.496766
v 1.608323 -1.058709 -2.633621
v 1.608323 -1.195564 -2.600765
v 1.608323 -1.104158 -2.493743
v 1.608323 -1.050297 -2.623773
v 1.608323 -1.190608 -2.612730
v 1.608323 -1.117069 -2.492726
v 1.608323 -1.043531 -2.612730
v 1.608323 -1.183841 -2.623773
v 1.608323 -1.129980 -2.493743
v 1.608323 -1.038574 -2.600765
v 1.608323 -1.175430 -2.633621
v 1.608323 -1.142574 -2.496766
v 1.608323 -1.035551 -2.588172
v 1.608323 -1.165582 -2.642032
v 1.608323 -1.154539 -2.501722
v 1.597586 0.297806 1.297185
v 1.604894 0.665818 1.297185
v 1.597586 0.321557 1.036945
v 1.604894 0.631104 1.036945
v 1.922730 0.323384 1.062595
v 1.924557 0.658510 1.062595
v 1.922730 0.347136 0.808932
v 1.924557 0.623796 0.808932
v 1.855146 0.327039 0.854925
v 1.769293 0.327039 0.925131
v 1.683439 0.321557 0.993097
v 1.683439 0.647548 0.970998
v 1.769293 0.647548 0.925131
v 1.855146 0.647548 0.854925
v 1.683439 0.297806 1.237989
v 1.769293 0.303287 1.180986
v 1.855146 0.303287 1.113021
v 1.855146 0.682261 1.113021
v 1.769293 0.682261 1.180986
v 1.683439 0.682261 1.237989
v 1.597586 0.297806 1.050732
v 1.597586 0.297806 1.173959
v 1.604894 0.665818 1.173959
v 1.604894 0.665818 1.050733
v 1.922730 0.323384 0.983217
v 1.922730 0.323384 1.050733
v 1.924557 0.658510 1.050732
v 1.924557 0.658510 0.983217
v 1.855146 0.682261 1.050732
v 1.855146 0.682261 1.050732
v 1.769293 0.682261 1.050732
v 1.769293 0.682261 1.100325
v 1.683439 0.682261 1.050732
v 1.683439 0.682261 1.173959
v 1.683439 0.297806 1.050732
v 1.683439 0.297806 1.173959
v 1.769293 0.303287 1.050732
v 1.769293 0.303287 1.100325
v 1.855146 0.303287 1.050732
v 1.855146 0.303287 0.983217
v 1.597586 0.321557 1.117584
v 1.604894 0.631104 1.117584
v 1.922730 0.347136 1.073736
v 1.924557 0.623796 1.073736
v 1.855146 0.327039 1.124162
v 1.769293 0.327039 1.117584
v 1.683439 0.321557 1.117584
v 1.683439 0.647548 1.117584
v 1.769293 0.647548 1.117584
v 1.855146 0.647548 1.124162
v 1.597586 0.321557 1.073105
v 1.604894 0.631104 1.073105
v 1.922730 0.347136 0.927157
v 1.924557 0.623796 0.927157
v 1.855146 0.327039 0.973093
v 1.769293 0.327039 1.015721
v 1.683439 0.321557 1.048036
v 1.683439 0.647548 1.070135
v 1.769293 0.647548 1.015721
v 1.855146 0.647548 0.973093
v 0.000000 -1.214417 1.555797
v 0.000000 -1.190832 -0.530820
v 0.000000 -1.214417 1.438425
v 0.000000 -1.214417 1.291709
v 0.000000 -1.214417 0.486406
v 0.000000 -1.214417 -0.387365
v 0.000000 -1.190958 -1.806654
v 0.000000 -1.195557 -1.871643
v 0.689718 -1.221155 1.521045
v 0.396816 -1.217381 1.550660
v 0.000000 -1.221910 1.557180
v 0.918289 -1.217668 1.519325
v 1.080551 -1.204813 1.519123
v 1.100194 -1.195557 -1.871643
v 1.472374 0.385471 1.241924
v 1.471871 0.367177 1.260225
v 1.471183 0.342186 1.266924
v 1.470495 0.317196 1.260225
v 1.469992 0.298901 1.241924
v 1.469808 0.292205 1.216924
v 1.469992 0.298901 1.191923
v 1.470495 0.317196 1.173622
v 1.471183 0.342186 1.166924
v 1.471871 0.367177 1.173622
v 1.472374 0.385471 1.191923
v 1.472558 0.392167 1.216923
v 1.488971 0.384840 1.240724
v 1.490451 0.366475 1.258901
v 1.490192 0.341469 1.265573
v 1.488264 0.316523 1.258952
v 1.485183 0.298320 1.240812
v 1.481775 0.291739 1.216014
v 1.478952 0.298543 1.191202
v 1.477472 0.316908 1.173025
v 1.477731 0.341914 1.166353
v 1.479659 0.366860 1.172974
v 1.482740 0.385062 1.191114
v 1.486149 0.391643 1.215912
v 1.506153 0.384001 1.237704
v 1.508997 0.365573 1.255653
v 1.509153 0.340548 1.262256
v 1.506578 0.315632 1.255742
v 1.501963 0.297500 1.237859
v 1.496544 0.291012 1.213396
v 1.491773 0.297906 1.188910
v 1.488929 0.316334 1.170960
v 1.488773 0.341359 1.164358
v 1.491348 0.366276 1.170871
v 1.495963 0.384407 1.188755
v 1.501382 0.390895 1.213217
v 1.523853 0.383146 1.233453
v 1.527668 0.364672 1.251174
v 1.528262 0.339627 1.257674
v 1.525476 0.314721 1.251210
v 1.520057 0.296627 1.233516
v 1.513456 0.290194 1.209330
v 1.507442 0.297145 1.185136
v 1.503628 0.315618 1.167414
v 1.503033 0.340664 1.160914
v 1.505819 0.365570 1.167378
v 1.511239 0.383664 1.185073
v 1.517839 0.390097 1.209258
v 1.541959 0.382429 1.228346
v 1.546553 0.363926 1.245850
v 1.547643 0.338861 1.252212
v 1.544937 0.313952 1.245726
v 1.539160 0.295872 1.228131
v 1.531860 0.289465 1.204140
v 1.524992 0.296449 1.180183
v 1.520398 0.314952 1.162679
v 1.519308 0.340016 1.156317
v 1.522014 0.364925 1.162803
v 1.527792 0.383006 1.180398
v 1.535092 0.389412 1.204388
v 1.560093 0.382002 1.222729
v 1.565385 0.363484 1.240019
v 1.567065 0.338407 1.246200
v 1.564684 0.313490 1.239614
v 1.558879 0.295411 1.222027
v 1.551206 0.289012 1.198151
v 1.543721 0.296009 1.174384
v 1.538429 0.314527 1.157094
v 1.536749 0.339604 1.150913
v 1.539130 0.364521 1.157499
v 1.544935 0.382600 1.175086
v 1.552608 0.388999 1.198961
v 1.577736 0.382012 1.216959
v 1.583719 0.363496 1.234025
v 1.586133 0.338421 1.239967
v 1.584333 0.313507 1.233192
v 1.578800 0.295428 1.215517
v 1.571016 0.289029 1.191677
v 1.563068 0.296024 1.168060
v 1.557086 0.314540 1.150994
v 1.554671 0.339615 1.145053
v 1.556471 0.364529 1.151827
v 1.562004 0.382608 1.169502
v 1.569788 0.389007 1.193342
v 1.594253 0.382584 1.211413
v 1.600991 0.364097 1.228227
v 1.604361 0.339060 1.233850
v 1.603460 0.314180 1.226776
v 1.598530 0.296124 1.208900
v 1.590891 0.289730 1.185012
v 1.582590 0.296712 1.161512
v 1.575851 0.315199 1.144698
v 1.572481 0.340237 1.139075
v 1.573382 0.365117 1.146149
v 1.578313 0.383173 1.164025
v 1.585952 0.389566 1.187913
v 1.608863 0.383792 1.206502
v 1.616509 0.365386 1.223014
v 1.621185 0.340464 1.228202
v 1.621638 0.315704 1.220677
v 1.617747 0.297741 1.202454
v 1.610554 0.291387 1.178418
v 1.601986 0.298346 1.155007
v 1.594340 0.316752 1.138496
v 1.589664 0.341673 1.133307
v 1.589211 0.366433 1.140833
v 1.593102 0.384396 1.159055
v 1.600295 0.390750 1.183092
v 1.620538 0.385557 1.202687
v 1.629383 0.367347 1.218812
v 1.635948 0.342734 1.223393
v 1.638473 0.318313 1.215200
v 1.636282 0.300628 1.196431
v 1.629962 0.294417 1.172113
v 1.621206 0.301345 1.148763
v 1.612361 0.319555 1.132638
v 1.605797 0.344168 1.128057
v 1.603272 0.368589 1.136249
v 1.605463 0.386274 1.155019
v 1.611783 0.392485 1.179337
v 1.627797 0.387364 1.200467
v 1.638374 0.369640 1.216083
v 1.647839 0.345841 1.219810
v 1.653656 0.322343 1.210649
v 1.654266 0.306477 1.191056
v 1.649507 0.307103 1.166279
v 1.641741 0.308349 1.142958
v 1.630076 0.324295 1.127342
v 1.620611 0.348094 1.123615
v 1.614794 0.371591 1.132775
v 1.614183 0.388491 1.152369
v 1.618943 0.394264 1.177146
v 1.577815 -0.691100 -0.766052
v 1.578472 -0.683120 -0.971308
v 1.579129 -0.675140 -1.176564
v 1.579786 -0.667160 -1.381820
v 1.580443 -0.659180 -1.587076
v 1.572863 -0.850443 -0.745401
v 1.573520 -0.847274 -0.938304
v 1.574177 -0.844104 -1.131208
v 1.574834 -0.840934 -1.324111
v 1.575491 -0.837764 -1.517014
v 1.580536 -0.638067 -0.777401
v 1.580536 -0.631275 -0.984191
v 1.580536 -0.624483 -1.190981
v 1.580536 -0.617690 -1.397771
v 1.580536 -0.610898 -1.604561
v 1.501208 -1.046366 -0.754382
v 1.507118 -1.043045 -0.965323
v 1.513028 -1.039724 -1.176264
v 1.518937 -1.036403 -1.387205
v 1.524847 -1.033082 -1.598146
v 1.639678 -0.310840 -0.773367
v 1.631853 -0.308123 -0.951055
v 1.624029 -0.305406 -1.128744
v 1.616204 -0.302689 -1.306432
v 1.608379 -0.299973 -1.484121
v 1.407761 -1.190853 -0.743459
v 1.407761 -1.190874 -0.956098
v 1.407761 -1.190895 -1.168737
v 1.407761 -1.190916 -1.381376
v 1.407761 -1.190937 -1.594015
v 1.210219 1.509104 -0.919756
v 1.202974 1.507799 -1.161673
v 1.195729 1.506495 -1.403590
v 1.188484 1.505191 -1.645507
v 1.181238 1.503887 -1.887425
v 1.635204 -0.125110 -0.812328
v 1.634652 -0.127587 -1.016458
v 1.634100 -0.130065 -1.220587
v 1.633548 -0.132543 -1.424717
v 1.632997 -0.135021 -1.628847
v 1.593577 0.277977 -0.883892
v 1.594315 0.237266 -1.139242
v 1.595054 0.196555 -1.394592
v 1.595792 0.155845 -1.649941
v 1.596531 0.115134 -1.905291
v 1.502120 0.839589 -0.895847
v 1.505409 0.829184 -1.146719
v 1.508698 0.818780 -1.397591
v 1.511987 0.808376 -1.648463
v 1.515276 0.797972 -1.899336
v 1.352352 1.328168 -0.910156
v 1.346719 1.321988 -1.158905
v 1.341085 1.315808 -1.407654
v 1.335452 1.309628 -1.656403
v 1.329819 1.303448 -1.905152
v 1.147621 1.566995 -0.919756
v 1.140376 1.565691 -1.161673
v 1.133130 1.564387 -1.403590
v 1.125885 1.563083 -1.645507
v 1.118640 1.561778 -1.887425
v 1.053723 1.609683 -0.919756
v 1.046478 1.608814 -1.161673
v 1.039233 1.607944 -1.403590
v 1.031987 1.607075 -1.645507
v 1.024742 1.606205 -1.887425
v 0.000000 1.649350 -0.919756
v 0.000000 1.649024 -1.161673
v 0.000000 1.648698 -1.403590
v 0.000000 1.648372 -1.645507
v 0.000000 1.648046 -1.887425
v 1.535318 0.629547 -1.900805
v 1.532658 0.647427 -1.648828
v 1.529998 0.665306 -1.396851
v 1.527338 0.683185 -1.144875
v 1.524678 0.701065 -0.892898
v 1.562403 0.401934 -1.902790
v 1.560593 0.429916 -1.649321
v 1.558783 0.457898 -1.395851
v 1.556974 0.485879 -1.142382
v 1.555164 0.513861 -0.888913
v 1.361733 1.216465 -1.904151
v 1.365831 1.223372 -1.655037
v 1.369928 1.230279 -1.405922
v 1.374026 1.237186 -1.156808
v 1.378124 1.244093 -0.907694
v 1.388155 1.144451 -1.903323
v 1.390981 1.151959 -1.653906
v 1.393808 1.159468 -1.404489
v 1.396635 1.166977 -1.155072
v 1.399462 1.174486 -0.905655
v 1.602820 -0.822093 -0.743288
v 1.603429 -0.818987 -0.932230
v 1.604038 -0.815882 -1.121173
v 1.604646 -0.812776 -1.310115
v 1.605255 -0.809670 -1.499057
v 1.600384 -0.825538 -1.508049
v 1.599752 -0.828676 -1.317127
v 1.599119 -0.831814 -1.126204
v 1.598486 -0.834952 -0.935281
v 1.597854 -0.838089 -0.744359
v 1.587916 -0.835535 -1.514620
v 1.587265 -0.838696 -1.322248
v 1.586615 -0.841857 -1.129875
v 1.585965 -0.845019 -0.937502
v 1.585315 -0.848180 -0.745130
v 1.571189 -0.836982 -1.517008
v 1.570533 -0.840152 -1.324105
v 1.569877 -0.843322 -1.131202
v 1.569221 -0.846492 -0.938298
v 1.568564 -0.849661 -0.745395
v 1.573519 -0.690319 -0.766046
v 1.574175 -0.682339 -0.971302
v 1.574831 -0.674358 -1.176558
v 1.575487 -0.666378 -1.381814
v 1.576143 -0.658398 -1.587070
v 1.592615 -0.666146 -1.581144
v 1.591958 -0.674082 -1.377030
v 1.591301 -0.682017 -1.172915
v 1.590644 -0.689953 -0.968801
v 1.589987 -0.697889 -0.764686
v 1.604394 -0.681272 -1.564908
v 1.603734 -0.689085 -1.363912
v 1.603074 -0.696899 -1.162916
v 1.602415 -0.704712 -0.961920
v 1.601755 -0.712526 -0.760924
v 1.608321 -0.699721 -1.542713
v 1.607658 -0.707368 -1.345976
v 1.606995 -0.715015 -1.149240
v 1.606333 -0.722662 -0.952504
v 1.605670 -0.730309 -0.755768
v 0.000000 -1.190853 -0.743459
v 0.000000 -1.190874 -0.956098
v 0.000000 -1.190895 -1.168737
v 0.000000 -1.190916 -1.381376
v 0.000000 -1.190937 -1.594015
v 1.317038 1.302623 0.036277
v 1.310517 1.311028 -0.123270
v 1.303996 1.319432 -0.282816
v 1.223170 1.468035 0.047750
v 1.222355 1.481317 -0.117387
v 1.221540 1.494599 -0.282523
v 1.319783 1.259488 0.067829
v 1.308389 1.267250 -0.084213
v 1.296995 1.275012 -0.236254
v 1.172309 1.525926 0.047750
v 1.167581 1.539208 -0.117387
v 1.162854 1.552490 -0.282523
v 1.101885 1.544562 0.089134
v 1.089333 1.564412 -0.089797
v 1.076781 1.584263 -0.268728
v 0.000000 1.583686 0.089134
v 0.000000 1.603536 -0.089797
v 0.000000 1.623387 -0.268728
v 1.252949 1.360431 0.443210
v 1.238467 1.407592 0.328048
v 1.339860 1.229640 0.416303
v 1.331709 1.261929 0.306063
v 1.346232 1.190978 0.418303
v 1.338704 1.221352 0.319087
v 1.205129 1.414668 0.465067
v 1.191082 1.463656 0.338976
v 1.127429 1.471701 0.379385
v 1.140421 1.418691 0.490705
v 0.000000 1.431732 0.497950
v 0.000000 1.497784 0.383008
v 1.402217 0.831637 1.307490
v 1.384828 0.947216 1.154037
v 1.442004 0.770103 1.209959
v 1.423535 0.869196 1.071721
v 1.424610 0.836544 1.053176
v 1.415531 0.893631 0.977152
v 1.342706 0.881423 1.351536
v 1.321966 1.003181 1.194888
v 1.333206 1.153677 0.840827
v 1.388765 1.056121 0.783978
v 1.391398 1.031835 0.763055
v 1.279899 1.212368 0.878324
v 1.486575 0.301283 -0.150772
v 1.486575 0.283278 0.066482
v 1.486575 0.265274 0.283736
v 1.600591 -0.159678 0.273649
v 1.601362 -0.152150 0.059921
v 1.602133 -0.144622 -0.153807
v 1.614139 -0.328229 -0.161075
v 1.614139 -0.331163 0.055738
v 1.614139 -0.334097 0.272550
v 1.460242 0.355840 -0.114307
v 1.460242 0.332170 0.091030
v 1.460242 0.308500 0.296367
v 1.580536 -0.660516 0.268485
v 1.580536 -0.656882 0.049873
v 1.580536 -0.653248 -0.168740
v 1.495298 -1.062932 0.269402
v 1.495298 -1.058245 0.050348
v 1.495298 -1.053558 -0.168706
v 1.407761 -1.214417 0.267963
v 1.407761 -1.214417 0.049521
v 1.407761 -1.214417 -0.168922
v 1.597074 -0.700560 0.267752
v 1.597073 -0.696924 0.049100
v 1.597073 -0.693289 -0.169552
v 1.552267 -0.865530 0.270094
v 1.552277 -0.861974 0.050917
v 1.552287 -0.858418 -0.168260
v 1.590028 -0.838266 0.269591
v 1.590031 -0.834710 0.050518
v 1.590035 -0.831153 -0.168555
v 1.581174 -0.846607 -0.168421
v 1.581167 -0.850163 0.050704
v 1.581161 -0.853720 0.269828
v 1.565787 -0.856301 -0.168311
v 1.565779 -0.859857 0.050852
v 1.565771 -0.863414 0.270014
v 1.547996 -0.857638 -0.168254
v 1.547988 -0.861194 0.050923
v 1.547981 -0.864751 0.270100
v 1.592790 -0.699781 0.267758
v 1.592788 -0.696145 0.049106
v 1.592786 -0.692509 -0.169546
v 1.608208 -0.699896 -0.169535
v 1.608209 -0.703532 0.049131
v 1.608209 -0.707167 0.267797
v 1.617130 -0.714037 -0.169459
v 1.617127 -0.717672 0.049245
v 1.617125 -0.721307 0.267949
v 1.617159 -0.731143 -0.169337
v 1.617154 -0.734777 0.049418
v 1.617149 -0.738411 0.268174
v 0.000000 -1.214417 0.267963
v 0.000000 -1.214417 0.049521
v 0.000000 -1.214417 -0.168922
v 1.614139 -0.339966 0.695416
v 1.614139 -0.342900 0.901470
v 1.614139 -0.345835 1.107523
v 1.486575 0.238865 0.716288
v 1.486575 0.230461 0.931586
v 1.486575 0.222056 1.146884
v 1.597507 -0.183921 1.128561
v 1.598278 -0.178349 0.914833
v 1.599049 -0.172778 0.701105
v 1.460062 0.277068 0.654765
v 1.459882 0.269306 0.807826
v 1.459703 0.261544 0.960886
v 1.580536 -0.675052 1.091585
v 1.580536 -0.671418 0.890089
v 1.580536 -0.667784 0.688593
v 1.495298 -1.079234 1.091823
v 1.495298 -1.075362 0.890701
v 1.495298 -1.071490 0.689578
v 1.407761 -1.214417 1.090384
v 1.407761 -1.214417 0.889058
v 1.407761 -1.214417 0.687732
v 1.597053 -0.723047 1.064093
v 1.597060 -0.716763 0.871530
v 1.597067 -0.710479 0.678967
v 1.552205 -0.880096 0.984918
v 1.552222 -0.876426 0.819702
v 1.552240 -0.872756 0.654486
v 1.590294 -0.852634 0.971368
v 1.590204 -0.849030 0.810467
v 1.590114 -0.845426 0.649566
v 1.581191 -0.860913 0.652012
v 1.581227 -0.864550 0.815070
v 1.581263 -0.868186 0.978129
v 1.565760 -0.870631 0.653815
v 1.565757 -0.874292 0.818453
v 1.565754 -0.877953 0.983091
v 1.547956 -0.871977 0.654492
v 1.547939 -0.875647 0.819708
v 1.547922 -0.879317 0.984924
v 1.592771 -0.722268 1.064099
v 1.592778 -0.715984 0.871536
v 1.592785 -0.709701 0.678973
v 1.608190 -0.717015 0.676948
v 1.608171 -0.723228 0.867433
v 1.608152 -0.729440 1.057918
v 1.617070 -0.730959 0.671461
v 1.617017 -0.736977 0.856270
v 1.616965 -0.742994 1.041079
v 1.617045 -0.747796 0.663984
v 1.616947 -0.753547 0.841038
v 1.616849 -0.759299 1.018092
v 0.000000 -1.214417 1.090384
v 0.000000 -1.214417 0.889058
v 0.000000 -1.214417 0.687732
v 1.466887 0.180629 2.266690
v 1.475492 0.230141 1.999648
v 1.484097 0.279653 1.732605
v 1.576655 0.029015 2.273690
v 1.564751 0.087103 2.004766
v 1.552847 0.145191 1.735843
v 1.600055 -0.303539 2.177812
v 1.598826 -0.272953 1.945618
v 1.597597 -0.242366 1.713423
v 1.496527 -1.084349 1.468083
v 1.497755 -1.083147 1.500581
v 1.498984 -1.081945 1.533080
v 1.593482 -0.387830 1.585992
v 1.590596 -0.399600 1.700535
v 1.587710 -0.411369 1.815078
v 1.570101 -0.690455 1.610920
v 1.573580 -0.691407 1.558452
v 1.577058 -0.692360 1.505984
v 1.407761 -1.214417 1.526454
v 1.407761 -1.214417 1.497111
v 1.407761 -1.214417 1.467768
v 0.000000 -1.214417 1.526454
v 0.000000 -1.214417 1.497111
v 0.000000 -1.214417 1.467768
v 1.117104 0.368778 2.449080
v 0.386386 0.378125 2.510935
v 0.840288 0.382567 2.488347
v 1.271649 0.399884 2.301397
v 0.000000 0.377372 2.525525
v 0.676333 0.377456 2.498720
v 0.000000 0.407597 2.372103
v 1.131773 0.400984 2.256379
v 0.678823 0.400512 2.368405
v 0.844803 0.416372 2.328789
v 1.293620 0.425732 2.112706
v 0.383498 0.404864 2.371356
v 1.395512 0.378217 1.805478
v 1.374201 0.339073 2.062614
v 1.355876 0.305296 2.286424
v 1.433257 0.435185 1.631387
v 0.253193 0.439201 2.198640
v 0.126597 0.439201 2.205160
v 0.259714 0.348636 2.667041
v 0.129857 0.348636 2.669215
v 0.264544 0.245392 3.006749
v 0.132272 0.245392 3.012183
v 0.264544 0.194404 3.115427
v 0.132272 0.189876 3.120861
v 0.264544 0.104594 3.242218
v 0.132272 0.103085 3.247652
v 0.264544 -0.088309 3.372631
v 0.132272 -0.089818 3.378065
v 0.264544 -0.178325 3.588331
v 0.132272 -0.179835 3.590504
v 0.264544 -0.323053 3.617156
v 0.132272 -0.324563 3.619330
v 0.264544 -0.998516 3.615798
v 0.132272 -1.000026 3.617971
v 0.264544 -1.180325 3.425611
v 0.132272 -1.181835 3.427785
v 0.264544 -1.218891 3.026220
v 0.132272 -1.220400 3.028394
v 0.265364 0.074440 3.262158
v 0.132682 0.073067 3.267112
v 0.263724 -0.046556 3.351691
v 0.131862 -0.046038 3.356603
v 0.264544 -1.218891 1.552833
v 0.132272 -1.220400 1.555007
v 0.257591 0.377874 2.515798
v 0.128795 0.377623 2.520661
v 0.255666 0.405775 2.371605
v 0.127833 0.406686 2.371854
v 0.581931 0.439201 2.163863
v 0.480860 0.439201 2.177991
v 0.578670 0.348636 2.662694
v 0.484121 0.348636 2.663781
v 0.570701 0.245392 2.990454
v 0.483758 0.245392 2.995882
v 0.570701 0.198933 3.100531
v 0.483758 0.198933 3.104559
v 0.570701 0.106104 3.227469
v 0.483758 0.106104 3.231350
v 0.618499 -0.079253 3.356329
v 0.507658 -0.083026 3.361763
v 0.618499 -0.174510 3.576183
v 0.507658 -0.175663 3.581170
v 0.618499 -0.313997 3.599768
v 0.507658 -0.317770 3.607375
v 0.592084 -1.181332 3.403695
v 0.494450 -1.180074 3.413566
v 0.592084 -0.984428 3.599315
v 0.494450 -0.990717 3.606470
v 0.592084 -1.219897 3.004304
v 0.494450 -1.218639 3.014175
v 0.574959 0.075629 3.247222
v 0.486503 0.075720 3.251538
v 0.613284 -0.040620 3.336430
v 0.504435 -0.043847 3.341552
v 0.592084 -1.219897 1.530917
v 0.494450 -1.218639 1.540788
v 0.579684 0.377679 2.502791
v 0.483035 0.377902 2.506863
v 0.580381 0.401963 2.369389
v 0.481940 0.403414 2.370372
v 0.396816 -0.490409 3.614643
v 0.396816 -0.659275 3.614303
v 0.396816 -0.828141 3.613964
v 0.000000 -0.494938 3.621164
v 0.000000 -0.663803 3.620824
v 0.000000 -0.832669 3.620484
v 0.719435 -0.477202 3.592160
v 0.709529 -0.644181 3.592160
v 0.699624 -0.811160 3.592160
v 0.264544 -0.491919 3.616817
v 0.264544 -0.660785 3.616477
v 0.264544 -0.829650 3.616138
v 0.132272 -0.493428 3.618990
v 0.132272 -0.662294 3.618651
v 0.132272 -0.831160 3.618311
v 0.611895 -0.481605 3.599655
v 0.605291 -0.649212 3.599541
v 0.598688 -0.816820 3.599428
v 0.504356 -0.486007 3.607149
v 0.501054 -0.654244 3.606922
v 0.497752 -0.822481 3.606696
v 0.910953 -0.170733 3.564313
v 0.860725 -0.634752 3.585573
v 0.910953 -0.292291 3.585278
v 0.885375 -0.466972 3.585427
v 0.810796 -0.975377 3.585866
v 0.804003 -1.180846 3.392963
v 0.804003 -1.219411 2.993572
v 0.804003 -1.219411 1.520185
v 0.836210 -0.801431 3.585720
v 1.017717 -0.049145 3.271153
v 0.901982 -0.058925 3.295781
v 1.141616 -0.038674 3.227559
v 1.140806 -0.158617 3.465574
v 1.140806 -0.272729 3.484645
v 1.342132 0.014180 3.011605
v 1.342132 -0.128726 3.299183
v 1.342132 -0.242838 3.316360
v 1.079667 -0.043910 3.252719
v 1.078453 -0.163508 3.512091
v 1.078453 -0.277620 3.532108
v 1.203565 -0.033439 3.194846
v 1.203160 -0.153727 3.419057
v 1.203160 -0.267839 3.437181
v 1.420126 -0.972615 3.171733
v 0.988289 -1.179103 3.369583
v 1.017745 -0.972615 3.541192
v 1.196352 -0.972615 3.435450
v 1.140279 -1.179103 3.294990
v 1.254436 -0.972615 3.387638
v 1.190856 -1.179103 3.256959
v 1.263198 -0.411327 3.389283
v 1.063568 -0.448015 3.534335
v 1.201663 -0.422835 3.436801
v 1.137718 -0.434808 3.486383
v 1.261541 -0.517483 3.388972
v 1.050380 -0.599003 3.536309
v 1.200518 -0.541342 3.436510
v 1.135200 -0.566905 3.487800
v 1.035204 -0.772735 3.538580
v 1.326527 -0.704382 3.327301
v 1.131740 -0.748446 3.489748
v 1.198665 -0.733144 3.436038
v 1.549607 -0.836675 2.986969
v 1.427388 -0.716602 3.191783
v 1.258388 -0.719467 3.388380
v 1.537936 -0.282821 2.825254
v 1.593430 -0.145843 2.491853
v 1.459980 -0.972615 3.106277
v 1.521757 -0.540618 3.002142
v 1.488863 -0.776998 3.088763
v 1.516127 -0.418353 2.943127
v 1.520290 -0.638306 3.061252
v 1.545714 0.087274 -0.367776
v 1.544842 0.000418 1.351660
v 1.542367 0.043071 0.494284
v 1.614997 0.070561 -0.847067
v 1.544898 0.076230 -0.152304
v 1.619232 -0.057894 -1.956058
v 1.615656 0.044233 -1.074280
v 1.544069 0.065182 0.063196
v 1.616383 0.018135 -1.299540
v 1.543226 0.054129 0.278724
v 1.614390 0.097069 -0.618326
v 1.542987 0.032406 0.708673
v 1.617199 -0.007663 -1.522245
v 1.543605 0.021742 0.923033
v 1.618133 -0.033058 -1.741525
v 1.568110 -0.000162 1.473934
v 1.586969 -0.117570 2.231428
v 1.544224 0.011079 1.137362
v 1.581441 -0.089252 1.975795
v 1.573434 -0.033106 1.725529
v 1.424386 0.706273 -0.403150
v 1.427168 0.573597 -0.338324
v 1.449812 0.548052 -0.388790
v 1.404968 0.703874 -0.350863
v 1.583095 0.282726 -1.395007
v 1.584149 0.246504 -1.649736
v 1.581005 0.355176 -0.885535
v 1.586272 0.174067 -2.159183
v 1.585208 0.210285 -1.904461
v 1.579972 0.391406 -0.630791
v 1.582046 0.318949 -1.140274
v 1.591728 0.168302 -2.246237
v 1.590988 0.169411 -2.900556
v 1.593114 0.168949 -2.438988
v 1.592055 0.170024 -3.108390
v 1.554514 0.162820 -3.258497
v 1.592173 0.169176 -2.655052
v 1.539270 0.166495 -3.284569
v 0.568130 -0.785272 -3.534084
v 0.438854 -0.786141 -3.534084
v 0.565907 0.404209 -3.531786
v 0.435880 0.404209 -3.531734
v 0.564806 -0.095167 -3.534084
v 0.432283 -0.095167 -3.534084
v 0.568428 -0.179935 -3.534084
v 0.434094 -0.179935 -3.534084
v 0.568881 -0.411420 -3.534084
v 0.437173 -0.411420 -3.534084
v 0.567587 -0.681376 -3.534084
v 0.437768 -0.681376 -3.534084
v 0.588054 -1.095004 -3.410915
v 0.448817 -1.095873 -3.412727
v 0.574170 -0.791481 -3.550991
v 0.444889 -0.792344 -3.550976
v 0.451652 -0.804054 -3.567538
v 0.581088 -0.803175 -3.567522
v 0.456917 -0.822465 -3.575808
v 0.586781 -0.821550 -3.575721
v 0.459275 -0.842645 -3.573569
v 0.589726 -0.841683 -3.573391
v 0.604537 -1.071958 -3.481820
v 0.466680 -1.072955 -3.483331
v 0.465604 -1.092488 -3.470017
v 0.604151 -1.091556 -3.468358
v 0.461280 -1.103154 -3.450375
v 0.600336 -1.102271 -3.448612
v 0.454869 -1.102095 -3.429668
v 0.594112 -1.101231 -3.427873
v 0.582576 0.431991 -3.477734
v 0.461409 0.431991 -3.477686
v 0.203903 0.404209 -3.531629
v 0.101951 0.404209 -3.531577
v 0.206386 -0.785707 -3.534084
v 0.103193 -0.784402 -3.534084
v 0.205299 -0.681376 -3.534084
v 0.102650 -0.681376 -3.534084
v 0.199840 -0.179935 -3.534084
v 0.099920 -0.179935 -3.534084
v 0.199840 -0.095167 -3.534084
v 0.099920 -0.095167 -3.534084
v 0.203643 -0.411420 -3.534084
v 0.101822 -0.411420 -3.534084
v 0.206386 -1.095439 -3.414538
v 0.103193 -1.094135 -3.414538
v 0.210405 -0.791908 -3.550972
v 0.105203 -0.790608 -3.550983
v 0.107405 -0.802330 -3.567565
v 0.214811 -0.803631 -3.567559
v 0.109018 -0.820777 -3.575896
v 0.218036 -0.822079 -3.575895
v 0.109608 -0.841008 -3.573743
v 0.219216 -0.842308 -3.573745
v 0.219216 -1.072717 -3.484815
v 0.109608 -1.071482 -3.484788
v 0.109019 -1.090883 -3.471652
v 0.218037 -1.092152 -3.471664
v 0.107408 -1.101452 -3.452142
v 0.214817 -1.102745 -3.452140
v 0.105209 -1.100358 -3.431486
v 0.210417 -1.101658 -3.431475
v 0.226827 0.431991 -3.477588
v 0.113414 0.431991 -3.477539
v 0.898409 -0.783533 -3.534084
v 0.797907 -0.783968 -3.534084
v 0.903458 0.404209 -3.531943
v 0.799696 0.404209 -3.531891
v 0.904414 -0.095167 -3.534084
v 0.800871 -0.095167 -3.534084
v 0.906225 -0.179935 -3.534084
v 0.804494 -0.179935 -3.534084
v 0.900610 -0.411420 -3.534084
v 0.800600 -0.411420 -3.534084
v 0.899082 -0.681376 -3.534084
v 0.798244 -0.681376 -3.534084
v 0.785203 -1.129491 -3.361875
v 0.756247 -1.111813 -3.385489
v 0.904473 -0.789767 -3.551059
v 0.803962 -0.790192 -3.551033
v 0.810086 -0.801784 -3.567344
v 0.909648 -0.801272 -3.567182
v 0.813625 -0.819896 -3.574984
v 0.910605 -0.819158 -3.574333
v 0.813633 -0.839675 -3.571905
v 0.907089 -0.838630 -3.570597
v 0.813227 -1.114932 -3.432294
v 0.777810 -1.092947 -3.456301
v 0.774885 -1.110456 -3.442888
v 0.807072 -1.130288 -3.419077
v 0.769213 -1.119643 -3.423183
v 0.799034 -1.137899 -3.399517
v 0.762312 -1.118047 -3.402466
v 0.791268 -1.135726 -3.378855
v 0.897131 0.431991 -3.477880
v 0.800438 0.431991 -3.477832
v 0.848719 0.299831 2.911088
v 0.393263 0.296027 2.836307
v 0.000000 0.296027 2.847812
v 0.665283 0.296027 2.830802
v 0.131088 0.296027 2.843977
v 0.262175 0.296027 2.840142
v 0.483936 0.296027 2.833005
v 0.574609 0.296027 2.829704
v 0.980423 0.302314 2.972184
v 1.172957 0.350674 2.638912
v 1.236352 0.450636 1.939216
v 1.194377 0.384331 2.375238
v 1.212697 0.413358 2.184542
v 1.011608 0.440240 2.054619
v 1.000350 0.339693 2.751295
v 1.012795 0.401035 2.294122
v 1.013715 0.372377 2.468167
v 1.298933 0.330161 2.515508
v 1.313763 0.352590 2.293911
v 1.333910 0.382403 2.087660
v 1.358951 0.418897 1.835555
v 1.408011 0.480211 1.701812
v 1.049691 0.319631 2.867029
v 1.082945 0.401008 2.273705
v 1.055449 0.335645 2.764895
v 1.099699 0.441018 2.032223
v 1.070086 0.370415 2.457761
v 0.966271 0.237140 3.089001
v 1.166659 0.272435 2.850742
v 1.043682 0.250315 3.033924
v 1.096447 0.259073 2.967309
v 1.295182 0.289939 2.598747
v 0.834130 0.217149 3.122778
v 1.236759 0.285821 2.725115
v 1.283484 0.164498 2.908625
v 1.156999 0.152430 3.092598
v 1.347592 0.160724 2.771397
v 0.822636 0.113622 3.204976
v 1.033835 0.136752 3.180407
v 1.223824 0.161407 3.010788
v 1.090047 0.143503 3.150080
v 0.941915 0.124973 3.199529
v 1.220840 0.132709 3.053096
v 1.506932 0.234991 1.733680
v 1.387322 0.440862 -3.448373
v 1.088464 0.114924 3.173986
v 1.280871 0.136475 2.961884
v 0.935444 0.095173 3.216690
v 1.154694 0.123799 3.124448
v 1.346529 0.132213 2.830544
v 1.486575 0.293942 1.357892
v 1.487012 0.095790 2.535691
v 0.819289 0.083477 3.224217
v 1.493863 0.143369 2.268411
v 1.512755 0.276835 1.466126
v 1.031329 0.107850 3.200448
v 1.500544 0.189995 2.001084
v 1.427110 0.140559 2.715850
v 1.343696 0.056166 2.957421
v 1.360160 0.626303 -3.462878
v 1.083997 0.034279 3.218266
v 0.810177 0.001399 3.272444
v 1.273394 0.056293 3.073033
v 0.917754 0.013706 3.256244
v 1.148125 0.042188 3.184321
v 1.212251 0.050098 3.136209
v 1.024322 0.027027 3.238824
v 0.000000 0.172458 -3.532712
v 1.424675 0.185837 -3.428426
v 0.565418 0.182730 -3.532805
v 1.295430 0.188418 -3.507977
v 1.007535 0.190766 -3.532888
v 0.800207 0.186996 -3.532845
v 1.144573 0.195493 -3.540282
v 0.303093 0.177967 -3.532770
v 0.696546 0.185112 -3.532824
v 0.101016 0.174294 -3.532731
v 0.903870 0.188881 -3.532866
v 0.202047 0.176130 -3.532750
v 0.434268 0.180349 -3.532787
v 0.800643 0.001888 -3.533658
v 0.000000 -0.006221 -3.533628
v 0.432955 -0.001835 -3.533645
v 1.446089 0.039642 -3.416991
v 1.296314 0.011508 -3.507092
v 1.007810 0.003988 -3.533669
v 0.565015 -0.000498 -3.533648
v 1.149600 0.008868 -3.542243
v 0.100286 -0.005205 -3.533632
v 0.697061 0.000838 -3.533652
v 0.904226 0.002938 -3.533663
v 0.300882 -0.003172 -3.533641
v 0.200580 -0.004189 -3.533637
v 1.057294 1.365681 0.602931
v 0.961177 1.365681 0.603836
v 0.865059 1.365681 0.604742
v 0.768941 1.365681 0.605647
v 0.672824 1.365681 0.606553
v 0.576706 1.365681 0.607459
v 0.480588 1.365681 0.608364
v 0.384471 1.365681 0.609270
v 0.288353 1.365681 0.610176
v 0.192235 1.365681 0.611081
v 0.096118 1.365681 0.611987
v 0.972554 1.613813 -0.677839
v 0.884140 1.617073 -0.677839
v 0.795726 1.620333 -0.677839
v 0.707312 1.623594 -0.677839
v 0.618898 1.626854 -0.677839
v 0.530484 1.630114 -0.677839
v 0.442070 1.633375 -0.677839
v 0.353656 1.636635 -0.677839
v 0.265242 1.639895 -0.677839
v 0.176828 1.643156 -0.677839
v 0.088414 1.646416 -0.677839
v 0.084791 1.644188 -2.129342
v 0.169583 1.640656 -2.129342
v 0.254374 1.637124 -2.129342
v 0.339166 1.633592 -2.129342
v 0.423957 1.630060 -2.129342
v 0.508748 1.626528 -2.129342
v 0.593540 1.622996 -2.129342
v 0.678331 1.619464 -2.129342
v 0.763123 1.615932 -2.129342
v 0.847914 1.612400 -2.129342
v 0.932706 1.608868 -2.129342
v 1.021568 1.527972 0.268065
v 0.928698 1.531232 0.268065
v 0.835828 1.534492 0.268065
v 0.742958 1.537753 0.268065
v 0.650089 1.541013 0.268065
v 0.557219 1.544273 0.268065
v 0.464349 1.547534 0.268065
v 0.371479 1.550794 0.268065
v 0.278609 1.554054 0.268065
v 0.185740 1.557315 0.268065
v 0.092870 1.560575 0.268065
v 0.088686 1.639977 -0.447659
v 0.177371 1.636716 -0.447659
v 0.266057 1.633456 -0.447659
v 0.354743 1.630196 -0.447659
v 0.443429 1.626935 -0.447659
v 0.532114 1.623675 -0.447659
v 0.620800 1.620415 -0.447659
v 0.709486 1.617154 -0.447659
v 0.798171 1.613894 -0.447659
v 0.886857 1.610634 -0.447659
v 0.975543 1.607374 -0.447659
v 0.923889 1.590347 -2.636390
v 0.839899 1.591379 -2.636390
v 0.755909 1.592412 -2.636390
v 0.671919 1.593444 -2.636390
v 0.587929 1.594477 -2.636390
v 0.503939 1.595509 -2.636390
v 0.419949 1.596542 -2.636390
v 0.335960 1.597574 -2.636390
v 0.251970 1.598607 -2.636390
v 0.167980 1.599639 -2.636390
v 0.083990 1.600672 -2.636390
v 0.083341 1.587678 -2.889914
v 0.166683 1.585962 -2.889914
v 0.250024 1.584247 -2.889914
v 0.333366 1.582532 -2.889914
v 0.416707 1.580816 -2.889914
v 0.500048 1.579101 -2.889914
v 0.583390 1.577385 -2.889914
v 0.666731 1.575670 -2.889914
v 0.750072 1.573954 -2.889914
v 0.833414 1.572239 -2.889914
v 0.916755 1.570523 -2.889914
v 0.082693 1.566343 -3.159270
v 0.165386 1.565810 -3.158563
v 0.248079 1.565276 -3.157855
v 0.330772 1.564743 -3.157148
v 0.413464 1.564209 -3.156440
v 0.496157 1.563676 -3.155733
v 0.578850 1.563142 -3.155025
v 0.661543 1.562608 -3.154318
v 0.744236 1.562075 -3.153610
v 0.826929 1.561541 -3.152903
v 0.909622 1.561008 -3.152195
v 0.931022 1.606824 -2.382866
v 0.846384 1.608197 -2.382866
v 0.761745 1.609570 -2.382866
v 0.677107 1.610943 -2.382866
v 0.592469 1.612316 -2.382866
v 0.507830 1.613688 -2.382866
v 0.423192 1.615061 -2.382866
v 0.338554 1.616434 -2.382866
v 0.253915 1.617807 -2.382866
v 0.169277 1.619180 -2.382866
v 0.084638 1.620553 -2.382866
v 0.932252 1.452951 -3.279145
v 0.847502 1.455124 -3.280575
v 0.762752 1.457298 -3.282005
v 0.678001 1.459472 -3.283435
v 0.593251 1.461645 -3.284865
v 0.508501 1.463819 -3.286295
v 0.423751 1.465992 -3.287725
v 0.339001 1.468166 -3.289155
v 0.254251 1.470339 -3.290586
v 0.169500 1.472513 -3.292016
v 0.084750 1.474687 -3.293446
v 0.926158 1.374703 -3.353592
v 0.841962 1.376876 -3.353561
v 0.757766 1.379050 -3.353530
v 0.673570 1.381223 -3.353499
v 0.589373 1.383397 -3.353468
v 0.505177 1.385571 -3.353437
v 0.420981 1.387744 -3.353406
v 0.336785 1.389918 -3.353375
v 0.252589 1.392091 -3.353344
v 0.168392 1.394265 -3.353313
v 0.084196 1.396438 -3.353282
v 0.860524 1.299715 -3.403448
v 0.782295 1.301889 -3.403811
v 0.704066 1.304062 -3.404173
v 0.625836 1.306236 -3.404536
v 0.547607 1.308409 -3.404898
v 0.469377 1.310583 -3.405261
v 0.391147 1.312756 -3.405624
v 0.312918 1.314930 -3.405986
v 0.234689 1.317104 -3.406349
v 0.156459 1.319277 -3.406712
v 0.078230 1.321451 -3.407074
v 0.852485 1.263761 -3.358510
v 0.774983 1.265786 -3.358848
v 0.697481 1.267812 -3.359186
v 0.619980 1.269837 -3.359524
v 0.542478 1.271863 -3.359862
v 0.464976 1.273888 -3.360200
v 0.387474 1.275914 -3.360538
v 0.309972 1.277939 -3.360876
v 0.232471 1.279965 -3.361213
v 0.154969 1.281990 -3.361552
v 0.077467 1.284016 -3.361890
v 0.939347 1.609692 -1.887425
v 0.853952 1.613179 -1.887425
v 0.768557 1.616666 -1.887425
v 0.683161 1.620152 -1.887425
v 0.597766 1.623639 -1.887425
v 0.512371 1.627126 -1.887425
v 0.426976 1.630613 -1.887425
v 0.341581 1.634099 -1.887425
v 0.256186 1.637586 -1.887425
v 0.170790 1.641073 -1.887425
v 0.085395 1.644560 -1.887425
v 0.945988 1.610516 -1.645507
v 0.859990 1.613958 -1.645507
v 0.773991 1.617399 -1.645507
v 0.687992 1.620841 -1.645507
v 0.601993 1.624282 -1.645507
v 0.515994 1.627723 -1.645507
v 0.429995 1.631165 -1.645507
v 0.343996 1.634606 -1.645507
v 0.257997 1.638048 -1.645507
v 0.171998 1.641489 -1.645507
v 0.085999 1.644931 -1.645507
v 0.952630 1.611340 -1.403590
v 0.866027 1.614736 -1.403590
v 0.779424 1.618133 -1.403590
v 0.692822 1.621529 -1.403590
v 0.606219 1.624925 -1.403590
v 0.519616 1.628321 -1.403590
v 0.433014 1.631717 -1.403590
v 0.346411 1.635113 -1.403590
v 0.259808 1.638510 -1.403590
v 0.173205 1.641906 -1.403590
v 0.086603 1.645302 -1.403590
v 0.959271 1.612164 -1.161673
v 0.872065 1.615515 -1.161673
v 0.784858 1.618866 -1.161673
v 0.697652 1.622217 -1.161673
v 0.610445 1.625568 -1.161673
v 0.523239 1.628919 -1.161673
v 0.436032 1.632270 -1.161673
v 0.348826 1.635621 -1.161673
v 0.261619 1.638971 -1.161673
v 0.174413 1.642322 -1.161673
v 0.087206 1.645673 -1.161673
v 0.965913 1.612989 -0.919756
v 0.878102 1.616294 -0.919756
v 0.790292 1.619600 -0.919756
v 0.702482 1.622905 -0.919756
v 0.614672 1.626211 -0.919756
v 0.526861 1.629517 -0.919756
v 0.439051 1.632822 -0.919756
v 0.351241 1.636128 -0.919756
v 0.263431 1.639434 -0.919756
v 0.175620 1.642739 -0.919756
v 0.087810 1.646045 -0.919756
v 0.987049 1.587523 -0.268728
v 0.897317 1.590783 -0.268728
v 0.807586 1.594044 -0.268728
v 0.717854 1.597304 -0.268728
v 0.628122 1.600565 -0.268728
v 0.538390 1.603825 -0.268728
v 0.448659 1.607085 -0.268728
v 0.358927 1.610345 -0.268728
v 0.269195 1.613606 -0.268728
v 0.179463 1.616866 -0.268728
v 0.089732 1.620126 -0.268728
v 0.998555 1.567673 -0.089797
v 0.907778 1.570933 -0.089797
v 0.817000 1.574193 -0.089797
v 0.726222 1.577454 -0.089797
v 0.635444 1.580714 -0.089797
v 0.544667 1.583974 -0.089797
v 0.453889 1.587235 -0.089797
v 0.363111 1.590495 -0.089797
v 0.272333 1.593755 -0.089797
v 0.181556 1.597016 -0.089797
v 0.090778 1.600276 -0.089797
v 1.010062 1.547822 0.089134
v 0.918238 1.551082 0.089134
v 0.826414 1.554343 0.089134
v 0.734590 1.557603 0.089134
v 0.642766 1.560864 0.089134
v 0.550943 1.564124 0.089134
v 0.459119 1.567384 0.089134
v 0.367295 1.570644 0.089134
v 0.275471 1.573905 0.089134
v 0.183648 1.577165 0.089134
v 0.091824 1.580425 0.089134
v 0.095035 1.430645 0.497346
v 0.190070 1.429559 0.496743
v 0.285105 1.428472 0.496139
v 0.380140 1.427385 0.495535
v 0.475175 1.426298 0.494931
v 0.570210 1.425211 0.494328
v 0.665245 1.424125 0.493724
v 0.760280 1.423038 0.493120
v 0.855316 1.421951 0.492516
v 0.950351 1.420864 0.491913
v 1.045386 1.419778 0.491309
v 0.093952 1.495610 0.382706
v 0.187905 1.493437 0.382404
v 0.281857 1.491263 0.382102
v 0.375810 1.489090 0.381800
v 0.469762 1.486916 0.381498
v 0.563715 1.484743 0.381196
v 0.657667 1.482569 0.380894
v 0.751619 1.480395 0.380593
v 0.845572 1.478222 0.380291
v 0.939524 1.476048 0.379989
v 1.033477 1.473875 0.379687
v 1.071010 1.295588 0.705290
v 0.391625 1.296916 0.725703
v 0.975404 1.296179 0.709818
v 0.295144 1.296875 0.727660
v 0.882688 1.296210 0.711990
v 0.196772 1.296730 0.729232
v 0.789370 1.296276 0.714315
v 0.098391 1.296584 0.730805
v 0.697211 1.297985 0.710674
v 0.000000 1.296440 0.732379
v 0.584586 1.296999 0.721791
v 1.166599 1.294967 0.700639
v 0.488106 1.296957 0.723747
v 0.994643 1.202189 0.853140
v 0.000000 1.203197 0.893284
v 0.304284 1.204257 0.885802
v 0.595202 1.204466 0.875826
v 0.906508 1.202338 0.856907
v 1.184515 1.198898 0.834612
v 0.202880 1.203903 0.888293
v 0.498230 1.204396 0.879150
v 0.816950 1.202573 0.861026
v 1.089600 1.200587 0.844025
v 0.101451 1.203550 0.890787
v 0.401258 1.204327 0.882475
v 0.716296 1.204194 0.861087
v 0.843922 1.110938 1.004500
v 0.312850 1.117463 1.034001
v 1.108222 1.105427 0.982993
v 0.605378 1.115769 1.023478
v 0.104277 1.117666 1.038474
v 0.929974 1.109864 0.999668
v 0.410353 1.116902 1.030504
v 1.202635 1.101734 0.970112
v 0.734813 1.113195 1.007022
v 0.208560 1.117565 1.036238
v 1.013731 1.108940 0.995333
v 0.507863 1.116337 1.026996
v 0.000000 1.117766 1.040708
v 0.322878 1.015857 1.207491
v 0.757113 1.003607 1.182769
v 1.131121 0.988403 1.153888
v 0.215173 1.017064 1.208449
v 0.617483 1.010267 1.199102
v 1.037036 0.995090 1.168940
v 0.107547 1.018268 1.209398
v 0.519260 1.012143 1.201930
v 0.958510 0.997411 1.173272
v 0.000000 1.019468 1.210338
v 0.421058 1.014007 1.204727
v 0.876577 0.999995 1.178205
v 1.225081 0.981371 1.137965
v 0.531531 0.899956 1.390286
v 0.780470 0.888822 1.366850
v 0.987861 0.881747 1.351833
v 1.154295 0.869976 1.326833
v 0.000000 0.906910 1.404574
v 0.222550 0.904933 1.400591
v 0.432716 0.901955 1.394454
v 0.630370 0.897942 1.386086
v 0.910460 0.884878 1.358446
v 1.060804 0.878980 1.345994
v 1.247629 0.860462 1.306579
v 0.111243 0.905923 1.402586
v 0.333924 0.903939 1.398589
v 0.642269 0.794227 1.558737
v 0.802470 0.780706 1.540237
v 0.942662 0.775475 1.529739
v 1.015967 0.770987 1.522823
v 1.083724 0.767007 1.516738
v 1.176896 0.754476 1.495503
v 1.269871 0.741197 1.472900
v 0.000000 0.808706 1.574041
v 0.114499 0.806939 1.572798
v 0.229115 0.805166 1.571545
v 0.343847 0.803386 1.570281
v 0.443286 0.800358 1.566478
v 0.542760 0.797305 1.562630
v 0.660062 0.639139 1.816905
v 0.000000 0.643530 1.859078
v 0.823743 0.625562 1.789041
v 0.119863 0.643901 1.853159
v 0.970634 0.620807 1.771903
v 0.239701 0.644273 1.847242
v 1.055215 0.616317 1.761600
v 0.359514 0.644645 1.841328
v 1.115374 0.612391 1.752508
v 0.459675 0.642826 1.833212
v 1.207655 0.597290 1.725049
v 0.559858 0.640990 1.825072
v 1.299715 0.581164 1.696074
v 1.077852 0.527111 1.899315
v 0.671616 0.538437 1.984540
v 0.369255 0.545944 2.009857
v 0.000000 0.545430 2.028366
v 1.132445 0.528995 1.879676
v 0.841841 0.521314 1.956225
v 0.470013 0.543465 2.001450
v 0.123096 0.545601 2.022195
v 1.222265 0.522628 1.834082
v 0.994842 0.525153 1.921671
v 0.570800 0.540963 1.993011
v 0.246181 0.545772 2.016026
v 1.311949 0.515562 1.787560
v 0.077502 1.285378 -3.377661
v 0.930022 1.263098 -3.373943
v 0.000000 1.288608 -3.379056
v 1.072817 1.181066 -3.416304
v 1.093842 1.055874 -3.442402
v 1.139658 0.783060 -3.499271
v 1.142696 0.622035 -3.499271
v 1.115352 0.476201 -3.499271
v 0.993824 0.430628 -3.494071
v 0.113414 0.430628 -3.493681
v 0.800437 0.430628 -3.493973
v 0.000000 0.428909 -3.488453
v 0.703744 0.430628 -3.493925
v 0.461409 0.430628 -3.493827
v 0.340241 0.430628 -3.493778
v 1.084319 1.112577 -3.430581
v 0.582576 0.430628 -3.493876
v 0.226827 0.430628 -3.493730
v 0.897131 0.430628 -3.494022
v 0.852520 1.265123 -3.374281
v 0.775018 1.267149 -3.374619
v 0.697516 1.269174 -3.374958
v 0.620014 1.271200 -3.375295
v 0.542513 1.273225 -3.375633
v 0.465011 1.275251 -3.375971
v 0.387509 1.277276 -3.376309
v 0.310007 1.279302 -3.376647
v 0.232505 1.281327 -3.376985
v 0.155004 1.283353 -3.377323
v 1.429159 0.627359 -3.398116
v 1.462620 0.429709 -3.368346
v 1.481973 0.176166 -3.356498
v 1.493013 0.040861 -3.349855
v 0.333693 1.530451 -3.204020
v 1.002328 1.515979 -3.202688
v 0.250227 1.532237 -3.204047
v 0.166788 1.534016 -3.204040
v 1.417057 0.682489 -3.402421
v 0.083379 1.535790 -3.203996
v 1.275885 1.317254 -3.347146
v 1.370136 0.787568 -3.403464
v 0.918670 1.517805 -3.202952
v 0.835032 1.519626 -3.203190
v 1.292066 1.226140 -3.356807
v 0.751416 1.521442 -3.203402
v 0.667823 1.523254 -3.203586
v 0.584253 1.525061 -3.203740
v 1.305476 1.150692 -3.364817
v 0.000000 1.537558 -3.203915
v 0.500708 1.526863 -3.203865
v 1.083944 1.479133 -3.241222
v 0.417188 1.528660 -3.203959
v 1.546715 -0.703952 -3.203253
v 1.378688 -0.074707 -3.457900
v 1.410022 -0.163576 -3.438991
v 1.550586 -0.722129 -3.294824
v 1.556448 -0.721055 -3.270864
v 1.557087 -0.716516 -3.243103
v 1.552334 -0.709727 -3.218980
v 1.421995 -0.224431 -3.495979
v 1.423838 -0.202052 -3.489403
v 1.421603 -0.181984 -3.474554
v 1.415887 -0.169605 -3.455411
v 1.433043 -0.623093 -3.425379
v 1.399115 -0.412816 -3.504029
v 1.319748 0.622861 -3.481924
v 1.340916 0.444528 -3.478701
v 1.360315 0.187122 -3.468040
v 1.371506 0.025632 -3.461859
v 1.491901 -0.032156 -3.331657
v 0.168973 1.435265 -3.321194
v 0.084489 1.437727 -3.321709
v 0.000000 1.440189 -3.322233
v 1.013600 1.410728 -3.316567
v 0.929154 1.413175 -3.316988
v 0.844705 1.415625 -3.317419
v 0.760252 1.418075 -3.317858
v 1.214180 1.221548 -3.408872
v 0.675796 1.420527 -3.318307
v 1.302261 0.686761 -3.497856
v 0.591335 1.422980 -3.318765
v 1.299283 0.788209 -3.478199
v 0.506871 1.425434 -3.319232
v 1.196503 1.311539 -3.394468
v 0.422402 1.427890 -3.319708
v 1.228819 1.147022 -3.420799
v 0.337930 1.430347 -3.320194
v 0.253453 1.432806 -3.320689
v -0.850921 0.256196 3.068728
v -0.846293 0.437214 2.091096
v -0.683001 0.439201 2.149734
v -0.379790 0.439201 2.192119
v -0.845542 0.345167 2.703501
v -0.673220 0.348636 2.661607
v -0.389571 0.348636 2.664867
v -1.100505 0.332335 2.769336
v -1.245409 0.369013 2.529712
v -1.322389 0.459578 1.865632
v -1.150316 0.441693 2.012800
v -0.657643 0.245392 2.996355
v -0.396816 0.245392 3.001316
v -0.804811 0.218404 3.140020
v -0.657643 0.198933 3.107866
v -0.396816 0.198933 3.109993
v -0.788962 0.125575 3.235254
v -0.663416 0.075537 3.251060
v -0.398046 0.075812 3.257203
v -0.802547 -0.067328 3.322968
v -0.722133 -0.037393 3.337655
v -0.395586 -0.047074 3.346778
v -1.265514 -0.028204 3.155473
v -1.418750 0.056565 2.826066
v -1.352456 0.291309 2.503118
v -0.805807 -0.173067 3.570019
v -0.729340 -0.173357 3.571196
v -0.396816 -0.176816 3.586157
v -1.265514 -0.148836 3.372541
v -1.418750 -0.108616 3.225827
v -1.016099 -0.168398 3.558608
v -1.386539 0.575048 1.682284
v -0.718655 -0.809621 3.591867
v -0.953765 -0.793241 3.579572
v -0.973945 -0.627901 3.579572
v -0.747506 -0.641602 3.591574
v -0.994391 -0.460372 3.579572
v -1.329291 -0.490269 3.324231
v -1.329645 -0.397979 3.324984
v -0.776358 -0.473572 3.591282
v -1.382766 0.525238 1.772237
v -0.805807 -0.302072 3.590983
v -0.729340 -0.310223 3.592160
v -0.396816 -0.321544 3.614983
v -1.265514 -0.262948 3.389718
v -1.418750 -0.222728 3.243003
v -1.016099 -0.282510 3.579572
v -1.502070 -0.134733 2.930224
v -1.588559 -0.029074 2.542613
v -0.689718 -0.978139 3.592160
v -0.689718 -1.182589 3.393823
v -0.396816 -0.997007 3.613624
v -0.396816 -1.178816 3.423438
v -0.931873 -0.972615 3.579572
v -0.918289 -1.179103 3.392103
v -0.689718 -1.221155 2.994432
v -0.396816 -1.217381 3.024047
v -0.918289 -1.217668 2.992712
v -1.512998 -0.972615 3.019202
v -1.405075 -1.179103 2.992108
v -1.127468 -0.972615 3.492152
v -1.323063 -0.972615 3.331147
v -1.080551 -1.179103 3.339902
v -1.242813 -1.179103 3.217891
v -1.080551 -1.204813 2.992510
v -1.242813 -1.191958 2.992309
v -1.493934 -0.247183 3.113695
v -1.441421 -0.418353 3.199026
v -1.432380 -0.540618 3.205565
v -1.583971 -0.709071 2.956712
v -1.601283 -0.334125 2.410006
v -1.597676 -0.418353 2.663788
v -1.599502 -0.540618 2.825193
v -1.430433 0.173937 2.669546
v -1.458282 0.131118 2.533733
v -1.426047 0.593161 1.599145
v -1.455469 0.595426 1.464203
v -1.540943 0.203279 1.466920
v -1.492702 0.329165 1.465562
v -1.596368 -0.211780 1.481229
v -1.596368 -0.376061 1.471448
v -1.495298 -1.085551 1.435585
v -1.423043 0.716058 1.460943
v -1.584824 -0.423138 1.929621
v -1.566623 -0.689502 1.663388
v -1.500213 -1.080743 1.565578
v -1.580536 -0.693312 1.453516
v -0.657643 0.106104 3.231855
v -0.768784 0.089039 3.250583
v -0.396816 0.106104 3.236784
v -0.729340 -0.075479 3.354467
v -0.774240 0.006145 3.317697
v -0.396816 -0.086800 3.367197
v -1.217464 1.510408 -0.677839
v -1.367440 1.062795 1.000583
v -1.298973 1.244559 0.681070
v -1.223985 1.454753 0.212886
v -1.647503 -0.313557 -0.595678
v -1.614139 -0.348769 1.313576
v -1.486575 0.247270 0.500991
v -1.486575 0.319287 -0.368026
v -1.400502 0.854893 -0.416640
v -1.297476 1.327837 -0.442362
v -1.323558 1.294219 0.195823
v -1.372463 1.143954 0.634474
v -1.405067 0.968289 0.933482
v -1.460473 0.671010 1.348197
v -1.486575 0.213652 1.362182
v -1.357985 1.334349 -0.661407
v -1.498832 0.849993 -0.644975
v -1.592838 0.318688 -0.628542
v -1.635756 -0.122632 -0.608198
v -1.596736 -0.189493 1.342288
v -1.599820 -0.167206 0.487377
v -1.602904 -0.137094 -0.367534
v -1.614139 -0.325294 -0.377888
v -1.614139 -0.337032 0.489363
v -1.220725 1.507881 -0.447659
v -1.486575 0.344521 1.355190
v -1.580536 -0.644860 -0.570611
v -1.460242 0.284830 0.501705
v -1.460242 0.379510 -0.319644
v -1.380750 0.845992 -0.364541
v -1.285601 1.282774 -0.388296
v -1.331177 1.251727 0.219871
v -1.376342 1.112951 0.624982
v -1.406453 0.950719 0.901127
v -1.433688 0.779457 1.129201
v -1.459523 0.253783 1.113947
v -1.466488 0.374645 1.126269
v -1.597045 -0.729330 1.256657
v -1.597074 -0.704196 0.486404
v -1.597073 -0.689653 -0.388204
v -1.495298 -1.049687 -0.543441
v -1.552187 -0.883765 1.150134
v -1.552257 -0.869087 0.489270
v -1.552297 -0.854862 -0.387436
v -1.407761 -1.214417 1.555797
v -1.407761 -1.190832 -0.530820
v -1.407761 -1.214417 1.438425
v -1.407761 -1.214417 1.291709
v -1.407761 -1.214417 0.486406
v -1.407761 -1.214417 -0.387365
v -1.580536 -0.649615 -0.387352
v -1.580536 -0.678686 1.293081
v -1.577158 -0.699081 -0.560796
v -1.580536 -0.664150 0.487098
v -1.495298 -1.048872 -0.387760
v -1.495298 -1.083105 1.292945
v -1.572206 -0.853613 -0.552497
v -1.495298 -1.067619 0.488456
v -1.581100 -0.651200 -1.792332
v -1.576148 -0.834595 -1.709918
v -1.580536 -0.604106 -1.811351
v -1.580536 -0.332411 -2.150969
v -1.580536 -0.511277 -1.942670
v -1.530757 -1.029761 -1.809087
v -1.580536 -0.553540 -1.980405
v -1.580536 -0.797311 -1.843803
v -1.600554 -0.297256 -1.661809
v -1.407761 -1.190958 -1.806654
v -1.587933 0.232588 -2.304852
v -1.632445 -0.137499 -1.832977
v -1.173993 1.502583 -2.129342
v -1.518565 0.787568 -2.150208
v -1.324186 1.297268 -2.153901
v -1.219175 1.365681 0.591157
v -1.267431 1.313271 0.558373
v -1.348011 1.197351 0.526543
v -1.353760 1.160603 0.517520
v -1.363445 0.759665 1.508184
v -1.301227 1.124939 1.038239
v -1.258571 1.299797 0.718408
v -1.154866 1.568299 -0.677839
v -1.177036 1.512644 0.212886
v -1.158126 1.565772 -0.447659
v -1.111395 1.560474 -2.129342
v -1.060968 1.610552 -0.677839
v -1.114438 1.524711 0.268065
v -1.064229 1.604113 -0.447659
v -1.017497 1.605336 -2.129342
v -1.153412 1.365681 0.602025
v -1.580536 -0.319369 -3.014959
v -1.580536 -0.234601 -2.366967
v -1.580536 -0.195477 -2.602526
v -1.580536 -0.224820 -2.834825
v -1.414750 -1.126382 -3.282137
v -1.532102 -0.856609 -3.280475
v -1.561210 -0.552531 -3.126656
v -1.578719 -0.455608 -3.011621
v -1.582506 -0.355585 -2.815315
v -1.584162 -0.321120 -2.597708
v -1.599808 -0.355585 -2.380100
v -1.575978 -0.455608 -2.183794
v -1.583036 -0.611398 -2.028004
v -1.582101 -0.807704 -1.927981
v -1.527931 -1.025311 -1.880474
v -1.407602 -1.195557 -1.871643
v -1.560974 -0.487603 -3.234054
v -1.539937 0.042081 -3.282719
v -1.587558 0.231943 -2.471555
v -1.476874 -0.373814 -3.391202
v -1.522279 -0.147348 -3.371970
v -1.077592 1.560474 -3.143438
v -1.139303 1.502583 -3.211044
v -1.229636 1.336392 -3.373477
v -1.338703 0.787568 -3.457265
v -1.349571 0.698600 -3.468532
v -1.537920 0.418555 -3.288318
v -1.498158 0.628414 -3.333354
v -1.586184 0.230502 -2.690224
v -1.584231 0.231024 -2.934061
v -1.586948 0.229088 -3.140047
v -1.493025 0.787568 -2.411619
v -1.467486 0.787568 -2.673031
v -1.441947 0.787568 -2.934442
v -1.416407 0.787568 -3.195853
v -1.562521 0.425259 -2.416889
v -1.527773 0.621085 -2.412624
v -1.554008 0.425285 -2.647612
v -1.510747 0.625988 -2.660321
v -1.545495 0.425311 -2.904130
v -1.493721 0.624371 -2.922547
v -1.536982 0.417173 -3.129036
v -1.476695 0.617042 -3.172225
v -1.522019 0.718944 -0.640922
v -1.553354 0.541842 -0.635444
v -1.573040 0.380323 -2.342445
v -1.537978 0.611668 -2.152781
v -1.403638 0.787568 -3.346121
v -1.597269 0.109713 -3.076066
v -1.597269 0.074423 -2.160641
v -1.562223 0.226676 -3.245687
v -1.597269 0.121841 -2.414634
v -1.565116 0.384684 -3.250502
v -1.597269 0.116990 -2.625122
v -1.597269 0.112139 -2.869412
v -1.564212 0.373953 -2.156259
v -1.572194 0.385170 -2.488283
v -1.565056 0.385334 -2.711401
v -1.558534 0.383768 -2.966564
v -1.547268 0.384601 -3.190544
v -1.574267 0.279391 -3.156185
v -1.561111 0.331576 -3.172927
v -1.582854 0.281728 -2.326376
v -1.578527 0.332746 -2.297612
v -1.576288 0.279988 -2.944108
v -1.568188 0.329915 -2.954353
v -1.565285 0.332239 -3.250815
v -1.579336 0.280684 -2.697088
v -1.572878 0.331784 -2.703561
v -1.582608 0.281304 -2.476944
v -1.578094 0.333873 -2.481859
v -1.571233 0.279457 -3.252968
v -1.592423 0.343221 -3.239839
v -1.584806 0.373559 -3.241330
v -1.604993 0.344936 -2.483245
v -1.601633 0.373805 -2.486860
v -1.599586 0.342893 -2.705188
v -1.595017 0.374186 -2.709769
v -1.594428 0.341062 -2.956881
v -1.588676 0.372762 -2.964069
v -1.588169 0.342372 -3.176216
v -1.581889 0.373923 -3.185712
v -1.605499 0.344058 -2.323649
v -1.602578 0.369330 -2.347465
v -1.603343 0.266091 -3.237458
v -1.617832 0.267816 -2.475471
v -1.615148 0.267252 -2.695251
v -1.612440 0.266608 -2.941362
v -1.618184 0.268215 -2.335248
v -1.611392 0.266253 -3.151978
v -1.616170 0.244318 -2.936784
v -1.618301 0.243994 -2.692069
v -1.620140 0.245409 -2.473025
v -1.620470 0.245996 -2.325516
v -1.601548 0.240255 -3.234287
v -0.992314 1.560474 -3.151488
v -1.615863 0.242174 -3.144173
v -1.007879 1.589314 -2.636390
v -1.324186 1.297268 -2.402446
v -1.324186 1.297268 -2.669104
v -1.324186 1.297268 -2.928970
v -1.324186 1.297268 -3.172987
v -1.324186 1.297268 -3.319646
v -1.169298 1.502583 -2.391134
v -1.164603 1.502583 -2.634813
v -1.159909 1.502583 -2.912455
v -1.160300 1.502583 -3.141702
v -1.102944 1.560474 -2.382866
v -1.094493 1.560474 -2.636390
v -1.086042 1.560474 -2.889914
v -1.015661 1.605451 -2.382866
v -1.000097 1.568808 -2.889914
v -1.017002 1.450777 -3.277715
v -1.010355 1.372529 -3.353623
v -1.160457 1.284500 -3.417304
v -1.255007 0.788929 -3.501712
v -1.279007 0.619391 -3.501125
v -1.286021 0.448223 -3.509276
v -1.296848 -0.095167 -3.506559
v -1.459865 -0.054412 -3.409634
v -0.938754 1.297541 -3.403085
v -1.091990 1.209512 -3.448543
v -1.163717 0.782408 -3.537576
v -1.166978 0.609610 -3.537576
v -1.135489 0.453114 -3.537576
v -1.007221 0.404209 -3.531996
v -1.296848 -0.179935 -3.506559
v -1.287067 -0.411420 -3.506559
v -1.264398 -0.681376 -3.506559
v -1.147179 -0.781794 -3.506559
v -0.697406 -0.784402 -3.534084
v -0.309579 -0.787011 -3.534084
v -1.473426 -0.991496 -3.291717
v -0.998910 -0.783098 -3.534084
v -0.695933 0.404209 -3.531838
v -0.305854 0.404209 -3.531682
v -1.007956 -0.095167 -3.534084
v -0.697329 -0.095167 -3.534084
v -0.299759 -0.095167 -3.534084
v -1.007956 -0.179935 -3.534084
v -0.702763 -0.179935 -3.534084
v -0.299759 -0.179935 -3.534084
v -1.000620 -0.411420 -3.534084
v -0.700589 -0.411420 -3.534084
v -0.305465 -0.411420 -3.534084
v -0.999920 -0.681376 -3.534084
v -0.697406 -0.681376 -3.534084
v -0.307949 -0.681376 -3.534084
v -1.073045 -0.782446 -3.523083
v -1.152402 -0.095167 -3.543337
v -1.152402 -0.179935 -3.536168
v -1.143844 -0.411420 -3.532664
v -1.132159 -0.681376 -3.536113
v -1.147179 -1.151299 -3.294543
v -0.727292 -1.094135 -3.409104
v -0.309579 -1.096743 -3.414538
v -0.814158 -1.147169 -3.338260
v -1.073045 -1.151951 -3.305458
v -1.479262 -0.997495 -3.308053
v -1.463135 -0.992293 -3.365039
v -1.482010 -1.001843 -3.329427
v -1.476107 -0.999939 -3.350286
v -1.405751 -1.112319 -3.340785
v -1.420684 -1.132481 -3.298746
v -1.418090 -1.127408 -3.333405
v -1.423556 -1.134788 -3.318017
v -1.577000 -0.586900 -3.232676
v -1.566757 -0.558232 -3.142183
v -1.576892 -0.577720 -3.201465
v -1.573143 -0.567227 -3.168342
v -1.523957 -0.858463 -3.357478
v -1.537793 -0.862459 -3.296405
v -1.535836 -0.865561 -3.340829
v -1.540901 -0.867024 -3.318475
v -1.566588 -0.493373 -3.249768
v -1.552686 -0.525375 -3.313224
v -1.569715 -0.502789 -3.272236
v -1.564627 -0.514503 -3.295462
v -1.482596 -0.379697 -3.407221
v -1.457058 -0.401336 -3.468813
v -1.484125 -0.387683 -3.429328
v -1.474777 -0.395604 -3.451872
v -1.528105 -0.153337 -3.388279
v -1.494519 -0.213929 -3.452472
v -1.528517 -0.166504 -3.410628
v -1.516224 -0.188682 -3.434125
v -1.348879 -0.235018 -3.539840
v -1.302754 -0.186006 -3.523090
v -1.330699 -0.215531 -3.545132
v -1.313816 -0.197591 -3.539001
v -1.293041 -0.417560 -3.523281
v -1.340698 -0.424390 -3.539533
v -1.304283 -0.423468 -3.539056
v -1.321727 -0.425968 -3.545004
v -0.328824 -0.843607 -3.573746
v -0.315608 -0.793208 -3.550960
v -0.327054 -0.823380 -3.575894
v -0.322216 -0.804933 -3.567554
v -1.270441 -0.687587 -3.523474
v -1.312424 -0.721609 -3.538450
v -1.280898 -0.697113 -3.539008
v -1.296265 -0.709565 -3.544489
v -1.153266 -0.788051 -3.523597
v -1.177819 -0.837708 -3.540854
v -1.161372 -0.799654 -3.539391
v -1.170359 -0.817830 -3.545708
v -1.000545 -0.837585 -3.569289
v -1.004984 -0.789342 -3.551086
v -1.007585 -0.818419 -3.573683
v -1.009210 -0.800761 -3.567020
v -0.703451 -0.790617 -3.551007
v -0.720177 -0.840720 -3.573213
v -0.710523 -0.802296 -3.567506
v -0.716645 -0.820635 -3.575634
v -1.092290 -0.837133 -3.556397
v -1.079139 -0.788711 -3.540142
v -1.090528 -0.817870 -3.561744
v -1.085715 -0.800146 -3.555794
v -0.315625 -1.102958 -3.431464
v -0.328824 -1.073951 -3.484842
v -0.322225 -1.104038 -3.452138
v -0.327056 -1.093421 -3.471676
v -0.820225 -1.153406 -3.355243
v -0.848644 -1.136918 -3.408286
v -0.828856 -1.156155 -3.375852
v -0.839258 -1.150120 -3.395267
v -0.742393 -1.070961 -3.480309
v -0.733355 -1.100367 -3.426077
v -0.742699 -1.090624 -3.466699
v -0.739391 -1.101387 -3.446848
v -1.079091 -1.158166 -3.322382
v -1.092290 -1.140696 -3.377610
v -1.085690 -1.160792 -3.343305
v -1.090522 -1.154397 -3.363520
v -1.153181 -1.157469 -3.311344
v -1.166425 -1.139487 -3.366544
v -1.159803 -1.160042 -3.332308
v -1.164650 -1.153460 -3.352512
v -1.315205 1.246452 -0.437935
v -1.382222 1.251000 -0.658579
v -1.301974 1.207612 -0.384208
v -1.357635 1.209558 -2.153266
v -1.248404 1.241950 -3.387895
v -1.353240 1.209558 -2.404025
v -1.348845 1.209558 -2.669780
v -1.344450 1.209558 -2.929912
v -1.340055 1.209558 -3.176922
v -1.337858 1.209558 -3.324202
v -1.176727 1.199222 -3.431829
v -1.104333 1.136016 -3.463864
v -1.402288 1.181995 -0.656238
v -1.263943 1.163760 -3.399832
v -1.190198 1.128618 -3.443854
v -1.114552 1.075167 -3.476548
v -1.329883 1.179072 -0.434271
v -1.315530 1.145385 -0.380824
v -1.385328 1.136942 -2.152740
v -1.377294 1.136942 -2.405332
v -1.369261 1.136942 -2.670339
v -1.361228 1.136942 -2.930691
v -1.353194 1.136942 -3.180180
v -1.349177 1.136942 -3.327974
v -1.473690 0.399470 -0.375304
v -1.448341 0.449345 -0.326365
v -0.929622 1.261743 -3.358160
v -1.071565 1.180220 -3.400428
v -1.138285 0.782932 -3.483294
v -1.141319 0.622150 -3.483261
v -1.114150 0.477212 -3.483144
v -0.993581 0.431990 -3.477923
v -0.703744 0.431991 -3.477783
v -0.340241 0.431991 -3.477637
v -1.082963 1.112348 -3.414618
v -1.092486 1.055645 -3.426439
v -1.605863 -0.806564 -1.687999
v -1.571846 -0.833812 -1.709912
v -1.601017 -0.822400 -1.698972
v -1.588566 -0.832374 -1.706993
v -1.576798 -0.650418 -1.792326
v -1.608984 -0.692074 -1.739449
v -1.593273 -0.658211 -1.785259
v -1.605053 -0.673458 -1.765904
v -1.547973 -0.868307 0.489276
v -1.590024 -0.841823 0.488664
v -1.565763 -0.866970 0.489177
v -1.581154 -0.857276 0.488953
v -1.590384 -0.856238 1.132269
v -1.547904 -0.882986 1.150140
v -1.581300 -0.871823 1.141188
v -1.565751 -0.881614 1.147729
v -1.567908 -0.852831 -0.552491
v -1.602212 -0.825199 -0.554346
v -1.584665 -0.851341 -0.552757
v -1.597221 -0.841227 -0.553436
v -1.590038 -0.827597 -0.387628
v -1.548004 -0.854081 -0.387430
v -1.581180 -0.843050 -0.387546
v -1.565795 -0.852744 -0.387474
v -1.617143 -0.742045 0.486930
v -1.592792 -0.703417 0.486410
v -1.617123 -0.724942 0.486653
v -1.608209 -0.710803 0.486462
v -1.592764 -0.728552 1.256662
v -1.616751 -0.765051 1.195146
v -1.608132 -0.735652 1.248404
v -1.616912 -0.749012 1.225887
v -1.605008 -0.737956 -0.559032
v -1.572864 -0.698299 -0.560790
v -1.601095 -0.720340 -0.559928
v -1.589330 -0.705824 -0.560572
v -1.592784 -0.688873 -0.388198
v -1.617165 -0.727509 -0.388093
v -1.608208 -0.696261 -0.388201
v -1.617132 -0.710403 -0.388163
v -1.540616 -1.119333 1.724483
v -1.540616 -1.030720 1.731457
v -1.540616 -0.944289 1.752208
v -1.540616 -0.862168 1.786223
v -1.540616 -0.786379 1.832667
v -1.540616 -0.718789 1.890394
v -1.540616 -0.661061 1.957985
v -1.540616 -0.614618 2.033773
v -1.540616 -0.580602 2.115894
v -1.540616 -0.559852 2.202325
v -1.540616 -0.552878 2.290938
v -1.540616 -0.559852 2.379551
v -1.540616 -0.580602 2.465982
v -1.540616 -0.614618 2.548104
v -1.540616 -0.661061 2.623892
v -1.540616 -0.718789 2.691483
v -1.540616 -0.786379 2.749210
v -1.540616 -0.862168 2.795653
v -1.540616 -0.944289 2.829669
v -1.540616 -1.030720 2.850419
v -1.540616 -1.119333 2.857393
v -1.540616 -1.207946 2.850419
v -1.540616 -1.294377 2.829669
v -1.540616 -1.376498 2.795653
v -1.540616 -1.452287 2.749210
v -1.540616 -1.519877 2.691483
v -1.540616 -1.577605 2.623892
v -1.540616 -1.624048 2.548104
v -1.540616 -1.658064 2.465982
v -1.540616 -1.678814 2.379551
v -1.540616 -1.685788 2.290938
v -1.540616 -1.678814 2.202325
v -1.540616 -1.658064 2.115894
v -1.540616 -1.624048 2.033773
v -1.540616 -1.577605 1.957985
v -1.540616 -1.519877 1.890394
v -1.540616 -1.452287 1.832667
v -1.540616 -1.376498 1.786223
v -1.540616 -1.294377 1.752208
v -1.540616 -1.207946 1.731457
v -1.485468 -1.119333 1.701757
v -1.485468 -1.027165 1.709011
v -1.485468 -0.937266 1.730594
v -1.485468 -0.851850 1.765974
v -1.485468 -0.773021 1.814281
v -1.485468 -0.702719 1.874324
v -1.485468 -0.642675 1.944626
v -1.485468 -0.594369 2.023456
v -1.485468 -0.558988 2.108871
v -1.485468 -0.537405 2.198770
v -1.485468 -0.530152 2.290938
v -1.485468 -0.537405 2.383107
v -1.485468 -0.558988 2.473006
v -1.485468 -0.594369 2.558421
v -1.485468 -0.642675 2.637250
v -1.485468 -0.702719 2.707552
v -1.485468 -0.773021 2.767596
v -1.485468 -0.851850 2.815903
v -1.485468 -0.937266 2.851283
v -1.485468 -1.027165 2.872866
v -1.485468 -1.119333 2.880120
v -1.485469 -1.211501 2.872866
v -1.485469 -1.301400 2.851283
v -1.485469 -1.386816 2.815903
v -1.485469 -1.465645 2.767596
v -1.485469 -1.535947 2.707552
v -1.485469 -1.595991 2.637250
v -1.485469 -1.644297 2.558421
v -1.485469 -1.679678 2.473006
v -1.485469 -1.701261 2.383107
v -1.485469 -1.708514 2.290938
v -1.485469 -1.701261 2.198770
v -1.485469 -1.679678 2.108871
v -1.485469 -1.644297 2.023456
v -1.485469 -1.595991 1.944626
v -1.485469 -1.535947 1.874324
v -1.485469 -1.465645 1.814281
v -1.485469 -1.386816 1.765974
v -1.485469 -1.301400 1.730594
v -1.485469 -1.211501 1.709011
v -1.389277 -1.119333 1.701757
v -1.389277 -1.027165 1.709011
v -1.389277 -0.937266 1.730594
v -1.389277 -0.851850 1.765974
v -1.389277 -0.773021 1.814281
v -1.389277 -0.702719 1.874324
v -1.389277 -0.642675 1.944626
v -1.389277 -0.594369 2.023456
v -1.389277 -0.558988 2.108871
v -1.389277 -0.537405 2.198770
v -1.389277 -0.530152 2.290938
v -1.389277 -0.537405 2.383107
v -1.389277 -0.558988 2.473006
v -1.389277 -0.594369 2.558421
v -1.389277 -0.642675 2.637250
v -1.389277 -0.702719 2.707552
v -1.389277 -0.773021 2.767596
v -1.389277 -0.851850 2.815903
v -1.389277 -0.937266 2.851283
v -1.389277 -1.027165 2.872866
v -1.389277 -1.119333 2.880120
v -1.389277 -1.211501 2.872866
v -1.389277 -1.301400 2.851283
v -1.389277 -1.386816 2.815903
v -1.389277 -1.465645 2.767596
v -1.389277 -1.535947 2.707552
v -1.389277 -1.595991 2.637250
v -1.389277 -1.644297 2.558421
v -1.389277 -1.679678 2.473006
v -1.389277 -1.701261 2.383107
v -1.389277 -1.708514 2.290938
v -1.389277 -1.701261 2.198770
v -1.389277 -1.679678 2.108871
v -1.389277 -1.644297 2.023456
v -1.389277 -1.595991 1.944626
v -1.389277 -1.535947 1.874324
v -1.389277 -1.465645 1.814281
v -1.389277 -1.386816 1.765974
v -1.389277 -1.301400 1.730594
v -1.389277 -1.211501 1.709011
v -1.294744 -1.119333 1.701757
v -1.294744 -1.027165 1.709011
v -1.294744 -0.937266 1.730594
v -1.294744 -0.851850 1.765974
v -1.294744 -0.773021 1.814281
v -1.294744 -0.702719 1.874324
v -1.294744 -0.642675 1.944626
v -1.294744 -0.594369 2.023456
v -1.294744 -0.558988 2.108871
v -1.294744 -0.537405 2.198770
v -1.294744 -0.530152 2.290938
v -1.294744 -0.537405 2.383107
v -1.294744 -0.558988 2.473006
v -1.294744 -0.594369 2.558421
v -1.294744 -0.642675 2.637250
v -1.294744 -0.702719 2.707552
v -1.294744 -0.773021 2.767596
v -1.294744 -0.851850 2.815903
v -1.294744 -0.937266 2.851283
v -1.294744 -1.027165 2.872866
v -1.294744 -1.119333 2.880120
v -1.294744 -1.211501 2.872866
v -1.294744 -1.301400 2.851283
v -1.294744 -1.386816 2.815903
v -1.294744 -1.465645 2.767596
v -1.294744 -1.535947 2.707552
v -1.294744 -1.595991 2.637250
v -1.294744 -1.644297 2.558421
v -1.294744 -1.679678 2.473006
v -1.294744 -1.701261 2.383107
v -1.294744 -1.708514 2.290938
v -1.294744 -1.701261 2.198770
v -1.294744 -1.679678 2.108871
v -1.294744 -1.644297 2.023456
v -1.294744 -1.595991 1.944626
v -1.294744 -1.535947 1.874324
v -1.294744 -1.465645 1.814281
v -1.294744 -1.386816 1.765974
v -1.294744 -1.301400 1.730594
v -1.294744 -1.211501 1.709011
v -1.235230 -1.119333 1.733286
v -1.235230 -1.032097 1.740151
v -1.235230 -0.947009 1.760579
v -1.235230 -0.866164 1.794066
v -1.235230 -0.791553 1.839788
v -1.235230 -0.725013 1.896618
v -1.235230 -0.668182 1.963158
v -1.235230 -0.622461 2.037769
v -1.235230 -0.588974 2.118614
v -1.235230 -0.568546 2.203702
v -1.235230 -0.561680 2.290938
v -1.235230 -0.568546 2.378175
v -1.235230 -0.588974 2.463263
v -1.235230 -0.622461 2.544107
v -1.235230 -0.668182 2.618718
v -1.235230 -0.725013 2.685258
v -1.235230 -0.791553 2.742089
v -1.235230 -0.866164 2.787811
v -1.235230 -0.947009 2.821298
v -1.235230 -1.032097 2.841726
v -1.235230 -1.119333 2.848591
v -1.235230 -1.206569 2.841726
v -1.235230 -1.291657 2.821298
v -1.235230 -1.372502 2.787811
v -1.235230 -1.447113 2.742089
v -1.235230 -1.513653 2.685258
v -1.235230 -1.570484 2.618718
v -1.235230 -1.616205 2.544107
v -1.235230 -1.649692 2.463263
v -1.235230 -1.670120 2.378175
v -1.235230 -1.676986 2.290938
v -1.235230 -1.670120 2.203702
v -1.235230 -1.649692 2.118614
v -1.235230 -1.616205 2.037769
v -1.235230 -1.570484 1.963158
v -1.235230 -1.513653 1.896618
v -1.235230 -1.447113 1.839788
v -1.235230 -1.372502 1.794066
v -1.235230 -1.291657 1.760579
v -1.235230 -1.206569 1.740151
v -1.574782 -1.119333 1.839671
v -1.574782 -1.048739 1.845227
v -1.574782 -0.979884 1.861758
v -1.574782 -0.914462 1.888856
v -1.574782 -0.854085 1.925856
v -1.574782 -0.800239 1.971844
v -1.574782 -0.754250 2.025690
v -1.574782 -0.717251 2.086067
v -1.574782 -0.690152 2.151489
v -1.574782 -0.673622 2.220345
v -1.574782 -0.668066 2.290938
v -1.574782 -0.673622 2.361532
v -1.574782 -0.690152 2.430387
v -1.574782 -0.717251 2.495809
v -1.574782 -0.754250 2.556187
v -1.574782 -0.800239 2.610033
v -1.574782 -0.854085 2.656021
v -1.574782 -0.914462 2.693020
v -1.574782 -0.979884 2.720119
v -1.574782 -1.048739 2.736650
v -1.574782 -1.119333 2.742206
v -1.574782 -1.189927 2.736650
v -1.574782 -1.258782 2.720119
v -1.574782 -1.324204 2.693020
v -1.574782 -1.384581 2.656021
v -1.574782 -1.438427 2.610033
v -1.574782 -1.484416 2.556187
v -1.574782 -1.521415 2.495809
v -1.574782 -1.548514 2.430387
v -1.574782 -1.565045 2.361532
v -1.574782 -1.570600 2.290938
v -1.574782 -1.565045 2.220345
v -1.574782 -1.548514 2.151489
v -1.574782 -1.521415 2.086067
v -1.574782 -1.484416 2.025690
v -1.574782 -1.438427 1.971844
v -1.574782 -1.384581 1.925856
v -1.574782 -1.324204 1.888856
v -1.574782 -1.258782 1.861758
v -1.574782 -1.189927 1.845227
v -1.191711 -1.119333 1.840633
v -1.191711 -1.048890 1.846177
v -1.191711 -0.980181 1.862673
v -1.191711 -0.914899 1.889713
v -1.191711 -0.854650 1.926634
v -1.191711 -0.800919 1.972524
v -1.191711 -0.755028 2.026256
v -1.191711 -0.718108 2.086504
v -1.191711 -0.691067 2.151786
v -1.191711 -0.674572 2.220495
v -1.191711 -0.669028 2.290938
v -1.191711 -0.674572 2.361382
v -1.191711 -0.691067 2.430090
v -1.191711 -0.718108 2.495373
v -1.191711 -0.755028 2.555621
v -1.191711 -0.800919 2.609352
v -1.191711 -0.854650 2.655243
v -1.191711 -0.914899 2.692163
v -1.191711 -0.980181 2.719204
v -1.191711 -1.048890 2.735700
v -1.191711 -1.119333 2.741244
v -1.191711 -1.189776 2.735700
v -1.191711 -1.258485 2.719204
v -1.191712 -1.323767 2.692163
v -1.191712 -1.384016 2.655243
v -1.191712 -1.437747 2.609352
v -1.191712 -1.483638 2.555621
v -1.191712 -1.520558 2.495373
v -1.191712 -1.547599 2.430090
v -1.191712 -1.564094 2.361382
v -1.191712 -1.569638 2.290938
v -1.191712 -1.564094 2.220495
v -1.191712 -1.547599 2.151786
v -1.191712 -1.520558 2.086504
v -1.191712 -1.483638 2.026256
v -1.191712 -1.437747 1.972524
v -1.191712 -1.384016 1.926634
v -1.191712 -1.323767 1.889713
v -1.191711 -1.258485 1.862673
v -1.191711 -1.189776 1.846177
v -1.563241 -1.119333 1.866863
v -1.563241 -1.052993 1.872084
v -1.563241 -0.988286 1.887619
v -1.563241 -0.926807 1.913085
v -1.563241 -0.870068 1.947854
v -1.563241 -0.819467 1.991072
v -1.563241 -0.776249 2.041673
v -1.563241 -0.741479 2.098412
v -1.563241 -0.716013 2.159892
v -1.563241 -0.700479 2.224598
v -1.563241 -0.695258 2.290938
v -1.563241 -0.700479 2.357278
v -1.563241 -0.716013 2.421985
v -1.563241 -0.741479 2.483464
v -1.563241 -0.776249 2.540204
v -1.563241 -0.819467 2.590805
v -1.563241 -0.870068 2.634022
v -1.563241 -0.926807 2.668792
v -1.563241 -0.988286 2.694258
v -1.563241 -1.052993 2.709793
v -1.563241 -1.119333 2.715014
v -1.563241 -1.185673 2.709793
v -1.563241 -1.250380 2.694258
v -1.563241 -1.311859 2.668792
v -1.563241 -1.368598 2.634022
v -1.563241 -1.419200 2.590805
v -1.563241 -1.462417 2.540204
v -1.563241 -1.497187 2.483464
v -1.563241 -1.522653 2.421985
v -1.563241 -1.538187 2.357278
v -1.563241 -1.543408 2.290938
v -1.563241 -1.538187 2.224598
v -1.563241 -1.522653 2.159892
v -1.563241 -1.497187 2.098412
v -1.563241 -1.462417 2.041673
v -1.563241 -1.419200 1.991072
v -1.563241 -1.368598 1.947854
v -1.563241 -1.311859 1.913085
v -1.563241 -1.250380 1.887619
v -1.563241 -1.185673 1.872084
v -1.203253 -1.119333 1.867767
v -1.203253 -1.053135 1.872977
v -1.203253 -0.988566 1.888479
v -1.203253 -0.927217 1.913890
v -1.203253 -0.870599 1.948586
v -1.203253 -0.820106 1.991711
v -1.203253 -0.776980 2.042205
v -1.203253 -0.742285 2.098823
v -1.203253 -0.716873 2.160171
v -1.203253 -0.701372 2.224740
v -1.203253 -0.696162 2.290938
v -1.203253 -0.701372 2.357137
v -1.203253 -0.716873 2.421705
v -1.203253 -0.742285 2.483054
v -1.203253 -0.776980 2.539672
v -1.203253 -0.820106 2.590166
v -1.203253 -0.870599 2.633291
v -1.203253 -0.927217 2.667987
v -1.203253 -0.988566 2.693398
v -1.203253 -1.053135 2.708900
v -1.203253 -1.119333 2.714110
v -1.203253 -1.185532 2.708900
v -1.203253 -1.250100 2.693398
v -1.203253 -1.311449 2.667987
v -1.203253 -1.368067 2.633291
v -1.203253 -1.418560 2.590166
v -1.203253 -1.461686 2.539672
v -1.203253 -1.496382 2.483054
v -1.203253 -1.521793 2.421705
v -1.203253 -1.537295 2.357137
v -1.203253 -1.542504 2.290938
v -1.203253 -1.537295 2.224740
v -1.203253 -1.521793 2.160171
v -1.203253 -1.496382 2.098823
v -1.203253 -1.461686 2.042205
v -1.203253 -1.418560 1.991711
v -1.203253 -1.368067 1.948586
v -1.203253 -1.311449 1.913890
v -1.203253 -1.250100 1.888479
v -1.203253 -1.185532 1.872977
v -1.563241 -1.028618 2.166080
v -1.563241 -1.010203 2.181808
v -1.563241 -0.994475 2.200224
v -1.563241 -0.981821 2.220873
v -1.563241 -0.994475 2.381654
v -1.563241 -1.010203 2.400069
v -1.563241 -1.028618 2.415797
v -1.563241 -1.049267 2.428451
v -1.563241 -1.210048 2.415797
v -1.563241 -1.228463 2.400069
v -1.563241 -1.244192 2.381654
v -1.563241 -1.256845 2.361005
v -1.563241 -1.244192 2.200224
v -1.563241 -1.228463 2.181808
v -1.563241 -1.210048 2.166080
v -1.563241 -1.189399 2.153427
v -1.563241 -1.119333 2.239588
v -1.563241 -1.111300 2.240220
v -1.563241 -1.103465 2.242101
v -1.563241 -1.096020 2.245185
v -1.563241 -1.089150 2.249395
v -1.563241 -1.083023 2.254628
v -1.563241 -1.077790 2.260756
v -1.563241 -1.073579 2.267626
v -1.563241 -1.070496 2.275070
v -1.563241 -1.068615 2.282906
v -1.563241 -1.067982 2.290939
v -1.563241 -1.068615 2.298972
v -1.563241 -1.070496 2.306807
v -1.563241 -1.073579 2.314251
v -1.563241 -1.077790 2.321122
v -1.563241 -1.083023 2.327249
v -1.563241 -1.089150 2.332482
v -1.563241 -1.096020 2.336693
v -1.563241 -1.103465 2.339776
v -1.563241 -1.111300 2.341657
v -1.563241 -1.119333 2.342289
v -1.563241 -1.127366 2.341657
v -1.563241 -1.135202 2.339776
v -1.563241 -1.142646 2.336693
v -1.563241 -1.149516 2.332482
v -1.563241 -1.155644 2.327249
v -1.563241 -1.160877 2.321122
v -1.563241 -1.165087 2.314251
v -1.563241 -1.168171 2.306807
v -1.563241 -1.170052 2.298972
v -1.563241 -1.170684 2.290939
v -1.563241 -1.170052 2.282906
v -1.563241 -1.168171 2.275070
v -1.563241 -1.165087 2.267626
v -1.563241 -1.160877 2.260756
v -1.563241 -1.155644 2.254628
v -1.563241 -1.149516 2.249395
v -1.563241 -1.142646 2.245185
v -1.563241 -1.135202 2.242101
v -1.563241 -1.127366 2.240220
v -1.563241 -1.248760 2.112798
v -1.563241 -1.248760 2.469079
v -1.563241 -0.901850 2.325384
v -1.563241 -0.899139 2.290939
v -1.563241 -1.275034 2.446639
v -1.563241 -1.153779 2.073456
v -1.563241 -1.297474 2.420365
v -1.563241 -1.119333 2.070745
v -1.563241 -0.941193 2.420365
v -1.563241 -1.084887 2.073456
v -1.563241 -0.963633 2.446639
v -1.563241 -1.336816 2.325384
v -1.563241 -0.989906 2.469079
v -1.563241 -1.339527 2.290939
v -1.563241 -0.989906 2.112798
v -1.563241 -1.336816 2.256493
v -1.563241 -0.963633 2.135238
v -1.563241 -1.084887 2.508421
v -1.563241 -0.941193 2.161512
v -1.563241 -1.119333 2.511132
v -1.563241 -1.297474 2.161512
v -1.563241 -1.153779 2.508421
v -1.563241 -1.275034 2.135238
v -1.563241 -0.901850 2.256493
v -1.203253 -1.119333 1.943355
v -1.203253 -1.064959 1.947634
v -1.203253 -1.011924 1.960367
v -1.203253 -0.961533 1.981239
v -1.203253 -0.915029 2.009737
v -1.203253 -0.873555 2.045160
v -1.203253 -0.838132 2.086634
v -1.203253 -0.809634 2.133139
v -1.203253 -0.788762 2.183529
v -1.203253 -0.776029 2.236564
v -1.203253 -0.771750 2.290938
v -1.203253 -0.776029 2.345313
v -1.203253 -0.788762 2.398348
v -1.203253 -0.809634 2.448738
v -1.203253 -0.838132 2.495243
v -1.203253 -0.873555 2.536717
v -1.203253 -0.915029 2.572140
v -1.203253 -0.961533 2.600638
v -1.203253 -1.011924 2.621510
v -1.203253 -1.064959 2.634243
v -1.203253 -1.119333 2.638522
v -1.203253 -1.173707 2.634243
v -1.203253 -1.226742 2.621510
v -1.203253 -1.277133 2.600638
v -1.203253 -1.323638 2.572140
v -1.203253 -1.365112 2.536717
v -1.203253 -1.400534 2.495243
v -1.203253 -1.429032 2.448738
v -1.203253 -1.449905 2.398348
v -1.203253 -1.462637 2.345313
v -1.203253 -1.466917 2.290938
v -1.203253 -1.462637 2.236564
v -1.203253 -1.449905 2.183529
v -1.203253 -1.429032 2.133139
v -1.203253 -1.400534 2.086634
v -1.203253 -1.365112 2.045160
v -1.203253 -1.323638 2.009737
v -1.203253 -1.277133 1.981239
v -1.203253 -1.226742 1.960367
v -1.203253 -1.173707 1.947634
v -1.563241 -1.276888 2.507794
v -1.563241 -1.161265 2.555686
v -1.563241 -1.202164 2.545867
v -1.563241 -1.241024 2.529771
v -1.563241 -1.337543 2.449477
v -1.563241 -1.359658 2.413390
v -1.563241 -1.375855 2.374287
v -1.563241 -1.385735 2.333133
v -1.563241 -1.386517 2.248621
v -1.563241 -1.376607 2.207345
v -1.563241 -1.360363 2.168128
v -1.563241 -1.338184 2.131934
v -1.563241 -1.243219 2.047799
v -1.563241 -1.203658 2.031412
v -1.563241 -1.162021 2.021416
v -1.563241 -1.279729 2.070172
v -1.563241 -1.076884 2.022923
v -1.563241 -1.035479 2.032863
v -1.563241 -0.996140 2.049158
v -1.563241 -0.959834 2.071407
v -1.563241 -0.899903 2.131514
v -1.563241 -0.877665 2.167803
v -1.563241 -0.861378 2.207124
v -1.563241 -0.851443 2.248509
v -1.563241 -0.852140 2.333258
v -1.563241 -0.862050 2.374535
v -1.563241 -0.878294 2.413754
v -1.563241 -0.900475 2.449949
v -1.563241 -0.959082 2.511505
v -1.563241 -0.995559 2.533858
v -1.563241 -1.035084 2.550230
v -1.563241 -1.076684 2.560217
v -1.563241 -1.156803 2.217400
v -1.563241 -1.177694 2.349299
v -1.563241 -1.167846 2.357710
v -1.563241 -1.186105 2.339451
v -1.563241 -1.192872 2.328408
v -1.563241 -1.052562 2.339451
v -1.563241 -1.060973 2.349299
v -1.563241 -1.070821 2.357710
v -1.563241 -1.081863 2.364477
v -1.563241 -1.070821 2.224167
v -1.563241 -1.060973 2.232578
v -1.563241 -1.052562 2.242426
v -1.563241 -1.045795 2.253469
v -1.563241 -1.186105 2.242426
v -1.563241 -1.177694 2.232578
v -1.563241 -1.167846 2.224167
v -1.581154 -1.119333 1.866863
v -1.581154 -1.052993 1.872084
v -1.581154 -0.988286 1.887619
v -1.581154 -0.926807 1.913085
v -1.581154 -0.870068 1.947854
v -1.581154 -0.819467 1.991072
v -1.581154 -0.776249 2.041673
v -1.581154 -0.741479 2.098412
v -1.581154 -0.716013 2.159892
v -1.581154 -0.700479 2.224598
v -1.581154 -0.695258 2.290938
v -1.581154 -0.700479 2.357278
v -1.581154 -0.716013 2.421985
v -1.581154 -0.741479 2.483464
v -1.581154 -0.776249 2.540204
v -1.581154 -0.819467 2.590805
v -1.581154 -0.870068 2.634022
v -1.581154 -0.926807 2.668792
v -1.581154 -0.988286 2.694258
v -1.581154 -1.052993 2.709793
v -1.581154 -1.119333 2.715014
v -1.581154 -1.185673 2.709793
v -1.581154 -1.250380 2.694258
v -1.581154 -1.311859 2.668792
v -1.581154 -1.368598 2.634022
v -1.581154 -1.419200 2.590805
v -1.581154 -1.462417 2.540204
v -1.581154 -1.497187 2.483464
v -1.581154 -1.522653 2.421985
v -1.581154 -1.538187 2.357278
v -1.581154 -1.543408 2.290938
v -1.581154 -1.538187 2.224598
v -1.581154 -1.522653 2.159892
v -1.581154 -1.497187 2.098412
v -1.581154 -1.462417 2.041673
v -1.581154 -1.419200 1.991072
v -1.581154 -1.368598 1.947854
v -1.581154 -1.311859 1.913085
v -1.581154 -1.250380 1.887619
v -1.581154 -1.185673 1.872084
v -1.581154 -1.119333 2.136605
v -1.581154 -1.095190 2.138505
v -1.581154 -1.071642 2.144159
v -1.581154 -1.049267 2.153427
v -1.581154 -1.028618 2.166080
v -1.581154 -1.010203 2.181808
v -1.581154 -0.994475 2.200224
v -1.581154 -0.981821 2.220873
v -1.581154 -0.972553 2.243247
v -1.581154 -0.966900 2.266796
v -1.581154 -0.965000 2.290939
v -1.581154 -0.966900 2.315082
v -1.581154 -0.972553 2.338630
v -1.581154 -0.981821 2.361005
v -1.581154 -0.994475 2.381654
v -1.581154 -1.010203 2.400069
v -1.581154 -1.028618 2.415797
v -1.581154 -1.049267 2.428451
v -1.581154 -1.071642 2.437718
v -1.581154 -1.095190 2.443372
v -1.581154 -1.119333 2.445272
v -1.581154 -1.143476 2.443372
v -1.581154 -1.167025 2.437718
v -1.581154 -1.189399 2.428451
v -1.581154 -1.210048 2.415797
v -1.581154 -1.228463 2.400069
v -1.581154 -1.244192 2.381654
v -1.581154 -1.256845 2.361005
v -1.581154 -1.266113 2.338630
v -1.581154 -1.271766 2.315082
v -1.581154 -1.273667 2.290939
v -1.581154 -1.271766 2.266796
v -1.581154 -1.266113 2.243247
v -1.581154 -1.256845 2.220873
v -1.581154 -1.244192 2.200224
v -1.581154 -1.228463 2.181808
v -1.581154 -1.210048 2.166080
v -1.581154 -1.189399 2.153427
v -1.581154 -1.167025 2.144159
v -1.581154 -1.143476 2.138505
v -1.581154 -1.119333 2.239588
v -1.581154 -1.111300 2.240220
v -1.581154 -1.103465 2.242101
v -1.581154 -1.096020 2.245185
v -1.581154 -1.089150 2.249395
v -1.581154 -1.083023 2.254628
v -1.581154 -1.077790 2.260756
v -1.581154 -1.073579 2.267626
v -1.581154 -1.070496 2.275070
v -1.581154 -1.068615 2.282906
v -1.581154 -1.067982 2.290939
v -1.581154 -1.068615 2.298972
v -1.581154 -1.070496 2.306807
v -1.581154 -1.073579 2.314251
v -1.581154 -1.077790 2.321122
v -1.581154 -1.083023 2.327249
v -1.581154 -1.089150 2.332482
v -1.581154 -1.096020 2.336693
v -1.581154 -1.103465 2.339776
v -1.581154 -1.111300 2.341657
v -1.581154 -1.119333 2.342289
v -1.581154 -1.127366 2.341657
v -1.581154 -1.135202 2.339776
v -1.581154 -1.142646 2.336693
v -1.581154 -1.149516 2.332482
v -1.581154 -1.155644 2.327249
v -1.581154 -1.160877 2.321122
v -1.581154 -1.165087 2.314251
v -1.581154 -1.168171 2.306807
v -1.581154 -1.170052 2.298972
v -1.581154 -1.170684 2.290939
v -1.581154 -1.170052 2.282906
v -1.581154 -1.168171 2.275070
v -1.581154 -1.165087 2.267626
v -1.581154 -1.160877 2.260756
v -1.581154 -1.155644 2.254628
v -1.581154 -1.149516 2.249395
v -1.581154 -1.142646 2.245185
v -1.581154 -1.135202 2.242101
v -1.581154 -1.127366 2.240220
v -1.581154 -1.219299 2.094745
v -1.581154 -1.248760 2.112798
v -1.581154 -1.248760 2.469079
v -1.581154 -1.219299 2.487133
v -1.581154 -0.901850 2.325384
v -1.581154 -0.899139 2.290939
v -1.581154 -1.187377 2.081522
v -1.581154 -1.275034 2.446639
v -1.581154 -0.909916 2.358982
v -1.581154 -1.153779 2.073456
v -1.581154 -1.297474 2.420365
v -1.581154 -0.923139 2.390904
v -1.581154 -1.119333 2.070745
v -1.581154 -1.315527 2.390904
v -1.581154 -0.941193 2.420365
v -1.581154 -1.084887 2.073456
v -1.581154 -1.328750 2.358982
v -1.581154 -0.963633 2.446639
v -1.581154 -1.051290 2.081522
v -1.581154 -1.336816 2.325384
v -1.581154 -0.989906 2.469079
v -1.581154 -1.019367 2.094745
v -1.581154 -1.339527 2.290939
v -1.581154 -1.019367 2.487133
v -1.581154 -0.989906 2.112798
v -1.581154 -1.336816 2.256493
v -1.581154 -1.051290 2.500355
v -1.581154 -0.963633 2.135238
v -1.581154 -1.328750 2.222895
v -1.581154 -1.084887 2.508421
v -1.581154 -0.941193 2.161512
v -1.581154 -1.315527 2.190973
v -1.581154 -1.119333 2.511132
v -1.581154 -0.923139 2.190973
v -1.581154 -1.297474 2.161512
v -1.581154 -1.153779 2.508421
v -1.581154 -0.909916 2.222895
v -1.581154 -1.275034 2.135238
v -1.581154 -1.187377 2.500355
v -1.581154 -0.901850 2.256493
v -1.581154 -1.276888 2.507794
v -1.581154 -1.161265 2.555686
v -1.581154 -1.202164 2.545867
v -1.581154 -1.241024 2.529771
v -1.581154 -1.337543 2.449477
v -1.581154 -1.359658 2.413390
v -1.581154 -1.375855 2.374287
v -1.581154 -1.385735 2.333133
v -1.581154 -1.386517 2.248621
v -1.581154 -1.376607 2.207345
v -1.581154 -1.360363 2.168128
v -1.581154 -1.338184 2.131934
v -1.581154 -1.243219 2.047799
v -1.581154 -1.203658 2.031412
v -1.581154 -1.162021 2.021416
v -1.581154 -1.279729 2.070172
v -1.581154 -1.076884 2.022923
v -1.581154 -1.035479 2.032863
v -1.581154 -0.996140 2.049158
v -1.581154 -0.959834 2.071407
v -1.581154 -0.899903 2.131514
v -1.581154 -0.877665 2.167803
v -1.581154 -0.861378 2.207124
v -1.581154 -0.851443 2.248509
v -1.581154 -0.852140 2.333258
v -1.581154 -0.862050 2.374535
v -1.581154 -0.878294 2.413754
v -1.581154 -0.900475 2.449949
v -1.581154 -0.959082 2.511505
v -1.581154 -0.995559 2.533858
v -1.581154 -1.035084 2.550230
v -1.581154 -1.076684 2.560217
v -1.581154 -1.037815 2.303850
v -1.581154 -1.036799 2.290939
v -1.581154 -1.144838 2.212444
v -1.581154 -1.156803 2.217400
v -1.581154 -1.177694 2.349299
v -1.581154 -1.167846 2.357710
v -1.581154 -1.040838 2.316443
v -1.581154 -1.132244 2.209420
v -1.581154 -1.186105 2.339451
v -1.581154 -1.045795 2.328408
v -1.581154 -1.119333 2.208404
v -1.581154 -1.192872 2.328408
v -1.581154 -1.052562 2.339451
v -1.581154 -1.106422 2.209420
v -1.581154 -1.197828 2.316443
v -1.581154 -1.060973 2.349299
v -1.581154 -1.093829 2.212444
v -1.581154 -1.200851 2.303850
v -1.581154 -1.070821 2.357710
v -1.581154 -1.081863 2.217400
v -1.581154 -1.201868 2.290939
v -1.581154 -1.081863 2.364477
v -1.581154 -1.070821 2.224167
v -1.581154 -1.200851 2.278028
v -1.581154 -1.093829 2.369433
v -1.581154 -1.060973 2.232578
v -1.581154 -1.197828 2.265434
v -1.581154 -1.106422 2.372457
v -1.581154 -1.052562 2.242426
v -1.581154 -1.192872 2.253469
v -1.581154 -1.119333 2.373473
v -1.581154 -1.045795 2.253469
v -1.581154 -1.186105 2.242426
v -1.581154 -1.132244 2.372457
v -1.581154 -1.040838 2.265434
v -1.581154 -1.177694 2.232578
v -1.581154 -1.144838 2.369433
v -1.581154 -1.037815 2.278028
v -1.581154 -1.167846 2.224167
v -1.581154 -1.156803 2.364477
v -1.574058 -1.117069 -3.141715
v -1.574058 -1.028456 -3.134742
v -1.574058 -0.942025 -3.113991
v -1.574058 -0.859904 -3.079976
v -1.574058 -0.784115 -3.033532
v -1.574058 -0.716525 -2.975805
v -1.574058 -0.658797 -2.908215
v -1.574058 -0.612354 -2.832426
v -1.574058 -0.578338 -2.750305
v -1.574058 -0.557588 -2.663874
v -1.574058 -0.550614 -2.575261
v -1.574058 -0.557588 -2.486648
v -1.574058 -0.578338 -2.400217
v -1.574058 -0.612354 -2.318096
v -1.574058 -0.658797 -2.242307
v -1.574058 -0.716525 -2.174717
v -1.574058 -0.784115 -2.116989
v -1.574058 -0.859904 -2.070546
v -1.574058 -0.942025 -2.036530
v -1.574058 -1.028456 -2.015780
v -1.574058 -1.117069 -2.008806
v -1.574058 -1.205682 -2.015780
v -1.574058 -1.292113 -2.036530
v -1.574058 -1.374234 -2.070546
v -1.574058 -1.450023 -2.116989
v -1.574058 -1.517613 -2.174717
v -1.574058 -1.575341 -2.242307
v -1.574058 -1.621784 -2.318096
v -1.574058 -1.655800 -2.400217
v -1.574058 -1.676550 -2.486648
v -1.574058 -1.683524 -2.575261
v -1.574058 -1.676550 -2.663874
v -1.574058 -1.655800 -2.750305
v -1.574058 -1.621784 -2.832426
v -1.574058 -1.575341 -2.908215
v -1.574058 -1.517613 -2.975805
v -1.574058 -1.450023 -3.033532
v -1.574058 -1.374234 -3.079976
v -1.574058 -1.292113 -3.113991
v -1.574058 -1.205682 -3.134742
v -1.517117 -1.117069 -3.164442
v -1.517117 -1.024901 -3.157189
v -1.517117 -0.935002 -3.135606
v -1.517117 -0.849586 -3.100225
v -1.517117 -0.770757 -3.051919
v -1.517117 -0.700455 -2.991875
v -1.517117 -0.640411 -2.921573
v -1.517117 -0.592104 -2.842744
v -1.517117 -0.556724 -2.757328
v -1.517117 -0.535141 -2.667429
v -1.517117 -0.527888 -2.575261
v -1.517117 -0.535141 -2.483093
v -1.517117 -0.556724 -2.393193
v -1.517117 -0.592104 -2.307778
v -1.517117 -0.640411 -2.228949
v -1.517117 -0.700455 -2.158647
v -1.517117 -0.770757 -2.098603
v -1.517117 -0.849586 -2.050297
v -1.517117 -0.935002 -2.014916
v -1.517117 -1.024901 -1.993333
v -1.517117 -1.117069 -1.986079
v -1.517117 -1.209237 -1.993333
v -1.517117 -1.299136 -2.014916
v -1.517117 -1.384552 -2.050297
v -1.517117 -1.463381 -2.098603
v -1.517117 -1.533683 -2.158647
v -1.517117 -1.593727 -2.228949
v -1.517117 -1.642033 -2.307778
v -1.517117 -1.677414 -2.393193
v -1.517117 -1.698997 -2.483093
v -1.517117 -1.706250 -2.575261
v -1.517117 -1.698997 -2.667429
v -1.517117 -1.677414 -2.757328
v -1.517117 -1.642033 -2.842744
v -1.517117 -1.593727 -2.921573
v -1.517117 -1.533683 -2.991875
v -1.517117 -1.463381 -3.051919
v -1.517117 -1.384552 -3.100225
v -1.517117 -1.299136 -3.135606
v -1.517117 -1.209237 -3.157189
v -1.429103 -1.117069 -3.164442
v -1.429103 -1.024901 -3.157189
v -1.429103 -0.935002 -3.135606
v -1.429103 -0.849586 -3.100225
v -1.429103 -0.770757 -3.051919
v -1.429103 -0.700455 -2.991875
v -1.429103 -0.640411 -2.921573
v -1.429103 -0.592104 -2.842744
v -1.429103 -0.556724 -2.757328
v -1.429103 -0.535141 -2.667429
v -1.429103 -0.527888 -2.575261
v -1.429103 -0.535141 -2.483093
v -1.429103 -0.556724 -2.393193
v -1.429103 -0.592104 -2.307778
v -1.429103 -0.640411 -2.228949
v -1.429103 -0.700455 -2.158647
v -1.429103 -0.770757 -2.098603
v -1.429103 -0.849586 -2.050297
v -1.429103 -0.935002 -2.014916
v -1.429103 -1.024901 -1.993333
v -1.429103 -1.117069 -1.986079
v -1.429103 -1.209237 -1.993333
v -1.429103 -1.299136 -2.014916
v -1.429103 -1.384552 -2.050297
v -1.429103 -1.463381 -2.098603
v -1.429103 -1.533683 -2.158647
v -1.429103 -1.593727 -2.228949
v -1.429103 -1.642033 -2.307778
v -1.429103 -1.677414 -2.393193
v -1.429103 -1.698997 -2.483093
v -1.429103 -1.706250 -2.575261
v -1.429103 -1.698997 -2.667429
v -1.429103 -1.677414 -2.757328
v -1.429103 -1.642033 -2.842744
v -1.429103 -1.593727 -2.921573
v -1.429103 -1.533683 -2.991875
v -1.429103 -1.463381 -3.051919
v -1.429103 -1.384552 -3.100225
v -1.429103 -1.299136 -3.135606
v -1.429103 -1.209237 -3.157189
v -1.323773 -1.117069 -3.164442
v -1.323773 -1.024901 -3.157189
v -1.323773 -0.935002 -3.135606
v -1.323773 -0.849586 -3.100225
v -1.323773 -0.770757 -3.051919
v -1.323773 -0.700455 -2.991875
v -1.323773 -0.640411 -2.921573
v -1.323773 -0.592104 -2.842744
v -1.323773 -0.556724 -2.757328
v -1.323773 -0.535141 -2.667429
v -1.323773 -0.527888 -2.575261
v -1.323773 -0.535141 -2.483093
v -1.323773 -0.556724 -2.393193
v -1.323773 -0.592104 -2.307778
v -1.323773 -0.640411 -2.228949
v -1.323773 -0.700455 -2.158647
v -1.323773 -0.770757 -2.098603
v -1.323773 -0.849586 -2.050297
v -1.323773 -0.935002 -2.014916
v -1.323773 -1.024901 -1.993333
v -1.323773 -1.117069 -1.986079
v -1.323773 -1.209237 -1.993333
v -1.323773 -1.299136 -2.014916
v -1.323773 -1.384552 -2.050297
v -1.323773 -1.463381 -2.098603
v -1.323773 -1.533683 -2.158647
v -1.323773 -1.593727 -2.228949
v -1.323773 -1.642033 -2.307778
v -1.323773 -1.677414 -2.393193
v -1.323773 -1.698997 -2.483093
v -1.323773 -1.706250 -2.575261
v -1.323773 -1.698997 -2.667429
v -1.323773 -1.677414 -2.757328
v -1.323773 -1.642033 -2.842744
v -1.323773 -1.593727 -2.921573
v -1.323773 -1.533683 -2.991875
v -1.323773 -1.463381 -3.051919
v -1.323773 -1.384552 -3.100225
v -1.323773 -1.299136 -3.135606
v -1.323773 -1.209237 -3.157189
v -1.254475 -1.117069 -3.132914
v -1.254475 -1.029833 -3.126048
v -1.254475 -0.944745 -3.105620
v -1.254475 -0.863900 -3.072133
v -1.254475 -0.789289 -3.026412
v -1.254475 -0.722749 -2.969581
v -1.254475 -0.665918 -2.903041
v -1.254475 -0.620197 -2.828430
v -1.254475 -0.586709 -2.747585
v -1.254475 -0.566282 -2.662497
v -1.254475 -0.559416 -2.575261
v -1.254475 -0.566282 -2.488025
v -1.254475 -0.586709 -2.402937
v -1.254475 -0.620197 -2.322092
v -1.254475 -0.665918 -2.247481
v -1.254475 -0.722749 -2.180940
v -1.254475 -0.789289 -2.124110
v -1.254475 -0.863900 -2.078388
v -1.254475 -0.944745 -2.044902
v -1.254475 -1.029833 -2.024474
v -1.254475 -1.117069 -2.017608
v -1.254475 -1.204305 -2.024474
v -1.254475 -1.289393 -2.044902
v -1.254475 -1.370238 -2.078388
v -1.254475 -1.444849 -2.124110
v -1.254475 -1.511389 -2.180940
v -1.254475 -1.568220 -2.247481
v -1.254475 -1.613941 -2.322092
v -1.254475 -1.647428 -2.402937
v -1.254475 -1.667856 -2.488025
v -1.254475 -1.674722 -2.575261
v -1.254475 -1.667856 -2.662497
v -1.254475 -1.647428 -2.747585
v -1.254475 -1.613941 -2.828430
v -1.254475 -1.568220 -2.903041
v -1.254475 -1.511389 -2.969581
v -1.254475 -1.444849 -3.026412
v -1.254475 -1.370238 -3.072133
v -1.254475 -1.289393 -3.105620
v -1.254475 -1.204305 -3.126048
v -1.601952 -1.117069 -3.026528
v -1.601952 -1.046475 -3.020972
v -1.601952 -0.977620 -3.004441
v -1.601952 -0.912198 -2.977343
v -1.601952 -0.851821 -2.940344
v -1.601952 -0.797975 -2.894355
v -1.601952 -0.751986 -2.840509
v -1.601952 -0.714987 -2.780132
v -1.601952 -0.687888 -2.714710
v -1.601952 -0.671358 -2.645855
v -1.601952 -0.665802 -2.575261
v -1.601952 -0.671358 -2.504667
v -1.601952 -0.687888 -2.435811
v -1.601952 -0.714987 -2.370390
v -1.601952 -0.751986 -2.310013
v -1.601952 -0.797975 -2.256167
v -1.601952 -0.851821 -2.210178
v -1.601952 -0.912198 -2.173179
v -1.601952 -0.977620 -2.146080
v -1.601952 -1.046475 -2.129549
v -1.601952 -1.117069 -2.123994
v -1.601952 -1.187663 -2.129549
v -1.601952 -1.256518 -2.146080
v -1.601952 -1.321940 -2.173179
v -1.601952 -1.382317 -2.210178
v -1.601952 -1.436163 -2.256167
v -1.601952 -1.482152 -2.310013
v -1.601952 -1.519151 -2.370390
v -1.601952 -1.546250 -2.435811
v -1.601952 -1.562780 -2.504667
v -1.601952 -1.568336 -2.575261
v -1.601952 -1.562780 -2.645855
v -1.601952 -1.546250 -2.714710
v -1.601952 -1.519151 -2.780132
v -1.601952 -1.482152 -2.840509
v -1.601952 -1.436163 -2.894355
v -1.601952 -1.382317 -2.940344
v -1.601952 -1.321940 -2.977343
v -1.601952 -1.256518 -3.004441
v -1.601952 -1.187663 -3.020972
v -1.218881 -1.117069 -3.025566
v -1.218881 -1.046626 -3.020022
v -1.218881 -0.977917 -3.003526
v -1.218881 -0.912635 -2.976486
v -1.218881 -0.852386 -2.939565
v -1.218881 -0.798655 -2.893675
v -1.218881 -0.752764 -2.839944
v -1.218881 -0.715844 -2.779695
v -1.218881 -0.688803 -2.714413
v -1.218881 -0.672308 -2.645704
v -1.218881 -0.666764 -2.575261
v -1.218881 -0.672308 -2.504817
v -1.218881 -0.688803 -2.436109
v -1.218881 -0.715844 -2.370826
v -1.218881 -0.752764 -2.310578
v -1.218881 -0.798655 -2.256847
v -1.218881 -0.852386 -2.210956
v -1.218881 -0.912635 -2.174036
v -1.218881 -0.977917 -2.146995
v -1.218881 -1.046626 -2.130499
v -1.218881 -1.117069 -2.124955
v -1.218881 -1.187512 -2.130499
v -1.218881 -1.256221 -2.146995
v -1.218881 -1.321503 -2.174036
v -1.218881 -1.381752 -2.210956
v -1.218881 -1.435483 -2.256847
v -1.218881 -1.481374 -2.310578
v -1.218881 -1.518294 -2.370826
v -1.218881 -1.545335 -2.436109
v -1.218881 -1.561830 -2.504817
v -1.218881 -1.567374 -2.575261
v -1.218881 -1.561830 -2.645704
v -1.218881 -1.545335 -2.714413
v -1.218881 -1.518294 -2.779695
v -1.218881 -1.481374 -2.839944
v -1.218881 -1.435483 -2.893675
v -1.218881 -1.381752 -2.939565
v -1.218881 -1.321503 -2.976486
v -1.218881 -1.256221 -3.003526
v -1.218881 -1.187512 -3.020022
v -1.590411 -1.117069 -2.999336
v -1.590411 -1.050729 -2.994115
v -1.590411 -0.986022 -2.978581
v -1.590410 -0.924543 -2.953115
v -1.590410 -0.867804 -2.918345
v -1.590410 -0.817202 -2.875127
v -1.590410 -0.773985 -2.824526
v -1.590410 -0.739215 -2.767787
v -1.590410 -0.713749 -2.706307
v -1.590410 -0.698215 -2.641601
v -1.590410 -0.692994 -2.575261
v -1.590410 -0.698215 -2.508920
v -1.590410 -0.713749 -2.444214
v -1.590410 -0.739215 -2.382735
v -1.590410 -0.773985 -2.325995
v -1.590410 -0.817202 -2.275394
v -1.590410 -0.867804 -2.232177
v -1.590410 -0.924543 -2.197407
v -1.590411 -0.986022 -2.171942
v -1.590411 -1.050729 -2.156407
v -1.590411 -1.117069 -2.151185
v -1.590411 -1.183409 -2.156407
v -1.590411 -1.248115 -2.171942
v -1.590411 -1.309595 -2.197407
v -1.590411 -1.366334 -2.232177
v -1.590411 -1.416936 -2.275394
v -1.590411 -1.460153 -2.325995
v -1.590411 -1.494923 -2.382735
v -1.590411 -1.520389 -2.444214
v -1.590411 -1.535923 -2.508920
v -1.590411 -1.541144 -2.575261
v -1.590411 -1.535923 -2.641601
v -1.590411 -1.520389 -2.706307
v -1.590411 -1.494923 -2.767787
v -1.590411 -1.460153 -2.824526
v -1.590411 -1.416936 -2.875127
v -1.590411 -1.366334 -2.918345
v -1.590411 -1.309595 -2.953115
v -1.590411 -1.248115 -2.978581
v -1.590411 -1.183409 -2.994115
v -1.230422 -1.117069 -2.998432
v -1.230422 -1.050870 -2.993222
v -1.230422 -0.986302 -2.977721
v -1.230422 -0.924953 -2.952309
v -1.230422 -0.868335 -2.917613
v -1.230422 -0.817842 -2.874488
v -1.230422 -0.774716 -2.823994
v -1.230422 -0.740021 -2.767377
v -1.230422 -0.714609 -2.706028
v -1.230422 -0.699107 -2.641459
v -1.230422 -0.693898 -2.575261
v -1.230422 -0.699107 -2.509062
v -1.230422 -0.714609 -2.444494
v -1.230422 -0.740021 -2.383145
v -1.230422 -0.774716 -2.326527
v -1.230422 -0.817842 -2.276034
v -1.230422 -0.868335 -2.232908
v -1.230422 -0.924953 -2.198212
v -1.230422 -0.986302 -2.172801
v -1.230422 -1.050870 -2.157299
v -1.230422 -1.117069 -2.152089
v -1.230422 -1.183268 -2.157299
v -1.230422 -1.247836 -2.172801
v -1.230422 -1.309185 -2.198212
v -1.230422 -1.365803 -2.232908
v -1.230422 -1.416296 -2.276034
v -1.230422 -1.459422 -2.326527
v -1.230422 -1.494117 -2.383145
v -1.230422 -1.519529 -2.444494
v -1.230422 -1.535030 -2.509062
v -1.230422 -1.540240 -2.575261
v -1.230422 -1.535030 -2.641459
v -1.230422 -1.519529 -2.706028
v -1.230422 -1.494117 -2.767377
v -1.230422 -1.459422 -2.823994
v -1.230422 -1.416296 -2.874488
v -1.230422 -1.365803 -2.917613
v -1.230422 -1.309185 -2.952309
v -1.230422 -1.247836 -2.977721
v -1.230422 -1.183268 -2.993222
v -1.590410 -1.026354 -2.700119
v -1.590410 -1.007939 -2.684391
v -1.590410 -0.992211 -2.665976
v -1.590410 -0.979557 -2.645326
v -1.590410 -0.992211 -2.484546
v -1.590410 -1.007939 -2.466130
v -1.590410 -1.026354 -2.450402
v -1.590410 -1.047003 -2.437748
v -1.590410 -1.207784 -2.450402
v -1.590410 -1.226199 -2.466130
v -1.590410 -1.241927 -2.484546
v -1.590410 -1.254581 -2.505195
v -1.590410 -1.241927 -2.665976
v -1.590410 -1.226199 -2.684391
v -1.590410 -1.207784 -2.700119
v -1.590410 -1.187135 -2.712773
v -1.590410 -1.117069 -2.626611
v -1.590410 -1.109036 -2.625979
v -1.590410 -1.101201 -2.624098
v -1.590410 -1.093756 -2.621014
v -1.590410 -1.086886 -2.616804
v -1.590410 -1.080759 -2.611571
v -1.590410 -1.075526 -2.605444
v -1.590410 -1.071315 -2.598573
v -1.590410 -1.068232 -2.591129
v -1.590410 -1.066351 -2.583293
v -1.590410 -1.065718 -2.575261
v -1.590410 -1.066351 -2.567228
v -1.590410 -1.068232 -2.559392
v -1.590410 -1.071315 -2.551948
v -1.590410 -1.075526 -2.545077
v -1.590410 -1.080759 -2.538950
v -1.590410 -1.086886 -2.533717
v -1.590410 -1.093756 -2.529506
v -1.590410 -1.101201 -2.526423
v -1.590410 -1.109036 -2.524542
v -1.590410 -1.117069 -2.523910
v -1.590410 -1.125102 -2.524542
v -1.590410 -1.132937 -2.526423
v -1.590410 -1.140382 -2.529506
v -1.590410 -1.147252 -2.533717
v -1.590410 -1.153380 -2.538950
v -1.590410 -1.158613 -2.545077
v -1.590410 -1.162823 -2.551948
v -1.590410 -1.165907 -2.559392
v -1.590410 -1.167788 -2.567228
v -1.590410 -1.168420 -2.575261
v -1.590410 -1.167788 -2.583293
v -1.590410 -1.165907 -2.591129
v -1.590410 -1.162823 -2.598573
v -1.590410 -1.158613 -2.605444
v -1.590410 -1.153380 -2.611571
v -1.590410 -1.147252 -2.616804
v -1.590410 -1.140382 -2.621014
v -1.590410 -1.132937 -2.624098
v -1.590410 -1.125102 -2.625979
v -1.590410 -1.246496 -2.753401
v -1.590410 -1.246496 -2.397120
v -1.590410 -0.899586 -2.540815
v -1.590410 -0.896875 -2.575261
v -1.590410 -1.272770 -2.419560
v -1.590410 -1.151515 -2.792743
v -1.590410 -1.295210 -2.445834
v -1.590410 -1.117069 -2.795454
v -1.590410 -0.938929 -2.445834
v -1.590410 -1.082623 -2.792743
v -1.590410 -0.961369 -2.419560
v -1.590410 -1.334552 -2.540815
v -1.590410 -0.987642 -2.397120
v -1.590410 -1.337263 -2.575261
v -1.590410 -0.987642 -2.753401
v -1.590410 -1.334552 -2.609707
v -1.590410 -0.961369 -2.730961
v -1.590410 -1.082623 -2.357778
v -1.590410 -0.938929 -2.704687
v -1.590410 -1.117069 -2.355067
v -1.590410 -1.295210 -2.704687
v -1.590410 -1.151515 -2.357778
v -1.590410 -1.272770 -2.730961
v -1.590410 -0.899586 -2.609707
v -1.230422 -1.117069 -2.922844
v -1.230422 -1.062695 -2.918565
v -1.230422 -1.009660 -2.905832
v -1.230422 -0.959269 -2.884960
v -1.230422 -0.912765 -2.856462
v -1.230422 -0.871290 -2.821039
v -1.230422 -0.835868 -2.779565
v -1.230422 -0.807370 -2.733060
v -1.230422 -0.786498 -2.682670
v -1.230422 -0.773765 -2.629635
v -1.230422 -0.769486 -2.575261
v -1.230422 -0.773765 -2.520887
v -1.230422 -0.786498 -2.467852
v -1.230422 -0.807370 -2.417461
v -1.230422 -0.835868 -2.370956
v -1.230422 -0.871290 -2.329482
v -1.230422 -0.912765 -2.294060
v -1.230422 -0.959269 -2.265561
v -1.230422 -1.009660 -2.244689
v -1.230422 -1.062695 -2.231956
v -1.230422 -1.117069 -2.227677
v -1.230422 -1.171443 -2.231956
v -1.230422 -1.224478 -2.244689
v -1.230422 -1.274869 -2.265561
v -1.230422 -1.321373 -2.294060
v -1.230422 -1.362848 -2.329482
v -1.230422 -1.398270 -2.370956
v -1.230422 -1.426768 -2.417461
v -1.230422 -1.447641 -2.467852
v -1.230422 -1.460373 -2.520887
v -1.230422 -1.464653 -2.575261
v -1.230422 -1.460373 -2.629635
v -1.230422 -1.447641 -2.682670
v -1.230422 -1.426768 -2.733060
v -1.230422 -1.398270 -2.779565
v -1.230422 -1.362848 -2.821039
v -1.230422 -1.321373 -2.856462
v -1.230422 -1.274869 -2.884960
v -1.230422 -1.224478 -2.905832
v -1.230422 -1.171443 -2.918565
v -1.590410 -1.274624 -2.358406
v -1.590410 -1.159001 -2.310513
v -1.590410 -1.199900 -2.320332
v -1.590410 -1.238760 -2.336428
v -1.590410 -1.335279 -2.416722
v -1.590410 -1.357394 -2.452809
v -1.590410 -1.373590 -2.491912
v -1.590410 -1.383471 -2.533067
v -1.590410 -1.384253 -2.617578
v -1.590410 -1.374343 -2.658854
v -1.590410 -1.358099 -2.698071
v -1.590410 -1.335920 -2.734265
v -1.590410 -1.240955 -2.818401
v -1.590410 -1.201394 -2.834787
v -1.590410 -1.159757 -2.844784
v -1.590410 -1.277465 -2.796027
v -1.590410 -1.074620 -2.843276
v -1.590410 -1.033215 -2.833336
v -1.590410 -0.993876 -2.817041
v -1.590410 -0.957570 -2.794792
v -1.590410 -0.897639 -2.734686
v -1.590410 -0.875401 -2.698396
v -1.590410 -0.859114 -2.659075
v -1.590410 -0.849178 -2.617690
v -1.590410 -0.849876 -2.532942
v -1.590410 -0.859785 -2.491664
v -1.590410 -0.876030 -2.452445
v -1.590410 -0.898210 -2.416250
v -1.590410 -0.956818 -2.354694
v -1.590410 -0.993295 -2.332341
v -1.590410 -1.032820 -2.315969
v -1.590410 -1.074419 -2.305982
v -1.590410 -1.154539 -2.648799
v -1.590410 -1.175430 -2.516900
v -1.590410 -1.165582 -2.508488
v -1.590410 -1.183841 -2.526748
v -1.590410 -1.190608 -2.537791
v -1.590410 -1.050297 -2.526748
v -1.590410 -1.058709 -2.516900
v -1.590410 -1.068557 -2.508488
v -1.590410 -1.079599 -2.501722
v -1.590410 -1.068557 -2.642032
v -1.590410 -1.058709 -2.633621
v -1.590410 -1.050297 -2.623773
v -1.590410 -1.043531 -2.612730
v -1.590410 -1.183841 -2.623773
v -1.590410 -1.175430 -2.633621
v -1.590410 -1.165582 -2.642032
v -1.608323 -1.117069 -2.999336
v -1.608323 -1.050729 -2.994115
v -1.608323 -0.986022 -2.978581
v -1.608323 -0.924543 -2.953115
v -1.608323 -0.867804 -2.918345
v -1.608323 -0.817202 -2.875127
v -1.608323 -0.773985 -2.824526
v -1.608323 -0.739215 -2.767787
v -1.608323 -0.713749 -2.706307
v -1.608323 -0.698215 -2.641601
v -1.608323 -0.692994 -2.575261
v -1.608323 -0.698215 -2.508920
v -1.608323 -0.713749 -2.444214
v -1.608323 -0.739215 -2.382735
v -1.608323 -0.773985 -2.325995
v -1.608323 -0.817202 -2.275394
v -1.608323 -0.867804 -2.232177
v -1.608323 -0.924543 -2.197407
v -1.608323 -0.986022 -2.171942
v -1.608323 -1.050729 -2.156407
v -1.608323 -1.117069 -2.151185
v -1.608323 -1.183409 -2.156407
v -1.608323 -1.248115 -2.171942
v -1.608324 -1.309595 -2.197407
v -1.608324 -1.366334 -2.232177
v -1.608324 -1.416936 -2.275394
v -1.608324 -1.460153 -2.325995
v -1.608324 -1.494923 -2.382735
v -1.608324 -1.520389 -2.444214
v -1.608324 -1.535923 -2.508920
v -1.608324 -1.541144 -2.575261
v -1.608324 -1.535923 -2.641601
v -1.608324 -1.520389 -2.706307
v -1.608324 -1.494923 -2.767787
v -1.608324 -1.460153 -2.824526
v -1.608324 -1.416936 -2.875127
v -1.608324 -1.366334 -2.918345
v -1.608324 -1.309595 -2.953115
v -1.608323 -1.248115 -2.978581
v -1.608323 -1.183409 -2.994115
v -1.608323 -1.117069 -2.729594
v -1.608323 -1.092926 -2.727693
v -1.608323 -1.069378 -2.722040
v -1.608323 -1.047003 -2.712773
v -1.608323 -1.026354 -2.700119
v -1.608323 -1.007939 -2.684391
v -1.608323 -0.992211 -2.665976
v -1.608323 -0.979557 -2.645326
v -1.608323 -0.970289 -2.622952
v -1.608323 -0.964636 -2.599404
v -1.608323 -0.962736 -2.575261
v -1.608323 -0.964636 -2.551117
v -1.608323 -0.970289 -2.527569
v -1.608323 -0.979557 -2.505195
v -1.608323 -0.992211 -2.484546
v -1.608323 -1.007939 -2.466130
v -1.608323 -1.026354 -2.450402
v -1.608323 -1.047003 -2.437748
v -1.608323 -1.069378 -2.428481
v -1.608323 -1.092926 -2.422827
v -1.608323 -1.117069 -2.420927
v -1.608323 -1.141212 -2.422827
v -1.608323 -1.164761 -2.428481
v -1.608323 -1.187135 -2.437748
v -1.608323 -1.207784 -2.450402
v -1.608323 -1.226199 -2.466130
v -1.608323 -1.241927 -2.484546
v -1.608323 -1.254581 -2.505195
v -1.608323 -1.263849 -2.527569
v -1.608323 -1.269502 -2.551117
v -1.608323 -1.271402 -2.575261
v -1.608323 -1.269502 -2.599404
v -1.608323 -1.263849 -2.622952
v -1.608323 -1.254581 -2.645326
v -1.608323 -1.241927 -2.665976
v -1.608323 -1.226199 -2.684391
v -1.608323 -1.207784 -2.700119
v -1.608323 -1.187135 -2.712773
v -1.608323 -1.164761 -2.722040
v -1.608323 -1.141212 -2.727693
v -1.608323 -1.117069 -2.626611
v -1.608323 -1.109036 -2.625979
v -1.608323 -1.101201 -2.624098
v -1.608323 -1.093756 -2.621014
v -1.608323 -1.086886 -2.616804
v -1.608323 -1.080759 -2.611571
v -1.608323 -1.075526 -2.605444
v -1.608323 -1.071315 -2.598573
v -1.608323 -1.068232 -2.591129
v -1.608323 -1.066351 -2.583293
v -1.608323 -1.065718 -2.575261
v -1.608323 -1.066351 -2.567228
v -1.608323 -1.068232 -2.559392
v -1.608323 -1.071315 -2.551948
v -1.608323 -1.075526 -2.545077
v -1.608323 -1.080759 -2.538950
v -1.608323 -1.086886 -2.533717
v -1.608323 -1.093756 -2.529506
v -1.608323 -1.101201 -2.526423
v -1.608323 -1.109036 -2.524542
v -1.608323 -1.117069 -2.523910
v -1.608323 -1.125102 -2.524542
v -1.608323 -1.132937 -2.526423
v -1.608323 -1.140382 -2.529506
v -1.608323 -1.147252 -2.533717
v -1.608323 -1.153380 -2.538950
v -1.608323 -1.158613 -2.545077
v -1.608323 -1.162823 -2.551948
v -1.608323 -1.165907 -2.559392
v -1.608323 -1.167788 -2.567228
v -1.608323 -1.168420 -2.575261
v -1.608323 -1.167788 -2.583293
v -1.608323 -1.165907 -2.591129
v -1.608323 -1.162823 -2.598573
v -1.608323 -1.158613 -2.605444
v -1.608323 -1.153380 -2.611571
v -1.608323 -1.147252 -2.616804
v -1.608323 -1.140382 -2.621014
v -1.608323 -1.132937 -2.624098
v -1.608323 -1.125102 -2.625979
v -1.608323 -1.217035 -2.771455
v -1.608323 -1.246496 -2.753401
v -1.608323 -1.246496 -2.397120
v -1.608323 -1.217035 -2.379067
v -1.608323 -0.899586 -2.540815
v -1.608323 -0.896875 -2.575261
v -1.608323 -1.185113 -2.784677
v -1.608323 -1.272770 -2.419560
v -1.608323 -0.907652 -2.507217
v -1.608323 -1.151515 -2.792743
v -1.608323 -1.295210 -2.445834
v -1.608323 -0.920875 -2.475295
v -1.608323 -1.117069 -2.795454
v -1.608323 -1.313263 -2.475295
v -1.608323 -0.938929 -2.445834
v -1.608323 -1.082623 -2.792743
v -1.608323 -1.326486 -2.507217
v -1.608323 -0.961369 -2.419560
v -1.608323 -1.049026 -2.784677
v -1.608323 -1.334552 -2.540815
v -1.608323 -0.987642 -2.397120
v -1.608323 -1.017103 -2.771455
v -1.608323 -1.337263 -2.575261
v -1.608323 -1.017103 -2.379067
v -1.608323 -0.987642 -2.753401
v -1.608323 -1.334552 -2.609707
v -1.608323 -1.049026 -2.365844
v -1.608323 -0.961369 -2.730961
v -1.608323 -1.326486 -2.643304
v -1.608323 -1.082623 -2.357778
v -1.608323 -0.938929 -2.704687
v -1.608323 -1.313263 -2.675226
v -1.608323 -1.117069 -2.355067
v -1.608323 -0.920875 -2.675226
v -1.608323 -1.295210 -2.704687
v -1.608323 -1.151515 -2.357778
v -1.608323 -0.907652 -2.643304
v -1.608323 -1.272770 -2.730961
v -1.608323 -1.185113 -2.365844
v -1.608323 -0.899586 -2.609707
v -1.608323 -1.274624 -2.358406
v -1.608323 -1.159001 -2.310513
v -1.608323 -1.199900 -2.320332
v -1.608323 -1.238760 -2.336428
v -1.608323 -1.335279 -2.416722
v -1.608323 -1.357394 -2.452809
v -1.608323 -1.373590 -2.491912
v -1.608323 -1.383471 -2.533067
v -1.608323 -1.384253 -2.617578
v -1.608323 -1.374343 -2.658854
v -1.608323 -1.358099 -2.698071
v -1.608323 -1.335920 -2.734265
v -1.608323 -1.240955 -2.818401
v -1.608323 -1.201394 -2.834787
v -1.608323 -1.159757 -2.844784
v -1.608323 -1.277465 -2.796027
v -1.608323 -1.074620 -2.843276
v -1.608323 -1.033215 -2.833336
v -1.608323 -0.993876 -2.817041
v -1.608323 -0.957570 -2.794792
v -1.608323 -0.897639 -2.734686
v -1.608323 -0.875401 -2.698396
v -1.608323 -0.859114 -2.659075
v -1.608323 -0.849178 -2.617690
v -1.608323 -0.849876 -2.532942
v -1.608323 -0.859785 -2.491664
v -1.608323 -0.876030 -2.452445
v -1.608323 -0.898210 -2.416250
v -1.608323 -0.956818 -2.354694
v -1.608323 -0.993295 -2.332341
v -1.608323 -1.032820 -2.315969
v -1.608323 -1.074419 -2.305982
v -1.608323 -1.035551 -2.562350
v -1.608323 -1.034535 -2.575261
v -1.608323 -1.142574 -2.653755
v -1.608323 -1.154539 -2.648799
v -1.608323 -1.175430 -2.516900
v -1.608323 -1.165582 -2.508488
v -1.608323 -1.038574 -2.549756
v -1.608323 -1.129980 -2.656779
v -1.608323 -1.183841 -2.526748
v -1.608323 -1.043531 -2.537791
v -1.608323 -1.117069 -2.657795
v -1.608323 -1.190608 -2.537791
v -1.608323 -1.050297 -2.526748
v -1.608323 -1.104158 -2.656779
v -1.608323 -1.195564 -2.549756
v -1.608323 -1.058709 -2.516900
v -1.608323 -1.091565 -2.653755
v -1.608323 -1.198587 -2.562350
v -1.608323 -1.068557 -2.508488
v -1.608323 -1.079599 -2.648799
v -1.608323 -1.199604 -2.575261
v -1.608323 -1.079599 -2.501722
v -1.608323 -1.068557 -2.642032
v -1.608323 -1.198587 -2.588172
v -1.608323 -1.091565 -2.496766
v -1.608323 -1.058709 -2.633621
v -1.608323 -1.195564 -2.600765
v -1.608323 -1.104158 -2.493743
v -1.608323 -1.050297 -2.623773
v -1.608323 -1.190608 -2.612730
v -1.608323 -1.117069 -2.492726
v -1.608323 -1.043531 -2.612730
v -1.608323 -1.183841 -2.623773
v -1.608323 -1.129980 -2.493743
v -1.608323 -1.038574 -2.600765
v -1.608323 -1.175430 -2.633621
v -1.608323 -1.142574 -2.496766
v -1.608323 -1.035551 -2.588172
v -1.608323 -1.165582 -2.642032
v -1.608323 -1.154539 -2.501722
v -1.597586 0.297806 1.297185
v -1.604894 0.665818 1.297185
v -1.597586 0.321557 1.036945
v -1.604894 0.631104 1.036945
v -1.922730 0.323384 1.062595
v -1.924557 0.658510 1.062595
v -1.922730 0.347136 0.808932
v -1.924557 0.623796 0.808932
v -1.855146 0.327039 0.854925
v -1.769293 0.327039 0.925131
v -1.683439 0.321557 0.993097
v -1.683439 0.647548 0.970998
v -1.769293 0.647548 0.925131
v -1.855146 0.647548 0.854925
v -1.683439 0.297806 1.237989
v -1.769293 0.303287 1.180986
v -1.855146 0.303287 1.113021
v -1.855146 0.682261 1.113021
v -1.769293 0.682261 1.180986
v -1.683439 0.682261 1.237989
v -1.597586 0.297806 1.050732
v -1.597586 0.297806 1.173959
v -1.604894 0.665818 1.173959
v -1.604894 0.665818 1.050733
v -1.922730 0.323384 0.983217
v -1.922730 0.323384 1.050733
v -1.924557 0.658510 1.050732
v -1.924557 0.658510 0.983217
v -1.855146 0.682261 1.050732
v -1.855146 0.682261 1.050732
v -1.769293 0.682261 1.050732
v -1.769293 0.682261 1.100325
v -1.683439 0.682261 1.050732
v -1.683439 0.682261 1.173959
v -1.683439 0.297806 1.050732
v -1.683439 0.297806 1.173959
v -1.769293 0.303287 1.050732
v -1.769293 0.303287 1.100325
v -1.855146 0.303287 1.050732
v -1.855146 0.303287 0.983217
v -1.597586 0.321557 1.117584
v -1.604894 0.631104 1.117584
v -1.922730 0.347136 1.073736
v -1.924557 0.623796 1.073736
v -1.855146 0.327039 1.124162
v -1.769293 0.327039 1.117584
v -1.683439 0.321557 1.117584
v -1.683439 0.647548 1.117584
v -1.769293 0.647548 1.117584
v -1.855146 0.647548 1.124162
v -1.597586 0.321557 1.073105
v -1.604894 0.631104 1.073105
v -1.922730 0.347136 0.927157
v -1.924557 0.623796 0.927157
v -1.855146 0.327039 0.973093
v -1.769293 0.327039 1.015721
v -1.683439 0.321557 1.048036
v -1.683439 0.647548 1.070135
v -1.769293 0.647548 1.015721
v -1.855146 0.647548 0.973093
v -0.689718 -1.221155 1.521045
v -0.396816 -1.217381 1.550660
v -0.918289 -1.217668 1.519325
v -1.080551 -1.204813 1.519123
v -1.100194 -1.195557 -1.871643
v -1.472374 0.385471 1.241924
v -1.471871 0.367177 1.260225
v -1.471183 0.342186 1.266924
v -1.470495 0.317196 1.260225
v -1.469992 0.298901 1.241924
v -1.469808 0.292205 1.216924
v -1.469992 0.298901 1.191923
v -1.470495 0.317196 1.173622
v -1.471183 0.342186 1.166924
v -1.471871 0.367177 1.173622
v -1.472374 0.385471 1.191923
v -1.472558 0.392167 1.216923
v -1.488971 0.384840 1.240724
v -1.490451 0.366475 1.258901
v -1.490192 0.341469 1.265573
v -1.488264 0.316523 1.258952
v -1.485183 0.298320 1.240812
v -1.481775 0.291739 1.216014
v -1.478952 0.298543 1.191202
v -1.477472 0.316908 1.173025
v -1.477731 0.341914 1.166353
v -1.479659 0.366860 1.172974
v -1.482740 0.385062 1.191114
v -1.486149 0.391643 1.215912
v -1.506153 0.384001 1.237704
v -1.508997 0.365573 1.255653
v -1.509153 0.340548 1.262256
v -1.506578 0.315632 1.255742
v -1.501963 0.297500 1.237859
v -1.496544 0.291012 1.213396
v -1.491773 0.297906 1.188910
v -1.488929 0.316334 1.170960
v -1.488773 0.341359 1.164358
v -1.491348 0.366276 1.170871
v -1.495963 0.384407 1.188755
v -1.501382 0.390895 1.213217
v -1.523853 0.383146 1.233453
v -1.527668 0.364672 1.251174
v -1.528262 0.339627 1.257674
v -1.525476 0.314721 1.251210
v -1.520057 0.296627 1.233516
v -1.513456 0.290194 1.209330
v -1.507442 0.297145 1.185136
v -1.503628 0.315618 1.167414
v -1.503033 0.340664 1.160914
v -1.505819 0.365570 1.167378
v -1.511239 0.383664 1.185073
v -1.517839 0.390097 1.209258
v -1.541959 0.382429 1.228346
v -1.546553 0.363926 1.245850
v -1.547643 0.338861 1.252212
v -1.544937 0.313952 1.245726
v -1.539160 0.295872 1.228131
v -1.531860 0.289465 1.204140
v -1.524992 0.296449 1.180183
v -1.520398 0.314952 1.162679
v -1.519308 0.340016 1.156317
v -1.522014 0.364925 1.162803
v -1.527792 0.383006 1.180398
v -1.535092 0.389412 1.204388
v -1.560093 0.382002 1.222729
v -1.565385 0.363484 1.240019
v -1.567065 0.338407 1.246200
v -1.564684 0.313490 1.239614
v -1.558879 0.295411 1.222027
v -1.551206 0.289012 1.198151
v -1.543721 0.296009 1.174384
v -1.538429 0.314527 1.157094
v -1.536749 0.339604 1.150913
v -1.539130 0.364521 1.157499
v -1.544935 0.382600 1.175086
v -1.552608 0.388999 1.198961
v -1.577736 0.382012 1.216959
v -1.583719 0.363496 1.234025
v -1.586133 0.338421 1.239967
v -1.584333 0.313507 1.233192
v -1.578800 0.295428 1.215517
v -1.571016 0.289029 1.191677
v -1.563068 0.296024 1.168060
v -1.557086 0.314540 1.150994
v -1.554671 0.339615 1.145053
v -1.556471 0.364529 1.151827
v -1.562004 0.382608 1.169502
v -1.569788 0.389007 1.193342
v -1.594253 0.382584 1.211413
v -1.600991 0.364097 1.228227
v -1.604361 0.339060 1.233850
v -1.603460 0.314180 1.226776
v -1.598530 0.296124 1.208900
v -1.590891 0.289730 1.185012
v -1.582590 0.296712 1.161512
v -1.575851 0.315199 1.144698
v -1.572481 0.340237 1.139075
v -1.573382 0.365117 1.146149
v -1.578313 0.383173 1.164025
v -1.585952 0.389566 1.187913
v -1.608863 0.383792 1.206502
v -1.616509 0.365386 1.223014
v -1.621185 0.340464 1.228202
v -1.621638 0.315704 1.220677
v -1.617747 0.297741 1.202454
v -1.610554 0.291387 1.178418
v -1.601986 0.298346 1.155007
v -1.594340 0.316752 1.138496
v -1.589664 0.341673 1.133307
v -1.589211 0.366433 1.140833
v -1.593102 0.384396 1.159055
v -1.600295 0.390750 1.183092
v -1.620538 0.385557 1.202687
v -1.629383 0.367347 1.218812
v -1.635948 0.342734 1.223393
v -1.638473 0.318313 1.215200
v -1.636282 0.300628 1.196431
v -1.629962 0.294417 1.172113
v -1.621206 0.301345 1.148763
v -1.612361 0.319555 1.132638
v -1.605797 0.344168 1.128057
v -1.603272 0.368589 1.136249
v -1.605463 0.386274 1.155019
v -1.611783 0.392485 1.179337
v -1.627797 0.387364 1.200467
v -1.638374 0.369640 1.216083
v -1.647839 0.345841 1.219810
v -1.653656 0.322343 1.210649
v -1.654266 0.306477 1.191056
v -1.649507 0.307103 1.166279
v -1.641741 0.308349 1.142958
v -1.630076 0.324295 1.127342
v -1.620611 0.348094 1.123615
v -1.614794 0.371591 1.132775
v -1.614183 0.388491 1.152369
v -1.618943 0.394264 1.177146
v -1.577815 -0.691100 -0.766052
v -1.578472 -0.683120 -0.971308
v -1.579129 -0.675140 -1.176564
v -1.579786 -0.667160 -1.381820
v -1.580443 -0.659180 -1.587076
v -1.572863 -0.850443 -0.745401
v -1.573520 -0.847274 -0.938304
v -1.574177 -0.844104 -1.131208
v -1.574834 -0.840934 -1.324111
v -1.575491 -0.837764 -1.517014
v -1.580536 -0.638067 -0.777401
v -1.580536 -0.631275 -0.984191
v -1.580536 -0.624483 -1.190981
v -1.580536 -0.617690 -1.397771
v -1.580536 -0.610898 -1.604561
v -1.501208 -1.046366 -0.754382
v -1.507118 -1.043045 -0.965323
v -1.513028 -1.039724 -1.176264
v -1.518937 -1.036403 -1.387205
v -1.524847 -1.033082 -1.598146
v -1.639678 -0.310840 -0.773367
v -1.631853 -0.308123 -0.951055
v -1.624029 -0.305406 -1.128744
v -1.616204 -0.302689 -1.306432
v -1.608379 -0.299973 -1.484121
v -1.407761 -1.190853 -0.743459
v -1.407761 -1.190874 -0.956098
v -1.407761 -1.190895 -1.168737
v -1.407761 -1.190916 -1.381376
v -1.407761 -1.190937 -1.594015
v -1.210219 1.509104 -0.919756
v -1.202974 1.507799 -1.161673
v -1.195729 1.506495 -1.403590
v -1.188484 1.505191 -1.645507
v -1.181238 1.503887 -1.887425
v -1.635204 -0.125110 -0.812328
v -1.634652 -0.127587 -1.016458
v -1.634100 -0.130065 -1.220587
v -1.633548 -0.132543 -1.424717
v -1.632997 -0.135021 -1.628847
v -1.593577 0.277977 -0.883892
v -1.594315 0.237266 -1.139242
v -1.595054 0.196555 -1.394592
v -1.595792 0.155845 -1.649941
v -1.596531 0.115134 -1.905291
v -1.502120 0.839589 -0.895847
v -1.505409 0.829184 -1.146719
v -1.508698 0.818780 -1.397591
v -1.511987 0.808376 -1.648463
v -1.515276 0.797972 -1.899336
v -1.352352 1.328168 -0.910156
v -1.346719 1.321988 -1.158905
v -1.341085 1.315808 -1.407654
v -1.335452 1.309628 -1.656403
v -1.329819 1.303448 -1.905152
v -1.147621 1.566995 -0.919756
v -1.140376 1.565691 -1.161673
v -1.133130 1.564387 -1.403590
v -1.125885 1.563083 -1.645507
v -1.118640 1.561778 -1.887425
v -1.053723 1.609683 -0.919756
v -1.046478 1.608814 -1.161673
v -1.039233 1.607944 -1.403590
v -1.031987 1.607075 -1.645507
v -1.024742 1.606205 -1.887425
v -1.535318 0.629547 -1.900805
v -1.532658 0.647427 -1.648828
v -1.529998 0.665306 -1.396851
v -1.527338 0.683185 -1.144875
v -1.524678 0.701065 -0.892898
v -1.562403 0.401934 -1.902790
v -1.560593 0.429916 -1.649321
v -1.558783 0.457898 -1.395851
v -1.556974 0.485879 -1.142382
v -1.555164 0.513861 -0.888913
v -1.361733 1.216465 -1.904151
v -1.365831 1.223372 -1.655037
v -1.369928 1.230279 -1.405922
v -1.374026 1.237186 -1.156808
v -1.378124 1.244093 -0.907694
v -1.388155 1.144451 -1.903323
v -1.390981 1.151959 -1.653906
v -1.393808 1.159468 -1.404489
v -1.396635 1.166977 -1.155072
v -1.399462 1.174486 -0.905655
v -1.602820 -0.822093 -0.743288
v -1.603429 -0.818987 -0.932230
v -1.604038 -0.815882 -1.121173
v -1.604646 -0.812776 -1.310115
v -1.605255 -0.809670 -1.499057
v -1.600384 -0.825538 -1.508049
v -1.599752 -0.828676 -1.317127
v -1.599119 -0.831814 -1.126204
v -1.598486 -0.834952 -0.935281
v -1.597854 -0.838089 -0.744359
v -1.587916 -0.835535 -1.514620
v -1.587265 -0.838696 -1.322248
v -1.586615 -0.841857 -1.129875
v -1.585965 -0.845019 -0.937502
v -1.585315 -0.848180 -0.745130
v -1.571189 -0.836982 -1.517008
v -1.570533 -0.840152 -1.324105
v -1.569877 -0.843322 -1.131202
v -1.569221 -0.846492 -0.938298
v -1.568564 -0.849661 -0.745395
v -1.573519 -0.690319 -0.766046
v -1.574175 -0.682339 -0.971302
v -1.574831 -0.674358 -1.176558
v -1.575487 -0.666378 -1.381814
v -1.576143 -0.658398 -1.587070
v -1.592615 -0.666146 -1.581144
v -1.591958 -0.674082 -1.377030
v -1.591301 -0.682017 -1.172915
v -1.590644 -0.689953 -0.968801
v -1.589987 -0.697889 -0.764686
v -1.604394 -0.681272 -1.564908
v -1.603734 -0.689085 -1.363912
v -1.603074 -0.696899 -1.162916
v -1.602415 -0.704712 -0.961920
v -1.601755 -0.712526 -0.760924
v -1.608321 -0.699721 -1.542713
v -1.607658 -0.707368 -1.345976
v -1.606995 -0.715015 -1.149240
v -1.606333 -0.722662 -0.952504
v -1.605670 -0.730309 -0.755768
v -1.317038 1.302623 0.036277
v -1.310517 1.311028 -0.123270
v -1.303996 1.319432 -0.282816
v -1.223170 1.468035 0.047750
v -1.222355 1.481317 -0.117387
v -1.221540 1.494599 -0.282523
v -1.319783 1.259488 0.067829
v -1.308389 1.267250 -0.084213
v -1.296995 1.275012 -0.236254
v -1.172309 1.525926 0.047750
v -1.167581 1.539208 -0.117387
v -1.162854 1.552490 -0.282523
v -1.101885 1.544562 0.089134
v -1.089333 1.564412 -0.089797
v -1.076781 1.584263 -0.268728
v -1.252949 1.360431 0.443210
v -1.238467 1.407592 0.328048
v -1.339860 1.229640 0.416303
v -1.331709 1.261929 0.306063
v -1.346232 1.190978 0.418303
v -1.338704 1.221352 0.319087
v -1.205129 1.414668 0.465067
v -1.191082 1.463656 0.338976
v -1.127429 1.471701 0.379385
v -1.140421 1.418691 0.490705
v -1.402217 0.831637 1.307490
v -1.384828 0.947216 1.154037
v -1.442004 0.770103 1.209959
v -1.423535 0.869196 1.071721
v -1.424610 0.836544 1.053176
v -1.415531 0.893631 0.977152
v -1.342706 0.881423 1.351536
v -1.321966 1.003181 1.194888
v -1.333206 1.153677 0.840827
v -1.388765 1.056121 0.783978
v -1.391398 1.031835 0.763055
v -1.279899 1.212368 0.878324
v -1.486575 0.301283 -0.150772
v -1.486575 0.283278 0.066482
v -1.486575 0.265274 0.283736
v -1.600591 -0.159678 0.273649
v -1.601362 -0.152150 0.059921
v -1.602133 -0.144622 -0.153807
v -1.614139 -0.328229 -0.161075
v -1.614139 -0.331163 0.055738
v -1.614139 -0.334097 0.272550
v -1.460242 0.355840 -0.114307
v -1.460242 0.332170 0.091030
v -1.460242 0.308500 0.296367
v -1.580536 -0.660516 0.268485
v -1.580536 -0.656882 0.049873
v -1.580536 -0.653248 -0.168740
v -1.495298 -1.062932 0.269402
v -1.495298 -1.058245 0.050348
v -1.495298 -1.053558 -0.168706
v -1.407761 -1.214417 0.267963
v -1.407761 -1.214417 0.049521
v -1.407761 -1.214417 -0.168922
v -1.597074 -0.700560 0.267752
v -1.597073 -0.696924 0.049100
v -1.597073 -0.693289 -0.169552
v -1.552267 -0.865530 0.270094
v -1.552277 -0.861974 0.050917
v -1.552287 -0.858418 -0.168260
v -1.590028 -0.838266 0.269591
v -1.590031 -0.834710 0.050518
v -1.590035 -0.831153 -0.168555
v -1.581174 -0.846607 -0.168421
v -1.581167 -0.850163 0.050704
v -1.581161 -0.853720 0.269828
v -1.565787 -0.856301 -0.168311
v -1.565779 -0.859857 0.050852
v -1.565771 -0.863414 0.270014
v -1.547996 -0.857638 -0.168254
v -1.547988 -0.861194 0.050923
v -1.547981 -0.864751 0.270100
v -1.592790 -0.699781 0.267758
v -1.592788 -0.696145 0.049106
v -1.592786 -0.692509 -0.169546
v -1.608208 -0.699896 -0.169535
v -1.608209 -0.703532 0.049131
v -1.608209 -0.707167 0.267797
v -1.617130 -0.714037 -0.169459
v -1.617127 -0.717672 0.049245
v -1.617125 -0.721307 0.267949
v -1.617159 -0.731143 -0.169337
v -1.617154 -0.734777 0.049418
v -1.617149 -0.738411 0.268174
v -1.614139 -0.339966 0.695416
v -1.614139 -0.342900 0.901470
v -1.614139 -0.345835 1.107523
v -1.486575 0.238865 0.716288
v -1.486575 0.230461 0.931586
v -1.486575 0.222056 1.146884
v -1.597507 -0.183921 1.128561
v -1.598278 -0.178349 0.914833
v -1.599049 -0.172778 0.701105
v -1.460062 0.277068 0.654765
v -1.459882 0.269306 0.807826
v -1.459703 0.261544 0.960886
v -1.580536 -0.675052 1.091585
v -1.580536 -0.671418 0.890089
v -1.580536 -0.667784 0.688593
v -1.495298 -1.079234 1.091823
v -1.495298 -1.075362 0.890701
v -1.495298 -1.071490 0.689578
v -1.407761 -1.214417 1.090384
v -1.407761 -1.214417 0.889058
v -1.407761 -1.214417 0.687732
v -1.597053 -0.723047 1.064093
v -1.597060 -0.716763 0.871530
v -1.597067 -0.710479 0.678967
v -1.552205 -0.880096 0.984918
v -1.552222 -0.876426 0.819702
v -1.552240 -0.872756 0.654486
v -1.590294 -0.852634 0.971368
v -1.590204 -0.849030 0.810467
v -1.590114 -0.845426 0.649566
v -1.581191 -0.860913 0.652012
v -1.581227 -0.864550 0.815070
v -1.581263 -0.868186 0.978129
v -1.565760 -0.870631 0.653815
v -1.565757 -0.874292 0.818453
v -1.565754 -0.877953 0.983091
v -1.547956 -0.871977 0.654492
v -1.547939 -0.875647 0.819708
v -1.547922 -0.879317 0.984924
v -1.592771 -0.722268 1.064099
v -1.592778 -0.715984 0.871536
v -1.592785 -0.709701 0.678973
v -1.608190 -0.717015 0.676948
v -1.608171 -0.723228 0.867433
v -1.608152 -0.729440 1.057918
v -1.617070 -0.730959 0.671461
v -1.617017 -0.736977 0.856270
v -1.616965 -0.742994 1.041079
v -1.617045 -0.747796 0.663984
v -1.616947 -0.753547 0.841038
v -1.616849 -0.759299 1.018092
v -1.466887 0.180629 2.266690
v -1.475492 0.230141 1.999648
v -1.484097 0.279653 1.732605
v -1.576655 0.029015 2.273690
v -1.564751 0.087103 2.004766
v -1.552847 0.145191 1.735843
v -1.600055 -0.303539 2.177812
v -1.598826 -0.272953 1.945618
v -1.597597 -0.242366 1.713423
v -1.496527 -1.084349 1.468083
v -1.497755 -1.083147 1.500581
v -1.498984 -1.081945 1.533080
v -1.593482 -0.387830 1.585992
v -1.590596 -0.399600 1.700535
v -1.587710 -0.411369 1.815078
v -1.570101 -0.690455 1.610920
v -1.573580 -0.691407 1.558452
v -1.577058 -0.692360 1.505984
v -1.407761 -1.214417 1.526454
v -1.407761 -1.214417 1.497111
v -1.407761 -1.214417 1.467768
v -1.117104 0.368778 2.449080
v -0.386386 0.378125 2.510935
v -0.840288 0.382567 2.488347
v -1.271649 0.399884 2.301397
v -0.676333 0.377456 2.498720
v -1.131773 0.400984 2.256379
v -0.678823 0.400512 2.368405
v -0.844803 0.416372 2.328789
v -1.293620 0.425732 2.112706
v -0.383498 0.404864 2.371356
v -1.395512 0.378217 1.805478
v -1.374201 0.339073 2.062614
v -1.355876 0.305296 2.286424
v -1.433257 0.435185 1.631387
v -0.253193 0.439201 2.198640
v -0.126597 0.439201 2.205160
v -0.259714 0.348636 2.667041
v -0.129857 0.348636 2.669215
v -0.264544 0.245392 3.006749
v -0.132272 0.245392 3.012183
v -0.264544 0.194404 3.115427
v -0.132272 0.189876 3.120861
v -0.264544 0.104594 3.242218
v -0.132272 0.103085 3.247652
v -0.264544 -0.088309 3.372631
v -0.132272 -0.089818 3.378065
v -0.264544 -0.178325 3.588331
v -0.132272 -0.179835 3.590504
v -0.264544 -0.323053 3.617156
v -0.132272 -0.324563 3.619330
v -0.264544 -0.998516 3.615798
v -0.132272 -1.000026 3.617971
v -0.264544 -1.180325 3.425611
v -0.132272 -1.181835 3.427785
v -0.264544 -1.218891 3.026220
v -0.132272 -1.220400 3.028394
v -0.265364 0.074440 3.262158
v -0.132682 0.073067 3.267112
v -0.263724 -0.046556 3.351691
v -0.131862 -0.046038 3.356603
v -0.264544 -1.218891 1.552833
v -0.132272 -1.220400 1.555007
v -0.257591 0.377874 2.515798
v -0.128795 0.377623 2.520661
v -0.255666 0.405775 2.371605
v -0.127833 0.406686 2.371854
v -0.581931 0.439201 2.163863
v -0.480860 0.439201 2.177991
v -0.578670 0.348636 2.662694
v -0.484121 0.348636 2.663781
v -0.570701 0.245392 2.990454
v -0.483758 0.245392 2.995882
v -0.570701 0.198933 3.100531
v -0.483758 0.198933 3.104559
v -0.570701 0.106104 3.227469
v -0.483758 0.106104 3.231350
v -0.618499 -0.079253 3.356329
v -0.507658 -0.083026 3.361763
v -0.618499 -0.174510 3.576183
v -0.507658 -0.175663 3.581170
v -0.618499 -0.313997 3.599768
v -0.507658 -0.317770 3.607375
v -0.592084 -1.181332 3.403695
v -0.494450 -1.180074 3.413566
v -0.592084 -0.984428 3.599315
v -0.494450 -0.990717 3.606470
v -0.592084 -1.219897 3.004304
v -0.494450 -1.218639 3.014175
v -0.574959 0.075629 3.247222
v -0.486503 0.075720 3.251538
v -0.613284 -0.040620 3.336430
v -0.504435 -0.043847 3.341552
v -0.592084 -1.219897 1.530917
v -0.494450 -1.218639 1.540788
v -0.579684 0.377679 2.502791
v -0.483035 0.377902 2.506863
v -0.580381 0.401963 2.369389
v -0.481940 0.403414 2.370372
v -0.396816 -0.490409 3.614643
v -0.396816 -0.659275 3.614303
v -0.396816 -0.828141 3.613964
v -0.719435 -0.477202 3.592160
v -0.709529 -0.644181 3.592160
v -0.699624 -0.811160 3.592160
v -0.264544 -0.491919 3.616817
v -0.264544 -0.660785 3.616477
v -0.264544 -0.829650 3.616138
v -0.132272 -0.493428 3.618990
v -0.132272 -0.662294 3.618651
v -0.132272 -0.831160 3.618311
v -0.611895 -0.481605 3.599655
v -0.605291 -0.649212 3.599541
v -0.598688 -0.816820 3.599428
v -0.504356 -0.486007 3.607149
v -0.501054 -0.654244 3.606922
v -0.497752 -0.822481 3.606696
v -0.910953 -0.170733 3.564313
v -0.860725 -0.634752 3.585573
v -0.910953 -0.292291 3.585278
v -0.885375 -0.466972 3.585427
v -0.810796 -0.975377 3.585866
v -0.804003 -1.180846 3.392963
v -0.804003 -1.219411 2.993572
v -0.804003 -1.219411 1.520185
v -0.836210 -0.801431 3.585720
v -1.017717 -0.049145 3.271153
v -0.901982 -0.058925 3.295781
v -1.141616 -0.038674 3.227559
v -1.140806 -0.158617 3.465574
v -1.140806 -0.272729 3.484645
v -1.342132 0.014180 3.011605
v -1.342132 -0.128726 3.299183
v -1.342132 -0.242838 3.316360
v -1.079667 -0.043910 3.252719
v -1.078453 -0.163508 3.512091
v -1.078453 -0.277620 3.532108
v -1.203565 -0.033439 3.194846
v -1.203160 -0.153727 3.419057
v -1.203160 -0.267839 3.437181
v -1.420126 -0.972615 3.171733
v -0.988289 -1.179103 3.369583
v -1.017745 -0.972615 3.541192
v -1.196352 -0.972615 3.435450
v -1.140279 -1.179103 3.294990
v -1.254436 -0.972615 3.387638
v -1.190856 -1.179103 3.256959
v -1.263198 -0.411327 3.389283
v -1.063568 -0.448015 3.534335
v -1.201663 -0.422835 3.436801
v -1.137718 -0.434808 3.486383
v -1.261541 -0.517483 3.388972
v -1.050380 -0.599003 3.536309
v -1.200518 -0.541342 3.436510
v -1.135200 -0.566905 3.487800
v -1.035204 -0.772735 3.538580
v -1.326527 -0.704382 3.327301
v -1.131740 -0.748446 3.489748
v -1.198665 -0.733144 3.436038
v -1.549607 -0.836675 2.986969
v -1.427388 -0.716602 3.191783
v -1.258388 -0.719467 3.388380
v -1.537936 -0.282821 2.825254
v -1.593430 -0.145843 2.491853
v -1.459980 -0.972615 3.106277
v -1.521757 -0.540618 3.002142
v -1.488863 -0.776998 3.088763
v -1.516127 -0.418353 2.943127
v -1.520290 -0.638306 3.061252
v -1.545714 0.087274 -0.367776
v -1.544842 0.000418 1.351660
v -1.542367 0.043071 0.494284
v -1.614997 0.070561 -0.847067
v -1.544898 0.076230 -0.152304
v -1.619232 -0.057894 -1.956058
v -1.615656 0.044233 -1.074280
v -1.544069 0.065182 0.063196
v -1.616383 0.018135 -1.299540
v -1.543226 0.054129 0.278724
v -1.614390 0.097069 -0.618326
v -1.542987 0.032406 0.708673
v -1.617199 -0.007663 -1.522245
v -1.543605 0.021742 0.923033
v -1.618133 -0.033058 -1.741525
v -1.568110 -0.000162 1.473934
v -1.586969 -0.117570 2.231428
v -1.544224 0.011079 1.137362
v -1.581441 -0.089252 1.975795
v -1.573434 -0.033106 1.725529
v -1.424386 0.706273 -0.403150
v -1.427168 0.573597 -0.338324
v -1.449812 0.548052 -0.388790
v -1.404968 0.703874 -0.350863
v -1.583095 0.282726 -1.395007
v -1.584149 0.246504 -1.649736
v -1.581005 0.355176 -0.885535
v -1.586272 0.174067 -2.159183
v -1.585208 0.210285 -1.904461
v -1.579972 0.391406 -0.630791
v -1.582046 0.318949 -1.140274
v -1.591728 0.168302 -2.246237
v -1.590988 0.169411 -2.900556
v -1.593114 0.168949 -2.438988
v -1.592055 0.170024 -3.108390
v -1.554514 0.162820 -3.258497
v -1.592173 0.169176 -2.655052
v -1.539270 0.166495 -3.284569
v -0.568130 -0.785272 -3.534084
v -0.438854 -0.786141 -3.534084
v -0.565907 0.404209 -3.531786
v -0.435880 0.404209 -3.531734
v -0.564806 -0.095167 -3.534084
v -0.432283 -0.095167 -3.534084
v -0.568428 -0.179935 -3.534084
v -0.434094 -0.179935 -3.534084
v -0.568881 -0.411420 -3.534084
v -0.437173 -0.411420 -3.534084
v -0.567587 -0.681376 -3.534084
v -0.437768 -0.681376 -3.534084
v -0.588054 -1.095004 -3.410915
v -0.448817 -1.095873 -3.412727
v -0.574170 -0.791481 -3.550991
v -0.444889 -0.792344 -3.550976
v -0.451652 -0.804054 -3.567538
v -0.581088 -0.803175 -3.567522
v -0.456917 -0.822465 -3.575808
v -0.586781 -0.821550 -3.575721
v -0.459275 -0.842645 -3.573569
v -0.589726 -0.841683 -3.573391
v -0.604537 -1.071958 -3.481820
v -0.466680 -1.072955 -3.483331
v -0.465604 -1.092488 -3.470017
v -0.604151 -1.091556 -3.468358
v -0.461280 -1.103154 -3.450375
v -0.600336 -1.102271 -3.448612
v -0.454869 -1.102095 -3.429668
v -0.594112 -1.101231 -3.427873
v -0.582576 0.431991 -3.477734
v -0.461409 0.431991 -3.477686
v -0.203903 0.404209 -3.531629
v -0.101951 0.404209 -3.531577
v -0.206386 -0.785707 -3.534084
v -0.103193 -0.784402 -3.534084
v -0.205299 -0.681376 -3.534084
v -0.102650 -0.681376 -3.534084
v -0.199840 -0.179935 -3.534084
v -0.099920 -0.179935 -3.534084
v -0.199840 -0.095167 -3.534084
v -0.099920 -0.095167 -3.534084
v -0.203643 -0.411420 -3.534084
v -0.101822 -0.411420 -3.534084
v -0.206386 -1.095439 -3.414538
v -0.103193 -1.094135 -3.414538
v -0.210405 -0.791908 -3.550972
v -0.105203 -0.790608 -3.550983
v -0.107405 -0.802330 -3.567565
v -0.214811 -0.803631 -3.567559
v -0.109018 -0.820777 -3.575896
v -0.218036 -0.822079 -3.575895
v -0.109608 -0.841008 -3.573743
v -0.219216 -0.842308 -3.573745
v -0.219216 -1.072717 -3.484815
v -0.109608 -1.071482 -3.484788
v -0.109019 -1.090883 -3.471652
v -0.218037 -1.092152 -3.471664
v -0.107408 -1.101452 -3.452142
v -0.214817 -1.102745 -3.452140
v -0.105209 -1.100358 -3.431486
v -0.210417 -1.101658 -3.431475
v -0.226827 0.431991 -3.477588
v -0.113414 0.431991 -3.477539
v -0.898409 -0.783533 -3.534084
v -0.797907 -0.783968 -3.534084
v -0.903458 0.404209 -3.531943
v -0.799696 0.404209 -3.531891
v -0.904414 -0.095167 -3.534084
v -0.800871 -0.095167 -3.534084
v -0.906225 -0.179935 -3.534084
v -0.804494 -0.179935 -3.534084
v -0.900610 -0.411420 -3.534084
v -0.800600 -0.411420 -3.534084
v -0.899082 -0.681376 -3.534084
v -0.798244 -0.681376 -3.534084
v -0.785203 -1.129491 -3.361875
v -0.756247 -1.111813 -3.385489
v -0.904473 -0.789767 -3.551059
v -0.803962 -0.790192 -3.551033
v -0.810086 -0.801784 -3.567344
v -0.909648 -0.801272 -3.567182
v -0.813625 -0.819896 -3.574984
v -0.910605 -0.819158 -3.574333
v -0.813633 -0.839675 -3.571905
v -0.907089 -0.838630 -3.570597
v -0.813227 -1.114932 -3.432294
v -0.777810 -1.092947 -3.456301
v -0.774885 -1.110456 -3.442888
v -0.807072 -1.130288 -3.419077
v -0.769213 -1.119643 -3.423183
v -0.799034 -1.137899 -3.399517
v -0.762312 -1.118047 -3.402466
v -0.791268 -1.135726 -3.378855
v -0.897131 0.431991 -3.477880
v -0.800438 0.431991 -3.477832
v -0.848719 0.299831 2.911088
v -0.393263 0.296027 2.836307
v -0.665283 0.296027 2.830802
v -0.131088 0.296027 2.843977
v -0.262175 0.296027 2.840142
v -0.483936 0.296027 2.833005
v -0.574609 0.296027 2.829704
v -0.980423 0.302314 2.972184
v -1.172957 0.350674 2.638912
v -1.236352 0.450636 1.939216
v -1.194377 0.384331 2.375238
v -1.212697 0.413358 2.184542
v -1.011608 0.440240 2.054619
v -1.000350 0.339693 2.751295
v -1.012795 0.401035 2.294122
v -1.013715 0.372377 2.468167
v -1.298933 0.330161 2.515508
v -1.313763 0.352590 2.293911
v -1.333910 0.382403 2.087660
v -1.358951 0.418897 1.835555
v -1.408011 0.480211 1.701812
v -1.049691 0.319631 2.867029
v -1.082945 0.401008 2.273705
v -1.055449 0.335645 2.764895
v -1.099699 0.441018 2.032223
v -1.070086 0.370415 2.457761
v -0.966271 0.237140 3.089001
v -1.166659 0.272435 2.850742
v -1.043682 0.250315 3.033924
v -1.096447 0.259073 2.967309
v -1.295182 0.289939 2.598747
v -0.834130 0.217149 3.122778
v -1.236759 0.285821 2.725115
v -1.283484 0.164498 2.908625
v -1.156999 0.152430 3.092598
v -1.347592 0.160724 2.771397
v -0.822636 0.113622 3.204976
v -1.033835 0.136752 3.180407
v -1.223824 0.161407 3.010788
v -1.090047 0.143503 3.150080
v -0.941915 0.124973 3.199529
v -1.220840 0.132709 3.053096
v -1.506932 0.234991 1.733680
v -1.387322 0.440862 -3.448373
v -1.088464 0.114924 3.173986
v -1.280871 0.136475 2.961884
v -0.935444 0.095173 3.216690
v -1.154694 0.123799 3.124448
v -1.346529 0.132213 2.830544
v -1.486575 0.293942 1.357892
v -1.487012 0.095790 2.535691
v -0.819289 0.083477 3.224217
v -1.493863 0.143369 2.268411
v -1.512755 0.276835 1.466126
v -1.031329 0.107850 3.200448
v -1.500544 0.189995 2.001084
v -1.427110 0.140559 2.715850
v -1.343696 0.056166 2.957421
v -1.360160 0.626303 -3.462878
v -1.083997 0.034279 3.218266
v -0.810177 0.001399 3.272444
v -1.273394 0.056293 3.073033
v -0.917754 0.013706 3.256244
v -1.148125 0.042188 3.184321
v -1.212251 0.050098 3.136209
v -1.024322 0.027027 3.238824
v -1.424675 0.185837 -3.428426
v -0.565418 0.182730 -3.532805
v -1.295430 0.188418 -3.507977
v -1.007535 0.190766 -3.532888
v -0.800207 0.186996 -3.532845
v -1.144573 0.195493 -3.540282
v -0.303093 0.177967 -3.532770
v -0.696546 0.185112 -3.532824
v -0.101016 0.174294 -3.532731
v -0.903870 0.188881 -3.532866
v -0.202047 0.176130 -3.532750
v -0.434268 0.180349 -3.532787
v -0.800643 0.001888 -3.533658
v -0.432955 -0.001835 -3.533645
v -1.446089 0.039642 -3.416991
v -1.296314 0.011508 -3.507092
v -1.007810 0.003988 -3.533669
v -0.565015 -0.000498 -3.533648
v -1.149600 0.008868 -3.542243
v -0.100286 -0.005205 -3.533632
v -0.697061 0.000838 -3.533652
v -0.904226 0.002938 -3.533663
v -0.300882 -0.003172 -3.533641
v -0.200580 -0.004189 -3.533637
v -1.057294 1.365681 0.602931
v -0.961177 1.365681 0.603836
v -0.865059 1.365681 0.604742
v -0.768941 1.365681 0.605647
v -0.672824 1.365681 0.606553
v -0.576706 1.365681 0.607459
v -0.480588 1.365681 0.608364
v -0.384471 1.365681 0.609270
v -0.288353 1.365681 0.610176
v -0.192235 1.365681 0.611081
v -0.096118 1.365681 0.611987
v -0.972554 1.613813 -0.677839
v -0.884140 1.617073 -0.677839
v -0.795726 1.620333 -0.677839
v -0.707312 1.623594 -0.677839
v -0.618898 1.626854 -0.677839
v -0.530484 1.630114 -0.677839
v -0.442070 1.633375 -0.677839
v -0.353656 1.636635 -0.677839
v -0.265242 1.639895 -0.677839
v -0.176828 1.643156 -0.677839
v -0.088414 1.646416 -0.677839
v -0.084791 1.644188 -2.129342
v -0.169583 1.640656 -2.129342
v -0.254374 1.637124 -2.129342
v -0.339166 1.633592 -2.129342
v -0.423957 1.630060 -2.129342
v -0.508748 1.626528 -2.129342
v -0.593540 1.622996 -2.129342
v -0.678331 1.619464 -2.129342
v -0.763123 1.615932 -2.129342
v -0.847914 1.612400 -2.129342
v -0.932706 1.608868 -2.129342
v -1.021568 1.527972 0.268065
v -0.928698 1.531232 0.268065
v -0.835828 1.534492 0.268065
v -0.742958 1.537753 0.268065
v -0.650089 1.541013 0.268065
v -0.557219 1.544273 0.268065
v -0.464349 1.547534 0.268065
v -0.371479 1.550794 0.268065
v -0.278609 1.554054 0.268065
v -0.185740 1.557315 0.268065
v -0.092870 1.560575 0.268065
v -0.088686 1.639977 -0.447659
v -0.177371 1.636716 -0.447659
v -0.266057 1.633456 -0.447659
v -0.354743 1.630196 -0.447659
v -0.443429 1.626935 -0.447659
v -0.532114 1.623675 -0.447659
v -0.620800 1.620415 -0.447659
v -0.709486 1.617154 -0.447659
v -0.798171 1.613894 -0.447659
v -0.886857 1.610634 -0.447659
v -0.975543 1.607374 -0.447659
v -0.923889 1.590347 -2.636390
v -0.839899 1.591379 -2.636390
v -0.755909 1.592412 -2.636390
v -0.671919 1.593444 -2.636390
v -0.587929 1.594477 -2.636390
v -0.503939 1.595509 -2.636390
v -0.419949 1.596542 -2.636390
v -0.335960 1.597574 -2.636390
v -0.251970 1.598607 -2.636390
v -0.167980 1.599639 -2.636390
v -0.083990 1.600672 -2.636390
v -0.083341 1.587678 -2.889914
v -0.166683 1.585962 -2.889914
v -0.250024 1.584247 -2.889914
v -0.333366 1.582532 -2.889914
v -0.416707 1.580816 -2.889914
v -0.500048 1.579101 -2.889914
v -0.583390 1.577385 -2.889914
v -0.666731 1.575670 -2.889914
v -0.750072 1.573954 -2.889914
v -0.833414 1.572239 -2.889914
v -0.916755 1.570523 -2.889914
v -0.082693 1.566343 -3.159270
v -0.165386 1.565810 -3.158563
v -0.248079 1.565276 -3.157855
v -0.330772 1.564743 -3.157148
v -0.413464 1.564209 -3.156440
v -0.496157 1.563676 -3.155733
v -0.578850 1.563142 -3.155025
v -0.661543 1.562608 -3.154318
v -0.744236 1.562075 -3.153610
v -0.826929 1.561541 -3.152903
v -0.909622 1.561008 -3.152195
v -0.931022 1.606824 -2.382866
v -0.846384 1.608197 -2.382866
v -0.761745 1.609570 -2.382866
v -0.677107 1.610943 -2.382866
v -0.592469 1.612316 -2.382866
v -0.507830 1.613688 -2.382866
v -0.423192 1.615061 -2.382866
v -0.338554 1.616434 -2.382866
v -0.253915 1.617807 -2.382866
v -0.169277 1.619180 -2.382866
v -0.084638 1.620553 -2.382866
v -0.932252 1.452951 -3.279145
v -0.847502 1.455124 -3.280575
v -0.762752 1.457298 -3.282005
v -0.678001 1.459472 -3.283435
v -0.593251 1.461645 -3.284865
v -0.508501 1.463819 -3.286295
v -0.423751 1.465992 -3.287725
v -0.339001 1.468166 -3.289155
v -0.254251 1.470339 -3.290586
v -0.169500 1.472513 -3.292016
v -0.084750 1.474687 -3.293446
v -0.926158 1.374703 -3.353592
v -0.841962 1.376876 -3.353561
v -0.757766 1.379050 -3.353530
v -0.673570 1.381223 -3.353499
v -0.589373 1.383397 -3.353468
v -0.505177 1.385571 -3.353437
v -0.420981 1.387744 -3.353406
v -0.336785 1.389918 -3.353375
v -0.252589 1.392091 -3.353344
v -0.168392 1.394265 -3.353313
v -0.084196 1.396438 -3.353282
v -0.860524 1.299715 -3.403448
v -0.782295 1.301889 -3.403811
v -0.704066 1.304062 -3.404173
v -0.625836 1.306236 -3.404536
v -0.547607 1.308409 -3.404898
v -0.469377 1.310583 -3.405261
v -0.391147 1.312756 -3.405624
v -0.312918 1.314930 -3.405986
v -0.234689 1.317104 -3.406349
v -0.156459 1.319277 -3.406712
v -0.078230 1.321451 -3.407074
v -0.852485 1.263761 -3.358510
v -0.774983 1.265786 -3.358848
v -0.697481 1.267812 -3.359186
v -0.619980 1.269837 -3.359524
v -0.542478 1.271863 -3.359862
v -0.464976 1.273888 -3.360200
v -0.387474 1.275914 -3.360538
v -0.309972 1.277939 -3.360876
v -0.232471 1.279965 -3.361213
v -0.154969 1.281990 -3.361552
v -0.077467 1.284016 -3.361890
v -0.939347 1.609692 -1.887425
v -0.853952 1.613179 -1.887425
v -0.768557 1.616666 -1.887425
v -0.683161 1.620152 -1.887425
v -0.597766 1.623639 -1.887425
v -0.512371 1.627126 -1.887425
v -0.426976 1.630613 -1.887425
v -0.341581 1.634099 -1.887425
v -0.256186 1.637586 -1.887425
v -0.170790 1.641073 -1.887425
v -0.085395 1.644560 -1.887425
v -0.945988 1.610516 -1.645507
v -0.859990 1.613958 -1.645507
v -0.773991 1.617399 -1.645507
v -0.687992 1.620841 -1.645507
v -0.601993 1.624282 -1.645507
v -0.515994 1.627723 -1.645507
v -0.429995 1.631165 -1.645507
v -0.343996 1.634606 -1.645507
v -0.257997 1.638048 -1.645507
v -0.171998 1.641489 -1.645507
v -0.085999 1.644931 -1.645507
v -0.952630 1.611340 -1.403590
v -0.866027 1.614736 -1.403590
v -0.779424 1.618133 -1.403590
v -0.692822 1.621529 -1.403590
v -0.606219 1.624925 -1.403590
v -0.519616 1.628321 -1.403590
v -0.433014 1.631717 -1.403590
v -0.346411 1.635113 -1.403590
v -0.259808 1.638510 -1.403590
v -0.173205 1.641906 -1.403590
v -0.086603 1.645302 -1.403590
v -0.959271 1.612164 -1.161673
v -0.872065 1.615515 -1.161673
v -0.784858 1.618866 -1.161673
v -0.697652 1.622217 -1.161673
v -0.610445 1.625568 -1.161673
v -0.523239 1.628919 -1.161673
v -0.436032 1.632270 -1.161673
v -0.348826 1.635621 -1.161673
v -0.261619 1.638971 -1.161673
v -0.174413 1.642322 -1.161673
v -0.087206 1.645673 -1.161673
v -0.965913 1.612989 -0.919756
v -0.878102 1.616294 -0.919756
v -0.790292 1.619600 -0.919756
v -0.702482 1.622905 -0.919756
v -0.614672 1.626211 -0.919756
v -0.526861 1.629517 -0.919756
v -0.439051 1.632822 -0.919756
v -0.351241 1.636128 -0.919756
v -0.263431 1.639434 -0.919756
v -0.175620 1.642739 -0.919756
v -0.087810 1.646045 -0.919756
v -0.987049 1.587523 -0.268728
v -0.897317 1.590783 -0.268728
v -0.807586 1.594044 -0.268728
v -0.717854 1.597304 -0.268728
v -0.628122 1.600565 -0.268728
v -0.538390 1.603825 -0.268728
v -0.448659 1.607085 -0.268728
v -0.358927 1.610345 -0.268728
v -0.269195 1.613606 -0.268728
v -0.179463 1.616866 -0.268728
v -0.089732 1.620126 -0.268728
v -0.998555 1.567673 -0.089797
v -0.907778 1.570933 -0.089797
v -0.817000 1.574193 -0.089797
v -0.726222 1.577454 -0.089797
v -0.635444 1.580714 -0.089797
v -0.544667 1.583974 -0.089797
v -0.453889 1.587235 -0.089797
v -0.363111 1.590495 -0.089797
v -0.272333 1.593755 -0.089797
v -0.181556 1.597016 -0.089797
v -0.090778 1.600276 -0.089797
v -1.010062 1.547822 0.089134
v -0.918238 1.551082 0.089134
v -0.826414 1.554343 0.089134
v -0.734590 1.557603 0.089134
v -0.642766 1.560864 0.089134
v -0.550943 1.564124 0.089134
v -0.459119 1.567384 0.089134
v -0.367295 1.570644 0.089134
v -0.275471 1.573905 0.089134
v -0.183648 1.577165 0.089134
v -0.091824 1.580425 0.089134
v -0.095035 1.430645 0.497346
v -0.190070 1.429559 0.496743
v -0.285105 1.428472 0.496139
v -0.380140 1.427385 0.495535
v -0.475175 1.426298 0.494931
v -0.570210 1.425211 0.494328
v -0.665245 1.424125 0.493724
v -0.760280 1.423038 0.493120
v -0.855316 1.421951 0.492516
v -0.950351 1.420864 0.491913
v -1.045386 1.419778 0.491309
v -0.093952 1.495610 0.382706
v -0.187905 1.493437 0.382404
v -0.281857 1.491263 0.382102
v -0.375810 1.489090 0.381800
v -0.469762 1.486916 0.381498
v -0.563715 1.484743 0.381196
v -0.657667 1.482569 0.380894
v -0.751619 1.480395 0.380593
v -0.845572 1.478222 0.380291
v -0.939524 1.476048 0.379989
v -1.033477 1.473875 0.379687
v -1.071010 1.295588 0.705290
v -0.391625 1.296916 0.725703
v -0.975404 1.296179 0.709818
v -0.295144 1.296875 0.727660
v -0.882688 1.296210 0.711990
v -0.196772 1.296730 0.729232
v -0.789370 1.296276 0.714315
v -0.098391 1.296584 0.730805
v -0.697211 1.297985 0.710674
v -0.584586 1.296999 0.721791
v -1.166599 1.294967 0.700639
v -0.488106 1.296957 0.723747
v -0.994643 1.202189 0.853140
v -0.304284 1.204257 0.885802
v -0.595202 1.204466 0.875826
v -0.906508 1.202338 0.856907
v -1.184515 1.198898 0.834612
v -0.202880 1.203903 0.888293
v -0.498230 1.204396 0.879150
v -0.816950 1.202573 0.861026
v -1.089600 1.200587 0.844025
v -0.101451 1.203550 0.890787
v -0.401258 1.204327 0.882475
v -0.716296 1.204194 0.861087
v -0.843922 1.110938 1.004500
v -0.312850 1.117463 1.034001
v -1.108222 1.105427 0.982993
v -0.605378 1.115769 1.023478
v -0.104277 1.117666 1.038474
v -0.929974 1.109864 0.999668
v -0.410353 1.116902 1.030504
v -1.202635 1.101734 0.970112
v -0.734813 1.113195 1.007022
v -0.208560 1.117565 1.036238
v -1.013731 1.108940 0.995333
v -0.507863 1.116337 1.026996
v -0.322878 1.015857 1.207491
v -0.757113 1.003607 1.182769
v -1.131121 0.988403 1.153888
v -0.215173 1.017064 1.208449
v -0.617483 1.010267 1.199102
v -1.037036 0.995090 1.168940
v -0.107547 1.018268 1.209398
v -0.519260 1.012143 1.201930
v -0.958510 0.997411 1.173272
v -0.421058 1.014007 1.204727
v -0.876577 0.999995 1.178205
v -1.225081 0.981371 1.137965
v -0.531531 0.899956 1.390286
v -0.780470 0.888822 1.366850
v -0.987861 0.881747 1.351833
v -1.154295 0.869976 1.326833
v -0.222550 0.904933 1.400591
v -0.432716 0.901955 1.394454
v -0.630370 0.897942 1.386086
v -0.910460 0.884878 1.358446
v -1.060804 0.878980 1.345994
v -1.247629 0.860462 1.306579
v -0.111243 0.905923 1.402586
v -0.333924 0.903939 1.398589
v -0.642269 0.794227 1.558737
v -0.802470 0.780706 1.540237
v -0.942662 0.775475 1.529739
v -1.015967 0.770987 1.522823
v -1.083724 0.767007 1.516738
v -1.176896 0.754476 1.495503
v -1.269871 0.741197 1.472900
v -0.114499 0.806939 1.572798
v -0.229115 0.805166 1.571545
v -0.343847 0.803386 1.570281
v -0.443286 0.800358 1.566478
v -0.542760 0.797305 1.562630
v -0.660062 0.639139 1.816905
v -0.823743 0.625562 1.789041
v -0.119863 0.643901 1.853159
v -0.970634 0.620807 1.771903
v -0.239701 0.644273 1.847242
v -1.055215 0.616317 1.761600
v -0.359514 0.644645 1.841328
v -1.115374 0.612391 1.752508
v -0.459675 0.642826 1.833212
v -1.207655 0.597290 1.725049
v -0.559858 0.640990 1.825072
v -1.299715 0.581164 1.696074
v -1.077852 0.527111 1.899315
v -0.671616 0.538437 1.984540
v -0.369255 0.545944 2.009857
v -1.132445 0.528995 1.879676
v -0.841841 0.521314 1.956225
v -0.470013 0.543465 2.001450
v -0.123096 0.545601 2.022195
v -1.222265 0.522628 1.834082
v -0.994842 0.525153 1.921671
v -0.570800 0.540963 1.993011
v -0.246181 0.545772 2.016026
v -1.311949 0.515562 1.787560
v -0.077502 1.285378 -3.377661
v -0.930022 1.263098 -3.373943
v -1.072817 1.181066 -3.416304
v -1.093842 1.055874 -3.442402
v -1.139658 0.783060 -3.499271
v -1.142696 0.622035 -3.499271
v -1.115352 0.476201 -3.499271
v -0.993824 0.430628 -3.494071
v -0.113414 0.430628 -3.493681
v -0.800437 0.430628 -3.493973
v -0.703744 0.430628 -3.493925
v -0.461409 0.430628 -3.493827
v -0.340241 0.430628 -3.493778
v -1.084319 1.112577 -3.430581
v -0.582576 0.430628 -3.493876
v -0.226827 0.430628 -3.493730
v -0.897131 0.430628 -3.494022
v -0.852520 1.265123 -3.374281
v -0.775018 1.267149 -3.374619
v -0.697516 1.269174 -3.374958
v -0.620014 1.271200 -3.375295
v -0.542513 1.273225 -3.375633
v -0.465011 1.275251 -3.375971
v -0.387509 1.277276 -3.376309
v -0.310007 1.279302 -3.376647
v -0.232505 1.281327 -3.376985
v -0.155004 1.283353 -3.377323
v -1.429159 0.627359 -3.398116
v -1.462620 0.429709 -3.368346
v -1.481973 0.176166 -3.356498
v -1.493013 0.040861 -3.349855
v -0.333693 1.530451 -3.204020
v -1.002328 1.515979 -3.202688
v -0.250227 1.532237 -3.204047
v -0.166788 1.534016 -3.204040
v -1.417057 0.682489 -3.402421
v -0.083379 1.535790 -3.203996
v -1.275885 1.317254 -3.347146
v -1.370136 0.787568 -3.403464
v -0.918670 1.517805 -3.202952
v -0.835032 1.519626 -3.203190
v -1.292066 1.226140 -3.356807
v -0.751416 1.521442 -3.203402
v -0.667823 1.523254 -3.203586
v -0.584253 1.525061 -3.203740
v -1.305476 1.150692 -3.364817
v -0.500708 1.526863 -3.203865
v -1.083944 1.479133 -3.241222
v -0.417188 1.528660 -3.203959
v -1.546715 -0.703952 -3.203253
v -1.378688 -0.074707 -3.457900
v -1.410022 -0.163576 -3.438991
v -1.550586 -0.722129 -3.294824
v -1.556448 -0.721055 -3.270864
v -1.557087 -0.716516 -3.243103
v -1.552334 -0.709727 -3.218980
v -1.421995 -0.224431 -3.495979
v -1.423838 -0.202052 -3.489403
v -1.421603 -0.181984 -3.474554
v -1.415887 -0.169605 -3.455411
v -1.433043 -0.623093 -3.425379
v -1.399115 -0.412816 -3.504029
v -1.319748 0.622861 -3.481924
v -1.340916 0.444528 -3.478701
v -1.360315 0.187122 -3.468040
v -1.371506 0.025632 -3.461859
v -1.491901 -0.032156 -3.331657
v -0.168973 1.435265 -3.321194
v -0.084489 1.437727 -3.321709
v -1.013600 1.410728 -3.316567
v -0.929154 1.413175 -3.316988
v -0.844705 1.415625 -3.317419
v -0.760252 1.418075 -3.317858
v -1.214180 1.221548 -3.408872
v -0.675796 1.420527 -3.318307
v -1.302261 0.686761 -3.497856
v -0.591335 1.422980 -3.318765
v -1.299283 0.788209 -3.478199
v -0.506871 1.425434 -3.319232
v -1.196503 1.311539 -3.394468
v -0.422402 1.427890 -3.319708
v -1.228819 1.147022 -3.420799
v -0.337930 1.430347 -3.320194
v -0.253453 1.432806 -3.320689
vn 0.0120 0.9873 0.1585
vn 0.0205 0.9841 0.1764
vn 0.0085 0.9820 0.1888
vn 0.0586 0.9916 0.1155
vn -0.0032 0.9916 0.1293
vn 0.0103 0.9564 0.2919
vn -0.0117 0.9551 0.2960
vn -0.1481 0.9501 0.2746
vn -0.0608 0.9805 0.1869
vn 0.0042 0.8830 0.4694
vn 0.0246 0.9192 0.3930
vn -0.1943 0.9086 0.3697
vn 0.0040 0.8298 0.5581
vn 0.0369 0.8063 0.5903
vn -0.1858 0.7564 0.6272
vn 0.0332 0.4531 0.8909
vn 0.0348 0.5963 0.8020
vn -0.1104 0.5910 0.7991
vn -0.3038 -0.8694 -0.3897
vn 0.0008 0.9197 0.3927
vn 0.0361 0.9151 0.4015
vn -0.0141 -0.9214 -0.3884
vn -0.0024 0.9231 0.3846
vn -0.9128 -0.3393 -0.2273
vn -0.6721 -0.1102 -0.7322
vn 0.0515 0.1882 0.9808
vn -0.5911 -0.1233 -0.7971
vn 0.0066 0.1558 0.9878
vn -0.0433 -0.1750 -0.9836
vn 0.0139 0.1953 0.9806
vn 0.0155 -0.0009 0.9999
vn 0.0726 -0.0024 0.9974
vn 0.0165 -0.0020 0.9999
vn 0.0789 -0.7160 0.6937
vn 0.0196 -0.7227 0.6909
vn -0.0545 0.0074 -0.9985
vn 0.0352 -0.6903 0.7227
vn 0.0159 -0.9952 0.0961
vn 0.0129 -0.9953 0.0961
vn -0.0031 -0.9954 0.0961
vn 0.2776 -0.6467 0.7105
vn 0.5138 -0.5619 0.6483
vn 0.7276 -0.4935 0.4765
vn 0.0532 -0.9949 0.0856
vn 0.0647 -0.9957 0.0670
vn 0.0789 -0.9953 0.0567
vn -0.0537 0.0068 -0.9985
vn -0.7773 -0.5205 -0.3535
vn -0.0524 0.0070 -0.9986
vn -0.8027 0.0407 -0.5950
vn 0.7491 -0.0149 0.6623
vn 0.8412 -0.0861 0.5339
vn 0.9389 0.0768 0.3354
vn -0.9717 0.0911 -0.2179
vn 0.8923 0.2238 0.3920
vn -0.9808 -0.0598 -0.1854
vn -0.8346 -0.5509 0.0025
vn 0.9940 -0.1089 -0.0085
vn 0.9978 -0.0572 0.0343
vn 0.9833 -0.1796 0.0306
vn -0.9923 -0.1236 -0.0028
vn -0.9082 -0.4132 -0.0667
vn 0.9050 0.2436 0.3488
vn -0.0762 0.4691 0.8798
vn -0.0394 0.5330 0.8452
vn 0.0281 0.5914 0.8059
vn 0.2690 0.2687 0.9249
vn 0.0285 0.4589 0.8880
vn 0.0265 0.5557 0.8310
vn -0.4313 0.1054 0.8960
vn 0.9966 0.0455 0.0685
vn -0.9945 -0.1048 -0.0040
vn -0.9981 -0.0622 -0.0033
vn -0.9874 -0.0607 -0.1461
vn -0.9624 -0.1751 -0.2076
vn -0.9111 -0.1767 -0.3723
vn -0.9286 -0.2487 -0.2756
vn -0.8445 -0.5224 -0.1181
vn -0.8604 -0.5094 -0.0146
vn -0.9866 -0.1610 0.0257
vn -0.9158 -0.3940 -0.0780
vn -0.9169 -0.3703 -0.1490
vn 0.9428 0.2591 0.2097
vn 0.9936 0.1067 0.0379
vn -0.9755 -0.1864 0.1165
vn -0.9311 -0.1935 0.3091
vn -0.9647 -0.2631 -0.0103
vn -0.9652 -0.2608 -0.0194
vn 0.9937 0.0796 -0.0794
vn -0.9759 -0.1745 0.1312
vn -0.9388 -0.1824 -0.2922
vn -0.7452 -0.6662 -0.0296
vn -0.9945 0.0254 0.1020
vn -0.9907 -0.1331 0.0298
vn -0.9000 -0.2166 -0.3782
vn -0.9926 -0.1124 0.0457
vn -0.9574 0.2802 0.0696
vn -0.8405 -0.5392 -0.0532
vn -0.9859 0.1494 -0.0759
vn -0.9948 0.1023 0.0015
vn -0.9949 0.1013 0.0016
vn 0.9959 -0.0788 0.0452
vn 0.9778 -0.2090 -0.0118
vn -0.9446 0.3230 -0.0582
vn -0.9610 0.2765 0.0052
vn 0.8266 -0.5628 -0.0055
vn 0.8296 -0.5583 -0.0047
vn -0.8358 0.5490 0.0053
vn -0.8624 0.5061 0.0054
vn -0.8671 0.4966 0.0378
vn -0.9606 0.2779 0.0057
vn 0.9505 -0.2551 0.1776
vn -0.9498 -0.3129 -0.0079
vn -0.9895 -0.1327 0.0571
vn -0.9243 -0.3816 -0.0063
vn -1.0000 -0.0000 -0.0000
vn -1.0000 -0.0056 -0.0018
vn -0.9998 -0.0035 0.0209
vn -0.9913 0.1316 0.0042
vn -0.9697 0.2440 -0.0118
vn -0.7991 0.6012 -0.0065
vn -0.9905 0.0720 0.1175
vn -0.9939 0.1100 -0.0130
vn -0.9975 0.0677 0.0220
vn -0.9812 0.1918 0.0216
vn -0.9908 -0.1344 0.0149
vn -0.9934 -0.1139 0.0088
vn -0.9366 -0.3503 0.0117
vn -0.7847 -0.6191 0.0300
vn -0.8269 -0.5547 -0.0929
vn -0.8343 -0.5409 -0.1069
vn 0.7263 0.5192 0.4505
vn -0.7295 -0.5869 -0.3514
vn -0.7576 -0.6171 -0.2126
vn -0.7977 -0.5956 -0.0943
vn -0.6788 -0.7340 0.0243
vn -0.7633 -0.6448 -0.0391
vn -0.6790 -0.7342 0.0016
vn -0.7721 -0.6165 -0.1544
vn -0.4121 -0.9110 0.0164
vn -0.2778 -0.9574 -0.0782
vn -0.3943 -0.9189 -0.0123
vn -0.0372 -0.9993 0.0015
vn -0.0351 -0.9933 -0.1101
vn -0.0368 -0.9989 -0.0279
vn -0.3850 -0.8631 -0.3269
vn -0.0261 -0.8683 -0.4954
vn -0.8057 0.5921 0.0170
vn -0.9744 0.2249 -0.0007
vn -0.9996 -0.0113 -0.0250
vn -0.9997 0.0012 0.0230
vn -0.9958 -0.0451 -0.0792
vn -0.9955 -0.0931 0.0193
vn -0.9998 -0.0212 0.0067
vn -1.0000 0.0003 0.0099
vn -0.9962 0.0478 0.0726
vn -0.9989 0.0448 0.0139
vn -0.9987 0.0504 0.0039
vn -0.9987 0.0511 -0.0037
vn -0.9990 0.0423 -0.0106
vn -0.9854 0.0150 0.1697
vn -0.9281 0.0443 0.3697
vn -0.9935 -0.1138 -0.0054
vn -0.9935 -0.1139 0.0015
vn -0.9855 -0.1566 0.0648
vn -0.9902 -0.1394 0.0064
vn -0.9705 -0.2279 0.0789
vn -0.9802 -0.1918 0.0503
vn -0.9584 -0.2745 0.0788
vn -0.9726 -0.2274 0.0486
vn -0.9473 -0.3092 0.0833
vn -0.9634 -0.2613 0.0604
vn -0.9027 -0.4284 -0.0408
vn -0.9646 -0.2522 -0.0775
vn -0.7604 -0.3795 0.5270
vn -0.9706 0.0565 0.2342
vn -0.9972 -0.0753 -0.0028
vn -0.8075 0.0146 0.5897
vn -0.9960 -0.0895 0.0056
vn -0.9950 -0.0997 0.0062
vn -0.9947 -0.1025 -0.0088
vn -0.9922 -0.1112 -0.0562
vn -0.9599 -0.2785 -0.0325
vn -0.9528 -0.3019 0.0327
vn -0.9456 -0.3240 0.0288
vn -0.9277 -0.3704 0.0469
vn -0.8800 -0.4684 -0.0785
vn -0.9799 -0.1986 0.0202
vn -0.9963 -0.0855 0.0018
vn -0.9945 -0.1031 0.0197
vn -0.9900 -0.1400 0.0161
vn -0.9836 -0.1800 -0.0072
vn -0.3952 -0.0241 0.9183
vn -0.3582 -0.6619 -0.6585
vn -0.3558 -0.9341 -0.0283
vn -0.3548 -0.9349 0.0098
vn -0.3467 -0.9379 0.0143
vn -0.3184 -0.9479 0.0087
vn -0.3580 -0.9317 -0.0621
vn -0.3790 0.9252 0.0178
vn -0.3808 0.9246 0.0064
vn -0.3822 0.9241 0.0005
vn -0.3874 0.9219 0.0008
vn -0.3713 0.9284 -0.0122
vn -0.9717 -0.2287 -0.0594
vn -0.9915 -0.1270 0.0273
vn -0.9935 -0.1138 0.0028
vn -0.9873 -0.1574 0.0234
vn -0.9833 -0.1796 0.0281
vn -0.3547 -0.9350 0.0073
vn -0.3478 0.1704 0.9219
vn -0.3407 -0.9402 0.0046
vn -0.3988 0.9170 -0.0114
vn -0.3847 0.9230 -0.0032
vn -0.3571 -0.9341 0.0034
vn -0.3654 -0.4048 -0.8382
vn -0.3630 -0.9315 0.0226
vn -0.3683 0.9282 0.0529
vn -0.3823 0.9240 -0.0028
vn -0.3855 0.9227 0.0048
vn -0.3495 -0.9369 0.0066
vn -0.0289 -0.9996 0.0040
vn -0.9916 -0.0253 0.1266
vn -0.9930 -0.1174 0.0108
vn -0.9948 -0.1017 0.0027
vn -0.9890 -0.1478 0.0098
vn -0.9849 -0.1731 0.0042
vn -0.0142 -0.9968 0.0789
vn -0.0494 -0.9986 0.0177
vn -0.2104 -0.9765 0.0462
vn -0.0138 -0.9966 0.0810
vn -0.0164 -0.9986 0.0499
vn -0.3904 -0.9197 0.0418
vn -0.9401 -0.3353 0.0614
vn -0.9561 -0.2929 0.0079
vn -0.9687 -0.2481 0.0082
vn -0.9794 -0.2020 0.0088
vn -0.9860 -0.1664 0.0074
vn -0.7691 -0.2229 0.5990
vn -0.8024 -0.5968 0.0074
vn -0.7935 -0.6085 0.0073
vn -0.7848 -0.6198 0.0069
vn -0.7812 -0.6243 -0.0006
vn -0.7478 -0.6599 0.0727
vn -0.0426 -0.7669 0.6403
vn -0.5673 -0.8054 0.1718
vn -0.6674 -0.7445 0.0170
vn -0.6464 -0.7628 0.0171
vn -0.6252 -0.7803 0.0155
vn -0.5937 -0.8046 0.0099
vn -0.4442 -0.8959 0.0088
vn -0.2516 -0.7834 0.5683
vn -0.0257 -0.6025 0.7977
vn -0.4767 -0.1746 0.8615
vn -0.4058 -0.2189 0.8874
vn -0.0336 -0.6672 0.7441
vn -0.0239 -0.8286 0.5593
vn 0.0268 -0.4930 0.8696
vn -0.0173 -0.5838 0.8117
vn -0.2143 -0.2176 0.9522
vn -0.3332 -0.0249 0.9425
vn -0.2393 -0.0063 0.9709
vn -0.2968 -0.3842 0.8742
vn -0.5121 0.0011 0.8589
vn -0.2398 -0.0064 0.9708
vn 0.0392 0.0422 0.9983
vn 0.0023 0.0075 1.0000
vn 0.0022 -0.0064 1.0000
vn -0.0435 0.0769 0.9961
vn -0.2119 0.2466 0.9457
vn -0.1980 0.0063 0.9802
vn -0.1901 0.0150 0.9816
vn -0.2238 0.0412 0.9738
vn 0.0502 -0.0066 0.9987
vn 0.0004 -0.0042 1.0000
vn 0.0003 -0.0046 1.0000
vn 0.0004 -0.0049 1.0000
vn -0.0000 -0.0000 1.0000
vn -0.4282 0.3389 0.8377
vn -0.8336 0.4127 0.3672
vn -0.9054 0.3810 -0.1876
vn -0.9176 -0.0327 0.3961
vn -0.9916 0.0702 0.1086
vn -0.9556 0.2040 -0.2128
vn -0.9716 -0.2087 -0.1111
vn -0.9976 -0.0533 0.0447
vn -0.9742 0.0278 0.2240
vn -0.8619 -0.4963 0.1037
vn -0.9103 -0.1891 0.3682
vn -0.7872 0.1629 0.5948
vn -0.9683 0.2063 -0.1404
vn -0.9294 0.1579 0.3336
vn -0.6983 0.0782 0.7115
vn 0.8082 -0.0343 0.5879
vn 0.3247 -0.0136 0.9457
vn -0.2726 0.0127 0.9620
vn -0.0100 -0.8168 0.5768
vn -0.0050 -0.4116 0.9113
vn 0.0013 0.1059 0.9944
vn 0.8039 -0.0682 0.5908
vn 0.3179 -0.0269 0.9477
vn -0.3030 0.0306 0.9525
vn 0.4836 -0.5656 0.6680
vn 0.1845 -0.2221 0.9574
vn -0.1812 0.1948 0.9639
vn 0.0034 -0.8150 0.5794
vn -0.0013 -0.3973 0.9177
vn -0.0115 0.1356 0.9907
vn 0.0055 -0.8156 0.5786
vn 0.0025 -0.4103 0.9120
vn -0.0018 0.1077 0.9942
vn -0.4802 -0.2085 0.8520
vn -0.3543 -0.5809 0.7329
vn -0.1744 -0.8498 0.4974
vn -0.6904 0.2677 0.6721
vn -0.8917 0.3736 0.2554
vn -0.8915 0.4049 -0.2032
vn -0.0767 -0.8200 0.5671
vn -0.1326 -0.3434 0.9298
vn -0.1373 0.2610 0.9555
vn -0.1150 -0.8262 0.5516
vn -0.1875 -0.3814 0.9052
vn -0.1829 0.2074 0.9610
vn 0.0066 0.5607 0.8280
vn 0.0104 0.8792 0.4763
vn 0.0122 0.9985 -0.0524
vn -0.1943 0.5857 0.7869
vn 0.1679 0.8643 0.4741
vn 0.4660 0.8802 0.0898
vn -0.0134 0.5623 0.8268
vn -0.0116 0.8798 0.4752
vn -0.0056 0.9986 -0.0534
vn -0.0749 0.7230 0.6868
vn -0.0202 0.9562 0.2921
vn 0.0329 0.9927 -0.1164
vn -0.1130 0.7153 0.6897
vn -0.0544 0.9544 0.2934
vn 0.0082 0.9927 -0.1206
vn -0.1347 0.5555 0.8205
vn -0.1152 0.9241 0.3645
vn -0.0862 0.9864 -0.1400
vn -0.8126 0.3896 -0.4334
vn -0.8412 0.3358 -0.4238
vn -0.2250 0.4448 0.8669
vn -0.4317 0.3037 0.8493
vn -0.0695 0.9282 -0.3657
vn -0.9183 -0.3397 -0.2033
vn -0.8615 0.2925 -0.4152
vn -0.8052 0.0637 0.5896
vn -0.7734 -0.6324 -0.0441
vn -0.6732 0.1074 0.7316
vn -0.5196 0.0252 0.8541
vn -0.8928 0.2127 -0.3971
vn -0.0581 -0.9437 0.3258
vn 0.9363 -0.0396 0.3490
vn 0.9294 -0.0780 0.3607
vn -0.0118 -0.9389 0.3441
vn 0.0043 0.3601 0.9329
vn 0.0063 -0.9380 0.3467
vn -0.0085 0.3623 0.9320
vn 0.5793 -0.6762 0.4552
vn -0.0639 -0.9440 0.3238
vn -0.1442 0.5006 0.8536
vn -0.0409 -0.9426 0.3315
vn -0.1060 0.5084 0.8546
vn 0.0041 -0.9382 0.3460
vn -0.1146 0.3961 0.9110
vn 0.0118 0.9398 -0.3416
vn -0.0014 0.9386 -0.3451
vn 0.5735 0.8138 -0.0940
vn 0.0587 0.9437 -0.3256
vn 0.0405 0.9425 -0.3316
vn -0.2394 -0.2209 0.9455
vn -0.4159 -0.2201 0.8824
vn -0.5831 -0.2116 0.7843
vn -0.9857 -0.1670 0.0208
vn -0.9790 -0.2023 0.0245
vn -0.9684 -0.2482 0.0231
vn -0.9559 -0.2930 0.0224
vn -0.9419 -0.3357 0.0083
vn -0.9363 -0.3501 0.0275
vn -0.9228 -0.2481 -0.2949
vn -0.9067 -0.2461 -0.3427
vn -0.9542 -0.2930 0.0609
vn -0.9667 -0.2481 0.0622
vn -0.9771 -0.2030 0.0642
vn -0.9842 -0.1684 0.0554
vn -0.4406 -0.2229 0.8696
vn -0.2987 -0.2280 0.9267
vn -0.6432 -0.2165 0.7344
vn -0.9417 -0.3357 0.0233
vn -0.9364 -0.3501 0.0231
vn -0.9133 -0.1850 -0.3627
vn 0.8466 0.0314 0.5312
vn 0.0279 -0.1348 0.9905
vn 0.0003 -0.8205 0.5717
vn 0.8468 0.0160 0.5316
vn 0.8201 -0.1596 0.5495
vn 0.4931 0.4857 0.7218
vn 0.0002 -0.8205 0.5717
vn 0.3034 -0.7326 0.6093
vn -0.9564 0.2921 0.0017
vn -0.6291 0.7772 0.0107
vn -0.0885 0.9960 0.0161
vn -0.4145 -0.9093 -0.0367
vn -0.7742 -0.6323 -0.0271
vn -0.9749 -0.2223 -0.0119
vn -0.1909 0.4066 0.8934
vn -0.6794 0.3160 0.6623
vn -0.9628 0.1320 0.2356
vn -0.8930 0.4004 -0.2055
vn -0.5968 0.5657 -0.5691
vn -0.1526 0.5908 -0.7923
vn -0.8675 0.4974 0.0081
vn -0.5330 0.8460 0.0137
vn -0.0749 0.9971 0.0162
vn -0.8664 0.4993 0.0115
vn -0.5319 0.8466 0.0189
vn -0.0747 0.9970 0.0222
vn -0.9138 0.3997 -0.0724
vn -0.5785 0.8140 -0.0530
vn -0.0816 0.9967 -0.0016
vn -0.4319 -0.9018 -0.0150
vn -0.8457 -0.5336 -0.0089
vn -1.0000 -0.0018 -0.0000
vn -0.4318 -0.9015 -0.0294
vn -0.8461 -0.5328 -0.0175
vn -1.0000 0.0002 -0.0004
vn -0.4221 -0.9013 0.0971
vn -0.8067 -0.5797 0.1147
vn -0.9900 -0.1100 0.0880
vn -0.1789 -0.9837 -0.0168
vn -0.9995 0.0313 -0.0024
vn -0.0753 -0.4070 -0.9103
vn 0.1789 0.9831 0.0388
vn -0.1790 -0.9837 -0.0160
vn -0.9624 0.2716 0.0075
vn -0.1790 -0.9836 -0.0219
vn -0.9650 0.2623 0.0043
vn -0.0981 -0.5456 0.8323
vn -0.9875 0.1576 -0.0038
vn -0.1789 -0.9834 -0.0290
vn 0.1789 0.9837 0.0164
vn 0.1789 0.9833 0.0321
vn 0.1783 0.9812 -0.0742
vn -0.3800 -0.0726 -0.9221
vn -0.3800 -0.7887 0.4833
vn -0.3800 0.7887 0.4833
vn -0.3800 0.0726 -0.9221
vn -0.3800 -0.8546 0.3540
vn -0.3800 0.7034 0.6007
vn -0.3800 0.2159 -0.8994
vn -0.3800 -0.8994 0.2159
vn -0.3800 0.6007 0.7034
vn -0.3800 0.3540 -0.8546
vn -0.3800 -0.9221 0.0726
vn -0.3800 0.4833 0.7887
vn -0.3800 0.4833 -0.7887
vn -0.3800 -0.9221 -0.0726
vn -0.3800 0.3540 0.8546
vn -0.3800 0.6007 -0.7034
vn -0.3800 -0.8994 -0.2159
vn -0.3800 0.2159 0.8994
vn -0.3800 0.7034 -0.6007
vn -0.3800 -0.8546 -0.3540
vn -0.3800 0.0726 0.9221
vn -0.3800 0.7887 -0.4833
vn -0.3800 -0.7887 -0.4833
vn -0.3800 -0.0726 0.9221
vn -0.3800 0.8546 -0.3540
vn -0.3800 -0.7034 -0.6007
vn -0.3800 -0.2159 0.8994
vn -0.3800 0.8994 -0.2159
vn -0.3800 -0.6007 -0.7034
vn -0.3800 -0.3540 0.8546
vn -0.3800 0.9221 -0.0726
vn -0.3800 -0.4833 -0.7887
vn -0.3800 -0.4833 0.7887
vn -0.3800 0.9221 0.0726
vn -0.3800 -0.3540 -0.8546
vn -0.3800 -0.6007 0.7034
vn -0.3800 0.8994 0.2159
vn -0.3800 -0.2159 -0.8994
vn -0.3800 -0.7034 0.6007
vn -0.3800 0.8546 0.3540
vn -0.0000 -0.0785 -0.9969
vn -0.0000 -0.8526 0.5225
vn -0.0000 0.8526 0.5225
vn -0.0000 0.0785 -0.9969
vn -0.0000 -0.9239 0.3827
vn -0.0000 0.7604 0.6494
vn -0.0000 0.2334 -0.9724
vn -0.0000 -0.9724 0.2334
vn -0.0000 0.6494 0.7604
vn -0.0000 0.3827 -0.9239
vn -0.0000 -0.9969 0.0785
vn -0.0000 0.5225 0.8526
vn -0.0000 0.5225 -0.8526
vn -0.0000 -0.9969 -0.0785
vn -0.0000 0.3827 0.9239
vn -0.0000 0.6494 -0.7604
vn -0.0000 -0.9724 -0.2334
vn -0.0000 0.2334 0.9724
vn -0.0000 0.7604 -0.6494
vn -0.0000 -0.9239 -0.3827
vn -0.0000 0.0785 0.9969
vn -0.0000 0.8526 -0.5225
vn -0.0000 -0.8526 -0.5225
vn -0.0000 -0.0785 0.9969
vn -0.0000 0.9239 -0.3827
vn -0.0000 -0.7604 -0.6494
vn -0.0000 -0.2334 0.9724
vn -0.0000 0.9724 -0.2334
vn -0.0000 -0.6494 -0.7604
vn -0.0000 -0.3827 0.9239
vn -0.0000 0.9969 -0.0785
vn -0.0000 -0.5225 -0.8526
vn -0.0000 -0.5225 0.8526
vn -0.0000 0.9969 0.0785
vn -0.0000 -0.3827 -0.9239
vn -0.0000 -0.6494 0.7604
vn -0.0000 0.9724 0.2334
vn -0.0000 -0.2334 -0.9724
vn -0.0000 -0.7604 0.6494
vn -0.0000 0.9239 0.3827
vn 0.4670 0.0694 -0.8815
vn 0.4670 -0.8169 0.3384
vn 0.4670 0.6724 0.5743
vn 0.4670 0.2064 -0.8598
vn 0.4670 -0.8598 0.2064
vn 0.4670 0.5743 0.6724
vn 0.4670 0.3384 -0.8169
vn 0.4670 -0.8815 0.0694
vn 0.4670 0.4620 0.7540
vn 0.4670 0.4620 -0.7540
vn 0.4670 -0.8815 -0.0694
vn 0.4670 0.3384 0.8169
vn 0.4670 0.5743 -0.6724
vn 0.4670 -0.8598 -0.2064
vn 0.4670 0.2064 0.8598
vn 0.4670 0.6724 -0.5743
vn 0.4670 -0.8169 -0.3384
vn 0.4670 0.0694 0.8815
vn 0.4670 0.7540 -0.4620
vn 0.4670 -0.7540 -0.4620
vn 0.4670 -0.0694 0.8815
vn 0.4670 0.8169 -0.3384
vn 0.4670 -0.6724 -0.5743
vn 0.4670 -0.2064 0.8598
vn 0.4670 0.8598 -0.2064
vn 0.4670 -0.5743 -0.6724
vn 0.4670 -0.3384 0.8169
vn 0.4670 0.8815 -0.0694
vn 0.4670 -0.4620 -0.7540
vn 0.4670 -0.4620 0.7540
vn 0.4670 0.8815 0.0694
vn 0.4670 -0.3384 -0.8169
vn 0.4670 -0.5743 0.6724
vn 0.4670 0.8598 0.2064
vn 0.4670 -0.2064 -0.8598
vn 0.4670 -0.6724 0.5743
vn 0.4670 0.8169 0.3384
vn 0.4670 -0.0694 -0.8815
vn 0.4670 -0.7540 0.4620
vn 0.4670 0.7540 0.4620
vn -0.9585 -0.0224 -0.2843
vn -0.9585 -0.2432 0.1490
vn -0.9585 0.2432 0.1490
vn -0.9585 0.0224 -0.2843
vn -0.9585 -0.2635 0.1091
vn -0.9585 0.2169 0.1852
vn -0.9585 0.0666 -0.2773
vn -0.9585 -0.2773 0.0666
vn -0.9585 0.1852 0.2169
vn -0.9585 0.1091 -0.2635
vn -0.9585 -0.2843 0.0224
vn -0.9585 0.1490 0.2432
vn -0.9585 0.1490 -0.2432
vn -0.9585 -0.2843 -0.0224
vn -0.9585 0.1091 0.2635
vn -0.9585 0.1852 -0.2169
vn -0.9585 -0.2773 -0.0666
vn -0.9585 0.0666 0.2773
vn -0.9585 0.2169 -0.1852
vn -0.9585 -0.2635 -0.1091
vn -0.9585 0.0224 0.2843
vn -0.9585 0.2432 -0.1490
vn -0.9585 -0.2432 -0.1490
vn -0.9585 -0.0224 0.2843
vn -0.9585 0.2635 -0.1091
vn -0.9585 -0.2169 -0.1852
vn -0.9585 -0.0666 0.2773
vn -0.9585 0.2773 -0.0666
vn -0.9585 -0.1852 -0.2169
vn -0.9585 -0.1091 0.2635
vn -0.9585 0.2843 -0.0224
vn -0.9585 -0.1490 -0.2432
vn -0.9585 -0.1490 0.2432
vn -0.9585 0.2843 0.0224
vn -0.9585 -0.1091 -0.2635
vn -0.9585 -0.1852 0.2169
vn -0.9585 0.2773 0.0666
vn -0.9585 -0.0666 -0.2773
vn -0.9585 -0.2169 0.1852
vn -0.9585 0.2635 0.1091
vn 0.9263 -0.3480 0.1442
vn 0.9263 0.2864 0.2446
vn 0.9263 0.0879 -0.3663
vn 0.9263 -0.3663 0.0879
vn 0.9263 0.2446 0.2864
vn 0.9263 0.1442 -0.3480
vn 0.9263 -0.3755 0.0296
vn 0.9263 0.1968 0.3212
vn 0.9263 0.1968 -0.3212
vn 0.9263 -0.3755 -0.0296
vn 0.9263 0.1442 0.3480
vn 0.9263 0.2446 -0.2864
vn 0.9263 -0.3663 -0.0879
vn 0.9263 0.0879 0.3663
vn 0.9263 0.2864 -0.2446
vn 0.9263 -0.3480 -0.1442
vn 0.9263 0.0296 0.3755
vn 0.9263 0.3212 -0.1968
vn 0.9263 -0.3212 -0.1968
vn 0.9263 -0.0296 0.3755
vn 0.9263 0.3480 -0.1442
vn 0.9263 -0.2864 -0.2446
vn 0.9263 -0.0879 0.3663
vn 0.9263 0.3663 -0.0879
vn 0.9263 -0.2446 -0.2864
vn 0.9263 -0.1442 0.3480
vn 0.9263 0.3755 -0.0296
vn 0.9263 -0.1968 -0.3212
vn 0.9263 -0.1968 0.3212
vn 0.9263 0.3755 0.0296
vn 0.9263 -0.1442 -0.3480
vn 0.9263 -0.2446 0.2864
vn 0.9263 0.3663 0.0879
vn 0.9263 -0.0879 -0.3663
vn 0.9263 -0.2864 0.2446
vn 0.9263 0.3480 0.1442
vn 0.9263 -0.0296 -0.3755
vn 0.9263 -0.3212 0.1968
vn 0.9263 0.3212 0.1968
vn 0.9263 0.0296 -0.3755
vn -0.9201 -0.2047 0.3340
vn 0.9198 -0.1502 0.3626
vn -0.9201 -0.2544 0.2979
vn 0.9198 -0.2050 0.3346
vn -0.9201 -0.2979 0.2544
vn 0.9198 -0.2549 0.2984
vn -0.9201 -0.3340 0.2047
vn -0.9201 0.0307 -0.3905
vn 0.9198 -0.2984 0.2549
vn -0.9201 -0.3619 0.1499
vn -0.9201 0.0914 -0.3809
vn 0.9198 -0.3346 0.2050
vn 0.9198 0.0308 -0.3912
vn -0.9201 -0.3809 0.0914
vn -0.9201 0.1499 -0.3619
vn 0.9198 -0.3626 0.1502
vn 0.9198 0.0916 -0.3816
vn -0.9201 -0.3905 0.0307
vn -0.9201 0.2047 -0.3340
vn 0.9198 -0.3816 0.0916
vn 0.9198 0.1502 -0.3626
vn -0.9201 -0.3905 -0.0307
vn -0.9201 0.2544 -0.2979
vn 0.9198 -0.3912 0.0308
vn 0.9198 0.2050 -0.3346
vn -0.9201 -0.3809 -0.0914
vn -0.9201 0.2979 -0.2544
vn 0.9198 -0.3912 -0.0308
vn 0.9198 0.2549 -0.2984
vn -0.9201 -0.3619 -0.1499
vn -0.9201 0.3340 -0.2047
vn 0.9198 -0.3816 -0.0916
vn 0.9198 0.2984 -0.2549
vn -0.9201 -0.3340 -0.2047
vn -0.9201 0.3619 -0.1499
vn 0.9198 -0.3626 -0.1502
vn 0.9198 0.3346 -0.2050
vn -0.9201 -0.2979 -0.2544
vn -0.9201 0.3809 -0.0914
vn 0.9198 -0.3346 -0.2050
vn 0.9198 0.3626 -0.1502
vn -0.9201 -0.2544 -0.2979
vn -0.9201 0.3905 -0.0307
vn 0.9198 -0.2984 -0.2549
vn 0.9198 0.3816 -0.0916
vn -0.9201 -0.2047 -0.3340
vn -0.9201 0.3905 0.0307
vn 0.9198 -0.2549 -0.2984
vn 0.9198 0.3912 -0.0308
vn -0.9201 -0.1499 -0.3619
vn -0.9201 0.3809 0.0914
vn 0.9198 -0.2050 -0.3346
vn 0.9198 0.3912 0.0308
vn -0.9201 -0.0914 -0.3809
vn -0.9201 0.3619 0.1499
vn 0.9198 -0.1502 -0.3626
vn 0.9198 0.3816 0.0916
vn -0.9201 -0.0307 -0.3905
vn -0.9201 0.3340 0.2047
vn 0.9198 -0.0916 -0.3816
vn 0.9198 0.3626 0.1502
vn -0.9201 0.2979 0.2544
vn 0.9198 -0.0308 -0.3912
vn 0.9198 0.3346 0.2050
vn -0.9201 0.2544 0.2979
vn 0.9198 0.2984 0.2549
vn -0.9201 0.2047 0.3340
vn 0.9198 0.2549 0.2984
vn -0.9201 0.1499 0.3619
vn 0.9198 0.2050 0.3346
vn -0.9201 0.0914 0.3809
vn 0.9198 0.1502 0.3626
vn -0.9201 0.0307 0.3905
vn 0.9198 0.0916 0.3816
vn -0.9201 -0.0307 0.3905
vn 0.9198 0.0308 0.3912
vn -0.9201 -0.0914 0.3809
vn 0.9198 -0.0308 0.3912
vn -0.9201 -0.1499 0.3619
vn 0.9198 -0.0916 0.3816
vn -0.0000 0.9877 0.1564
vn -0.0000 0.8910 -0.4540
vn -0.0000 -0.7604 0.6495
vn -0.0000 0.5878 -0.8090
vn -0.0000 -0.5878 -0.8090
vn -0.0000 0.4540 0.8910
vn -0.0000 -0.4540 0.8910
vn -0.0000 0.8090 -0.5878
vn -0.0000 -0.8910 -0.4540
vn -0.0000 -0.2335 0.9724
vn -0.0000 -0.9877 0.1564
vn -0.0000 -0.0784 0.9969
vn -0.0000 0.3090 -0.9511
vn -0.0000 -0.9877 -0.1564
vn -0.0000 0.0784 0.9969
vn -0.0000 0.9877 -0.1564
vn -0.0000 0.7604 0.6495
vn -0.0000 0.8090 0.5878
vn -0.0000 0.2335 0.9724
vn -0.0000 0.9511 -0.3090
vn -0.0000 -0.8090 0.5878
vn -0.0000 -0.1564 0.9877
vn -0.0000 -0.5878 0.8090
vn -0.0000 -0.8910 0.4540
vn -0.0000 0.9724 -0.2335
vn -0.0000 -0.8090 -0.5878
vn 1.0000 -0.0000 -0.0000
vn -0.0000 -0.1564 -0.9877
vn -0.0000 0.5878 0.8090
vn -0.0000 0.2335 -0.9724
vn -0.0000 0.9511 0.3090
vn -0.0000 -0.4540 -0.8910
vn -0.0000 0.6495 -0.7604
vn -0.0000 0.3090 0.9511
vn -0.0000 -0.6495 0.7604
vn -0.0000 0.7604 -0.6495
vn -0.0000 0.4540 -0.8910
vn -0.0000 -0.3090 0.9511
vn -0.0000 -0.7604 -0.6495
vn -0.0000 -0.2335 -0.9724
vn -0.0000 0.6495 0.7604
vn -0.0000 -0.9511 0.3090
vn -0.0000 0.1564 -0.9877
vn -0.0000 -0.3090 -0.9511
vn -0.0000 0.1564 0.9877
vn -0.0000 -0.9511 -0.3090
vn -0.0000 -0.9724 -0.2335
vn -0.0000 0.8910 0.4540
vn -0.0000 -0.6495 -0.7604
vn -0.3697 -0.0729 -0.9263
vn -0.3697 -0.7922 0.4855
vn -0.3697 0.7922 0.4855
vn -0.3697 0.0729 -0.9263
vn -0.3697 -0.8584 0.3556
vn -0.3697 0.7065 0.6034
vn -0.3697 0.2169 -0.9035
vn -0.3697 -0.9035 0.2169
vn -0.3697 0.6034 0.7065
vn -0.3697 0.3556 -0.8584
vn -0.3697 -0.9263 0.0729
vn -0.3697 0.4855 0.7922
vn -0.3697 0.4855 -0.7922
vn -0.3697 -0.9263 -0.0729
vn -0.3697 0.3556 0.8584
vn -0.3697 0.6034 -0.7065
vn -0.3697 -0.9035 -0.2169
vn -0.3697 0.2169 0.9035
vn -0.3697 0.7065 -0.6034
vn -0.3697 -0.8584 -0.3556
vn -0.3697 0.0729 0.9263
vn -0.3697 0.7922 -0.4855
vn -0.3697 -0.7922 -0.4855
vn -0.3697 -0.0729 0.9263
vn -0.3697 0.8584 -0.3556
vn -0.3697 -0.7065 -0.6034
vn -0.3697 -0.2169 0.9035
vn -0.3697 0.9035 -0.2169
vn -0.3697 -0.6034 -0.7065
vn -0.3697 -0.3556 0.8584
vn -0.3697 0.9263 -0.0729
vn -0.3697 -0.4855 -0.7922
vn -0.3697 -0.4855 0.7922
vn -0.3697 0.9263 0.0729
vn -0.3697 -0.3556 -0.8584
vn -0.3697 -0.6034 0.7065
vn -0.3697 0.9035 0.2169
vn -0.3697 -0.2169 -0.9035
vn -0.3697 -0.7065 0.6034
vn -0.3697 0.8584 0.3556
vn 0.4131 0.0715 -0.9079
vn 0.4131 -0.8414 0.3485
vn 0.4131 0.6925 0.5914
vn 0.4131 0.2126 -0.8855
vn 0.4131 -0.8855 0.2126
vn 0.4131 0.5915 0.6925
vn 0.4131 0.3485 -0.8414
vn 0.4131 -0.9079 0.0715
vn 0.4131 0.4758 0.7765
vn 0.4131 0.4758 -0.7765
vn 0.4131 -0.9079 -0.0715
vn 0.4131 0.3485 0.8414
vn 0.4131 0.5915 -0.6925
vn 0.4131 -0.8855 -0.2126
vn 0.4131 0.2126 0.8855
vn 0.4131 0.6925 -0.5915
vn 0.4131 -0.8414 -0.3485
vn 0.4131 0.0715 0.9079
vn 0.4131 0.7765 -0.4758
vn 0.4131 -0.7765 -0.4758
vn 0.4131 -0.0715 0.9079
vn 0.4131 0.8414 -0.3485
vn 0.4131 -0.6925 -0.5915
vn 0.4131 -0.2126 0.8855
vn 0.4131 0.8855 -0.2126
vn 0.4131 -0.5915 -0.6925
vn 0.4131 -0.3485 0.8414
vn 0.4131 0.9079 -0.0715
vn 0.4131 -0.4758 -0.7765
vn 0.4131 -0.4758 0.7765
vn 0.4131 0.9079 0.0715
vn 0.4131 -0.3485 -0.8414
vn 0.4131 -0.5915 0.6925
vn 0.4131 0.8855 0.2126
vn 0.4131 -0.2126 -0.8855
vn 0.4131 -0.6925 0.5915
vn 0.4131 0.8414 0.3485
vn 0.4131 -0.0715 -0.9079
vn 0.4131 -0.7765 0.4758
vn 0.4131 0.7765 0.4758
vn -0.9717 -0.0185 -0.2353
vn -0.9717 -0.2013 0.1233
vn -0.9717 0.2013 0.1233
vn -0.9717 0.0185 -0.2353
vn -0.9717 -0.2181 0.0903
vn -0.9717 0.1795 0.1533
vn -0.9717 0.0551 -0.2295
vn -0.9717 -0.2295 0.0551
vn -0.9717 0.1533 0.1795
vn -0.9717 0.0903 -0.2181
vn -0.9717 -0.2353 0.0185
vn -0.9717 0.1233 0.2013
vn -0.9717 0.1233 -0.2013
vn -0.9717 -0.2353 -0.0185
vn -0.9717 0.0903 0.2181
vn -0.9717 0.1533 -0.1795
vn -0.9717 -0.2295 -0.0551
vn -0.9717 0.0551 0.2295
vn -0.9717 0.1795 -0.1533
vn -0.9717 -0.2181 -0.0903
vn -0.9717 0.0185 0.2353
vn -0.9717 0.2013 -0.1233
vn -0.9717 -0.2013 -0.1233
vn -0.9717 -0.0185 0.2353
vn -0.9717 0.2181 -0.0903
vn -0.9717 -0.1795 -0.1533
vn -0.9717 -0.0551 0.2295
vn -0.9717 0.2295 -0.0551
vn -0.9717 -0.1533 -0.1795
vn -0.9717 -0.0903 0.2181
vn -0.9717 0.2353 -0.0185
vn -0.9717 -0.1233 -0.2013
vn -0.9717 -0.1233 0.2013
vn -0.9717 0.2353 0.0185
vn -0.9717 -0.0903 -0.2181
vn -0.9717 -0.1533 0.1795
vn -0.9717 0.2295 0.0551
vn -0.9717 -0.0551 -0.2295
vn -0.9717 -0.1795 0.1533
vn -0.9717 0.2181 0.0903
vn 0.9489 -0.2916 0.1208
vn 0.9489 0.2400 0.2050
vn 0.9489 0.0737 -0.3069
vn 0.9489 -0.3069 0.0737
vn 0.9489 0.2050 0.2400
vn 0.9489 0.1208 -0.2916
vn 0.9489 -0.3146 0.0248
vn 0.9489 0.1649 0.2691
vn 0.9489 0.1649 -0.2691
vn 0.9489 -0.3146 -0.0248
vn 0.9489 0.1208 0.2916
vn 0.9489 0.2050 -0.2400
vn 0.9489 -0.3069 -0.0737
vn 0.9489 0.0737 0.3069
vn 0.9489 0.2400 -0.2050
vn 0.9489 -0.2916 -0.1208
vn 0.9489 0.0248 0.3146
vn 0.9489 0.2691 -0.1649
vn 0.9489 -0.2691 -0.1649
vn 0.9489 -0.0248 0.3146
vn 0.9489 0.2916 -0.1208
vn 0.9489 -0.2400 -0.2050
vn 0.9489 -0.0737 0.3069
vn 0.9489 0.3069 -0.0737
vn 0.9489 -0.2050 -0.2400
vn 0.9489 -0.1208 0.2916
vn 0.9489 0.3146 -0.0248
vn 0.9489 -0.1649 -0.2691
vn 0.9489 -0.1649 0.2691
vn 0.9489 0.3146 0.0248
vn 0.9489 -0.1208 -0.2916
vn 0.9489 -0.2050 0.2400
vn 0.9489 0.3069 0.0737
vn 0.9489 -0.0737 -0.3069
vn 0.9489 -0.2400 0.2050
vn 0.9489 0.2916 0.1208
vn 0.9489 -0.0248 -0.3146
vn 0.9489 -0.2691 0.1649
vn 0.9489 0.2691 0.1649
vn 0.9489 0.0248 -0.3146
vn -0.0000 -0.3826 0.9239
vn -0.0000 0.3826 0.9239
vn -0.0000 0.9969 0.0784
vn -0.0000 0.8527 -0.5225
vn -0.0000 0.0784 -0.9969
vn -0.0000 -0.0784 -0.9969
vn -0.0000 -0.9969 0.0784
vn -0.0000 -0.8527 -0.5225
vn -0.9997 0.0216 -0.0086
vn -0.0637 0.9980 -0.0000
vn 1.0000 -0.0055 -0.0000
vn 0.5847 -0.0057 0.8112
vn 0.2850 -0.9585 -0.0000
vn -0.2049 0.9788 -0.0000
vn 0.3238 0.9461 -0.0000
vn -0.0000 1.0000 -0.0000
vn -0.0000 -1.0000 -0.0000
vn 0.0637 -0.9980 -0.0000
vn 0.5928 -0.0015 0.8053
vn 0.6207 -0.0000 0.7841
vn 0.5531 -0.0000 0.8331
vn 0.9997 -0.0236 -0.0000
vn -0.0597 -0.9875 -0.1459
vn -0.0375 -0.9673 -0.2508
vn -0.1400 -0.8245 -0.5483
vn -0.0852 0.9439 -0.3191
vn -0.0860 0.9738 -0.2104
vn 0.2750 0.9496 -0.1506
vn -0.3238 -0.9461 -0.0000
vn -0.3859 0.7407 -0.5499
vn 0.2506 -0.9624 -0.1045
vn -0.2850 0.9585 -0.0000
vn 1.0000 -0.0060 0.0001
vn -1.0000 0.0055 -0.0000
vn -0.9998 0.0199 -0.0000
vn -0.5928 0.0018 -0.8053
vn 0.0764 -0.0000 -0.9971
vn -0.0000 -0.0000 -1.0000
vn 0.2049 -0.9788 -0.0000
vn -1.0000 0.0066 -0.0000
vn -0.5569 0.0017 -0.8305
vn -0.4447 -0.0000 -0.8957
vn -0.4514 0.0305 -0.8918
vn -0.1715 0.0362 -0.9845
vn -0.0000 1.0000 -0.0001
vn -0.0000 0.9975 -0.0706
vn -0.0000 0.9868 0.1622
vn 0.0153 -0.9999 -0.0000
vn -0.0129 -0.9999 -0.0000
vn 0.0790 -0.9969 -0.0000
vn 0.0114 -0.9999 -0.0000
vn 0.0246 0.9981 0.0558
vn 0.0558 0.9644 0.2584
vn 0.0773 0.7043 0.7057
vn 0.0782 0.2562 0.9635
vn 0.0589 -0.2601 0.9638
vn 0.0242 -0.7075 0.7062
vn -0.0180 -0.9658 0.2588
vn -0.0581 -0.9643 -0.2583
vn -0.0869 -0.7038 -0.7050
vn -0.0937 -0.2556 -0.9622
vn -0.0711 0.2605 -0.9628
vn -0.0284 0.7077 -0.7060
vn 0.0179 0.9658 -0.2588
vn 0.0918 0.9630 0.2534
vn 0.1562 0.7013 0.6955
vn 0.1787 0.2520 0.9511
vn 0.1538 -0.2647 0.9520
vn 0.0879 -0.7107 0.6980
vn -0.0020 -0.9665 0.2568
vn -0.0927 -0.9629 -0.2533
vn -0.1597 -0.7011 -0.6950
vn -0.1841 -0.2517 -0.9501
vn -0.1582 0.2648 -0.9512
vn -0.0896 0.7107 -0.6977
vn 0.0021 0.9665 -0.2568
vn 0.1067 0.9623 0.2501
vn 0.1985 0.6995 0.6865
vn 0.2372 0.2493 0.9389
vn 0.2125 -0.2676 0.9398
vn 0.1309 -0.7129 0.6889
vn 0.0141 -0.9673 0.2534
vn -0.1068 -0.9623 -0.2500
vn -0.1995 -0.6994 -0.6863
vn -0.2387 -0.2492 -0.9386
vn -0.2138 0.2677 -0.9395
vn -0.1314 0.7129 -0.6888
vn -0.0141 0.9673 -0.2534
vn 0.1086 0.9623 0.2495
vn 0.2197 0.6986 0.6809
vn 0.2719 0.2478 0.9299
vn 0.2514 -0.2694 0.9297
vn 0.1635 -0.7144 0.6804
vn 0.0319 -0.9680 0.2488
vn -0.1085 -0.9623 -0.2495
vn -0.2199 -0.6986 -0.6808
vn -0.2724 -0.2478 -0.9297
vn -0.2518 0.2694 -0.9295
vn -0.1637 0.7144 -0.6803
vn -0.0318 0.9680 -0.2488
vn 0.1007 0.9626 0.2517
vn 0.2266 0.6985 0.6788
vn 0.2918 0.2472 0.9240
vn 0.2789 -0.2702 0.9215
vn 0.1913 -0.7153 0.6722
vn 0.0525 -0.9687 0.2427
vn -0.1005 -0.9626 -0.2518
vn -0.2266 -0.6985 -0.6788
vn -0.2920 -0.2472 -0.9239
vn -0.2791 0.2702 -0.9214
vn -0.1914 0.7153 -0.6721
vn -0.0523 0.9687 -0.2428
vn 0.0836 0.9628 0.2571
vn 0.2220 0.6986 0.6802
vn 0.3009 0.2472 0.9210
vn 0.2993 -0.2704 0.9150
vn 0.2175 -0.7156 0.6638
vn 0.0775 -0.9690 0.2348
vn -0.0833 -0.9628 -0.2572
vn -0.2219 -0.6986 -0.6802
vn -0.3010 -0.2472 -0.9210
vn -0.2994 0.2704 -0.9150
vn -0.2175 0.7156 -0.6638
vn -0.0773 0.9690 -0.2348
vn 0.0561 0.9623 0.2661
vn 0.2059 0.6984 0.6855
vn 0.3005 0.2473 0.9212
vn 0.3148 -0.2701 0.9099
vn 0.2448 -0.7151 0.6548
vn 0.1094 -0.9684 0.2242
vn -0.0554 -0.9623 -0.2664
vn -0.2054 -0.6984 -0.6856
vn -0.3005 -0.2473 -0.9212
vn -0.3148 0.2701 -0.9099
vn -0.2447 0.7151 -0.6548
vn -0.1089 0.9684 -0.2244
vn 0.0148 0.9599 0.2799
vn 0.1760 0.6968 0.6954
vn 0.2900 0.2468 0.9247
vn 0.3266 -0.2694 0.9060
vn 0.2760 -0.7133 0.6442
vn 0.1517 -0.9659 0.2099
vn -0.0132 -0.9598 -0.2805
vn -0.1748 -0.6967 -0.6958
vn -0.2897 -0.2468 -0.9248
vn -0.3266 0.2694 -0.9059
vn -0.2756 0.7133 -0.6444
vn -0.1505 0.9660 -0.2103
vn -0.0460 0.9528 0.3000
vn 0.1273 0.6913 0.7113
vn 0.2666 0.2443 0.9323
vn 0.3354 -0.2683 0.9031
vn 0.3153 -0.7087 0.6311
vn 0.2113 -0.9588 0.1901
vn 0.0506 -0.9521 -0.3015
vn -0.1239 -0.6908 -0.7124
vn -0.2655 -0.2442 -0.9327
vn -0.3354 0.2683 -0.9031
vn -0.3142 0.7089 -0.6315
vn -0.2078 0.9593 -0.1912
vn -0.1326 0.9356 0.3272
vn 0.0528 0.6770 0.7341
vn 0.2246 0.2366 0.9453
vn 0.3411 -0.2670 0.9013
vn 0.3879 -0.7017 0.5977
vn 0.4433 -0.8964 0.0019
vn 0.3558 -0.8910 -0.2820
vn -0.0030 -0.6817 -0.7316
vn -0.2206 -0.2355 -0.9465
vn -0.3412 0.2670 -0.9013
vn -0.3661 0.6986 -0.6147
vn -0.2877 0.9433 -0.1653
vn 0.1788 0.9831 0.0388
vn -0.9996 0.0265 -0.0026
vn -0.9996 0.0273 -0.0025
vn -0.9996 0.0282 -0.0025
vn -0.9996 0.0291 -0.0025
vn -0.9995 0.0301 -0.0025
vn -0.1790 -0.9837 -0.0168
vn -0.9759 -0.2178 -0.0117
vn -0.9757 -0.2187 -0.0117
vn -0.9755 -0.2196 -0.0118
vn -0.9753 -0.2205 -0.0118
vn -0.9751 -0.2214 -0.0118
vn -0.7758 -0.6304 -0.0270
vn -0.7755 -0.6308 -0.0270
vn -0.7752 -0.6311 -0.0271
vn -0.7749 -0.6315 -0.0271
vn -0.7746 -0.6319 -0.0271
vn -0.4149 -0.9091 -0.0367
vn -0.4148 -0.9092 -0.0367
vn -0.4147 -0.9092 -0.0367
vn -0.4146 -0.9092 -0.0367
vn -0.4146 -0.9093 -0.0367
vn -0.0883 0.9960 0.0161
vn -0.0884 0.9960 0.0161
vn -0.6271 0.7789 0.0107
vn -0.6275 0.7785 0.0107
vn -0.6279 0.7782 0.0107
vn -0.6283 0.7779 0.0107
vn -0.6287 0.7776 0.0107
vn -0.9549 0.2969 0.0018
vn -0.9552 0.2959 0.0017
vn -0.9555 0.2950 0.0017
vn -0.9558 0.2940 0.0017
vn -0.9561 0.2930 0.0017
vn -0.9581 -0.2855 0.0216
vn -0.9539 -0.2992 0.0219
vn -0.9496 -0.3126 0.0222
vn -0.9453 -0.3255 0.0225
vn -0.9409 -0.3380 0.0228
vn -0.9581 -0.2853 0.0262
vn -0.9539 -0.2991 0.0265
vn -0.9496 -0.3124 0.0268
vn -0.9452 -0.3254 0.0270
vn -0.9408 -0.3379 0.0273
vn -0.9859 -0.1671 0.0064
vn -0.9880 -0.1544 0.0053
vn -0.9897 -0.1428 0.0042
vn -0.9912 -0.1323 0.0032
vn -0.9924 -0.1227 0.0024
vn -0.9859 -0.1674 -0.0022
vn -0.9880 -0.1545 -0.0030
vn -0.9897 -0.1429 -0.0037
vn -0.9912 -0.1323 -0.0043
vn -0.9924 -0.1226 -0.0048
vn -0.0412 -0.9991 0.0015
vn -0.0404 -0.9992 0.0015
vn -0.0396 -0.9992 0.0015
vn -0.0388 -0.9992 0.0015
vn -0.0380 -0.9993 0.0015
vn -0.4293 -0.9030 0.0169
vn -0.4259 -0.9046 0.0168
vn -0.4225 -0.9062 0.0167
vn -0.4190 -0.9078 0.0166
vn -0.4155 -0.9094 0.0165
vn -0.8034 -0.5947 0.0302
vn -0.8000 -0.5992 0.0301
vn -0.7965 -0.6039 0.0301
vn -0.7927 -0.6088 0.0301
vn -0.7888 -0.6139 0.0301
vn -0.9582 -0.2859 0.0094
vn -0.9540 -0.2996 0.0098
vn -0.9497 -0.3129 0.0103
vn -0.9454 -0.3257 0.0108
vn -0.9410 -0.3382 0.0112
vn -0.9859 -0.1669 0.0156
vn -0.9879 -0.1542 0.0139
vn -0.9897 -0.1428 0.0125
vn -0.9911 -0.1323 0.0111
vn -0.9924 -0.1227 0.0099
vn -0.9951 -0.0985 0.0109
vn -0.9946 -0.1033 0.0115
vn -0.9940 -0.1090 0.0121
vn -0.9932 -0.1157 0.0129
vn -0.9922 -0.1240 0.0138
vn -0.9990 -0.0400 0.0219
vn -0.9998 0.0017 0.0219
vn -0.9987 0.0458 0.0219
vn -0.9955 0.0923 0.0219
vn -0.9898 0.1411 0.0218
vn -0.9817 0.1888 0.0246
vn -0.9858 0.1660 0.0242
vn -0.9895 0.1426 0.0237
vn -0.9927 0.1183 0.0231
vn -0.9954 0.0934 0.0226
vn -0.8450 0.5348 -0.0076
vn -0.8350 0.5502 -0.0074
vn -0.8254 0.5645 -0.0071
vn -0.8163 0.5777 -0.0069
vn -0.8075 0.5899 -0.0067
vn -0.9351 0.3544 -0.0095
vn -0.9428 0.3332 -0.0100
vn -0.9502 0.3116 -0.0104
vn -0.9571 0.2895 -0.0109
vn -0.9637 0.2669 -0.0114
vn -0.9984 0.0569 0.0004
vn -0.9990 0.0456 -0.0000
vn -0.9994 0.0337 -0.0004
vn -0.9998 0.0213 -0.0008
vn -1.0000 0.0082 -0.0013
vn -0.0363 -0.9933 -0.1101
vn -0.0359 -0.9933 -0.1101
vn -0.0355 -0.9933 -0.1101
vn -0.3668 -0.9276 -0.0709
vn -0.3431 -0.9365 -0.0729
vn -0.3140 -0.9464 -0.0754
vn -0.6898 -0.7225 -0.0465
vn -0.7135 -0.6992 -0.0443
vn -0.7381 -0.6734 -0.0418
vn -0.9949 -0.0862 0.0527
vn -0.9974 0.0412 0.0595
vn -0.9841 0.1651 0.0651
vn -0.9125 -0.4091 -0.0067
vn -0.8966 -0.4427 -0.0093
vn -0.8793 -0.4762 -0.0119
vn -0.0089 -0.8685 -0.4956
vn -0.0174 -0.8684 -0.4955
vn -0.1341 -0.9159 -0.3782
vn -0.2667 -0.8962 -0.3546
vn -0.7681 -0.6208 -0.1566
vn -0.7702 -0.6186 -0.1555
vn -0.8477 -0.5212 -0.0986
vn -0.8416 -0.5303 -0.1024
vn -0.9864 -0.1622 0.0253
vn -0.9865 -0.1616 0.0255
vn -0.7393 -0.5755 -0.3496
vn -0.7396 -0.5753 -0.3494
vn -0.9944 -0.0415 0.0976
vn -0.9945 -0.0745 0.0736
vn -0.9417 -0.3157 -0.1166
vn -0.9288 -0.3436 -0.1387
vn -0.8129 -0.5572 -0.1695
vn -0.8616 -0.4876 -0.1409
vn 0.1790 0.9837 0.0164
vn -0.9651 0.2617 0.0043
vn -0.9651 0.2619 0.0043
vn -0.9650 0.2621 0.0043
vn -0.1789 -0.9837 -0.0160
vn -1.0000 -0.0013 -0.0000
vn -1.0000 -0.0015 -0.0000
vn -1.0000 -0.0017 -0.0000
vn -0.8458 -0.5334 -0.0089
vn -0.8458 -0.5335 -0.0089
vn -0.8457 -0.5335 -0.0089
vn -0.4320 -0.9018 -0.0150
vn -0.5328 0.8462 0.0137
vn -0.5328 0.8461 0.0137
vn -0.5329 0.8461 0.0137
vn -0.8672 0.4978 0.0081
vn -0.8673 0.4977 0.0081
vn -0.8674 0.4975 0.0081
vn -0.8812 0.4727 0.0051
vn -0.8754 0.4834 0.0052
vn -0.8691 0.4945 0.0053
vn -0.9597 0.2811 0.0053
vn -0.9601 0.2795 0.0052
vn -0.9606 0.2780 0.0052
vn -0.9947 0.1029 0.0016
vn -0.9947 0.1027 0.0015
vn -0.9947 0.1025 0.0015
vn -0.9188 -0.3929 -0.0387
vn -0.9003 -0.4332 -0.0427
vn -0.8753 -0.4813 -0.0475
vn -0.9684 -0.2488 -0.0185
vn -0.9674 -0.2526 -0.0188
vn -0.9663 -0.2566 -0.0191
vn -0.9967 -0.0807 -0.0037
vn -0.9972 -0.0742 -0.0036
vn -0.9977 -0.0681 -0.0034
vn -0.1789 -0.9836 -0.0219
vn -0.9646 0.2636 0.0073
vn -0.9639 0.2662 0.0073
vn -0.9632 0.2688 0.0074
vn -1.0000 0.0088 -0.0001
vn -1.0000 0.0059 -0.0002
vn -1.0000 0.0031 -0.0003
vn -0.8484 -0.5291 -0.0174
vn -0.8476 -0.5303 -0.0174
vn -0.8468 -0.5316 -0.0175
vn -0.4322 -0.9013 -0.0294
vn -0.4321 -0.9014 -0.0294
vn -0.4320 -0.9014 -0.0294
vn -0.0738 0.9970 0.0222
vn -0.0741 0.9970 0.0222
vn -0.0744 0.9970 0.0222
vn -0.5277 0.8492 0.0190
vn -0.5291 0.8483 0.0189
vn -0.5305 0.8475 0.0189
vn -0.8617 0.5072 0.0117
vn -0.8633 0.5046 0.0116
vn -0.8648 0.5019 0.0116
vn -0.9289 -0.3701 -0.0093
vn -0.9371 -0.3490 -0.0088
vn -0.9439 -0.3300 -0.0083
vn -0.9611 0.2761 0.0056
vn -0.9610 0.2767 0.0056
vn -0.9608 0.2773 0.0057
vn -0.8559 0.5171 0.0050
vn -0.8496 0.5274 0.0051
vn -0.8429 0.5380 0.0052
vn -0.9948 0.1021 0.0016
vn -0.9948 0.1018 0.0016
vn -0.9948 0.1016 0.0016
vn -0.8099 -0.5859 -0.0261
vn -0.7908 -0.6115 -0.0272
vn -0.7693 -0.6383 -0.0284
vn -0.9647 -0.2632 -0.0103
vn -0.9962 -0.0869 -0.0036
vn -0.9957 -0.0927 -0.0037
vn -0.9951 -0.0986 -0.0038
vn 0.8232 -0.5678 -0.0053
vn 0.8243 -0.5662 -0.0054
vn 0.8254 -0.5645 -0.0054
vn -0.7843 -0.6101 -0.1128
vn -0.8220 -0.5604 -0.1014
vn -0.8638 -0.4963 -0.0865
vn -0.9982 -0.0589 0.0085
vn -0.9965 -0.0830 0.0038
vn -0.9945 -0.1052 0.0001
vn 0.9775 -0.2088 0.0312
vn 0.9795 -0.1992 0.0310
vn 0.9814 -0.1895 0.0308
vn 0.9952 -0.0929 0.0319
vn 0.9962 -0.0803 0.0328
vn 0.9971 -0.0684 0.0336
vn 0.9999 -0.0146 0.0030
vn 0.9990 -0.0444 -0.0007
vn 0.9971 -0.0758 -0.0045
vn 0.0063 0.9820 0.1890
vn 0.0043 0.9813 0.1924
vn 0.1027 0.9775 0.1841
vn -0.0681 0.9911 0.1145
vn -0.0210 0.9848 0.1726
vn 0.7900 0.6051 0.0991
vn 0.0062 0.9826 0.1856
vn 0.0632 0.9902 0.1246
vn -0.0316 0.9874 0.1550
vn -0.0333 0.9809 0.1916
vn 0.7575 0.6355 0.1494
vn 0.0064 0.9813 0.1925
vn 0.0132 0.9825 0.1858
vn 0.7760 0.6132 0.1480
vn 0.9509 0.2523 0.1796
vn 0.9674 0.1364 0.2132
vn 0.7799 0.6026 0.1690
vn 0.8882 0.4165 0.1939
vn 0.6802 0.7181 0.1472
vn 0.9364 0.1107 0.3331
vn 0.7587 0.6290 0.1696
vn -0.8962 -0.4237 -0.1314
vn 0.0063 0.9816 0.1908
vn 0.0042 0.9820 0.1889
vn 0.0042 0.9817 0.1906
vn 0.0271 0.5401 0.8412
vn 0.0268 0.5480 0.8360
vn 0.0278 0.6034 0.7970
vn 0.0280 0.5973 0.8015
vn 0.0005 0.9239 0.3827
vn 0.0006 0.9218 0.3876
vn 0.0336 0.4362 0.8992
vn 0.0334 0.4443 0.8953
vn 0.0055 0.8114 0.5844
vn 0.0047 0.8206 0.5715
vn 0.0012 0.9125 0.4091
vn 0.0027 0.8980 0.4400
vn 0.0101 0.9579 0.2870
vn 0.0102 0.9572 0.2894
vn 0.0086 0.9813 0.1923
vn 0.0086 0.9817 0.1905
vn 0.0130 0.9842 0.1768
vn 0.0131 0.9833 0.1814
vn 0.0059 0.9843 0.1765
vn 0.0060 0.9835 0.1810
vn -0.0111 0.4302 0.9027
vn 0.0280 0.4604 0.8873
vn 0.0527 0.5578 0.8283
vn 0.0392 0.5514 0.8333
vn 0.0800 -0.6983 0.7114
vn 0.0795 -0.7069 0.7028
vn 0.0727 -0.0039 0.9973
vn 0.0726 -0.0032 0.9974
vn 0.0525 0.1589 0.9859
vn 0.0520 0.1739 0.9834
vn -0.0078 0.9145 0.4045
vn -0.0019 0.9194 0.3933
vn -0.0300 0.6003 0.7992
vn 0.0282 0.6091 0.7926
vn -0.0401 0.8032 0.5943
vn 0.0269 0.8067 0.5903
vn -0.0294 0.9218 0.3865
vn 0.0213 0.9202 0.3909
vn 0.0145 0.9554 0.2949
vn 0.0147 0.9542 0.2988
vn 0.0212 0.9825 0.1851
vn 0.0208 0.9834 0.1805
vn 0.0691 -0.0030 0.9976
vn 0.0702 -0.0031 0.9975
vn 0.0714 -0.0031 0.9974
vn 0.0691 -0.0037 0.9976
vn 0.0702 -0.0038 0.9975
vn 0.0714 -0.0039 0.9974
vn 0.0691 -0.0024 0.9976
vn 0.0702 -0.0024 0.9975
vn 0.0713 -0.0024 0.9974
vn -0.0530 0.0067 -0.9986
vn -0.0524 0.0066 -0.9986
vn -0.0530 0.0071 -0.9986
vn -0.0537 0.0073 -0.9985
vn 0.0353 -0.6789 0.7334
vn -0.0544 0.0069 -0.9985
vn -0.0440 -0.1649 -0.9853
vn -0.1745 -0.8869 -0.4278
vn -0.2514 -0.8494 -0.4640
vn -0.0021 -0.9234 -0.3837
vn -0.5894 -0.1364 -0.7963
vn -0.2827 -0.8503 -0.4440
vn -0.5885 -0.1429 -0.7958
vn -0.1336 -0.9079 -0.3973
vn -0.2167 -0.8660 -0.4507
vn -0.5902 -0.1298 -0.7967
vn -0.4811 0.0443 -0.8755
vn 0.8292 -0.0342 0.5579
vn 0.2839 -0.6237 0.7283
vn -0.4298 0.0113 -0.9029
vn -0.6312 0.0059 -0.7756
vn 0.5053 -0.5793 0.6396
vn -0.6303 0.0101 -0.7763
vn 0.5091 -0.5706 0.6444
vn -0.6522 0.0048 -0.7581
vn -0.6936 0.0158 -0.7201
vn -0.6950 0.0145 -0.7188
vn -0.6092 0.0098 -0.7929
vn -0.5747 0.0213 -0.8181
vn -0.5801 0.0558 -0.8127
vn -0.6097 0.0054 -0.7926
vn -0.6948 0.0109 -0.7191
vn -0.6146 0.0098 -0.7888
vn -0.5226 0.0188 -0.8524
vn -0.5291 0.0506 -0.8470
vn -0.6162 0.0055 -0.7876
vn 0.7756 -0.0327 0.6304
vn 0.8326 -0.0724 0.5491
vn -0.6803 0.0053 -0.7329
vn -0.6210 0.0100 -0.7837
vn -0.4764 0.0146 -0.8791
vn -0.4322 0.0386 -0.9010
vn -0.6229 0.0058 -0.7823
vn -0.9615 -0.2027 -0.1856
vn -0.9878 0.0257 -0.1539
vn 0.8287 -0.0847 0.5533
vn 0.8435 -0.0705 0.5326
vn 0.8977 0.3099 0.3134
vn -0.9975 -0.0659 0.0238
vn -0.9960 -0.0874 0.0187
vn -0.9942 -0.1061 0.0148
vn -0.9783 -0.1956 0.0686
vn -0.9652 -0.2609 -0.0150
vn -0.9684 -0.2489 -0.0143
vn -0.9897 -0.1426 0.0080
vn -0.9951 -0.0989 0.0065
vn -0.9674 -0.2527 -0.0145
vn -0.9945 -0.1044 0.0067
vn -0.9664 -0.2567 -0.0147
vn -0.9938 -0.1110 0.0070
vn -0.9309 -0.1730 -0.3218
vn -0.9928 -0.1192 0.0073
vn -0.9916 -0.1294 0.0076
vn -0.9922 -0.1242 0.0111
vn -0.9063 -0.1766 -0.3840
vn -0.9325 -0.1830 -0.3114
vn -0.9082 -0.1762 -0.3795
vn -0.9235 -0.1838 -0.3366
vn -0.9858 -0.1667 0.0217
vn -0.9879 -0.1541 0.0198
vn -0.9896 -0.1427 0.0181
vn -0.9923 -0.1227 0.0150
vn -0.9911 -0.1323 0.0165
vn -0.9934 -0.1140 0.0137
vn -0.9100 -0.1764 -0.3752
vn -0.9677 0.0610 0.2446
vn -0.9951 -0.0984 -0.0021
vn -0.9969 -0.0775 -0.0114
vn -0.9925 -0.1087 -0.0550
vn -0.9958 -0.0910 0.0032
vn -0.9948 -0.1015 0.0034
vn -0.8631 0.0029 0.5050
vn -0.0086 0.3713 0.9285
vn -0.0085 0.3668 0.9303
vn -0.0056 0.9987 -0.0512
vn -0.0056 0.9986 -0.0523
vn -0.0116 0.8798 0.4751
vn -0.0134 0.5676 0.8232
vn -0.0134 0.5650 0.8250
vn -0.0019 0.1170 0.9931
vn -0.0018 0.1124 0.9937
vn 0.0024 -0.4057 0.9140
vn 0.0025 -0.4080 0.9130
vn 0.0055 -0.8152 0.5792
vn 0.0055 -0.8154 0.5789
vn 0.0003 -0.0048 1.0000
vn 0.0003 -0.0047 1.0000
vn 0.0198 -0.8467 0.5318
vn 0.0003 -0.8204 0.5718
vn 0.0117 0.9389 -0.3441
vn 0.0118 0.9393 -0.3428
vn -0.0118 -0.9398 0.3416
vn -0.0118 -0.9393 0.3428
vn 0.0122 0.9987 -0.0491
vn 0.0122 0.9986 -0.0508
vn 0.0104 0.8778 0.4788
vn 0.0104 0.8785 0.4776
vn 0.0066 0.5599 0.8285
vn 0.0066 0.5603 0.8283
vn 0.0013 0.1058 0.9944
vn -0.0050 -0.4128 0.9108
vn -0.0050 -0.4122 0.9111
vn -0.0101 -0.8182 0.5748
vn -0.0100 -0.8175 0.5758
vn 0.0004 -0.0051 1.0000
vn 0.0004 -0.0050 1.0000
vn -0.0908 0.4897 0.8672
vn -0.1011 0.4501 0.8872
vn 0.4708 0.8784 0.0823
vn 0.4684 0.8793 0.0859
vn 0.2241 0.8819 0.4148
vn 0.1978 0.8744 0.4431
vn -0.0743 0.6963 0.7139
vn -0.1324 0.6458 0.7519
vn -0.0120 0.2090 0.9778
vn -0.0117 0.1721 0.9850
vn -0.0015 -0.3623 0.9321
vn -0.0014 -0.3802 0.9249
vn 0.0034 -0.8129 0.5824
vn 0.0034 -0.8140 0.5809
vn 0.0004 -0.0044 1.0000
vn 0.0004 -0.0043 1.0000
vn 0.0071 0.9543 0.2987
vn 0.0070 0.9555 0.2950
vn 0.0067 0.9572 0.2894
vn 0.0066 0.9579 0.2870
vn -0.0866 0.9645 0.2496
vn -0.0000 0.9544 0.2987
vn 0.0067 0.9564 0.2920
vn 0.6369 0.6940 0.3357
vn -0.1413 0.9536 0.2659
vn -0.0475 0.9893 0.1380
vn -0.0176 -0.9020 -0.4314
vn 0.1255 0.5182 0.8460
vn -0.0741 0.9897 0.1226
vn -0.0020 0.9898 0.1427
vn 0.7583 0.6316 0.1612
vn 0.0556 0.9848 0.1648
vn 0.0157 0.9863 0.1643
vn 0.0396 0.9857 0.1636
vn 0.0355 0.9896 0.1398
vn -0.7933 -0.5189 -0.3185
vn 0.3733 0.8315 0.4115
vn 0.6768 0.7308 0.0889
vn 0.7785 0.6066 0.1610
vn 0.8789 0.0829 0.4698
vn 0.5755 0.2071 0.7912
vn 0.6003 0.7091 0.3697
vn 0.4519 0.4393 0.7764
vn 0.3572 0.3902 0.8486
vn 0.2490 0.3697 0.8952
vn 0.1271 0.4158 0.9005
vn 0.0628 0.9837 0.1686
vn 0.0569 0.9858 0.1578
vn 0.0556 0.9842 0.1678
vn 0.0502 0.9920 0.1157
vn 0.3716 0.8612 0.3468
vn 0.3914 0.6840 0.6157
vn 0.2881 0.8572 0.4268
vn 0.0477 0.8489 0.5264
vn 0.6399 0.6957 0.3264
vn 0.5966 0.7309 0.3313
vn 0.3899 0.8510 0.3517
vn 0.3781 0.8652 0.3294
vn 0.7209 0.6094 0.3301
vn 0.5030 0.7361 0.4529
vn 0.4597 0.7981 0.3895
vn 0.4420 0.7772 0.4479
vn 0.3750 0.7521 0.5419
vn 0.5867 0.4964 0.6398
vn 0.1832 0.7264 0.6624
vn 0.0341 0.6627 0.7481
vn 0.6406 0.6433 0.4193
vn 0.6280 0.5701 0.5297
vn -0.8183 -0.5118 -0.2615
vn 0.7343 0.5525 0.3944
vn 0.6622 0.6062 0.4404
vn 0.5350 0.6495 0.5403
vn -0.9300 -0.1595 0.3312
vn 0.4457 0.6090 0.6560
vn -0.9100 -0.4040 -0.0936
vn 0.3146 0.5623 0.7648
vn 0.6012 0.4489 0.6611
vn 0.0915 0.5230 0.8474
vn -0.0038 0.5195 0.8545
vn -0.8212 -0.5570 -0.1237
vn 0.7554 0.3316 0.5651
vn -0.7830 -0.6076 -0.1331
vn -0.8640 -0.4911 -0.1111
vn 0.5179 0.5195 0.6796
vn 0.7300 0.4756 0.4908
vn 0.5374 0.5250 0.6600
vn 0.7406 0.5206 0.4248
vn 0.4340 0.4656 0.7713
vn -0.7090 -0.0308 0.7045
vn 0.2944 0.4188 0.8590
vn -0.5131 -0.0005 0.8583
vn 0.0963 0.4189 0.9029
vn 0.0436 0.4669 0.8832
vn -0.6944 -0.0677 0.7164
vn -0.4943 -0.0233 0.8690
vn -0.7557 -0.0434 0.6535
vn 0.0002 -0.0051 1.0000
vn 0.0002 -0.0050 1.0000
vn -0.8006 -0.0540 0.5967
vn 0.0574 -0.0065 0.9983
vn -0.1975 -0.0097 0.9803
vn 0.0002 -0.0044 1.0000
vn 0.0002 -0.0042 1.0000
vn 0.0002 -0.0043 1.0000
vn 0.0001 -0.0045 1.0000
vn 0.0002 -0.0049 1.0000
vn -0.5342 -0.0087 0.8453
vn 0.0001 -0.0048 1.0000
vn 0.0001 -0.0047 1.0000
vn -0.0000 -0.0043 1.0000
vn -0.0000 -0.0045 1.0000
vn -0.0000 -0.0049 1.0000
vn -0.0000 -0.0051 1.0000
vn -0.0000 -0.0050 1.0000
vn -0.0000 -0.0048 1.0000
vn 0.0623 -0.0065 0.9980
vn -0.5191 -0.0061 0.8547
vn -0.0000 -0.0044 1.0000
vn -0.2212 -0.0065 0.9752
vn -0.0000 -0.0047 1.0000
vn 0.0001 -0.0042 1.0000
vn -0.0176 -0.8990 -0.4377
vn -0.0176 -0.8959 -0.4439
vn -0.0176 -0.8929 -0.4500
vn -0.0175 -0.8898 -0.4560
vn -0.0175 -0.8868 -0.4619
vn -0.0175 -0.8837 -0.4677
vn -0.0175 -0.8806 -0.4735
vn -0.0174 -0.8776 -0.4791
vn -0.0174 -0.8745 -0.4847
vn -0.0174 -0.8715 -0.4901
vn -0.0085 -0.9017 -0.4323
vn -0.0086 -0.8987 -0.4385
vn -0.0086 -0.8957 -0.4446
vn -0.0086 -0.8927 -0.4506
vn -0.0087 -0.8897 -0.4565
vn -0.0087 -0.8866 -0.4624
vn -0.0087 -0.8836 -0.4681
vn -0.0087 -0.8806 -0.4738
vn -0.0088 -0.8776 -0.4794
vn -0.0088 -0.8745 -0.4849
vn -0.0088 -0.8715 -0.4903
vn -0.0355 -0.9935 -0.1078
vn -0.0355 -0.9935 -0.1080
vn -0.0355 -0.9935 -0.1082
vn -0.0355 -0.9935 -0.1085
vn -0.0355 -0.9934 -0.1087
vn -0.0355 -0.9934 -0.1089
vn -0.0355 -0.9934 -0.1091
vn -0.0355 -0.9934 -0.1093
vn -0.0355 -0.9934 -0.1095
vn -0.0355 -0.9933 -0.1097
vn -0.0355 -0.9933 -0.1099
vn -0.0359 -0.9935 -0.1078
vn -0.0359 -0.9935 -0.1080
vn -0.0359 -0.9935 -0.1082
vn -0.0359 -0.9935 -0.1084
vn -0.0359 -0.9934 -0.1086
vn -0.0359 -0.9934 -0.1088
vn -0.0359 -0.9934 -0.1091
vn -0.0359 -0.9934 -0.1093
vn -0.0359 -0.9933 -0.1095
vn -0.0359 -0.9933 -0.1097
vn -0.0359 -0.9933 -0.1099
vn -0.0363 -0.9935 -0.1078
vn -0.0363 -0.9935 -0.1080
vn -0.0363 -0.9935 -0.1082
vn -0.0363 -0.9934 -0.1084
vn -0.0363 -0.9934 -0.1086
vn -0.0363 -0.9934 -0.1088
vn -0.0363 -0.9934 -0.1090
vn -0.0363 -0.9934 -0.1092
vn -0.0363 -0.9933 -0.1095
vn -0.0363 -0.9933 -0.1097
vn -0.0363 -0.9933 -0.1099
vn -0.0380 -0.9993 0.0046
vn -0.0380 -0.9993 0.0043
vn -0.0380 -0.9993 0.0040
vn -0.0380 -0.9993 0.0037
vn -0.0380 -0.9993 0.0035
vn -0.0380 -0.9993 0.0032
vn -0.0380 -0.9993 0.0029
vn -0.0380 -0.9993 0.0026
vn -0.0380 -0.9993 0.0023
vn -0.0380 -0.9993 0.0021
vn -0.0380 -0.9993 0.0018
vn -0.0388 -0.9992 0.0046
vn -0.0388 -0.9992 0.0043
vn -0.0388 -0.9992 0.0040
vn -0.0388 -0.9992 0.0038
vn -0.0388 -0.9992 0.0035
vn -0.0388 -0.9992 0.0032
vn -0.0388 -0.9992 0.0029
vn -0.0388 -0.9992 0.0026
vn -0.0388 -0.9992 0.0023
vn -0.0388 -0.9992 0.0021
vn -0.0388 -0.9992 0.0018
vn -0.0396 -0.9992 0.0046
vn -0.0396 -0.9992 0.0043
vn -0.0396 -0.9992 0.0041
vn -0.0396 -0.9992 0.0038
vn -0.0396 -0.9992 0.0035
vn -0.0396 -0.9992 0.0032
vn -0.0396 -0.9992 0.0029
vn -0.0396 -0.9992 0.0026
vn -0.0396 -0.9992 0.0023
vn -0.0396 -0.9992 0.0021
vn -0.0396 -0.9992 0.0018
vn -0.0404 -0.9992 0.0047
vn -0.0404 -0.9992 0.0044
vn -0.0404 -0.9992 0.0041
vn -0.0404 -0.9992 0.0038
vn -0.0404 -0.9992 0.0035
vn -0.0404 -0.9992 0.0032
vn -0.0404 -0.9992 0.0029
vn -0.0404 -0.9992 0.0026
vn -0.0404 -0.9992 0.0024
vn -0.0404 -0.9992 0.0021
vn -0.0404 -0.9992 0.0018
vn -0.0412 -0.9991 0.0047
vn -0.0412 -0.9991 0.0044
vn -0.0412 -0.9991 0.0041
vn -0.0412 -0.9991 0.0038
vn -0.0412 -0.9991 0.0035
vn -0.0412 -0.9991 0.0032
vn -0.0412 -0.9991 0.0029
vn -0.0412 -0.9991 0.0027
vn -0.0412 -0.9991 0.0024
vn -0.0412 -0.9991 0.0021
vn -0.0412 -0.9991 0.0018
vn 0.0139 0.6432 0.7656
vn 0.0139 0.6421 0.7665
vn 0.0138 0.6410 0.7674
vn 0.0138 0.6399 0.7683
vn 0.0138 0.6388 0.7693
vn 0.0137 0.6377 0.7702
vn 0.0137 0.6366 0.7711
vn 0.0137 0.6355 0.7720
vn 0.0136 0.6344 0.7729
vn 0.0136 0.6333 0.7738
vn 0.0136 0.6323 0.7746
vn -0.0162 -0.5417 0.8404
vn -0.0163 -0.5456 0.8379
vn -0.0164 -0.5495 0.8353
vn -0.0165 -0.5534 0.8327
vn -0.0166 -0.5573 0.8302
vn -0.0167 -0.5611 0.8276
vn -0.0168 -0.5649 0.8250
vn -0.0169 -0.5687 0.8223
vn -0.0170 -0.5725 0.8197
vn -0.0171 -0.5763 0.8171
vn -0.0172 -0.5800 0.8144
vn -0.0246 -0.7602 0.6492
vn -0.0245 -0.7667 0.6416
vn -0.0245 -0.7731 0.6338
vn -0.0245 -0.7795 0.6260
vn -0.0244 -0.7858 0.6180
vn -0.0243 -0.7921 0.6099
vn -0.0243 -0.7983 0.6017
vn -0.0242 -0.8045 0.5935
vn -0.0242 -0.8106 0.5851
vn -0.0241 -0.8167 0.5766
vn -0.0240 -0.8227 0.5680
vn -0.0268 -0.6914 0.7219
vn -0.0267 -0.6844 0.7286
vn -0.0266 -0.6772 0.7353
vn -0.0265 -0.6698 0.7421
vn -0.0265 -0.6622 0.7489
vn -0.0264 -0.6543 0.7557
vn -0.0263 -0.6463 0.7626
vn -0.0262 -0.6380 0.7696
vn -0.0261 -0.6295 0.7766
vn -0.0260 -0.6207 0.7836
vn -0.0258 -0.6117 0.7906
vn -0.0164 -0.9967 0.0798
vn -0.0164 -0.9969 0.0770
vn -0.0164 -0.9971 0.0743
vn -0.0164 -0.9973 0.0716
vn -0.0164 -0.9975 0.0689
vn -0.0164 -0.9977 0.0662
vn -0.0164 -0.9978 0.0635
vn -0.0164 -0.9980 0.0607
vn -0.0164 -0.9982 0.0580
vn -0.0164 -0.9983 0.0553
vn -0.0164 -0.9985 0.0526
vn -0.0137 -0.9993 0.0344
vn -0.0137 -0.9992 0.0388
vn -0.0137 -0.9990 0.0431
vn -0.0137 -0.9988 0.0475
vn -0.0137 -0.9986 0.0517
vn -0.0138 -0.9983 0.0560
vn -0.0138 -0.9981 0.0602
vn -0.0138 -0.9978 0.0645
vn -0.0138 -0.9975 0.0686
vn -0.0138 -0.9973 0.0728
vn -0.0138 -0.9969 0.0769
vn -0.0142 -0.9978 0.0646
vn -0.0142 -0.9977 0.0659
vn -0.0142 -0.9976 0.0672
vn -0.0142 -0.9976 0.0685
vn -0.0142 -0.9975 0.0698
vn -0.0142 -0.9974 0.0711
vn -0.0142 -0.9973 0.0724
vn -0.0142 -0.9972 0.0737
vn -0.0142 -0.9971 0.0750
vn -0.0142 -0.9970 0.0763
vn -0.0142 -0.9969 0.0776
vn -0.0288 -0.9949 0.0970
vn -0.0288 -0.9956 0.0886
vn -0.0288 -0.9964 0.0802
vn -0.0289 -0.9970 0.0718
vn -0.0289 -0.9976 0.0633
vn -0.0289 -0.9981 0.0549
vn -0.0289 -0.9985 0.0464
vn -0.0289 -0.9989 0.0380
vn -0.0289 -0.9991 0.0295
vn -0.0289 -0.9994 0.0210
vn -0.0289 -0.9995 0.0125
vn -0.0269 -0.9022 -0.4304
vn -0.0269 -0.8991 -0.4368
vn -0.0268 -0.8961 -0.4431
vn -0.0267 -0.8930 -0.4493
vn -0.0266 -0.8899 -0.4554
vn -0.0265 -0.8868 -0.4614
vn -0.0265 -0.8837 -0.4673
vn -0.0264 -0.8806 -0.4731
vn -0.0263 -0.8775 -0.4788
vn -0.0262 -0.8745 -0.4844
vn -0.0261 -0.8714 -0.4899
vn -0.0368 -0.9989 -0.0274
vn -0.0368 -0.9989 -0.0275
vn -0.0368 -0.9989 -0.0276
vn -0.0368 -0.9989 -0.0277
vn -0.0368 -0.9989 -0.0278
vn -0.0351 -0.9935 -0.1079
vn -0.0351 -0.9935 -0.1081
vn -0.0351 -0.9935 -0.1083
vn -0.0351 -0.9935 -0.1085
vn -0.0351 -0.9935 -0.1087
vn -0.0351 -0.9934 -0.1089
vn -0.0351 -0.9934 -0.1091
vn -0.0351 -0.9934 -0.1093
vn -0.0351 -0.9934 -0.1095
vn -0.0351 -0.9933 -0.1097
vn -0.0351 -0.9933 -0.1099
vn -0.0372 -0.9993 0.0046
vn -0.0372 -0.9993 0.0043
vn -0.0372 -0.9993 0.0040
vn -0.0372 -0.9993 0.0037
vn -0.0372 -0.9993 0.0034
vn -0.0372 -0.9993 0.0032
vn -0.0372 -0.9993 0.0029
vn -0.0372 -0.9993 0.0026
vn -0.0372 -0.9993 0.0023
vn -0.0372 -0.9993 0.0020
vn -0.0372 -0.9993 0.0018
vn 0.0677 0.8582 0.5088
vn -0.0490 0.8496 0.5252
vn 0.0192 0.8200 0.5720
vn 0.0183 0.8318 0.5548
vn 0.0090 0.8384 0.5451
vn 0.0095 0.8418 0.5397
vn -0.0002 0.8406 0.5417
vn 0.0263 0.8497 0.5266
vn 0.0672 0.8600 0.5058
vn 0.0667 0.8618 0.5028
vn 0.0250 0.8635 0.5036
vn 0.0250 0.8641 0.5027
vn 0.0249 0.8647 0.5017
vn 0.0204 0.8425 0.5383
vn 0.0047 0.8460 0.5331
vn 0.0074 0.8603 0.5098
vn 0.0546 0.8540 0.5173
vn 0.0491 0.8328 0.5514
vn 0.0074 0.8584 0.5130
vn 0.0073 0.8621 0.5066
vn 0.0058 0.8634 0.5045
vn -0.2546 0.8046 0.5364
vn 0.0519 0.8211 0.5684
vn 0.0058 0.8641 0.5032
vn 0.0058 0.8649 0.5020
vn 0.0187 0.8389 0.5440
vn 0.0222 0.8471 0.5310
vn 0.0134 0.8604 0.5094
vn 0.0308 0.8395 0.5425
vn 0.0739 0.8538 0.5154
vn 0.0844 0.8330 0.5469
vn 0.0135 0.8585 0.5126
vn 0.0133 0.8622 0.5063
vn 0.0094 0.8631 0.5049
vn 0.0081 0.8641 0.5032
vn -0.4375 0.7352 0.5178
vn 0.0081 0.8648 0.5020
vn 0.0336 0.8433 0.5365
vn 0.0897 0.8213 0.5635
vn 0.0201 0.8605 0.5091
vn -0.5079 0.6567 0.5575
vn 0.0382 0.8478 0.5290
vn 0.0202 0.8586 0.5122
vn 0.0199 0.8623 0.5060
vn 0.0494 0.8440 0.5341
vn 0.0457 0.8400 0.5407
vn 0.0105 0.8635 0.5043
vn 0.1318 0.8200 0.5570
vn 0.0105 0.8642 0.5031
vn 0.0918 0.8533 0.5133
vn 0.1236 0.8319 0.5410
vn 0.0105 0.8648 0.5019
vn 0.0271 0.8605 0.5087
vn 0.0531 0.8482 0.5269
vn 0.0688 0.8445 0.5311
vn 0.0273 0.8587 0.5118
vn 0.0644 0.8404 0.5381
vn 0.0268 0.8624 0.5056
vn 0.0129 0.8635 0.5042
vn 0.1781 0.8169 0.5486
vn 0.0129 0.8642 0.5031
vn 0.0128 0.8648 0.5019
vn 0.1092 0.8525 0.5111
vn -0.4551 0.6836 0.5706
vn 0.1667 0.8293 0.5334
vn 0.0348 0.8605 0.5082
vn 0.0656 0.8485 0.5251
vn -0.3961 0.7098 0.5824
vn 0.0352 0.8587 0.5113
vn 0.0901 0.8448 0.5275
vn 0.0345 0.8624 0.5051
vn 0.2088 0.8251 0.5250
vn 0.0155 0.8635 0.5041
vn 0.0856 0.8405 0.5350
vn 0.0154 0.8642 0.5030
vn 0.0154 0.8648 0.5019
vn 0.1241 0.8517 0.5092
vn 0.2234 0.8120 0.5392
vn 0.1055 0.8430 0.5275
vn 0.0424 0.8605 0.5077
vn 0.2569 0.8184 0.5140
vn 0.0429 0.8587 0.5108
vn 0.1438 0.8490 0.5084
vn 0.1148 0.8400 0.5303
vn -0.1293 0.7404 0.6596
vn 0.0179 0.8635 0.5040
vn 0.0420 0.8623 0.5046
vn 0.0178 0.8642 0.5029
vn 0.0801 0.8466 0.5262
vn 0.0177 0.8648 0.5018
vn 0.2747 0.8044 0.5268
vn 0.1149 0.8440 0.5240
vn 0.0926 0.8477 0.5223
vn 0.0520 0.8586 0.5101
vn 0.2975 0.8114 0.5031
vn 0.3157 0.7969 0.5151
vn 0.0515 0.8604 0.5070
vn 0.1628 0.8479 0.5046
vn 0.1463 0.8387 0.5246
vn 0.0206 0.8635 0.5039
vn 0.0510 0.8622 0.5040
vn 0.0793 0.8428 0.5324
vn 0.0205 0.8641 0.5028
vn 0.0205 0.8647 0.5018
vn 0.1802 0.8436 0.5059
vn 0.0603 0.8602 0.5064
vn 0.1726 0.8368 0.5196
vn 0.0609 0.8584 0.5094
vn 0.1236 0.8427 0.5241
vn 0.0598 0.8620 0.5034
vn 0.0146 0.8135 0.5814
vn 0.0990 0.8450 0.5254
vn 0.0231 0.8635 0.5037
vn 0.0231 0.8641 0.5027
vn 0.3239 0.8060 0.4954
vn 0.0230 0.8647 0.5017
vn 0.3387 0.7920 0.5079
vn -0.9913 -0.1287 0.0258
vn 0.0068 0.8638 0.5038
vn 0.0321 0.9922 0.1207
vn 0.5154 0.8526 0.0862
vn 0.9853 0.1476 0.0859
vn 0.9961 0.0188 0.0856
vn 0.9793 -0.1836 0.0850
vn 0.3531 -0.9318 0.0843
vn 0.0131 0.6307 0.7759
vn -0.0000 -0.9965 0.0841
vn 0.0112 -0.9867 0.1622
vn 0.9853 0.1476 0.0857
vn 0.9853 0.1476 0.0858
vn 0.0257 0.9960 0.0861
vn -0.8006 -0.0165 0.5990
vn -0.7542 -0.0106 0.6566
vn -0.7082 0.0023 0.7060
vn -0.5195 -0.0007 0.8545
vn -0.0141 -0.7980 0.6025
vn -0.0140 -0.8043 0.5941
vn -0.6391 -0.1665 0.7509
vn -0.0138 -0.8166 0.5770
vn -0.0136 -0.8287 0.5595
vn -0.7736 -0.1778 0.6082
vn -0.0137 -0.8227 0.5683
vn -0.5748 -0.1598 0.8026
vn -0.0343 -0.7577 0.6517
vn -0.0146 -0.7594 0.6505
vn -0.7620 -0.2582 0.5939
vn -0.0145 -0.7659 0.6428
vn -0.0144 -0.7724 0.6349
vn -0.0143 -0.7789 0.6270
vn -0.0139 -0.8105 0.5856
vn -0.0143 -0.7853 0.6189
vn -0.3272 -0.7040 0.6303
vn -0.6807 -0.0927 0.7267
vn -0.0142 -0.7917 0.6108
vn -0.8174 -0.3701 0.4414
vn -0.5075 -0.0083 0.8616
vn -0.4612 -0.0497 0.8859
vn -0.5123 -0.0052 0.8588
vn -0.5199 0.0281 0.8538
vn -0.6975 0.2097 0.6852
vn -0.7132 -0.0744 0.6970
vn -0.1744 -0.8498 0.4975
vn -0.3537 -0.5821 0.7322
vn -0.4792 -0.2131 0.8515
vn -0.9307 0.2354 -0.2801
vn -0.9816 0.1675 -0.0915
vn -0.9885 0.1289 0.0791
vn -0.5124 0.0030 0.8588
vn -0.8113 0.1530 0.5643
vn -0.8788 0.0064 0.4771
vn -0.4393 -0.2284 0.8688
vn -0.2842 -0.0954 0.9540
vn -0.4023 -0.2244 0.8876
vn -0.0510 -0.6586 0.7508
vn -0.4129 -0.2256 0.8824
vn -0.0206 -0.6918 0.7218
vn -0.0205 -0.6848 0.7285
vn -0.0204 -0.6775 0.7352
vn -0.0202 -0.6701 0.7420
vn -0.0201 -0.6624 0.7488
vn -0.0199 -0.6546 0.7557
vn -0.0198 -0.6465 0.7627
vn -0.0196 -0.6382 0.7696
vn -0.0194 -0.6296 0.7766
vn -0.0193 -0.6209 0.7837
vn -0.0191 -0.6118 0.7908
vn -0.4876 0.0377 0.8723
vn -0.0189 -0.6026 0.7978
vn -0.0120 0.9873 0.1585
vn -0.0205 0.9841 0.1764
vn -0.0085 0.9820 0.1888
vn -0.0586 0.9916 0.1155
vn 0.0032 0.9916 0.1293
vn -0.0103 0.9564 0.2919
vn 0.0117 0.9551 0.2960
vn 0.1481 0.9501 0.2746
vn 0.0608 0.9805 0.1869
vn -0.0042 0.8830 0.4694
vn -0.0246 0.9192 0.3930
vn 0.1943 0.9086 0.3697
vn -0.0040 0.8298 0.5581
vn -0.0369 0.8063 0.5903
vn 0.1858 0.7564 0.6272
vn -0.0332 0.4530 0.8909
vn -0.0348 0.5963 0.8020
vn 0.1104 0.5910 0.7991
vn 0.3038 -0.8694 -0.3897
vn -0.0008 0.9197 0.3927
vn -0.0361 0.9151 0.4015
vn 0.0141 -0.9214 -0.3884
vn 0.0024 0.9231 0.3846
vn 0.9128 -0.3393 -0.2273
vn 0.6721 -0.1102 -0.7322
vn -0.0515 0.1882 0.9808
vn 0.5911 -0.1233 -0.7971
vn -0.0066 0.1558 0.9878
vn 0.0433 -0.1750 -0.9836
vn -0.0139 0.1953 0.9806
vn -0.0155 -0.0009 0.9999
vn -0.0726 -0.0024 0.9974
vn -0.0165 -0.0020 0.9999
vn -0.0789 -0.7160 0.6937
vn -0.0196 -0.7227 0.6909
vn 0.0545 0.0074 -0.9985
vn -0.0352 -0.6903 0.7227
vn -0.0159 -0.9952 0.0961
vn -0.0129 -0.9953 0.0961
vn 0.0031 -0.9954 0.0961
vn -0.2776 -0.6467 0.7105
vn -0.5138 -0.5619 0.6483
vn -0.7276 -0.4935 0.4765
vn -0.0532 -0.9949 0.0856
vn -0.0647 -0.9957 0.0670
vn -0.0789 -0.9953 0.0567
vn 0.0537 0.0068 -0.9985
vn 0.7773 -0.5205 -0.3535
vn 0.0524 0.0070 -0.9986
vn 0.8027 0.0407 -0.5950
vn -0.7491 -0.0149 0.6623
vn -0.8412 -0.0861 0.5339
vn -0.9389 0.0768 0.3354
vn 0.9717 0.0911 -0.2179
vn -0.8923 0.2238 0.3920
vn 0.9808 -0.0598 -0.1854
vn 0.8346 -0.5509 0.0025
vn -0.9940 -0.1089 -0.0085
vn -0.9978 -0.0572 0.0343
vn -0.9833 -0.1796 0.0306
vn 0.9923 -0.1236 -0.0028
vn 0.9082 -0.4132 -0.0667
vn -0.9050 0.2436 0.3488
vn 0.0762 0.4691 0.8798
vn 0.0394 0.5330 0.8452
vn -0.0281 0.5914 0.8059
vn -0.2690 0.2687 0.9249
vn -0.0285 0.4589 0.8880
vn -0.0265 0.5557 0.8310
vn 0.4313 0.1054 0.8960
vn -0.9966 0.0455 0.0685
vn 0.9945 -0.1048 -0.0040
vn 0.9981 -0.0622 -0.0033
vn 0.9874 -0.0607 -0.1461
vn 0.9624 -0.1751 -0.2076
vn 0.9111 -0.1767 -0.3723
vn 0.9286 -0.2487 -0.2756
vn 0.8445 -0.5224 -0.1181
vn 0.8604 -0.5094 -0.0146
vn 0.9866 -0.1610 0.0257
vn 0.9158 -0.3940 -0.0780
vn 0.9169 -0.3703 -0.1490
vn -0.9428 0.2591 0.2097
vn -0.9936 0.1067 0.0379
vn 0.9755 -0.1864 0.1165
vn 0.9311 -0.1935 0.3091
vn 0.9647 -0.2631 -0.0103
vn 0.9652 -0.2608 -0.0194
vn -0.9937 0.0796 -0.0794
vn 0.9759 -0.1745 0.1312
vn 0.9388 -0.1824 -0.2922
vn 0.7452 -0.6662 -0.0296
vn 0.9945 0.0254 0.1020
vn 0.9907 -0.1331 0.0298
vn 0.9000 -0.2166 -0.3782
vn 0.9926 -0.1124 0.0457
vn 0.9574 0.2802 0.0696
vn 0.8405 -0.5392 -0.0532
vn 0.9859 0.1494 -0.0759
vn 0.9948 0.1023 0.0015
vn 0.9948 0.1013 0.0016
vn -0.9959 -0.0788 0.0452
vn -0.9778 -0.2090 -0.0118
vn 0.9446 0.3230 -0.0582
vn 0.9610 0.2765 0.0052
vn -0.8266 -0.5628 -0.0055
vn -0.8296 -0.5583 -0.0047
vn 0.8358 0.5490 0.0053
vn 0.8624 0.5061 0.0054
vn 0.8671 0.4966 0.0378
vn 0.9606 0.2779 0.0057
vn -0.9505 -0.2551 0.1776
vn 0.9498 -0.3129 -0.0079
vn 0.9895 -0.1327 0.0571
vn 0.9243 -0.3816 -0.0063
vn 1.0000 -0.0056 -0.0018
vn 0.9998 -0.0035 0.0209
vn 0.9913 0.1316 0.0042
vn 0.9697 0.2440 -0.0118
vn 0.7991 0.6012 -0.0065
vn 0.9905 0.0720 0.1175
vn 0.9939 0.1100 -0.0130
vn 0.9975 0.0677 0.0220
vn 0.9812 0.1918 0.0216
vn 0.9908 -0.1344 0.0149
vn 0.9934 -0.1139 0.0088
vn 0.9366 -0.3503 0.0117
vn 0.7847 -0.6191 0.0300
vn 0.8269 -0.5547 -0.0929
vn 0.8343 -0.5409 -0.1069
vn -0.7263 0.5192 0.4505
vn 0.7295 -0.5869 -0.3514
vn 0.7576 -0.6171 -0.2126
vn 0.7977 -0.5956 -0.0943
vn 0.6788 -0.7340 0.0243
vn 0.7633 -0.6448 -0.0391
vn 0.6790 -0.7342 0.0016
vn 0.7721 -0.6165 -0.1544
vn 0.4121 -0.9110 0.0164
vn 0.2778 -0.9574 -0.0782
vn 0.3943 -0.9189 -0.0123
vn 0.0372 -0.9993 0.0015
vn 0.0351 -0.9933 -0.1101
vn 0.0368 -0.9989 -0.0279
vn 0.3850 -0.8631 -0.3269
vn 0.0261 -0.8683 -0.4954
vn 0.8057 0.5921 0.0170
vn 0.9744 0.2249 -0.0007
vn 0.9996 -0.0113 -0.0250
vn 0.9997 0.0012 0.0230
vn 0.9958 -0.0451 -0.0792
vn 0.9955 -0.0931 0.0193
vn 0.9998 -0.0212 0.0067
vn 1.0000 0.0003 0.0099
vn 0.9962 0.0478 0.0726
vn 0.9989 0.0448 0.0139
vn 0.9987 0.0504 0.0039
vn 0.9987 0.0511 -0.0037
vn 0.9990 0.0423 -0.0106
vn 0.9854 0.0150 0.1697
vn 0.9281 0.0443 0.3697
vn 0.9935 -0.1138 -0.0054
vn 0.9935 -0.1139 0.0015
vn 0.9855 -0.1566 0.0648
vn 0.9902 -0.1394 0.0064
vn 0.9705 -0.2279 0.0789
vn 0.9802 -0.1918 0.0503
vn 0.9584 -0.2745 0.0788
vn 0.9726 -0.2274 0.0486
vn 0.9473 -0.3092 0.0833
vn 0.9634 -0.2613 0.0604
vn 0.9027 -0.4284 -0.0408
vn 0.9646 -0.2522 -0.0775
vn 0.7604 -0.3795 0.5270
vn 0.9706 0.0565 0.2342
vn 0.9972 -0.0753 -0.0028
vn 0.8075 0.0146 0.5897
vn 0.9960 -0.0895 0.0056
vn 0.9950 -0.0997 0.0062
vn 0.9947 -0.1025 -0.0088
vn 0.9922 -0.1112 -0.0562
vn 0.9599 -0.2785 -0.0325
vn 0.9528 -0.3019 0.0327
vn 0.9456 -0.3240 0.0288
vn 0.9277 -0.3704 0.0469
vn 0.8800 -0.4684 -0.0785
vn 0.9799 -0.1986 0.0202
vn 0.9963 -0.0855 0.0018
vn 0.9945 -0.1031 0.0197
vn 0.9900 -0.1400 0.0161
vn 0.9836 -0.1800 -0.0072
vn 0.3952 -0.0241 0.9183
vn 0.3582 -0.6619 -0.6585
vn 0.3558 -0.9341 -0.0283
vn 0.3548 -0.9349 0.0098
vn 0.3467 -0.9379 0.0143
vn 0.3184 -0.9479 0.0087
vn 0.3580 -0.9317 -0.0621
vn 0.3790 0.9252 0.0178
vn 0.3808 0.9246 0.0064
vn 0.3822 0.9241 0.0005
vn 0.3874 0.9219 0.0008
vn 0.3713 0.9284 -0.0122
vn 0.9717 -0.2287 -0.0594
vn 0.9915 -0.1270 0.0273
vn 0.9935 -0.1138 0.0028
vn 0.9873 -0.1574 0.0234
vn 0.9833 -0.1796 0.0281
vn 0.3547 -0.9350 0.0073
vn 0.3478 0.1704 0.9219
vn 0.3407 -0.9402 0.0046
vn 0.3988 0.9170 -0.0114
vn 0.3847 0.9230 -0.0032
vn 0.3571 -0.9341 0.0034
vn 0.3654 -0.4048 -0.8382
vn 0.3630 -0.9315 0.0226
vn 0.3683 0.9282 0.0529
vn 0.3823 0.9240 -0.0028
vn 0.3855 0.9227 0.0048
vn 0.3495 -0.9369 0.0066
vn 0.0289 -0.9996 0.0040
vn 0.9916 -0.0253 0.1266
vn 0.9930 -0.1174 0.0108
vn 0.9948 -0.1017 0.0027
vn 0.9890 -0.1478 0.0098
vn 0.9849 -0.1731 0.0042
vn 0.0142 -0.9968 0.0789
vn 0.0494 -0.9986 0.0177
vn 0.2104 -0.9765 0.0462
vn 0.0138 -0.9966 0.0810
vn 0.0164 -0.9986 0.0499
vn 0.3904 -0.9197 0.0418
vn 0.9401 -0.3353 0.0614
vn 0.9561 -0.2929 0.0079
vn 0.9687 -0.2481 0.0082
vn 0.9794 -0.2020 0.0088
vn 0.9860 -0.1664 0.0074
vn 0.7691 -0.2229 0.5990
vn 0.8024 -0.5968 0.0074
vn 0.7935 -0.6085 0.0073
vn 0.7848 -0.6198 0.0069
vn 0.7812 -0.6243 -0.0006
vn 0.7478 -0.6599 0.0727
vn 0.0426 -0.7669 0.6403
vn 0.5673 -0.8054 0.1718
vn 0.6674 -0.7445 0.0170
vn 0.6464 -0.7628 0.0171
vn 0.6252 -0.7803 0.0155
vn 0.5937 -0.8046 0.0099
vn 0.4442 -0.8959 0.0088
vn 0.2516 -0.7834 0.5683
vn 0.0257 -0.6025 0.7977
vn 0.4767 -0.1746 0.8615
vn 0.4058 -0.2189 0.8874
vn 0.0336 -0.6672 0.7441
vn 0.0239 -0.8286 0.5593
vn -0.0268 -0.4930 0.8696
vn 0.0173 -0.5838 0.8117
vn 0.2143 -0.2176 0.9522
vn 0.3332 -0.0249 0.9425
vn 0.2393 -0.0063 0.9709
vn 0.2968 -0.3842 0.8742
vn 0.5121 0.0011 0.8589
vn 0.2398 -0.0064 0.9708
vn -0.0392 0.0422 0.9983
vn -0.0023 0.0075 1.0000
vn -0.0022 -0.0064 1.0000
vn 0.0435 0.0769 0.9961
vn 0.2119 0.2466 0.9457
vn 0.1980 0.0063 0.9802
vn 0.1901 0.0150 0.9816
vn 0.2238 0.0412 0.9738
vn -0.0502 -0.0066 0.9987
vn -0.0004 -0.0042 1.0000
vn -0.0003 -0.0046 1.0000
vn -0.0004 -0.0049 1.0000
vn 0.4282 0.3389 0.8377
vn 0.8336 0.4127 0.3672
vn 0.9054 0.3810 -0.1876
vn 0.9176 -0.0327 0.3961
vn 0.9916 0.0702 0.1086
vn 0.9556 0.2040 -0.2128
vn 0.9716 -0.2087 -0.1111
vn 0.9976 -0.0533 0.0447
vn 0.9742 0.0278 0.2240
vn 0.8619 -0.4963 0.1037
vn 0.9103 -0.1891 0.3682
vn 0.7872 0.1629 0.5948
vn 0.9683 0.2063 -0.1404
vn 0.9294 0.1579 0.3336
vn 0.6983 0.0782 0.7115
vn -0.8082 -0.0343 0.5879
vn -0.3247 -0.0136 0.9457
vn 0.2726 0.0127 0.9620
vn 0.0100 -0.8168 0.5768
vn 0.0050 -0.4116 0.9113
vn -0.0013 0.1059 0.9944
vn -0.8039 -0.0682 0.5908
vn -0.3179 -0.0269 0.9477
vn 0.3030 0.0306 0.9525
vn -0.4836 -0.5656 0.6680
vn -0.1845 -0.2221 0.9574
vn 0.1812 0.1948 0.9639
vn -0.0034 -0.8150 0.5794
vn 0.0013 -0.3973 0.9177
vn 0.0115 0.1356 0.9907
vn -0.0055 -0.8156 0.5786
vn -0.0025 -0.4103 0.9120
vn 0.0018 0.1078 0.9942
vn 0.4802 -0.2085 0.8520
vn 0.3543 -0.5809 0.7329
vn 0.1744 -0.8498 0.4974
vn 0.6904 0.2677 0.6721
vn 0.8917 0.3736 0.2554
vn 0.8915 0.4049 -0.2032
vn 0.0767 -0.8200 0.5671
vn 0.1326 -0.3434 0.9298
vn 0.1373 0.2610 0.9555
vn 0.1150 -0.8262 0.5516
vn 0.1875 -0.3814 0.9052
vn 0.1829 0.2074 0.9610
vn -0.0066 0.5607 0.8280
vn -0.0104 0.8792 0.4763
vn -0.0122 0.9985 -0.0524
vn 0.1943 0.5857 0.7869
vn -0.1679 0.8643 0.4741
vn -0.4660 0.8802 0.0898
vn 0.0134 0.5623 0.8268
vn 0.0116 0.8798 0.4752
vn 0.0056 0.9986 -0.0534
vn 0.0749 0.7230 0.6867
vn 0.0202 0.9562 0.2921
vn -0.0329 0.9927 -0.1164
vn 0.1130 0.7152 0.6897
vn 0.0544 0.9544 0.2934
vn -0.0082 0.9927 -0.1206
vn 0.1347 0.5555 0.8205
vn 0.1152 0.9241 0.3645
vn 0.0862 0.9864 -0.1400
vn 0.8126 0.3896 -0.4334
vn 0.8412 0.3358 -0.4238
vn 0.2250 0.4448 0.8669
vn 0.4317 0.3037 0.8493
vn 0.0695 0.9282 -0.3657
vn 0.9183 -0.3397 -0.2033
vn 0.8615 0.2925 -0.4152
vn 0.8052 0.0637 0.5896
vn 0.7734 -0.6324 -0.0441
vn 0.6732 0.1074 0.7316
vn 0.5196 0.0252 0.8541
vn 0.8928 0.2127 -0.3971
vn 0.0581 -0.9437 0.3258
vn -0.9363 -0.0396 0.3490
vn -0.9294 -0.0780 0.3607
vn 0.0118 -0.9389 0.3441
vn -0.0043 0.3601 0.9329
vn -0.0063 -0.9380 0.3467
vn 0.0085 0.3623 0.9320
vn -0.5793 -0.6762 0.4552
vn 0.0639 -0.9440 0.3238
vn 0.1442 0.5006 0.8536
vn 0.0409 -0.9426 0.3315
vn 0.1060 0.5084 0.8546
vn -0.0041 -0.9382 0.3460
vn 0.1146 0.3961 0.9110
vn -0.0118 0.9398 -0.3416
vn 0.0014 0.9385 -0.3451
vn -0.5735 0.8138 -0.0940
vn -0.0587 0.9437 -0.3256
vn -0.0405 0.9425 -0.3316
vn 0.2394 -0.2209 0.9455
vn 0.4159 -0.2201 0.8824
vn 0.5831 -0.2116 0.7843
vn 0.9857 -0.1670 0.0208
vn 0.9790 -0.2023 0.0245
vn 0.9684 -0.2482 0.0231
vn 0.9559 -0.2930 0.0224
vn 0.9419 -0.3357 0.0083
vn 0.9363 -0.3501 0.0275
vn 0.9228 -0.2481 -0.2949
vn 0.9067 -0.2461 -0.3427
vn 0.9542 -0.2930 0.0609
vn 0.9667 -0.2481 0.0622
vn 0.9771 -0.2030 0.0642
vn 0.9842 -0.1684 0.0554
vn 0.4406 -0.2229 0.8696
vn 0.2987 -0.2280 0.9267
vn 0.6432 -0.2165 0.7344
vn 0.9417 -0.3357 0.0233
vn 0.9364 -0.3501 0.0231
vn 0.9133 -0.1850 -0.3627
vn -0.8466 0.0314 0.5312
vn -0.0279 -0.1348 0.9905
vn -0.0003 -0.8205 0.5717
vn -0.8468 0.0160 0.5316
vn -0.8201 -0.1596 0.5495
vn -0.4931 0.4857 0.7218
vn -0.0002 -0.8205 0.5717
vn -0.3034 -0.7326 0.6093
vn 0.9564 0.2921 0.0017
vn 0.6291 0.7772 0.0107
vn 0.0885 0.9960 0.0161
vn 0.4145 -0.9093 -0.0367
vn 0.7742 -0.6323 -0.0271
vn 0.9749 -0.2223 -0.0119
vn 0.1909 0.4066 0.8934
vn 0.6794 0.3160 0.6623
vn 0.9628 0.1320 0.2356
vn 0.8930 0.4004 -0.2055
vn 0.5968 0.5657 -0.5691
vn 0.1526 0.5908 -0.7923
vn 0.8675 0.4974 0.0081
vn 0.5330 0.8460 0.0137
vn 0.0749 0.9971 0.0162
vn 0.8664 0.4993 0.0115
vn 0.5319 0.8466 0.0189
vn 0.0747 0.9970 0.0222
vn 0.9138 0.3997 -0.0724
vn 0.5785 0.8140 -0.0530
vn 0.0816 0.9967 -0.0016
vn 0.4319 -0.9018 -0.0150
vn 0.8457 -0.5336 -0.0089
vn 1.0000 -0.0018 -0.0000
vn 0.4318 -0.9015 -0.0294
vn 0.8461 -0.5328 -0.0175
vn 1.0000 0.0002 -0.0004
vn 0.4221 -0.9013 0.0971
vn 0.8067 -0.5797 0.1147
vn 0.9900 -0.1100 0.0880
vn 0.1789 -0.9837 -0.0168
vn 0.9995 0.0313 -0.0024
vn 0.0753 -0.4070 -0.9103
vn -0.1789 0.9831 0.0388
vn 0.1790 -0.9837 -0.0160
vn 0.9624 0.2716 0.0075
vn 0.1790 -0.9836 -0.0219
vn 0.9650 0.2623 0.0043
vn 0.0981 -0.5456 0.8323
vn 0.9875 0.1576 -0.0038
vn 0.1789 -0.9834 -0.0290
vn -0.1789 0.9837 0.0164
vn -0.1789 0.9833 0.0321
vn -0.1783 0.9812 -0.0742
vn 0.3800 -0.0726 -0.9221
vn 0.3800 -0.7887 0.4833
vn 0.3800 0.7887 0.4833
vn 0.3800 0.0726 -0.9221
vn 0.3800 -0.8546 0.3540
vn 0.3800 0.7034 0.6007
vn 0.3800 0.2159 -0.8994
vn 0.3800 -0.8994 0.2159
vn 0.3800 0.6007 0.7034
vn 0.3800 0.3540 -0.8546
vn 0.3800 -0.9221 0.0726
vn 0.3800 0.4833 0.7887
vn 0.3800 0.4833 -0.7887
vn 0.3800 -0.9221 -0.0726
vn 0.3800 0.3540 0.8546
vn 0.3800 0.6007 -0.7034
vn 0.3800 -0.8994 -0.2159
vn 0.3800 0.2159 0.8994
vn 0.3800 0.7034 -0.6007
vn 0.3800 -0.8546 -0.3540
vn 0.3800 0.0726 0.9221
vn 0.3800 0.7887 -0.4833
vn 0.3800 -0.7887 -0.4833
vn 0.3800 -0.0726 0.9221
vn 0.3800 0.8546 -0.3540
vn 0.3800 -0.7034 -0.6007
vn 0.3800 -0.2159 0.8994
vn 0.3800 0.8994 -0.2159
vn 0.3800 -0.6007 -0.7034
vn 0.3800 -0.3540 0.8546
vn 0.3800 0.9221 -0.0726
vn 0.3800 -0.4833 -0.7887
vn 0.3800 -0.4833 0.7887
vn 0.3800 0.9221 0.0726
vn 0.3800 -0.3540 -0.8546
vn 0.3800 -0.6007 0.7034
vn 0.3800 0.8994 0.2159
vn 0.3800 -0.2159 -0.8994
vn 0.3800 -0.7034 0.6007
vn 0.3800 0.8546 0.3540
vn -0.4670 0.0694 -0.8815
vn -0.4670 -0.8169 0.3384
vn -0.4670 0.6724 0.5743
vn -0.4670 0.2064 -0.8598
vn -0.4670 -0.8598 0.2064
vn -0.4670 0.5743 0.6724
vn -0.4670 0.3384 -0.8169
vn -0.4670 -0.8815 0.0694
vn -0.4670 0.4620 0.7540
vn -0.4670 0.4620 -0.7540
vn -0.4670 -0.8815 -0.0694
vn -0.4670 0.3384 0.8169
vn -0.4670 0.5743 -0.6724
vn -0.4670 -0.8598 -0.2064
vn -0.4670 0.2064 0.8598
vn -0.4670 0.6724 -0.5743
vn -0.4670 -0.8169 -0.3384
vn -0.4670 0.0694 0.8815
vn -0.4670 0.7540 -0.4620
vn -0.4670 -0.7540 -0.4620
vn -0.4670 -0.0694 0.8815
vn -0.4670 0.8169 -0.3384
vn -0.4670 -0.6724 -0.5743
vn -0.4670 -0.2064 0.8598
vn -0.4670 0.8598 -0.2064
vn -0.4670 -0.5743 -0.6724
vn -0.4670 -0.3384 0.8169
vn -0.4670 0.8815 -0.0694
vn -0.4670 -0.4620 -0.7540
vn -0.4670 -0.4620 0.7540
vn -0.4670 0.8815 0.0694
vn -0.4670 -0.3384 -0.8169
vn -0.4670 -0.5743 0.6724
vn -0.4670 0.8598 0.2064
vn -0.4670 -0.2064 -0.8598
vn -0.4670 -0.6724 0.5743
vn -0.4670 0.8169 0.3384
vn -0.4670 -0.0694 -0.8815
vn -0.4670 -0.7540 0.4620
vn -0.4670 0.7540 0.4620
vn 0.9585 -0.0224 -0.2843
vn 0.9585 -0.2432 0.1490
vn 0.9585 0.2432 0.1490
vn 0.9585 0.0224 -0.2843
vn 0.9585 -0.2635 0.1091
vn 0.9585 0.2169 0.1852
vn 0.9585 0.0666 -0.2773
vn 0.9585 -0.2773 0.0666
vn 0.9585 0.1852 0.2169
vn 0.9585 0.1091 -0.2635
vn 0.9585 -0.2843 0.0224
vn 0.9585 0.1490 0.2432
vn 0.9585 0.1490 -0.2432
vn 0.9585 -0.2843 -0.0224
vn 0.9585 0.1091 0.2635
vn 0.9585 0.1852 -0.2169
vn 0.9585 -0.2773 -0.0666
vn 0.9585 0.0666 0.2773
vn 0.9585 0.2169 -0.1852
vn 0.9585 -0.2635 -0.1091
vn 0.9585 0.0224 0.2843
vn 0.9585 0.2432 -0.1490
vn 0.9585 -0.2432 -0.1490
vn 0.9585 -0.0224 0.2843
vn 0.9585 0.2635 -0.1091
vn 0.9585 -0.2169 -0.1852
vn 0.9585 -0.0666 0.2773
vn 0.9585 0.2773 -0.0666
vn 0.9585 -0.1852 -0.2169
vn 0.9585 -0.1091 0.2635
vn 0.9585 0.2843 -0.0224
vn 0.9585 -0.1490 -0.2432
vn 0.9585 -0.1490 0.2432
vn 0.9585 0.2843 0.0224
vn 0.9585 -0.1091 -0.2635
vn 0.9585 -0.1852 0.2169
vn 0.9585 0.2773 0.0666
vn 0.9585 -0.0666 -0.2773
vn 0.9585 -0.2169 0.1852
vn 0.9585 0.2635 0.1091
vn -0.9263 -0.3480 0.1442
vn -0.9263 0.2864 0.2446
vn -0.9263 0.0879 -0.3663
vn -0.9263 -0.3663 0.0879
vn -0.9263 0.2446 0.2864
vn -0.9263 0.1442 -0.3480
vn -0.9263 -0.3755 0.0296
vn -0.9263 0.1968 0.3212
vn -0.9263 0.1968 -0.3212
vn -0.9263 -0.3755 -0.0296
vn -0.9263 0.1442 0.3480
vn -0.9263 0.2446 -0.2864
vn -0.9263 -0.3663 -0.0879
vn -0.9263 0.0879 0.3663
vn -0.9263 0.2864 -0.2446
vn -0.9263 -0.3480 -0.1442
vn -0.9263 0.0296 0.3755
vn -0.9263 0.3212 -0.1968
vn -0.9263 -0.3212 -0.1968
vn -0.9263 -0.0296 0.3755
vn -0.9263 0.3480 -0.1442
vn -0.9263 -0.2864 -0.2446
vn -0.9263 -0.0879 0.3663
vn -0.9263 0.3663 -0.0879
vn -0.9263 -0.2446 -0.2864
vn -0.9263 -0.1442 0.3480
vn -0.9263 0.3755 -0.0296
vn -0.9263 -0.1968 -0.3212
vn -0.9263 -0.1968 0.3212
vn -0.9263 0.3755 0.0296
vn -0.9263 -0.1442 -0.3480
vn -0.9263 -0.2446 0.2864
vn -0.9263 0.3663 0.0879
vn -0.9263 -0.0879 -0.3663
vn -0.9263 -0.2864 0.2446
vn -0.9263 0.3480 0.1442
vn -0.9263 -0.0296 -0.3755
vn -0.9263 -0.3212 0.1968
vn -0.9263 0.3212 0.1968
vn -0.9263 0.0296 -0.3755
vn 0.9201 -0.2047 0.3340
vn -0.9198 -0.1502 0.3626
vn 0.9201 -0.2544 0.2979
vn -0.9198 -0.2050 0.3346
vn 0.9201 -0.2979 0.2544
vn -0.9198 -0.2549 0.2984
vn 0.9201 -0.3340 0.2047
vn 0.9201 0.0307 -0.3905
vn -0.9198 -0.2984 0.2549
vn 0.9201 -0.3619 0.1499
vn 0.9201 0.0914 -0.3809
vn -0.9198 -0.3346 0.2050
vn -0.9198 0.0308 -0.3912
vn 0.9201 -0.3809 0.0914
vn 0.9201 0.1499 -0.3619
vn -0.9198 -0.3626 0.1502
vn -0.9198 0.0916 -0.3816
vn 0.9201 -0.3905 0.0307
vn 0.9201 0.2047 -0.3340
vn -0.9198 -0.3816 0.0916
vn -0.9198 0.1502 -0.3626
vn 0.9201 -0.3905 -0.0307
vn 0.9201 0.2544 -0.2979
vn -0.9198 -0.3912 0.0308
vn -0.9198 0.2050 -0.3346
vn 0.9201 -0.3809 -0.0914
vn 0.9201 0.2979 -0.2544
vn -0.9198 -0.3912 -0.0308
vn -0.9198 0.2549 -0.2984
vn 0.9201 -0.3619 -0.1499
vn 0.9201 0.3340 -0.2047
vn -0.9198 -0.3816 -0.0916
vn -0.9198 0.2984 -0.2549
vn 0.9201 -0.3340 -0.2047
vn 0.9201 0.3619 -0.1499
vn -0.9198 -0.3626 -0.1502
vn -0.9198 0.3346 -0.2050
vn 0.9201 -0.2979 -0.2544
vn 0.9201 0.3809 -0.0914
vn -0.9198 -0.3346 -0.2050
vn -0.9198 0.3626 -0.1502
vn 0.9201 -0.2544 -0.2979
vn 0.9201 0.3905 -0.0307
vn -0.9198 -0.2984 -0.2549
vn -0.9198 0.3816 -0.0916
vn 0.9201 -0.2047 -0.3340
vn 0.9201 0.3905 0.0307
vn -0.9198 -0.2549 -0.2984
vn -0.9198 0.3912 -0.0308
vn 0.9201 -0.1499 -0.3619
vn 0.9201 0.3809 0.0914
vn -0.9198 -0.2050 -0.3346
vn -0.9198 0.3912 0.0308
vn 0.9201 -0.0914 -0.3809
vn 0.9201 0.3619 0.1499
vn -0.9198 -0.1502 -0.3626
vn -0.9198 0.3816 0.0916
vn 0.9201 -0.0307 -0.3905
vn 0.9201 0.3340 0.2047
vn -0.9198 -0.0916 -0.3816
vn -0.9198 0.3626 0.1502
vn 0.9201 0.2979 0.2544
vn -0.9198 -0.0308 -0.3912
vn -0.9198 0.3346 0.2050
vn 0.9201 0.2544 0.2979
vn -0.9198 0.2984 0.2549
vn 0.9201 0.2047 0.3340
vn -0.9198 0.2549 0.2984
vn 0.9201 0.1499 0.3619
vn -0.9198 0.2050 0.3346
vn 0.9201 0.0914 0.3809
vn -0.9198 0.1502 0.3626
vn 0.9201 0.0307 0.3905
vn -0.9198 0.0916 0.3816
vn 0.9201 -0.0307 0.3905
vn -0.9198 0.0308 0.3912
vn 0.9201 -0.0914 0.3809
vn -0.9198 -0.0308 0.3912
vn 0.9201 -0.1499 0.3619
vn -0.9198 -0.0916 0.3816
vn 0.3697 -0.0729 -0.9263
vn 0.3697 -0.7922 0.4855
vn 0.3697 0.7922 0.4855
vn 0.3697 0.0729 -0.9263
vn 0.3697 -0.8584 0.3556
vn 0.3697 0.7065 0.6034
vn 0.3697 0.2169 -0.9035
vn 0.3697 -0.9035 0.2169
vn 0.3697 0.6034 0.7065
vn 0.3697 0.3556 -0.8584
vn 0.3697 -0.9263 0.0729
vn 0.3697 0.4855 0.7922
vn 0.3697 0.4855 -0.7922
vn 0.3697 -0.9263 -0.0729
vn 0.3697 0.3556 0.8584
vn 0.3697 0.6034 -0.7065
vn 0.3697 -0.9035 -0.2169
vn 0.3697 0.2169 0.9035
vn 0.3697 0.7065 -0.6034
vn 0.3697 -0.8584 -0.3556
vn 0.3697 0.0729 0.9263
vn 0.3697 0.7922 -0.4855
vn 0.3697 -0.7922 -0.4855
vn 0.3697 -0.0729 0.9263
vn 0.3697 0.8584 -0.3556
vn 0.3697 -0.7065 -0.6034
vn 0.3697 -0.2169 0.9035
vn 0.3697 0.9035 -0.2169
vn 0.3697 -0.6034 -0.7065
vn 0.3697 -0.3556 0.8584
vn 0.3697 0.9263 -0.0729
vn 0.3697 -0.4855 -0.7922
vn 0.3697 -0.4855 0.7922
vn 0.3697 0.9263 0.0729
vn 0.3697 -0.3556 -0.8584
vn 0.3697 -0.6034 0.7065
vn 0.3697 0.9035 0.2169
vn 0.3697 -0.2169 -0.9035
vn 0.3697 -0.7065 0.6034
vn 0.3697 0.8584 0.3556
vn -0.4131 0.0715 -0.9079
vn -0.4131 -0.8414 0.3485
vn -0.4131 0.6925 0.5914
vn -0.4131 0.2126 -0.8855
vn -0.4131 -0.8855 0.2126
vn -0.4131 0.5915 0.6925
vn -0.4131 0.3485 -0.8414
vn -0.4131 -0.9079 0.0715
vn -0.4131 0.4758 0.7765
vn -0.4131 0.4758 -0.7765
vn -0.4131 -0.9079 -0.0715
vn -0.4131 0.3485 0.8414
vn -0.4131 0.5915 -0.6925
vn -0.4131 -0.8855 -0.2126
vn -0.4131 0.2126 0.8855
vn -0.4131 0.6925 -0.5915
vn -0.4131 -0.8414 -0.3485
vn -0.4131 0.0715 0.9079
vn -0.4131 0.7765 -0.4758
vn -0.4131 -0.7765 -0.4758
vn -0.4131 -0.0715 0.9079
vn -0.4131 0.8414 -0.3485
vn -0.4131 -0.6925 -0.5915
vn -0.4131 -0.2126 0.8855
vn -0.4131 0.8855 -0.2126
vn -0.4131 -0.5915 -0.6925
vn -0.4131 -0.3485 0.8414
vn -0.4131 0.9079 -0.0715
vn -0.4131 -0.4758 -0.7765
vn -0.4131 -0.4758 0.7765
vn -0.4131 0.9079 0.0715
vn -0.4131 -0.3485 -0.8414
vn -0.4131 -0.5915 0.6925
vn -0.4131 0.8855 0.2126
vn -0.4131 -0.2126 -0.8855
vn -0.4131 -0.6925 0.5915
vn -0.4131 0.8414 0.3485
vn -0.4131 -0.0715 -0.9079
vn -0.4131 -0.7765 0.4758
vn -0.4131 0.7765 0.4758
vn 0.9717 -0.0185 -0.2353
vn 0.9717 -0.2013 0.1233
vn 0.9717 0.2013 0.1233
vn 0.9717 0.0185 -0.2353
vn 0.9717 -0.2181 0.0903
vn 0.9717 0.1795 0.1533
vn 0.9717 0.0551 -0.2295
vn 0.9717 -0.2295 0.0551
vn 0.9717 0.1533 0.1795
vn 0.9717 0.0903 -0.2181
vn 0.9717 -0.2353 0.0185
vn 0.9717 0.1233 0.2013
vn 0.9717 0.1233 -0.2013
vn 0.9717 -0.2353 -0.0185
vn 0.9717 0.0903 0.2181
vn 0.9717 0.1533 -0.1795
vn 0.9717 -0.2295 -0.0551
vn 0.9717 0.0551 0.2295
vn 0.9717 0.1795 -0.1533
vn 0.9717 -0.2181 -0.0903
vn 0.9717 0.0185 0.2353
vn 0.9717 0.2013 -0.1233
vn 0.9717 -0.2013 -0.1233
vn 0.9717 -0.0185 0.2353
vn 0.9717 0.2181 -0.0903
vn 0.9717 -0.1795 -0.1533
vn 0.9717 -0.0551 0.2295
vn 0.9717 0.2295 -0.0551
vn 0.9717 -0.1533 -0.1795
vn 0.9717 -0.0903 0.2181
vn 0.9717 0.2353 -0.0185
vn 0.9717 -0.1233 -0.2013
vn 0.9717 -0.1233 0.2013
vn 0.9717 0.2353 0.0185
vn 0.9717 -0.0903 -0.2181
vn 0.9717 -0.1533 0.1795
vn 0.9717 0.2295 0.0551
vn 0.9717 -0.0551 -0.2295
vn 0.9717 -0.1795 0.1533
vn 0.9717 0.2181 0.0903
vn -0.9489 -0.2916 0.1208
vn -0.9489 0.2400 0.2050
vn -0.9489 0.0737 -0.3069
vn -0.9489 -0.3069 0.0737
vn -0.9489 0.2050 0.2400
vn -0.9489 0.1208 -0.2916
vn -0.9489 -0.3146 0.0248
vn -0.9489 0.1649 0.2691
vn -0.9489 0.1649 -0.2691
vn -0.9489 -0.3146 -0.0248
vn -0.9489 0.1208 0.2916
vn -0.9489 0.2050 -0.2400
vn -0.9489 -0.3069 -0.0737
vn -0.9489 0.0737 0.3069
vn -0.9489 0.2400 -0.2050
vn -0.9489 -0.2916 -0.1208
vn -0.9489 0.0248 0.3146
vn -0.9489 0.2691 -0.1649
vn -0.9489 -0.2691 -0.1649
vn -0.9489 -0.0248 0.3146
vn -0.9489 0.2916 -0.1208
vn -0.9489 -0.2400 -0.2050
vn -0.9489 -0.0737 0.3069
vn -0.9489 0.3069 -0.0737
vn -0.9489 -0.2050 -0.2400
vn -0.9489 -0.1208 0.2916
vn -0.9489 0.3146 -0.0248
vn -0.9489 -0.1649 -0.2691
vn -0.9489 -0.1649 0.2691
vn -0.9489 0.3146 0.0248
vn -0.9489 -0.1208 -0.2916
vn -0.9489 -0.2050 0.2400
vn -0.9489 0.3069 0.0737
vn -0.9489 -0.0737 -0.3069
vn -0.9489 -0.2400 0.2050
vn -0.9489 0.2916 0.1208
vn -0.9489 -0.0248 -0.3146
vn -0.9489 -0.2691 0.1649
vn -0.9489 0.2691 0.1649
vn -0.9489 0.0248 -0.3146
vn 0.9997 0.0216 -0.0086
vn 0.0637 0.9980 -0.0000
vn -1.0000 -0.0055 -0.0000
vn -0.5847 -0.0057 0.8112
vn -0.2850 -0.9585 -0.0000
vn 0.2049 0.9788 -0.0000
vn -0.3238 0.9461 -0.0000
vn -0.0637 -0.9980 -0.0000
vn -0.5928 -0.0015 0.8053
vn -0.6207 -0.0000 0.7841
vn -0.5531 -0.0000 0.8331
vn -0.9997 -0.0236 -0.0000
vn 0.0597 -0.9875 -0.1459
vn 0.0375 -0.9673 -0.2508
vn 0.1400 -0.8245 -0.5483
vn 0.0852 0.9439 -0.3191
vn 0.0860 0.9738 -0.2104
vn -0.2750 0.9496 -0.1506
vn 0.3238 -0.9461 -0.0000
vn 0.3859 0.7407 -0.5499
vn -0.2506 -0.9624 -0.1045
vn 0.2850 0.9585 -0.0000
vn -1.0000 -0.0060 0.0001
vn 1.0000 0.0055 -0.0000
vn 0.9998 0.0199 -0.0000
vn 0.5928 0.0018 -0.8053
vn -0.0764 -0.0000 -0.9971
vn -0.2049 -0.9788 -0.0000
vn 1.0000 0.0066 -0.0000
vn 0.5569 0.0017 -0.8305
vn 0.4447 -0.0000 -0.8957
vn 0.4514 0.0305 -0.8918
vn 0.1715 0.0362 -0.9845
vn -0.0153 -0.9999 -0.0000
vn 0.0129 -0.9999 -0.0000
vn -0.0790 -0.9969 -0.0000
vn -0.0114 -0.9999 -0.0000
vn -0.0246 0.9981 0.0558
vn -0.0558 0.9644 0.2584
vn -0.0773 0.7043 0.7057
vn -0.0782 0.2562 0.9635
vn -0.0589 -0.2601 0.9638
vn -0.0242 -0.7075 0.7063
vn 0.0180 -0.9658 0.2588
vn 0.0581 -0.9643 -0.2583
vn 0.0869 -0.7038 -0.7050
vn 0.0937 -0.2556 -0.9622
vn 0.0711 0.2605 -0.9628
vn 0.0284 0.7077 -0.7060
vn -0.0179 0.9658 -0.2588
vn -0.0918 0.9630 0.2534
vn -0.1562 0.7013 0.6955
vn -0.1787 0.2520 0.9511
vn -0.1538 -0.2647 0.9520
vn -0.0879 -0.7107 0.6980
vn 0.0021 -0.9665 0.2568
vn 0.0927 -0.9629 -0.2533
vn 0.1597 -0.7011 -0.6949
vn 0.1841 -0.2517 -0.9501
vn 0.1582 0.2648 -0.9512
vn 0.0896 0.7107 -0.6977
vn -0.0021 0.9665 -0.2568
vn -0.1067 0.9623 0.2501
vn -0.1985 0.6995 0.6865
vn -0.2372 0.2493 0.9389
vn -0.2125 -0.2676 0.9398
vn -0.1309 -0.7129 0.6889
vn -0.0141 -0.9673 0.2534
vn 0.1068 -0.9623 -0.2500
vn 0.1995 -0.6994 -0.6863
vn 0.2387 -0.2492 -0.9386
vn 0.2138 0.2677 -0.9395
vn 0.1314 0.7129 -0.6888
vn 0.0141 0.9673 -0.2534
vn -0.1086 0.9623 0.2495
vn -0.2197 0.6986 0.6809
vn -0.2719 0.2478 0.9299
vn -0.2514 -0.2694 0.9297
vn -0.1635 -0.7144 0.6804
vn -0.0319 -0.9680 0.2488
vn 0.1085 -0.9623 -0.2495
vn 0.2199 -0.6986 -0.6808
vn 0.2724 -0.2478 -0.9297
vn 0.2518 0.2694 -0.9295
vn 0.1637 0.7144 -0.6803
vn 0.0318 0.9680 -0.2488
vn -0.1007 0.9626 0.2517
vn -0.2266 0.6985 0.6788
vn -0.2918 0.2472 0.9240
vn -0.2789 -0.2702 0.9215
vn -0.1913 -0.7153 0.6722
vn -0.0525 -0.9687 0.2427
vn 0.1005 -0.9626 -0.2518
vn 0.2266 -0.6985 -0.6788
vn 0.2920 -0.2472 -0.9239
vn 0.2791 0.2702 -0.9214
vn 0.1914 0.7153 -0.6721
vn 0.0523 0.9687 -0.2428
vn -0.0836 0.9628 0.2571
vn -0.2220 0.6986 0.6802
vn -0.3009 0.2472 0.9210
vn -0.2993 -0.2704 0.9150
vn -0.2175 -0.7156 0.6638
vn -0.0775 -0.9690 0.2348
vn 0.0833 -0.9628 -0.2572
vn 0.2219 -0.6986 -0.6803
vn 0.3010 -0.2472 -0.9210
vn 0.2994 0.2704 -0.9150
vn 0.2175 0.7156 -0.6638
vn 0.0773 0.9690 -0.2348
vn -0.0561 0.9623 0.2661
vn -0.2059 0.6984 0.6855
vn -0.3005 0.2473 0.9212
vn -0.3148 -0.2701 0.9099
vn -0.2448 -0.7151 0.6548
vn -0.1094 -0.9684 0.2242
vn 0.0554 -0.9623 -0.2664
vn 0.2054 -0.6984 -0.6856
vn 0.3005 -0.2473 -0.9212
vn 0.3148 0.2701 -0.9099
vn 0.2447 0.7151 -0.6548
vn 0.1089 0.9684 -0.2244
vn -0.0148 0.9599 0.2799
vn -0.1759 0.6968 0.6954
vn -0.2900 0.2468 0.9247
vn -0.3266 -0.2694 0.9060
vn -0.2760 -0.7133 0.6442
vn -0.1517 -0.9659 0.2099
vn 0.0132 -0.9598 -0.2805
vn 0.1748 -0.6967 -0.6958
vn 0.2897 -0.2468 -0.9248
vn 0.3266 0.2694 -0.9059
vn 0.2756 0.7133 -0.6444
vn 0.1505 0.9660 -0.2103
vn 0.0460 0.9528 0.3000
vn -0.1273 0.6913 0.7113
vn -0.2666 0.2443 0.9323
vn -0.3354 -0.2683 0.9031
vn -0.3153 -0.7087 0.6311
vn -0.2113 -0.9588 0.1901
vn -0.0506 -0.9521 -0.3015
vn 0.1239 -0.6908 -0.7124
vn 0.2655 -0.2442 -0.9327
vn 0.3354 0.2683 -0.9031
vn 0.3142 0.7089 -0.6315
vn 0.2078 0.9593 -0.1912
vn 0.1326 0.9356 0.3272
vn -0.0528 0.6770 0.7341
vn -0.2246 0.2366 0.9453
vn -0.3411 -0.2670 0.9013
vn -0.3879 -0.7017 0.5977
vn -0.4433 -0.8964 0.0019
vn -0.3558 -0.8910 -0.2820
vn 0.0030 -0.6817 -0.7316
vn 0.2206 -0.2355 -0.9465
vn 0.3412 0.2670 -0.9013
vn 0.3661 0.6986 -0.6147
vn 0.2877 0.9433 -0.1653
vn -0.1788 0.9831 0.0388
vn 0.9996 0.0265 -0.0026
vn 0.9996 0.0273 -0.0025
vn 0.9996 0.0282 -0.0025
vn 0.9996 0.0291 -0.0025
vn 0.9995 0.0301 -0.0025
vn 0.1790 -0.9837 -0.0168
vn 0.9759 -0.2178 -0.0117
vn 0.9757 -0.2187 -0.0117
vn 0.9755 -0.2196 -0.0118
vn 0.9753 -0.2205 -0.0118
vn 0.9751 -0.2214 -0.0118
vn 0.7758 -0.6304 -0.0270
vn 0.7755 -0.6308 -0.0270
vn 0.7752 -0.6311 -0.0271
vn 0.7749 -0.6315 -0.0271
vn 0.7746 -0.6319 -0.0271
vn 0.4149 -0.9091 -0.0367
vn 0.4148 -0.9092 -0.0367
vn 0.4147 -0.9092 -0.0367
vn 0.4146 -0.9092 -0.0367
vn 0.4146 -0.9093 -0.0367
vn 0.0883 0.9960 0.0161
vn 0.0884 0.9960 0.0161
vn 0.6271 0.7789 0.0107
vn 0.6275 0.7785 0.0107
vn 0.6279 0.7782 0.0107
vn 0.6283 0.7779 0.0107
vn 0.6287 0.7776 0.0107
vn 0.9549 0.2969 0.0018
vn 0.9552 0.2959 0.0017
vn 0.9555 0.2950 0.0017
vn 0.9558 0.2940 0.0017
vn 0.9561 0.2930 0.0017
vn 0.9581 -0.2855 0.0216
vn 0.9539 -0.2992 0.0219
vn 0.9496 -0.3126 0.0222
vn 0.9453 -0.3255 0.0225
vn 0.9409 -0.3380 0.0228
vn 0.9581 -0.2853 0.0262
vn 0.9539 -0.2991 0.0265
vn 0.9496 -0.3124 0.0268
vn 0.9452 -0.3254 0.0270
vn 0.9408 -0.3379 0.0273
vn 0.9859 -0.1671 0.0064
vn 0.9880 -0.1544 0.0053
vn 0.9897 -0.1428 0.0042
vn 0.9912 -0.1323 0.0032
vn 0.9924 -0.1227 0.0024
vn 0.9859 -0.1674 -0.0022
vn 0.9880 -0.1545 -0.0030
vn 0.9897 -0.1429 -0.0037
vn 0.9912 -0.1323 -0.0043
vn 0.9924 -0.1226 -0.0048
vn 0.0412 -0.9991 0.0015
vn 0.0404 -0.9992 0.0015
vn 0.0396 -0.9992 0.0015
vn 0.0388 -0.9992 0.0015
vn 0.0380 -0.9993 0.0015
vn 0.4293 -0.9030 0.0169
vn 0.4259 -0.9046 0.0168
vn 0.4225 -0.9062 0.0167
vn 0.4190 -0.9078 0.0166
vn 0.4155 -0.9094 0.0165
vn 0.8034 -0.5947 0.0302
vn 0.8000 -0.5992 0.0301
vn 0.7965 -0.6039 0.0301
vn 0.7927 -0.6088 0.0301
vn 0.7888 -0.6139 0.0301
vn 0.9582 -0.2859 0.0094
vn 0.9540 -0.2996 0.0098
vn 0.9497 -0.3129 0.0103
vn 0.9454 -0.3257 0.0108
vn 0.9410 -0.3382 0.0112
vn 0.9859 -0.1669 0.0156
vn 0.9879 -0.1542 0.0139
vn 0.9897 -0.1428 0.0125
vn 0.9911 -0.1323 0.0111
vn 0.9924 -0.1227 0.0099
vn 0.9951 -0.0985 0.0109
vn 0.9946 -0.1033 0.0115
vn 0.9940 -0.1090 0.0121
vn 0.9932 -0.1157 0.0129
vn 0.9922 -0.1240 0.0138
vn 0.9990 -0.0400 0.0219
vn 0.9998 0.0017 0.0219
vn 0.9987 0.0458 0.0219
vn 0.9955 0.0923 0.0219
vn 0.9898 0.1411 0.0218
vn 0.9817 0.1888 0.0246
vn 0.9858 0.1660 0.0242
vn 0.9895 0.1426 0.0237
vn 0.9927 0.1183 0.0231
vn 0.9954 0.0934 0.0226
vn 0.8450 0.5348 -0.0076
vn 0.8350 0.5502 -0.0074
vn 0.8254 0.5645 -0.0071
vn 0.8163 0.5777 -0.0069
vn 0.8075 0.5899 -0.0067
vn 0.9351 0.3544 -0.0095
vn 0.9428 0.3332 -0.0100
vn 0.9502 0.3116 -0.0104
vn 0.9571 0.2895 -0.0109
vn 0.9637 0.2669 -0.0114
vn 0.9984 0.0569 0.0004
vn 0.9990 0.0456 -0.0000
vn 0.9994 0.0337 -0.0004
vn 0.9998 0.0213 -0.0008
vn 1.0000 0.0082 -0.0013
vn 0.0363 -0.9933 -0.1101
vn 0.0359 -0.9933 -0.1101
vn 0.0355 -0.9933 -0.1101
vn 0.3668 -0.9276 -0.0709
vn 0.3431 -0.9365 -0.0729
vn 0.3140 -0.9464 -0.0754
vn 0.6898 -0.7225 -0.0465
vn 0.7135 -0.6992 -0.0443
vn 0.7381 -0.6734 -0.0418
vn 0.9949 -0.0862 0.0527
vn 0.9974 0.0412 0.0595
vn 0.9841 0.1651 0.0651
vn 0.9125 -0.4091 -0.0067
vn 0.8966 -0.4427 -0.0093
vn 0.8793 -0.4762 -0.0119
vn 0.0089 -0.8685 -0.4956
vn 0.0174 -0.8684 -0.4955
vn 0.1341 -0.9159 -0.3782
vn 0.2667 -0.8962 -0.3546
vn 0.7681 -0.6208 -0.1566
vn 0.7702 -0.6186 -0.1555
vn 0.8477 -0.5212 -0.0986
vn 0.8416 -0.5303 -0.1024
vn 0.9864 -0.1622 0.0253
vn 0.9865 -0.1616 0.0255
vn 0.7393 -0.5755 -0.3496
vn 0.7396 -0.5753 -0.3494
vn 0.9944 -0.0415 0.0976
vn 0.9945 -0.0745 0.0736
vn 0.9417 -0.3157 -0.1166
vn 0.9288 -0.3436 -0.1387
vn 0.8129 -0.5572 -0.1695
vn 0.8616 -0.4876 -0.1409
vn -0.1790 0.9837 0.0164
vn 0.9651 0.2617 0.0043
vn 0.9651 0.2619 0.0043
vn 0.9650 0.2621 0.0043
vn 0.1789 -0.9837 -0.0160
vn 1.0000 -0.0013 -0.0000
vn 1.0000 -0.0015 -0.0000
vn 1.0000 -0.0017 -0.0000
vn 0.8458 -0.5334 -0.0089
vn 0.8458 -0.5335 -0.0089
vn 0.8457 -0.5335 -0.0089
vn 0.4320 -0.9018 -0.0150
vn 0.5328 0.8461 0.0137
vn 0.5329 0.8461 0.0137
vn 0.8672 0.4978 0.0081
vn 0.8673 0.4977 0.0081
vn 0.8674 0.4975 0.0081
vn 0.8812 0.4727 0.0051
vn 0.8754 0.4834 0.0052
vn 0.8691 0.4945 0.0053
vn 0.9597 0.2811 0.0053
vn 0.9601 0.2795 0.0052
vn 0.9606 0.2780 0.0052
vn 0.9947 0.1029 0.0016
vn 0.9947 0.1027 0.0015
vn 0.9947 0.1025 0.0015
vn 0.9188 -0.3929 -0.0387
vn 0.9003 -0.4332 -0.0427
vn 0.8753 -0.4813 -0.0475
vn 0.9684 -0.2488 -0.0185
vn 0.9674 -0.2526 -0.0188
vn 0.9663 -0.2566 -0.0191
vn 0.9967 -0.0807 -0.0037
vn 0.9972 -0.0742 -0.0036
vn 0.9977 -0.0681 -0.0034
vn 0.1789 -0.9836 -0.0219
vn 0.9646 0.2636 0.0073
vn 0.9639 0.2662 0.0073
vn 0.9632 0.2688 0.0074
vn 1.0000 0.0088 -0.0001
vn 1.0000 0.0059 -0.0002
vn 1.0000 0.0031 -0.0003
vn 0.8484 -0.5291 -0.0174
vn 0.8476 -0.5303 -0.0174
vn 0.8468 -0.5316 -0.0175
vn 0.4322 -0.9013 -0.0294
vn 0.4321 -0.9014 -0.0294
vn 0.4320 -0.9014 -0.0294
vn 0.0738 0.9970 0.0222
vn 0.0741 0.9970 0.0222
vn 0.0744 0.9970 0.0222
vn 0.5277 0.8492 0.0190
vn 0.5291 0.8483 0.0189
vn 0.5305 0.8475 0.0189
vn 0.8617 0.5072 0.0117
vn 0.8633 0.5046 0.0116
vn 0.8648 0.5019 0.0116
vn 0.9289 -0.3701 -0.0093
vn 0.9371 -0.3490 -0.0088
vn 0.9439 -0.3300 -0.0083
vn 0.9611 0.2761 0.0056
vn 0.9610 0.2767 0.0056
vn 0.9608 0.2773 0.0057
vn 0.8559 0.5171 0.0050
vn 0.8496 0.5274 0.0051
vn 0.8429 0.5380 0.0052
vn 0.9948 0.1021 0.0016
vn 0.9948 0.1018 0.0016
vn 0.9948 0.1016 0.0016
vn 0.8099 -0.5859 -0.0261
vn 0.7908 -0.6115 -0.0272
vn 0.7693 -0.6383 -0.0284
vn 0.9647 -0.2632 -0.0103
vn 0.9962 -0.0869 -0.0036
vn 0.9957 -0.0927 -0.0037
vn 0.9951 -0.0986 -0.0038
vn -0.8232 -0.5678 -0.0053
vn -0.8243 -0.5662 -0.0054
vn -0.8254 -0.5645 -0.0054
vn 0.7843 -0.6101 -0.1128
vn 0.8220 -0.5604 -0.1014
vn 0.8638 -0.4963 -0.0865
vn 0.9982 -0.0589 0.0085
vn 0.9965 -0.0830 0.0038
vn 0.9945 -0.1052 0.0001
vn -0.9775 -0.2088 0.0312
vn -0.9795 -0.1992 0.0310
vn -0.9814 -0.1895 0.0308
vn -0.9952 -0.0929 0.0319
vn -0.9962 -0.0803 0.0328
vn -0.9971 -0.0684 0.0336
vn -0.9999 -0.0146 0.0030
vn -0.9990 -0.0444 -0.0007
vn -0.9971 -0.0758 -0.0045
vn -0.0063 0.9820 0.1890
vn -0.0043 0.9813 0.1924
vn -0.1027 0.9775 0.1841
vn 0.0681 0.9911 0.1145
vn 0.0210 0.9848 0.1726
vn -0.7900 0.6051 0.0991
vn -0.0062 0.9826 0.1856
vn -0.0632 0.9902 0.1246
vn 0.0316 0.9874 0.1550
vn 0.0333 0.9809 0.1916
vn -0.7575 0.6355 0.1494
vn -0.0064 0.9813 0.1925
vn -0.0132 0.9825 0.1858
vn -0.7760 0.6132 0.1480
vn -0.9509 0.2523 0.1796
vn -0.9674 0.1364 0.2132
vn -0.7799 0.6026 0.1690
vn -0.8882 0.4165 0.1939
vn -0.6802 0.7181 0.1472
vn -0.9364 0.1107 0.3331
vn -0.7587 0.6290 0.1696
vn 0.8962 -0.4237 -0.1314
vn -0.0063 0.9816 0.1908
vn -0.0042 0.9820 0.1889
vn -0.0042 0.9817 0.1906
vn -0.0271 0.5401 0.8412
vn -0.0268 0.5480 0.8360
vn -0.0278 0.6034 0.7970
vn -0.0280 0.5973 0.8015
vn -0.0005 0.9239 0.3827
vn -0.0006 0.9218 0.3876
vn -0.0336 0.4362 0.8992
vn -0.0334 0.4443 0.8953
vn -0.0055 0.8114 0.5844
vn -0.0047 0.8206 0.5715
vn -0.0012 0.9125 0.4091
vn -0.0027 0.8980 0.4400
vn -0.0101 0.9579 0.2870
vn -0.0102 0.9572 0.2894
vn -0.0086 0.9813 0.1923
vn -0.0086 0.9817 0.1905
vn -0.0130 0.9842 0.1768
vn -0.0131 0.9833 0.1814
vn -0.0059 0.9843 0.1765
vn -0.0060 0.9835 0.1810
vn 0.0111 0.4302 0.9027
vn -0.0280 0.4604 0.8873
vn -0.0527 0.5578 0.8283
vn -0.0392 0.5514 0.8333
vn -0.0800 -0.6983 0.7114
vn -0.0795 -0.7069 0.7028
vn -0.0727 -0.0039 0.9973
vn -0.0726 -0.0031 0.9974
vn -0.0525 0.1589 0.9859
vn -0.0520 0.1739 0.9834
vn 0.0078 0.9145 0.4045
vn 0.0019 0.9194 0.3933
vn 0.0300 0.6003 0.7992
vn -0.0282 0.6091 0.7926
vn 0.0401 0.8032 0.5943
vn -0.0269 0.8067 0.5903
vn 0.0294 0.9218 0.3865
vn -0.0213 0.9202 0.3909
vn -0.0145 0.9554 0.2949
vn -0.0147 0.9542 0.2988
vn -0.0212 0.9825 0.1851
vn -0.0208 0.9834 0.1805
vn -0.0691 -0.0030 0.9976
vn -0.0702 -0.0031 0.9975
vn -0.0714 -0.0031 0.9974
vn -0.0691 -0.0037 0.9976
vn -0.0702 -0.0038 0.9975
vn -0.0714 -0.0039 0.9974
vn -0.0691 -0.0024 0.9976
vn -0.0702 -0.0024 0.9975
vn -0.0713 -0.0024 0.9974
vn 0.0530 0.0067 -0.9986
vn 0.0524 0.0066 -0.9986
vn 0.0530 0.0071 -0.9986
vn 0.0537 0.0073 -0.9985
vn -0.0353 -0.6789 0.7334
vn 0.0544 0.0069 -0.9985
vn 0.0440 -0.1649 -0.9853
vn 0.1745 -0.8869 -0.4278
vn 0.2514 -0.8494 -0.4640
vn 0.0021 -0.9234 -0.3837
vn 0.5894 -0.1364 -0.7963
vn 0.2827 -0.8503 -0.4440
vn 0.5885 -0.1429 -0.7958
vn 0.1336 -0.9079 -0.3973
vn 0.2167 -0.8660 -0.4507
vn 0.5902 -0.1298 -0.7967
vn 0.4811 0.0443 -0.8755
vn -0.8292 -0.0342 0.5579
vn -0.2839 -0.6237 0.7283
vn 0.4298 0.0113 -0.9029
vn 0.6312 0.0059 -0.7756
vn -0.5053 -0.5793 0.6396
vn 0.6303 0.0101 -0.7763
vn -0.5091 -0.5706 0.6444
vn 0.6522 0.0048 -0.7581
vn 0.6936 0.0158 -0.7201
vn 0.6950 0.0145 -0.7188
vn 0.6092 0.0098 -0.7929
vn 0.5747 0.0213 -0.8181
vn 0.5801 0.0558 -0.8127
vn 0.6097 0.0054 -0.7926
vn 0.6948 0.0109 -0.7191
vn 0.6146 0.0098 -0.7888
vn 0.5226 0.0188 -0.8524
vn 0.5291 0.0506 -0.8470
vn 0.6162 0.0055 -0.7876
vn -0.7756 -0.0327 0.6304
vn -0.8326 -0.0724 0.5491
vn 0.6803 0.0053 -0.7329
vn 0.6210 0.0100 -0.7837
vn 0.4764 0.0146 -0.8791
vn 0.4322 0.0386 -0.9010
vn 0.6229 0.0058 -0.7823
vn 0.9615 -0.2027 -0.1856
vn 0.9878 0.0257 -0.1539
vn -0.8287 -0.0847 0.5533
vn -0.8435 -0.0705 0.5326
vn -0.8977 0.3099 0.3134
vn 0.9975 -0.0659 0.0238
vn 0.9960 -0.0874 0.0187
vn 0.9942 -0.1061 0.0148
vn 0.9783 -0.1956 0.0686
vn 0.9652 -0.2609 -0.0150
vn 0.9684 -0.2489 -0.0143
vn 0.9897 -0.1426 0.0080
vn 0.9951 -0.0989 0.0065
vn 0.9674 -0.2527 -0.0145
vn 0.9945 -0.1044 0.0067
vn 0.9664 -0.2567 -0.0147
vn 0.9938 -0.1110 0.0070
vn 0.9309 -0.1730 -0.3218
vn 0.9928 -0.1192 0.0073
vn 0.9916 -0.1294 0.0076
vn 0.9922 -0.1242 0.0111
vn 0.9063 -0.1766 -0.3840
vn 0.9325 -0.1830 -0.3114
vn 0.9082 -0.1762 -0.3795
vn 0.9235 -0.1838 -0.3366
vn 0.9858 -0.1667 0.0217
vn 0.9879 -0.1541 0.0198
vn 0.9896 -0.1427 0.0181
vn 0.9923 -0.1227 0.0150
vn 0.9911 -0.1323 0.0165
vn 0.9934 -0.1140 0.0137
vn 0.9100 -0.1764 -0.3752
vn 0.9677 0.0610 0.2446
vn 0.9951 -0.0984 -0.0021
vn 0.9969 -0.0775 -0.0114
vn 0.9925 -0.1087 -0.0550
vn 0.9958 -0.0910 0.0032
vn 0.9948 -0.1015 0.0034
vn 0.8631 0.0029 0.5050
vn 0.0014 0.9386 -0.3451
vn 0.0086 0.3713 0.9285
vn 0.0085 0.3668 0.9303
vn 0.0056 0.9987 -0.0512
vn 0.0056 0.9986 -0.0523
vn 0.0116 0.8798 0.4751
vn 0.0134 0.5676 0.8232
vn 0.0134 0.5650 0.8250
vn 0.0019 0.1170 0.9931
vn 0.0018 0.1124 0.9937
vn -0.0024 -0.4057 0.9140
vn -0.0025 -0.4080 0.9130
vn -0.0055 -0.8152 0.5792
vn -0.0055 -0.8154 0.5789
vn -0.0003 -0.0048 1.0000
vn -0.0003 -0.0047 1.0000
vn -0.0198 -0.8467 0.5318
vn -0.0003 -0.8204 0.5718
vn -0.0117 0.9389 -0.3441
vn -0.0118 0.9393 -0.3428
vn 0.0118 -0.9398 0.3416
vn 0.0118 -0.9393 0.3428
vn -0.0122 0.9987 -0.0491
vn -0.0122 0.9986 -0.0508
vn -0.0104 0.8778 0.4788
vn -0.0104 0.8785 0.4776
vn -0.0066 0.5599 0.8285
vn -0.0066 0.5603 0.8283
vn -0.0013 0.1058 0.9944
vn 0.0050 -0.4128 0.9108
vn 0.0050 -0.4122 0.9111
vn 0.0101 -0.8182 0.5748
vn 0.0100 -0.8175 0.5758
vn -0.0004 -0.0051 1.0000
vn -0.0004 -0.0050 1.0000
vn 0.0908 0.4897 0.8672
vn 0.1011 0.4501 0.8872
vn -0.4708 0.8784 0.0823
vn -0.4684 0.8793 0.0859
vn -0.2241 0.8819 0.4148
vn -0.1978 0.8744 0.4431
vn 0.0743 0.6963 0.7139
vn 0.1324 0.6458 0.7519
vn 0.0120 0.2090 0.9778
vn 0.0117 0.1721 0.9850
vn 0.0015 -0.3623 0.9321
vn 0.0014 -0.3802 0.9249
vn -0.0034 -0.8129 0.5824
vn -0.0034 -0.8140 0.5809
vn -0.0004 -0.0044 1.0000
vn -0.0004 -0.0043 1.0000
vn -0.0071 0.9543 0.2987
vn -0.0070 0.9555 0.2950
vn -0.0067 0.9572 0.2894
vn -0.0066 0.9579 0.2870
vn 0.0866 0.9645 0.2496
vn -0.0067 0.9564 0.2920
vn -0.6369 0.6940 0.3357
vn 0.1413 0.9536 0.2659
vn 0.0475 0.9893 0.1380
vn 0.0176 -0.9020 -0.4314
vn -0.1255 0.5182 0.8460
vn 0.0741 0.9897 0.1226
vn 0.0020 0.9898 0.1427
vn -0.7583 0.6316 0.1612
vn -0.0556 0.9848 0.1648
vn -0.0157 0.9863 0.1643
vn -0.0396 0.9857 0.1636
vn -0.0355 0.9896 0.1398
vn 0.7933 -0.5189 -0.3185
vn -0.3733 0.8315 0.4115
vn -0.6768 0.7308 0.0889
vn -0.7785 0.6066 0.1610
vn -0.8789 0.0829 0.4698
vn -0.5755 0.2071 0.7912
vn -0.6003 0.7091 0.3697
vn -0.4519 0.4393 0.7764
vn -0.3572 0.3902 0.8486
vn -0.2490 0.3697 0.8952
vn -0.1271 0.4158 0.9005
vn -0.0628 0.9837 0.1686
vn -0.0569 0.9858 0.1578
vn -0.0556 0.9842 0.1678
vn -0.0502 0.9920 0.1157
vn -0.3716 0.8612 0.3468
vn -0.3914 0.6840 0.6157
vn -0.2881 0.8572 0.4268
vn -0.0477 0.8489 0.5264
vn -0.6399 0.6957 0.3264
vn -0.5966 0.7309 0.3313
vn -0.3899 0.8510 0.3517
vn -0.3781 0.8652 0.3294
vn -0.7209 0.6094 0.3301
vn -0.5030 0.7361 0.4529
vn -0.4597 0.7981 0.3895
vn -0.4420 0.7772 0.4479
vn -0.3750 0.7521 0.5419
vn -0.5867 0.4964 0.6398
vn -0.1832 0.7264 0.6624
vn -0.0341 0.6627 0.7481
vn -0.6406 0.6433 0.4193
vn -0.6280 0.5701 0.5297
vn 0.8183 -0.5118 -0.2615
vn -0.7343 0.5525 0.3944
vn -0.6622 0.6062 0.4404
vn -0.5350 0.6495 0.5403
vn 0.9300 -0.1595 0.3312
vn -0.4457 0.6090 0.6560
vn 0.9100 -0.4040 -0.0936
vn -0.3146 0.5623 0.7648
vn -0.6012 0.4489 0.6611
vn -0.0915 0.5230 0.8474
vn 0.0038 0.5195 0.8545
vn 0.8212 -0.5570 -0.1237
vn -0.7554 0.3316 0.5651
vn 0.7830 -0.6076 -0.1331
vn 0.8640 -0.4911 -0.1111
vn -0.5179 0.5195 0.6796
vn -0.7300 0.4756 0.4908
vn -0.5374 0.5250 0.6600
vn -0.7406 0.5206 0.4248
vn -0.4340 0.4656 0.7713
vn 0.7090 -0.0308 0.7045
vn -0.2944 0.4188 0.8590
vn 0.5131 -0.0005 0.8583
vn -0.0963 0.4189 0.9029
vn -0.0436 0.4669 0.8832
vn 0.6944 -0.0677 0.7164
vn 0.4943 -0.0233 0.8690
vn 0.7557 -0.0434 0.6535
vn -0.0002 -0.0051 1.0000
vn -0.0002 -0.0050 1.0000
vn 0.8006 -0.0540 0.5967
vn -0.0574 -0.0065 0.9983
vn 0.1975 -0.0097 0.9803
vn -0.0002 -0.0044 1.0000
vn -0.0002 -0.0042 1.0000
vn -0.0002 -0.0043 1.0000
vn -0.0001 -0.0045 1.0000
vn -0.0002 -0.0049 1.0000
vn 0.5342 -0.0087 0.8453
vn -0.0001 -0.0048 1.0000
vn -0.0001 -0.0047 1.0000
vn -0.0623 -0.0065 0.9980
vn 0.5191 -0.0061 0.8547
vn 0.2212 -0.0065 0.9752
vn -0.0001 -0.0042 1.0000
vn 0.0176 -0.8990 -0.4377
vn 0.0176 -0.8959 -0.4439
vn 0.0176 -0.8929 -0.4500
vn 0.0175 -0.8898 -0.4560
vn 0.0175 -0.8868 -0.4619
vn 0.0175 -0.8837 -0.4677
vn 0.0175 -0.8806 -0.4735
vn 0.0174 -0.8776 -0.4791
vn 0.0174 -0.8745 -0.4847
vn 0.0174 -0.8715 -0.4901
vn 0.0085 -0.9017 -0.4323
vn 0.0086 -0.8987 -0.4385
vn 0.0086 -0.8957 -0.4446
vn 0.0086 -0.8927 -0.4506
vn 0.0087 -0.8897 -0.4565
vn 0.0087 -0.8866 -0.4624
vn 0.0087 -0.8836 -0.4681
vn 0.0087 -0.8806 -0.4738
vn 0.0088 -0.8776 -0.4794
vn 0.0088 -0.8745 -0.4849
vn 0.0088 -0.8715 -0.4903
vn 0.0355 -0.9935 -0.1078
vn 0.0355 -0.9935 -0.1080
vn 0.0355 -0.9935 -0.1082
vn 0.0355 -0.9935 -0.1085
vn 0.0355 -0.9934 -0.1087
vn 0.0355 -0.9934 -0.1089
vn 0.0355 -0.9934 -0.1091
vn 0.0355 -0.9934 -0.1093
vn 0.0355 -0.9934 -0.1095
vn 0.0355 -0.9933 -0.1097
vn 0.0355 -0.9933 -0.1099
vn 0.0359 -0.9935 -0.1078
vn 0.0359 -0.9935 -0.1080
vn 0.0359 -0.9935 -0.1082
vn 0.0359 -0.9935 -0.1084
vn 0.0359 -0.9934 -0.1086
vn 0.0359 -0.9934 -0.1088
vn 0.0359 -0.9934 -0.1091
vn 0.0359 -0.9934 -0.1093
vn 0.0359 -0.9933 -0.1095
vn 0.0359 -0.9933 -0.1097
vn 0.0359 -0.9933 -0.1099
vn 0.0363 -0.9935 -0.1078
vn 0.0363 -0.9935 -0.1080
vn 0.0363 -0.9935 -0.1082
vn 0.0363 -0.9934 -0.1084
vn 0.0363 -0.9934 -0.1086
vn 0.0363 -0.9934 -0.1088
vn 0.0363 -0.9934 -0.1090
vn 0.0363 -0.9934 -0.1092
vn 0.0363 -0.9933 -0.1095
vn 0.0363 -0.9933 -0.1097
vn 0.0363 -0.9933 -0.1099
vn 0.0380 -0.9993 0.0046
vn 0.0380 -0.9993 0.0043
vn 0.0380 -0.9993 0.0040
vn 0.0380 -0.9993 0.0037
vn 0.0380 -0.9993 0.0035
vn 0.0380 -0.9993 0.0032
vn 0.0380 -0.9993 0.0029
vn 0.0380 -0.9993 0.0026
vn 0.0380 -0.9993 0.0023
vn 0.0380 -0.9993 0.0021
vn 0.0380 -0.9993 0.0018
vn 0.0388 -0.9992 0.0046
vn 0.0388 -0.9992 0.0043
vn 0.0388 -0.9992 0.0040
vn 0.0388 -0.9992 0.0038
vn 0.0388 -0.9992 0.0035
vn 0.0388 -0.9992 0.0032
vn 0.0388 -0.9992 0.0029
vn 0.0388 -0.9992 0.0026
vn 0.0388 -0.9992 0.0023
vn 0.0388 -0.9992 0.0021
vn 0.0388 -0.9992 0.0018
vn 0.0396 -0.9992 0.0046
vn 0.0396 -0.9992 0.0043
vn 0.0396 -0.9992 0.0041
vn 0.0396 -0.9992 0.0038
vn 0.0396 -0.9992 0.0035
vn 0.0396 -0.9992 0.0032
vn 0.0396 -0.9992 0.0029
vn 0.0396 -0.9992 0.0026
vn 0.0396 -0.9992 0.0023
vn 0.0396 -0.9992 0.0021
vn 0.0396 -0.9992 0.0018
vn 0.0404 -0.9992 0.0047
vn 0.0404 -0.9992 0.0044
vn 0.0404 -0.9992 0.0041
vn 0.0404 -0.9992 0.0038
vn 0.0404 -0.9992 0.0035
vn 0.0404 -0.9992 0.0032
vn 0.0404 -0.9992 0.0029
vn 0.0404 -0.9992 0.0026
vn 0.0404 -0.9992 0.0024
vn 0.0404 -0.9992 0.0021
vn 0.0404 -0.9992 0.0018
vn 0.0412 -0.9991 0.0047
vn 0.0412 -0.9991 0.0044
vn 0.0412 -0.9991 0.0041
vn 0.0412 -0.9991 0.0038
vn 0.0412 -0.9991 0.0035
vn 0.0412 -0.9991 0.0032
vn 0.0412 -0.9991 0.0029
vn 0.0412 -0.9991 0.0027
vn 0.0412 -0.9991 0.0024
vn 0.0412 -0.9991 0.0021
vn 0.0412 -0.9991 0.0018
vn -0.0139 0.6432 0.7656
vn -0.0139 0.6421 0.7665
vn -0.0138 0.6410 0.7674
vn -0.0138 0.6399 0.7683
vn -0.0138 0.6388 0.7693
vn -0.0137 0.6377 0.7702
vn -0.0137 0.6366 0.7711
vn -0.0137 0.6355 0.7720
vn -0.0136 0.6344 0.7729
vn -0.0136 0.6333 0.7738
vn -0.0136 0.6323 0.7746
vn 0.0162 -0.5417 0.8404
vn 0.0163 -0.5456 0.8379
vn 0.0164 -0.5495 0.8353
vn 0.0165 -0.5534 0.8327
vn 0.0166 -0.5573 0.8302
vn 0.0167 -0.5611 0.8276
vn 0.0168 -0.5649 0.8250
vn 0.0169 -0.5687 0.8223
vn 0.0170 -0.5725 0.8197
vn 0.0171 -0.5763 0.8171
vn 0.0172 -0.5800 0.8144
vn 0.0246 -0.7602 0.6492
vn 0.0245 -0.7667 0.6416
vn 0.0245 -0.7731 0.6338
vn 0.0245 -0.7795 0.6260
vn 0.0244 -0.7858 0.6180
vn 0.0243 -0.7921 0.6099
vn 0.0243 -0.7983 0.6017
vn 0.0242 -0.8045 0.5935
vn 0.0241 -0.8106 0.5851
vn 0.0241 -0.8167 0.5766
vn 0.0240 -0.8227 0.5680
vn 0.0268 -0.6914 0.7219
vn 0.0267 -0.6844 0.7286
vn 0.0266 -0.6772 0.7353
vn 0.0265 -0.6698 0.7421
vn 0.0265 -0.6622 0.7489
vn 0.0264 -0.6543 0.7557
vn 0.0263 -0.6463 0.7626
vn 0.0262 -0.6380 0.7696
vn 0.0261 -0.6295 0.7766
vn 0.0260 -0.6207 0.7836
vn 0.0258 -0.6117 0.7906
vn 0.0164 -0.9967 0.0798
vn 0.0164 -0.9969 0.0770
vn 0.0164 -0.9971 0.0743
vn 0.0164 -0.9973 0.0716
vn 0.0164 -0.9975 0.0689
vn 0.0164 -0.9977 0.0662
vn 0.0164 -0.9978 0.0635
vn 0.0164 -0.9980 0.0607
vn 0.0164 -0.9982 0.0580
vn 0.0164 -0.9983 0.0553
vn 0.0164 -0.9985 0.0526
vn 0.0137 -0.9993 0.0344
vn 0.0137 -0.9992 0.0388
vn 0.0137 -0.9990 0.0431
vn 0.0137 -0.9988 0.0475
vn 0.0137 -0.9986 0.0517
vn 0.0138 -0.9983 0.0560
vn 0.0138 -0.9981 0.0602
vn 0.0138 -0.9978 0.0645
vn 0.0138 -0.9975 0.0686
vn 0.0138 -0.9973 0.0728
vn 0.0138 -0.9969 0.0769
vn 0.0142 -0.9978 0.0646
vn 0.0142 -0.9977 0.0659
vn 0.0142 -0.9976 0.0672
vn 0.0142 -0.9976 0.0685
vn 0.0142 -0.9975 0.0698
vn 0.0142 -0.9974 0.0711
vn 0.0142 -0.9973 0.0724
vn 0.0142 -0.9972 0.0737
vn 0.0142 -0.9971 0.0750
vn 0.0142 -0.9970 0.0763
vn 0.0142 -0.9969 0.0776
vn 0.0288 -0.9949 0.0970
vn 0.0288 -0.9956 0.0886
vn 0.0288 -0.9964 0.0802
vn 0.0289 -0.9970 0.0718
vn 0.0289 -0.9976 0.0633
vn 0.0289 -0.9981 0.0549
vn 0.0289 -0.9985 0.0464
vn 0.0289 -0.9989 0.0380
vn 0.0289 -0.9991 0.0295
vn 0.0289 -0.9994 0.0210
vn 0.0289 -0.9995 0.0125
vn 0.0269 -0.9022 -0.4304
vn 0.0269 -0.8991 -0.4368
vn 0.0268 -0.8961 -0.4431
vn 0.0267 -0.8930 -0.4493
vn 0.0266 -0.8899 -0.4554
vn 0.0265 -0.8868 -0.4614
vn 0.0265 -0.8837 -0.4673
vn 0.0264 -0.8806 -0.4731
vn 0.0263 -0.8775 -0.4788
vn 0.0262 -0.8745 -0.4844
vn 0.0261 -0.8714 -0.4899
vn 0.0368 -0.9989 -0.0274
vn 0.0368 -0.9989 -0.0275
vn 0.0368 -0.9989 -0.0276
vn 0.0368 -0.9989 -0.0277
vn 0.0368 -0.9989 -0.0278
vn 0.0351 -0.9935 -0.1079
vn 0.0351 -0.9935 -0.1081
vn 0.0351 -0.9935 -0.1083
vn 0.0351 -0.9935 -0.1085
vn 0.0351 -0.9935 -0.1087
vn 0.0351 -0.9934 -0.1089
vn 0.0351 -0.9934 -0.1091
vn 0.0351 -0.9934 -0.1093
vn 0.0351 -0.9934 -0.1095
vn 0.0351 -0.9933 -0.1097
vn 0.0351 -0.9933 -0.1099
vn 0.0372 -0.9993 0.0046
vn 0.0372 -0.9993 0.0043
vn 0.0372 -0.9993 0.0040
vn 0.0372 -0.9993 0.0037
vn 0.0372 -0.9993 0.0034
vn 0.0372 -0.9993 0.0032
vn 0.0372 -0.9993 0.0029
vn 0.0372 -0.9993 0.0026
vn 0.0372 -0.9993 0.0023
vn 0.0372 -0.9993 0.0020
vn 0.0372 -0.9993 0.0018
vn -0.0677 0.8582 0.5088
vn 0.0490 0.8496 0.5252
vn -0.0192 0.8200 0.5720
vn -0.0183 0.8318 0.5548
vn -0.0090 0.8384 0.5451
vn -0.0095 0.8418 0.5397
vn 0.0002 0.8406 0.5417
vn -0.0263 0.8497 0.5266
vn -0.0672 0.8600 0.5058
vn -0.0667 0.8618 0.5028
vn -0.0250 0.8635 0.5036
vn -0.0250 0.8641 0.5027
vn -0.0249 0.8647 0.5017
vn -0.0204 0.8425 0.5383
vn -0.0047 0.8460 0.5331
vn -0.0074 0.8603 0.5098
vn -0.0546 0.8540 0.5173
vn -0.0491 0.8328 0.5514
vn -0.0074 0.8584 0.5130
vn -0.0073 0.8621 0.5066
vn -0.0058 0.8634 0.5045
vn 0.2546 0.8046 0.5364
vn -0.0519 0.8211 0.5684
vn -0.0058 0.8641 0.5032
vn -0.0058 0.8649 0.5020
vn -0.0187 0.8389 0.5440
vn -0.0222 0.8471 0.5310
vn -0.0134 0.8604 0.5094
vn -0.0308 0.8395 0.5425
vn -0.0739 0.8538 0.5154
vn -0.0844 0.8330 0.5469
vn -0.0135 0.8585 0.5126
vn -0.0133 0.8622 0.5063
vn -0.0094 0.8631 0.5049
vn -0.0081 0.8641 0.5032
vn 0.4375 0.7352 0.5178
vn -0.0081 0.8648 0.5020
vn -0.0336 0.8433 0.5365
vn -0.0897 0.8213 0.5635
vn -0.0201 0.8605 0.5091
vn 0.5079 0.6567 0.5575
vn -0.0382 0.8478 0.5290
vn -0.0202 0.8586 0.5122
vn -0.0199 0.8623 0.5060
vn -0.0494 0.8440 0.5341
vn -0.0457 0.8400 0.5407
vn -0.0105 0.8635 0.5043
vn -0.1319 0.8200 0.5570
vn -0.0105 0.8642 0.5031
vn -0.0918 0.8533 0.5133
vn -0.1236 0.8319 0.5410
vn -0.0105 0.8648 0.5019
vn -0.0271 0.8605 0.5087
vn -0.0531 0.8482 0.5269
vn -0.0688 0.8445 0.5311
vn -0.0273 0.8587 0.5118
vn -0.0644 0.8404 0.5381
vn -0.0268 0.8624 0.5056
vn -0.0129 0.8635 0.5042
vn -0.1781 0.8169 0.5486
vn -0.0129 0.8642 0.5031
vn -0.0128 0.8648 0.5019
vn -0.1092 0.8525 0.5111
vn 0.4551 0.6836 0.5706
vn -0.1667 0.8293 0.5334
vn -0.0348 0.8605 0.5082
vn -0.0656 0.8485 0.5251
vn 0.3961 0.7098 0.5824
vn -0.0352 0.8587 0.5113
vn -0.0901 0.8448 0.5275
vn -0.0345 0.8624 0.5051
vn -0.2088 0.8251 0.5250
vn -0.0155 0.8635 0.5041
vn -0.0856 0.8405 0.5350
vn -0.0154 0.8642 0.5030
vn -0.0154 0.8648 0.5019
vn -0.1241 0.8517 0.5092
vn -0.2234 0.8120 0.5392
vn -0.1055 0.8430 0.5275
vn -0.0424 0.8605 0.5077
vn -0.2569 0.8184 0.5140
vn -0.0429 0.8587 0.5108
vn -0.1438 0.8490 0.5084
vn -0.1148 0.8400 0.5303
vn 0.1293 0.7404 0.6596
vn -0.0179 0.8635 0.5040
vn -0.0420 0.8623 0.5046
vn -0.0178 0.8642 0.5029
vn -0.0801 0.8466 0.5262
vn -0.0177 0.8648 0.5018
vn -0.2747 0.8044 0.5268
vn -0.1149 0.8440 0.5240
vn -0.0926 0.8477 0.5223
vn -0.0520 0.8586 0.5101
vn -0.2975 0.8114 0.5031
vn -0.3157 0.7969 0.5151
vn -0.0515 0.8604 0.5070
vn -0.1628 0.8479 0.5046
vn -0.1463 0.8387 0.5246
vn -0.0206 0.8635 0.5039
vn -0.0510 0.8622 0.5040
vn -0.0793 0.8428 0.5324
vn -0.0205 0.8641 0.5028
vn -0.0205 0.8647 0.5018
vn -0.1802 0.8436 0.5059
vn -0.0603 0.8602 0.5064
vn -0.1726 0.8368 0.5196
vn -0.0609 0.8584 0.5094
vn -0.1236 0.8427 0.5241
vn -0.0598 0.8620 0.5034
vn -0.0146 0.8135 0.5814
vn -0.0990 0.8450 0.5254
vn -0.0231 0.8635 0.5037
vn -0.0231 0.8641 0.5027
vn -0.3239 0.8060 0.4954
vn -0.0230 0.8647 0.5017
vn -0.3387 0.7920 0.5079
vn 0.9913 -0.1287 0.0258
vn -0.0068 0.8638 0.5038
vn -0.0321 0.9922 0.1207
vn -0.5154 0.8526 0.0862
vn -0.9853 0.1476 0.0859
vn -0.9961 0.0188 0.0856
vn -0.9793 -0.1836 0.0850
vn -0.3531 -0.9318 0.0843
vn -0.0131 0.6307 0.7759
vn -0.0112 -0.9867 0.1622
vn -0.9853 0.1476 0.0857
vn -0.9853 0.1476 0.0858
vn -0.0257 0.9960 0.0861
vn 0.8006 -0.0165 0.5990
vn 0.7542 -0.0106 0.6566
vn 0.7082 0.0023 0.7060
vn 0.5195 -0.0007 0.8545
vn 0.0141 -0.7980 0.6025
vn 0.0140 -0.8043 0.5941
vn 0.6391 -0.1665 0.7509
vn 0.0138 -0.8166 0.5770
vn 0.0136 -0.8287 0.5595
vn 0.7736 -0.1778 0.6082
vn 0.0137 -0.8227 0.5683
vn 0.5748 -0.1598 0.8026
vn 0.0343 -0.7577 0.6517
vn 0.0146 -0.7594 0.6505
vn 0.7620 -0.2582 0.5939
vn 0.0145 -0.7659 0.6428
vn 0.0144 -0.7724 0.6349
vn 0.0143 -0.7789 0.6270
vn 0.0139 -0.8105 0.5856
vn 0.0143 -0.7853 0.6189
vn 0.3272 -0.7040 0.6303
vn 0.6807 -0.0927 0.7267
vn 0.0142 -0.7917 0.6108
vn 0.8174 -0.3701 0.4414
vn 0.5075 -0.0083 0.8616
vn 0.4612 -0.0497 0.8859
vn 0.5123 -0.0052 0.8588
vn 0.5199 0.0281 0.8538
vn 0.6975 0.2097 0.6852
vn 0.7132 -0.0744 0.6970
vn 0.1744 -0.8498 0.4975
vn 0.3537 -0.5821 0.7322
vn 0.4792 -0.2131 0.8515
vn 0.9307 0.2354 -0.2801
vn 0.9816 0.1675 -0.0915
vn 0.9885 0.1289 0.0791
vn 0.5124 0.0030 0.8588
vn 0.8113 0.1530 0.5643
vn 0.8788 0.0064 0.4771
vn 0.4393 -0.2284 0.8688
vn 0.2842 -0.0954 0.9540
vn 0.4023 -0.2244 0.8876
vn 0.0510 -0.6586 0.7508
vn 0.4129 -0.2256 0.8824
vn 0.0206 -0.6918 0.7218
vn 0.0205 -0.6848 0.7285
vn 0.0204 -0.6775 0.7352
vn 0.0202 -0.6701 0.7420
vn 0.0201 -0.6624 0.7488
vn 0.0199 -0.6546 0.7557
vn 0.0198 -0.6465 0.7627
vn 0.0196 -0.6382 0.7696
vn 0.0194 -0.6296 0.7766
vn 0.0193 -0.6209 0.7837
vn 0.0191 -0.6118 0.7908
vn 0.4876 0.0377 0.8723
vn 0.0189 -0.6026 0.7978
vt 0.000000 0.000000
vt 1.000000 0.500000
vt 0.853553 0.146447
vt 0.375000 0.166667
vt 0.625000 0.166667
vt 0.625000 0.250000
vt 0.375000 0.250000
vt 0.250000 0.500000
vt 0.187500 0.500000
vt 0.375000 0.666667
vt 0.625000 0.666667
vt 0.625000 0.750000
vt 0.375000 0.750000
vt 0.375000 0.937500
vt 0.625000 0.937500
vt 0.625000 1.000000
vt 0.375000 1.000000
vt 0.312500 0.666667
vt 0.312500 0.750000
vt 0.812500 0.666667
vt 0.875000 0.666667
vt 0.875000 0.750000
vt 0.812500 0.750000
vt 0.687500 0.666667
vt 0.687500 0.750000
vt 0.750000 0.666667
vt 0.750000 0.750000
vt 0.125000 0.666667
vt 0.187500 0.666667
vt 0.187500 0.750000
vt 0.125000 0.750000
vt 0.250000 0.666667
vt 0.250000 0.750000
vt 0.625000 0.812500
vt 0.375000 0.812500
vt 0.625000 0.875000
vt 0.375000 0.875000
vt 0.750000 0.500000
vt 0.687500 0.500000
vt 0.312500 0.500000
vt 0.312500 0.583333
vt 0.250000 0.583333
vt 0.187500 0.583333
vt 0.125000 0.500000
vt 0.125000 0.583333
vt 0.812500 0.500000
vt 0.812500 0.583333
vt 0.750000 0.583333
vt 0.687500 0.583333
vt 0.625000 0.500000
vt 0.625000 0.583333
vt 0.875000 0.500000
vt 0.875000 0.583333
vt 0.375000 0.500000
vt 0.375000 0.583333
vt 0.375000 0.000000
vt 0.625000 0.000000
vt 0.625000 0.083333
vt 0.375000 0.083333
vt 0.000000 1.000000
vt 0.083333 1.000000
vt 0.083333 0.916667
vt 0.000000 0.916667
vt 0.000000 0.083333
vt 0.083333 0.083333
vt 0.083333 0.000000
vt 0.000000 0.166667
vt 0.083333 0.166667
vt 0.000000 0.250000
vt 0.083333 0.250000
vt 0.000000 0.333333
vt 0.083333 0.333333
vt 0.000000 0.416667
vt 0.083333 0.416667
vt 0.000000 0.500000
vt 0.083333 0.500000
vt 0.000000 0.583333
vt 0.083333 0.583333
vt 0.000000 0.666667
vt 0.083333 0.666667
vt 0.000000 0.750000
vt 0.083333 0.750000
vt 0.000000 0.833333
vt 0.083333 0.833333
vt 0.166667 1.000000
vt 0.166667 0.916667
vt 0.166667 0.083333
vt 0.166667 0.000000
vt 0.166667 0.166667
vt 0.166667 0.250000
vt 0.166667 0.333333
vt 0.166667 0.416667
vt 0.166667 0.500000
vt 0.166667 0.583333
vt 0.166667 0.666667
vt 0.166667 0.750000
vt 0.166667 0.833333
vt 0.250000 1.000000
vt 0.250000 0.916667
vt 0.250000 0.083333
vt 0.250000 0.000000
vt 0.250000 0.166667
vt 0.250000 0.250000
vt 0.250000 0.333333
vt 0.250000 0.416667
vt 0.250000 0.500000
vt 0.250000 0.583333
vt 0.250000 0.666667
vt 0.250000 0.833333
vt 0.333333 1.000000
vt 0.333333 0.916667
vt 0.333333 0.083333
vt 0.333333 0.000000
vt 0.333333 0.166667
vt 0.333333 0.250000
vt 0.333333 0.333333
vt 0.333333 0.416667
vt 0.333333 0.500000
vt 0.333333 0.583333
vt 0.333333 0.666667
vt 0.333333 0.750000
vt 0.333333 0.833333
vt 0.416667 1.000000
vt 0.416667 0.916667
vt 0.416667 0.083333
vt 0.416667 0.000000
vt 0.416667 0.166667
vt 0.416667 0.250000
vt 0.416667 0.333333
vt 0.416667 0.416667
vt 0.416667 0.500000
vt 0.416667 0.583333
vt 0.416667 0.666667
vt 0.416667 0.750000
vt 0.416667 0.833333
vt 0.500000 1.000000
vt 0.500000 0.916667
vt 0.500000 0.083333
vt 0.500000 0.000000
vt 0.500000 0.166667
vt 0.500000 0.250000
vt 0.500000 0.333333
vt 0.500000 0.416667
vt 0.500000 0.500000
vt 0.500000 0.583333
vt 0.500000 0.666667
vt 0.500000 0.750000
vt 0.500000 0.833333
vt 0.583333 1.000000
vt 0.583333 0.916667
vt 0.583333 0.083333
vt 0.583333 0.000000
vt 0.583333 0.166667
vt 0.583333 0.250000
vt 0.583333 0.333333
vt 0.583333 0.416667
vt 0.583333 0.500000
vt 0.583333 0.583333
vt 0.583333 0.666667
vt 0.583333 0.750000
vt 0.583333 0.833333
vt 0.666667 1.000000
vt 0.666667 0.916667
vt 0.666667 0.083333
vt 0.666667 0.000000
vt 0.666667 0.166667
vt 0.666667 0.250000
vt 0.666667 0.333333
vt 0.666667 0.416667
vt 0.666667 0.500000
vt 0.666667 0.583333
vt 0.666667 0.666667
vt 0.666667 0.750000
vt 0.666667 0.833333
vt 0.750000 1.000000
vt 0.750000 0.916667
vt 0.750000 0.083333
vt 0.750000 0.000000
vt 0.750000 0.166667
vt 0.750000 0.250000
vt 0.750000 0.333333
vt 0.750000 0.416667
vt 0.750000 0.666667
vt 0.750000 0.833333
vt 0.833333 1.000000
vt 0.833333 0.916667
vt 0.833333 0.083333
vt 0.833333 0.000000
vt 0.833333 0.166667
vt 0.833333 0.250000
vt 0.833333 0.333333
vt 0.833333 0.416667
vt 0.833333 0.500000
vt 0.833333 0.583333
vt 0.833333 0.666667
vt 0.833333 0.750000
vt 0.833333 0.833333
vt 0.474661 0.081439
s 0
usemtl Carrozzeria.001
f 2871/1/1 13/1/1 2581/1/1 2873/1/1
f 2622/1/2 2652/1/2 2582/1/2 3/1/2
f 2590/1/3 2620/1/3 2585/1/3 4/1/3
f 10/1/4 2574/1/4 2887/1/4 2885/1/4
f 3/1/5 2582/1/5 2583/1/5 2/1/5
f 2866/1/6 2594/1/6 15/1/6 2862/1/6
f 2868/1/7 2626/1/7 14/1/7 2864/1/7
f 2864/1/8 14/1/8 1/1/8 2861/1/8
f 6/1/9 2861/1/9 2869/1/9 2875/1/9
f 2595/1/10 16/1/10 20/1/10 2597/1/10
f 2627/1/11 15/1/11 19/1/11 2629/1/11
f 1/1/12 14/1/12 18/1/12 17/1/12
f 2597/1/13 20/1/13 24/1/13 2599/1/13
f 2629/1/14 19/1/14 101/1/14 2631/1/14
f 17/1/15 18/1/15 99/1/15 21/1/15
f 2600/1/16 105/1/16 27/1/16 2614/1/16
f 2645/1/17 23/1/17 27/1/17 2647/1/17
f 100/1/18 22/1/18 26/1/18 104/1/18
f 2601/1/20 28/1/20 35/1/20 2603/1/20
f 25/1/21 102/1/21 33/1/21 32/1/21
f 2633/1/23 105/1/23 34/1/23 2635/1/23
f 2635/1/26 34/1/26 51/1/26 2637/1/26
f 32/1/28 33/1/28 50/1/28 49/1/28
f 2603/1/30 35/1/30 52/1/30 2605/1/30
f 2680/1/38 59/1/38 66/1/38 2681/1/38
f 2609/1/39 63/1/39 68/1/39 2611/1/39
f 2639/1/40 62/1/40 67/1/40 2643/1/40
f 69/1/44 76/1/44 74/1/44 2699/1/44 65/1/44
f 75/1/45 2704/1/45 2702/1/45 74/1/45 76/1/45 77/1/45
f 71/1/46 75/1/46 77/1/46
f 79/1/53 80/1/53 2723/1/53 2725/1/53
f 79/1/54 78/1/54 2720/1/54 2725/1/54
f 80/1/55 2726/1/55 2723/1/55
f 57/1/56 2721/1/56 2720/1/56 78/1/56 56/1/56
f 31/1/57 86/1/57 85/1/57
f 2564/1/58 2556/1/58 82/1/58 95/1/58
f 2567/1/59 98/1/59 92/1/59 2562/1/59
f 2565/1/60 96/1/60 97/1/60 2561/1/60
f 2558/1/61 2746/1/61 2742/1/61 91/1/61
f 2555/1/62 2904/1/62 2915/1/62 89/1/62
f 2881/1/63 2586/1/63 2589/1/63 2882/1/63
f 22/1/64 100/1/64 21/1/64 99/1/64
f 2644/1/65 22/1/65 99/1/65 2630/1/65
f 2614/1/66 27/1/66 23/1/66 2612/1/66
f 104/1/67 26/1/67 102/1/67 25/1/67
f 2647/1/68 27/1/68 105/1/68 2633/1/68
f 2598/1/69 2612/1/69 23/1/69 101/1/69
f 91/1/71 92/1/71 112/1/71 126/1/71
f 2498/1/72 112/1/72 126/1/72 2502/1/72
f 2447/1/73 128/1/73 129/1/73 2448/1/73
f 125/1/74 111/1/74 129/1/74 128/1/74
f 125/1/75 128/1/75 2727/1/75 2737/1/75
f 114/1/76 485/1/76 2756/1/76 124/1/76
f 461/1/77 116/1/77 122/1/77 462/1/77
f 107/1/78 122/1/78 116/1/78 131/1/78
f 2400/1/79 117/1/79 110/1/79 2403/1/79
f 2420/1/80 2422/1/80 184/1/80 183/1/80
f 2438/1/81 2439/1/81 119/1/81 108/1/81
f 2430/1/82 2432/1/82 120/1/82 94/1/82
f 88/1/83 120/1/83 94/1/83 87/1/83
f 88/1/84 90/1/84 132/1/84 120/1/84
f 90/1/85 132/1/85 2911/1/85 2915/1/85
f 89/1/86 121/1/86 2728/1/86 2742/1/86
f 2501/1/87 2744/1/87 2728/1/87 121/1/87
f 2444/1/88 2736/1/88 2729/1/88 113/1/88
f 120/1/89 132/1/89 143/1/89 141/1/89
f 139/1/90 118/1/90 183/1/90 184/1/90
f 485/1/91 114/1/91 135/1/91 486/1/91
f 2501/1/92 121/1/92 142/1/92 2507/1/92
f 121/1/93 2911/1/93 132/1/93 143/1/93 142/1/93
f 2439/1/94 118/1/94 139/1/94 2440/1/94
f 477/1/95 115/1/95 136/1/95 478/1/95
f 2433/1/96 119/1/96 140/1/96 2435/1/96
f 2402/1/97 116/1/97 137/1/97 2408/1/97
f 2444/1/98 113/1/98 134/1/98 2453/1/98
f 133/1/99 157/1/99 129/1/99 111/1/99
f 2450/1/100 2454/1/100 160/1/100 130/1/100
f 2498/1/101 2508/1/101 158/1/101 112/1/101
f 98/1/102 158/1/102 112/1/102 92/1/102
f 93/1/103 162/1/103 158/1/103 98/1/103
f 147/1/104 161/1/104 150/1/104 163/1/104
f 2457/1/105 164/1/105 149/1/105 2466/1/105
f 2570/1/106 153/1/106 93/1/106 2559/1/106
f 162/1/107 93/1/107 153/1/107 154/1/107
f 2511/1/108 2514/1/108 154/1/108 162/1/108
f 2457/1/109 2460/1/109 155/1/109 164/1/109
f 147/1/110 152/1/110 156/1/110 161/1/110
f 2511/1/111 162/1/111 148/1/111 2520/1/111
f 162/1/112 148/1/112 144/1/112 158/1/112
f 2508/1/113 2517/1/113 144/1/113 158/1/113
f 133/1/114 159/1/114 146/1/114 157/1/114
f 2454/1/115 2463/1/115 145/1/115 160/1/115
f 168/1/116 171/1/116 169/1/116
f 167/1/116 169/1/116 171/1/116 172/1/116
f 2279/1/117 167/1/117 165/1/117 2269/1/117
f 167/1/118 172/1/118 165/1/118
f 166/1/119 165/1/119 172/1/119 170/1/119
f 2284/1/120 2274/1/120 166/1/120 170/1/120
f 2294/1/121 2284/1/121 170/1/121 174/1/121
f 168/1/122 169/1/122 176/1/122 2732/1/122 250/1/122
f 169/1/123 167/1/123 173/1/123 176/1/123
f 2289/1/124 173/1/124 167/1/124 2279/1/124
f 2304/1/125 176/1/125 173/1/125 2289/1/125
f 2309/1/126 250/1/126 2732/1/126 2741/1/126
f 2340/1/127 256/1/127 2754/1/127 2755/1/127
f 2350/1/128 479/1/128 178/1/128 2314/1/128
f 2295/1/129 2315/1/129 122/1/129 107/1/129
f 118/1/130 109/1/130 182/1/130 183/1/130
f 2418/1/131 2420/1/131 183/1/131 182/1/131
f 39/1/132 87/1/132 94/1/132 185/1/132
f 2430/1/133 94/1/133 185/1/133 2436/1/133
f 2438/1/134 108/1/134 186/1/134 2441/1/134
f 180/1/135 182/1/135 109/1/135 187/1/135
f 2295/1/136 107/1/136 188/1/136 2320/1/136
f 2403/1/137 110/1/137 189/1/137 2409/1/137
f 107/1/138 131/1/138 190/1/138 188/1/138
f 2418/1/139 182/1/139 180/1/139 2424/1/139
f 2320/1/140 188/1/140 192/1/140 2325/1/140
f 2409/1/141 189/1/141 193/1/141 2412/1/141
f 188/1/142 190/1/142 194/1/142 192/1/142
f 3151/1/143 2975/1/143 196/1/143 2330/1/143
f 3184/1/144 2997/1/144 197/1/144 2415/1/144
f 2975/1/145 2998/1/145 198/1/145 196/1/145
f 2425/1/146 2426/1/146 193/1/146 189/1/146
f 3196/1/147 2429/1/147 197/1/147 2997/1/147
f 216/1/148 174/1/148 170/1/148 215/1/148
f 172/1/149 214/1/149 215/1/149 170/1/149
f 171/1/150 213/1/150 214/1/150 172/1/150
f 168/1/151 212/1/151 213/1/151 171/1/151
f 202/1/152 211/1/152 212/1/152 168/1/152
f 203/1/153 210/1/153 211/1/153 202/1/153
f 204/1/154 209/1/154 210/1/154 203/1/154
f 201/1/155 208/1/155 209/1/155 204/1/155
f 207/1/156 208/1/156 201/1/156 217/1/156
f 250/1/157 252/1/157 202/1/157 168/1/157
f 203/1/158 202/1/158 252/1/158 254/1/158
f 204/1/159 203/1/159 254/1/159 255/1/159
f 201/1/160 204/1/160 255/1/160 249/1/160
f 217/1/161 201/1/161 249/1/161 218/1/161
f 221/1/162 220/1/162 217/1/162 218/1/162
f 2314/1/163 178/1/163 247/1/163 2335/1/163
f 2335/1/164 247/1/164 256/1/164 2340/1/164
f 178/1/165 232/1/165 237/1/165 247/1/165
f 237/1/166 236/1/166 256/1/166 247/1/166
f 233/1/167 239/1/167 237/1/167 232/1/167
f 237/1/168 239/1/168 238/1/168 236/1/168
f 234/1/169 241/1/169 239/1/169 233/1/169
f 239/1/170 241/1/170 240/1/170 238/1/170
f 235/1/171 243/1/171 241/1/171 234/1/171
f 241/1/172 243/1/172 242/1/172 240/1/172
f 235/1/173 248/1/173 228/1/173 243/1/173
f 228/1/174 227/1/174 242/1/174 243/1/174
f 248/1/175 3351/1/175 3348/1/175 228/1/175
f 231/1/176 251/1/176 2762/1/176 2761/1/176
f 175/1/177 219/1/177 2760/1/177 2758/1/177
f 251/1/178 272/1/178 267/1/178 253/1/178 227/1/178 2764/1/178 2762/1/178
f 219/1/179 229/1/179 2763/1/179 2760/1/179
f 229/1/180 230/1/180 2759/1/180 2763/1/180
f 230/1/181 231/1/181 2761/1/181 2759/1/181
f 246/1/182 264/1/182 263/1/182 175/1/182 2758/1/182 2754/1/182 256/1/182
f 257/1/183 246/1/183 256/1/183 236/1/183
f 258/1/184 257/1/184 236/1/184 238/1/184
f 259/1/185 258/1/185 238/1/185 240/1/185
f 260/1/186 259/1/186 240/1/186 242/1/186
f 253/1/187 260/1/187 242/1/187 227/1/187
f 2986/1/222 3042/1/222 315/1/222 195/1/222
f 3019/1/228 3052/1/228 296/1/228 294/1/228
f 222/1/229 314/1/229 316/1/229 300/1/229
f 314/1/230 313/1/230 302/1/230 316/1/230
f 3031/1/231 3020/1/231 292/1/231 298/1/231
f 3020/1/232 3019/1/232 294/1/232 292/1/232
f 313/1/233 312/1/233 315/1/233 302/1/233
f 479/1/234 480/1/234 232/1/234 178/1/234
f 467/1/235 466/1/235 303/1/235 304/1/235
f 468/1/236 467/1/236 304/1/236 305/1/236
f 469/1/237 468/1/237 305/1/237 306/1/237
f 470/1/238 469/1/238 306/1/238 307/1/238
f 474/1/239 225/1/239 3351/1/239 3358/1/239
f 177/1/240 308/1/240 303/1/240 179/1/240
f 304/1/241 303/1/241 308/1/241 309/1/241
f 305/1/242 304/1/242 309/1/242 310/1/242
f 306/1/243 305/1/243 310/1/243 311/1/243
f 223/1/244 307/1/244 306/1/244 311/1/244
f 223/1/245 222/1/245 300/1/245 3345/1/245 3361/1/245
f 223/1/246 311/1/246 222/1/246
f 191/1/247 312/1/247 308/1/247 177/1/247
f 309/1/248 308/1/248 312/1/248 313/1/248
f 310/1/249 309/1/249 313/1/249 314/1/249
f 222/1/250 311/1/250 310/1/250 314/1/250
f 195/1/251 315/1/251 312/1/251 191/1/251
f 224/1/252 3350/1/252 3361/1/252 317/1/252
f 3063/1/253 318/1/253 3383/1/253 3382/1/253
f 226/1/254 225/1/254 3392/1/254 3390/1/254
f 465/1/255 224/1/255 3394/1/255 3388/1/255
f 224/1/256 317/1/256 3384/1/256 3394/1/256
f 3063/1/257 3349/1/257 3359/1/257 318/1/257
f 321/1/258 319/1/258 327/1/258 329/1/258
f 3074/1/259 320/1/259 328/1/259 3085/1/259
f 471/1/260 321/1/260 329/1/260 472/1/260
f 323/1/261 322/1/261 330/1/261 331/1/261
f 324/1/262 323/1/262 331/1/262 332/1/262
f 218/1/263 3380/1/263 221/1/263
f 3364/1/264 325/1/264 335/1/264 3365/1/264
f 325/1/265 2945/1/265 2948/1/265 363/1/265
f 364/1/266 363/1/266 350/1/266 353/1/266
f 365/1/267 364/1/267 353/1/267 356/1/267
f 366/1/268 365/1/268 356/1/268 359/1/268
f 366/1/269 359/1/269 347/1/269 362/1/269
f 338/1/270 366/1/270 362/1/270 339/1/270
f 338/1/271 336/1/271 365/1/271 366/1/271
f 336/1/272 335/1/272 364/1/272 365/1/272
f 335/1/273 325/1/273 363/1/273 364/1/273
f 333/1/274 2932/1/274 2934/1/274 332/1/274
f 2831/1/275 2938/1/275 2932/1/275 333/1/275
f 2767/1/276 2930/1/276 2936/1/276 348/1/276
f 2797/1/277 2939/1/277 2935/1/277 349/1/277
f 2833/1/278 2835/1/278 353/1/278 350/1/278
f 2769/1/278 2771/1/278 354/1/278 351/1/278
f 2804/1/278 2806/1/278 344/1/278 343/1/278
f 2835/1/278 2837/1/278 356/1/278 353/1/278
f 2771/1/278 2773/1/278 357/1/278 354/1/278
f 2803/1/278 2807/1/278 358/1/278 355/1/278
f 2837/1/278 2839/1/278 359/1/278 356/1/278
f 2773/1/278 2775/1/278 360/1/278 357/1/278
f 2802/1/278 2808/1/278 342/1/278 346/1/278
f 2829/1/278 347/1/278 359/1/278 2839/1/278
f 2765/1/278 340/1/278 360/1/278 2775/1/278
f 2799/1/278 341/1/278 361/1/278 2801/1/278
f 475/1/373 471/1/373 472/1/373 476/1/373
f 474/1/374 465/1/374 3388/1/374 3396/1/374
f 224/1/375 465/1/375 3354/1/375 3350/1/375
f 484/1/376 483/1/376 469/1/376 470/1/376
f 483/1/377 482/1/377 468/1/377 469/1/377
f 482/1/378 481/1/378 467/1/378 468/1/378
f 481/1/379 480/1/379 466/1/379 467/1/379
f 179/1/380 303/1/380 466/1/380 464/1/380
f 2319/1/381 179/1/381 464/1/381 2345/1/381
f 116/1/95 461/1/95 463/1/95 137/1/95
f 477/1/382 461/1/382 462/1/382 473/1/382
f 115/1/383 477/1/383 473/1/383 123/1/383
f 233/1/384 232/1/384 480/1/384 481/1/384
f 234/1/385 233/1/385 481/1/385 482/1/385
f 235/1/386 234/1/386 482/1/386 483/1/386
f 248/1/387 235/1/387 483/1/387 484/1/387
f 225/1/388 474/1/388 3396/1/388 3392/1/388
f 322/1/389 475/1/389 476/1/389 330/1/389
f 465/1/390 474/1/390 3358/1/390 3354/1/390
f 464/1/391 466/1/391 480/1/391 479/1/391
f 2345/1/392 464/1/392 479/1/392 2350/1/392
f 461/1/95 477/1/95 478/1/95 463/1/95
f 115/1/393 2747/1/393 2750/1/393 136/1/393
f 330/1/394 476/1/394 3315/1/394 3316/1/394
f 488/1/395 494/1/395 2828/1/395 2827/1/395 496/1/395 2796/1/395 2795/1/395 495/1/395 2860/1/395 2859/1/395 493/1/395 492/1/395 491/1/395 490/1/395 498/1/395 497/1/395 489/1/395 487/1/395 3086/1/395 3087/1/395 3088/1/395 3089/1/395 3090/1/395 3091/1/395 3092/1/395 3093/1/395 3094/1/395 3095/1/395 3096/1/395
f 2797/1/396 349/1/396 3325/1/396 3328/1/396
f 331/1/397 330/1/397 3316/1/397 3317/1/397
f 472/1/394 329/1/394 3314/1/394 3326/1/394
f 2831/1/396 333/1/396 3319/1/396 3329/1/396
f 332/1/398 331/1/398 3317/1/398 3318/1/398
f 476/1/394 472/1/394 3326/1/394 3315/1/394
f 329/1/399 327/1/399 3312/1/399 3314/1/399
f 2767/1/400 348/1/400 3323/1/400 3327/1/400
f 333/1/401 332/1/401 3318/1/401 3319/1/401
f 2365/1/404 502/1/404 500/1/404 2370/1/404
f 2379/1/405 503/1/405 505/1/405 2380/1/405
f 503/1/408 500/1/408 502/1/408 505/1/408
f 529/1/413 514/1/413 512/1/413 527/1/413
f 2475/1/416 522/1/416 520/1/416 2478/1/416
f 2529/1/419 509/1/419 507/1/419 2532/1/419
f 522/1/422 517/1/422 515/1/422 520/1/422
f 2483/1/423 535/1/423 537/1/423 2484/1/423
f 2537/1/426 524/1/426 526/1/426 2538/1/426
f 535/1/429 532/1/429 534/1/429 537/1/429
f 2270/1/432 163/1/432 515/1/432 2374/1/432
f 165/1/434 166/1/434 500/1/434 503/1/434
f 2269/1/435 165/1/435 503/1/435 2379/1/435
f 2466/1/436 149/1/436 507/1/436 2480/1/436
f 2520/1/438 148/1/438 512/1/438 2534/1/438
f 148/1/440 144/1/440 527/1/440 512/1/440
f 163/1/442 150/1/442 520/1/442 515/1/442
f 2465/1/443 146/1/443 535/1/443 2483/1/443
f 2519/1/444 145/1/444 524/1/444 2537/1/444
f 146/1/445 159/1/445 532/1/445 535/1/445
f 830/1/499 829/1/499 1077/1/499 1078/1/499
f 820/1/726 1035/1/726 1243/1/726 1068/1/726
f 829/1/496 828/1/496 1076/1/496 1077/1/496
f 1046/1/729 833/1/729 1081/1/729 1254/1/729
f 828/1/493 827/1/493 1075/1/493 1076/1/493
f 1024/1/731 846/1/731 1094/1/731 1232/1/731
f 827/1/490 826/1/490 1074/1/490 1075/1/490
f 826/1/487 825/1/487 1073/1/487 1074/1/487
f 832/1/732 1045/1/732 1253/1/732 1080/1/732
f 825/1/728 824/1/728 1072/1/728 1073/1/728
f 845/1/730 1023/1/730 1231/1/730 1093/1/730
f 842/1/734 1022/1/734 1230/1/734 1090/1/734
f 824/1/521 823/1/521 1071/1/521 1072/1/521
f 1033/1/736 858/1/736 1106/1/736 1241/1/736
f 823/1/518 822/1/518 1070/1/518 1071/1/518
f 1044/1/738 831/1/738 1079/1/738 1252/1/738
f 822/1/515 821/1/515 1069/1/515 1070/1/515
f 821/1/512 820/1/512 1068/1/512 1069/1/512
f 857/1/745 1032/1/745 1240/1/745 1105/1/745
f 820/1/509 819/1/509 1067/1/509 1068/1/509
f 830/1/747 1043/1/747 1251/1/747 1078/1/747
f 1019/1/743 843/1/743 1091/1/743 1227/1/743
f 1031/1/749 856/1/749 1104/1/749 1239/1/749
f 819/1/506 858/1/506 1106/1/506 1067/1/506
f 858/1/503 857/1/503 1105/1/503 1106/1/503
f 857/1/500 856/1/500 1104/1/500 1105/1/500
f 856/1/497 855/1/497 1103/1/497 1104/1/497
f 855/1/494 854/1/494 1102/1/494 1103/1/494
f 854/1/742 853/1/742 1101/1/742 1102/1/742
f 1042/1/753 828/1/753 1076/1/753 1250/1/753
f 853/1/488 852/1/488 1100/1/488 1101/1/488
f 1021/1/756 841/1/756 1089/1/756 1229/1/756
f 852/1/525 851/1/525 1099/1/525 1100/1/525
f 851/1/522 850/1/522 1098/1/522 1099/1/522
f 827/1/759 1041/1/759 1249/1/759 1075/1/759
f 850/1/519 849/1/519 1097/1/519 1098/1/519
f 840/1/739 1020/1/739 1228/1/739 1088/1/739
f 849/1/516 848/1/516 1096/1/516 1097/1/516
f 1030/1/748 853/1/748 1101/1/748 1238/1/748
f 848/1/513 847/1/513 1095/1/513 1096/1/513
f 1040/1/757 826/1/757 1074/1/757 1248/1/757
f 847/1/510 846/1/510 1094/1/510 1095/1/510
f 846/1/507 845/1/507 1093/1/507 1094/1/507
f 852/1/762 1029/1/762 1237/1/762 1100/1/762
f 855/1/733 1034/1/733 1242/1/733 1103/1/733
f 845/1/761 844/1/761 1092/1/761 1093/1/761
f 825/1/754 1039/1/754 1247/1/754 1073/1/754
f 844/1/501 843/1/501 1091/1/501 1092/1/501
f 1050/1/741 838/1/741 1086/1/741 1258/1/741
f 843/1/498 842/1/498 1090/1/498 1091/1/498
f 1028/1/763 851/1/763 1099/1/763 1236/1/763
f 842/1/495 841/1/495 1089/1/495 1090/1/495
f 841/1/492 840/1/492 1088/1/492 1089/1/492
f 837/1/767 1049/1/767 1257/1/767 1085/1/767
f 840/1/489 839/1/489 1087/1/489 1088/1/489
f 850/1/768 1027/1/768 1235/1/768 1098/1/768
f 839/1/486 838/1/486 1086/1/486 1087/1/486
f 847/1/769 1025/1/769 1233/1/769 1095/1/769
f 831/1/502 830/1/502 1078/1/502 1079/1/502
f 832/1/505 831/1/505 1079/1/505 1080/1/505
f 1036/1/771 821/1/771 1069/1/771 1244/1/771
f 833/1/508 832/1/508 1080/1/508 1081/1/508
f 1026/1/770 848/1/770 1096/1/770 1234/1/770
f 834/1/764 833/1/764 1081/1/764 1082/1/764
f 835/1/746 1047/1/746 1255/1/746 1083/1/746
f 835/1/514 834/1/514 1082/1/514 1083/1/514
f 822/1/773 1037/1/773 1245/1/773 1070/1/773
f 836/1/517 835/1/517 1083/1/517 1084/1/517
f 837/1/520 836/1/520 1084/1/520 1085/1/520
f 1048/1/727 836/1/727 1084/1/727 1256/1/727
f 838/1/523 837/1/523 1085/1/523 1086/1/523
f 1038/1/751 823/1/751 1071/1/751 1246/1/751
f 1590/1/499 1589/1/499 1837/1/499 1838/1/499
f 1580/1/726 1795/1/726 2003/1/726 1828/1/726
f 1589/1/496 1588/1/496 1836/1/496 1837/1/496
f 1806/1/729 1593/1/729 1841/1/729 2014/1/729
f 1588/1/493 1587/1/493 1835/1/493 1836/1/493
f 1784/1/731 1606/1/731 1854/1/731 1992/1/731
f 1587/1/490 1586/1/490 1834/1/490 1835/1/490
f 1586/1/487 1585/1/487 1833/1/487 1834/1/487
f 1592/1/732 1805/1/732 2013/1/732 1840/1/732
f 1585/1/728 1584/1/728 1832/1/728 1833/1/728
f 1605/1/730 1783/1/730 1991/1/730 1853/1/730
f 1602/1/734 1782/1/734 1990/1/734 1850/1/734
f 1584/1/760 1583/1/760 1831/1/760 1832/1/760
f 1793/1/736 1618/1/736 1866/1/736 2001/1/736
f 1583/1/518 1582/1/518 1830/1/518 1831/1/518
f 1804/1/738 1591/1/738 1839/1/738 2012/1/738
f 1582/1/515 1581/1/515 1829/1/515 1830/1/515
f 1581/1/512 1580/1/512 1828/1/512 1829/1/512
f 1617/1/745 1792/1/745 2000/1/745 1865/1/745
f 1580/1/509 1579/1/509 1827/1/509 1828/1/509
f 1590/1/747 1803/1/747 2011/1/747 1838/1/747
f 1779/1/743 1603/1/743 1851/1/743 1987/1/743
f 1791/1/749 1616/1/749 1864/1/749 1999/1/749
f 1579/1/506 1618/1/506 1866/1/506 1827/1/506
f 1618/1/503 1617/1/503 1865/1/503 1866/1/503
f 1617/1/500 1616/1/500 1864/1/500 1865/1/500
f 1616/1/497 1615/1/497 1863/1/497 1864/1/497
f 1615/1/766 1614/1/766 1862/1/766 1863/1/766
f 1614/1/491 1613/1/491 1861/1/491 1862/1/491
f 1802/1/753 1588/1/753 1836/1/753 2010/1/753
f 1613/1/488 1612/1/488 1860/1/488 1861/1/488
f 1781/1/756 1601/1/756 1849/1/756 1989/1/756
f 1612/1/525 1611/1/525 1859/1/525 1860/1/525
f 1611/1/522 1610/1/522 1858/1/522 1859/1/522
f 1587/1/759 1801/1/759 2009/1/759 1835/1/759
f 1610/1/519 1609/1/519 1857/1/519 1858/1/519
f 1600/1/739 1780/1/739 1988/1/739 1848/1/739
f 1609/1/516 1608/1/516 1856/1/516 1857/1/516
f 1790/1/748 1613/1/748 1861/1/748 1998/1/748
f 1608/1/513 1607/1/513 1855/1/513 1856/1/513
f 1800/1/757 1586/1/757 1834/1/757 2008/1/757
f 1607/1/510 1606/1/510 1854/1/510 1855/1/510
f 1606/1/507 1605/1/507 1853/1/507 1854/1/507
f 1612/1/762 1789/1/762 1997/1/762 1860/1/762
f 1615/1/733 1794/1/733 2002/1/733 1863/1/733
f 1605/1/761 1604/1/761 1852/1/761 1853/1/761
f 1585/1/754 1799/1/754 2007/1/754 1833/1/754
f 1604/1/501 1603/1/501 1851/1/501 1852/1/501
f 1810/1/741 1598/1/741 1846/1/741 2018/1/741
f 1603/1/498 1602/1/498 1850/1/498 1851/1/498
f 1788/1/763 1611/1/763 1859/1/763 1996/1/763
f 1602/1/495 1601/1/495 1849/1/495 1850/1/495
f 1601/1/755 1600/1/755 1848/1/755 1849/1/755
f 1597/1/767 1809/1/767 2017/1/767 1845/1/767
f 1600/1/489 1599/1/489 1847/1/489 1848/1/489
f 1610/1/768 1787/1/768 1995/1/768 1858/1/768
f 1599/1/486 1598/1/486 1846/1/486 1847/1/486
f 1607/1/769 1785/1/769 1993/1/769 1855/1/769
f 1591/1/502 1590/1/502 1838/1/502 1839/1/502
f 1592/1/505 1591/1/505 1839/1/505 1840/1/505
f 1796/1/771 1581/1/771 1829/1/771 2004/1/771
f 1593/1/508 1592/1/508 1840/1/508 1841/1/508
f 1786/1/770 1608/1/770 1856/1/770 1994/1/770
f 1594/1/764 1593/1/764 1841/1/764 1842/1/764
f 1595/1/746 1807/1/746 2015/1/746 1843/1/746
f 1595/1/514 1594/1/514 1842/1/514 1843/1/514
f 1582/1/773 1797/1/773 2005/1/773 1830/1/773
f 1596/1/517 1595/1/517 1843/1/517 1844/1/517
f 1597/1/520 1596/1/520 1844/1/520 1845/1/520
f 1808/1/727 1596/1/727 1844/1/727 2016/1/727
f 1598/1/765 1597/1/765 1845/1/765 1846/1/765
f 1798/1/751 1583/1/751 1831/1/751 2006/1/751
f 2462/1/950 156/1/950 2124/1/950 2495/1/950
f 154/1/951 153/1/951 2121/1/951 2122/1/951
f 2294/1/979 174/1/979 2125/1/979 2399/1/979
f 2516/1/950 155/1/950 2123/1/950 2549/1/950
f 174/1/980 216/1/980 2132/1/980 2126/1/980 2125/1/980
f 2568/1/951 151/1/951 2119/1/951 2571/1/951
f 156/1/981 152/1/981 2120/1/981 2124/1/981
f 2681/1/982 66/1/982 2127/1/982 2682/1/982
f 2643/1/983 67/1/983 2128/1/983 2649/1/983
f 76/1/984 69/1/984 2130/1/984 2131/1/984
f 2611/1/985 68/1/985 2129/1/985 2617/1/985
f 2126/1/986 2132/1/986 372/1/986 371/1/986 2841/1/986 2842/1/986 369/1/986 2777/1/986 2778/1/986 370/1/986 2809/1/986 2810/1/986 367/1/986
f 152/1/979 2290/1/979 2395/1/979 2120/1/979
f 2290/1/979 2291/1/979 2396/1/979 2395/1/979
f 2291/1/979 2292/1/979 2397/1/979 2396/1/979
f 2292/1/979 2293/1/979 2398/1/979 2397/1/979
f 2293/1/979 2294/1/979 2399/1/979 2398/1/979
f 159/1/435 2265/1/435 2375/1/435 532/1/435
f 2265/1/435 2266/1/435 2376/1/435 2375/1/435
f 2266/1/1107 2267/1/1107 2377/1/1107 2376/1/1107
f 2267/1/435 2268/1/435 2378/1/435 2377/1/435
f 2268/1/435 2269/1/435 2379/1/435 2378/1/435
f 166/1/1113 2274/1/1113 2370/1/1113 500/1/1113
f 2274/1/1113 2273/1/1113 2371/1/1113 2370/1/1113
f 2273/1/1113 2272/1/1113 2372/1/1113 2371/1/1113
f 2272/1/432 2271/1/432 2373/1/432 2372/1/432
f 2271/1/1113 2270/1/1113 2374/1/1113 2373/1/1113
f 532/1/1124 2375/1/1124 2384/1/1124 534/1/1124
f 2375/1/1125 2376/1/1125 2383/1/1125 2384/1/1125
f 2376/1/1126 2377/1/1126 2382/1/1126 2383/1/1126
f 2377/1/1127 2378/1/1127 2381/1/1127 2382/1/1127
f 2378/1/1128 2379/1/1128 2380/1/1128 2381/1/1128
f 517/1/1129 2369/1/1129 2374/1/1129 515/1/1129
f 2369/1/1129 2368/1/1129 2373/1/1129 2374/1/1129
f 2368/1/1130 2367/1/1130 2372/1/1130 2373/1/1130
f 2367/1/1130 2366/1/1130 2371/1/1130 2372/1/1130
f 2366/1/1130 2365/1/1130 2370/1/1130 2371/1/1130
f 462/1/1141 2349/1/1141 2354/1/1141 473/1/1141
f 2349/1/1142 2348/1/1142 2353/1/1142 2354/1/1142
f 2348/1/1143 2347/1/1143 2352/1/1143 2353/1/1143
f 2347/1/1144 2346/1/1144 2351/1/1144 2352/1/1144
f 2346/1/1145 2345/1/1145 2350/1/1145 2351/1/1145
f 122/1/1146 2315/1/1146 2349/1/1146 462/1/1146
f 2315/1/1147 2316/1/1147 2348/1/1147 2349/1/1147
f 2316/1/1148 2317/1/1148 2347/1/1148 2348/1/1148
f 2317/1/1149 2318/1/1149 2346/1/1149 2347/1/1149
f 2318/1/1150 2319/1/1150 2345/1/1150 2346/1/1150
f 244/1/1151 2339/1/1151 2344/1/1151 245/1/1151
f 2339/1/1152 2338/1/1152 2343/1/1152 2344/1/1152
f 2338/1/1153 2337/1/1153 2342/1/1153 2343/1/1153
f 2337/1/1154 2336/1/1154 2341/1/1154 2342/1/1154
f 2336/1/1155 2335/1/1155 2340/1/1155 2341/1/1155
f 123/1/1156 2310/1/1156 2339/1/1156 244/1/1156
f 2310/1/1157 2311/1/1157 2338/1/1157 2339/1/1157
f 2311/1/1158 2312/1/1158 2337/1/1158 2338/1/1158
f 2312/1/1159 2313/1/1159 2336/1/1159 2337/1/1159
f 2313/1/1160 2314/1/1160 2335/1/1160 2336/1/1160
f 2976/1/1161 3107/1/1161 2334/1/1161 199/1/1161
f 3107/1/1162 3118/1/1162 2333/1/1162 2334/1/1162
f 3118/1/1163 3129/1/1163 2332/1/1163 2333/1/1163
f 3129/1/1164 3140/1/1164 2331/1/1164 2332/1/1164
f 3140/1/1165 3151/1/1165 2330/1/1165 2331/1/1165
f 191/1/1166 2324/1/1166 2329/1/1166 195/1/1166
f 2324/1/1167 2323/1/1167 2328/1/1167 2329/1/1167
f 2323/1/1168 2322/1/1168 2327/1/1168 2328/1/1168
f 2322/1/1169 2321/1/1169 2326/1/1169 2327/1/1169
f 2321/1/1170 2320/1/1170 2325/1/1170 2326/1/1170
f 177/1/136 2299/1/136 2324/1/136 191/1/136
f 2299/1/136 2298/1/136 2323/1/136 2324/1/136
f 2298/1/136 2297/1/136 2322/1/136 2323/1/136
f 2297/1/136 2296/1/136 2321/1/136 2322/1/136
f 2296/1/136 2295/1/136 2320/1/136 2321/1/136
f 177/1/1171 179/1/1171 2319/1/1171 2299/1/1171
f 2299/1/1172 2319/1/1172 2318/1/1172 2298/1/1172
f 2298/1/1173 2318/1/1173 2317/1/1173 2297/1/1173
f 2297/1/1174 2317/1/1174 2316/1/1174 2296/1/1174
f 2296/1/1175 2316/1/1175 2315/1/1175 2295/1/1175
f 473/1/1176 2354/1/1176 2310/1/1176 123/1/1176
f 2354/1/1177 2353/1/1177 2311/1/1177 2310/1/1177
f 2353/1/1178 2352/1/1178 2312/1/1178 2311/1/1178
f 2352/1/1179 2351/1/1179 2313/1/1179 2312/1/1179
f 2351/1/1180 2350/1/1180 2314/1/1180 2313/1/1180
f 245/1/1181 2344/1/1181 2753/1/1181 2756/1/1181
f 2344/1/1182 2343/1/1182 2757/1/1182 2753/1/1182
f 2343/1/1183 2342/1/1183 2751/1/1183 2757/1/1183
f 2342/1/1184 2341/1/1184 2752/1/1184 2751/1/1184
f 2341/1/1185 2340/1/1185 2755/1/1185 2752/1/1185
f 124/1/1186 2305/1/1186 2730/1/1186 2737/1/1186
f 2305/1/1187 2306/1/1187 2733/1/1187 2730/1/1187
f 2306/1/1188 2307/1/1188 2735/1/1188 2733/1/1188
f 2307/1/1189 2308/1/1189 2739/1/1189 2735/1/1189
f 2308/1/1190 2309/1/1190 2741/1/1190 2739/1/1190
f 125/1/1191 2300/1/1191 2285/1/1191 111/1/1191
f 2300/1/1192 2301/1/1192 2286/1/1192 2285/1/1192
f 2301/1/1193 2302/1/1193 2287/1/1193 2286/1/1193
f 2302/1/1194 2303/1/1194 2288/1/1194 2287/1/1194
f 2303/1/1195 2304/1/1195 2289/1/1195 2288/1/1195
f 111/1/1196 2285/1/1196 2275/1/1196 133/1/1196
f 2285/1/1197 2286/1/1197 2276/1/1197 2275/1/1197
f 2286/1/1198 2287/1/1198 2277/1/1198 2276/1/1198
f 2287/1/1199 2288/1/1199 2278/1/1199 2277/1/1199
f 2288/1/1200 2289/1/1200 2279/1/1200 2278/1/1200
f 152/1/1201 147/1/1201 2280/1/1201 2290/1/1201
f 2290/1/1202 2280/1/1202 2281/1/1202 2291/1/1202
f 2291/1/1203 2281/1/1203 2282/1/1203 2292/1/1203
f 2292/1/1204 2282/1/1204 2283/1/1204 2293/1/1204
f 2293/1/1205 2283/1/1205 2284/1/1205 2294/1/1205
f 147/1/1206 163/1/1206 2270/1/1206 2280/1/1206
f 2280/1/1207 2270/1/1207 2271/1/1207 2281/1/1207
f 2281/1/1208 2271/1/1208 2272/1/1208 2282/1/1208
f 2282/1/1209 2272/1/1209 2273/1/1209 2283/1/1209
f 2283/1/1210 2273/1/1210 2274/1/1210 2284/1/1210
f 133/1/1211 2275/1/1211 2265/1/1211 159/1/1211
f 2275/1/1212 2276/1/1212 2266/1/1212 2265/1/1212
f 2276/1/1213 2277/1/1213 2267/1/1213 2266/1/1213
f 2277/1/1214 2278/1/1214 2268/1/1214 2267/1/1214
f 2278/1/1215 2279/1/1215 2269/1/1215 2268/1/1215
f 2998/1/1216 3162/1/1216 2417/1/1216 198/1/1216
f 3162/1/1217 3173/1/1217 2416/1/1217 2417/1/1217
f 3173/1/1218 3184/1/1218 2415/1/1218 2416/1/1218
f 190/1/1219 2411/1/1219 2414/1/1219 194/1/1219
f 2411/1/1220 2410/1/1220 2413/1/1220 2414/1/1220
f 2410/1/1221 2409/1/1221 2412/1/1221 2413/1/1221
f 131/1/1222 2405/1/1222 2411/1/1222 190/1/1222
f 2405/1/1223 2404/1/1223 2410/1/1223 2411/1/1223
f 2404/1/1224 2403/1/1224 2409/1/1224 2410/1/1224
f 117/1/1225 2400/1/1225 2406/1/1225 138/1/1225
f 2400/1/1226 2401/1/1226 2407/1/1226 2406/1/1226
f 2401/1/1227 2402/1/1227 2408/1/1227 2407/1/1227
f 116/1/1228 2402/1/1228 2405/1/1228 131/1/1228
f 2402/1/1229 2401/1/1229 2404/1/1229 2405/1/1229
f 2401/1/1230 2400/1/1230 2403/1/1230 2404/1/1230
f 2964/1/1231 181/1/1231 2428/1/1231 3185/1/1231
f 3185/1/1232 2428/1/1232 2429/1/1232 3196/1/1232
f 180/1/1233 200/1/1233 2427/1/1233 2424/1/1233
f 2424/1/1234 2427/1/1234 2426/1/1234 2425/1/1234
f 110/1/1235 2419/1/1235 2425/1/1235 189/1/1235
f 2419/1/1236 2418/1/1236 2424/1/1236 2425/1/1236
f 110/1/1237 117/1/1237 2421/1/1237 2419/1/1237
f 2419/1/1238 2421/1/1238 2420/1/1238 2418/1/1238
f 117/1/1239 138/1/1239 2423/1/1239 2421/1/1239
f 2421/1/1240 2423/1/1240 2422/1/1240 2420/1/1240
f 108/1/1241 2431/1/1241 2437/1/1241 186/1/1241
f 2431/1/1242 2430/1/1242 2436/1/1242 2437/1/1242
f 120/1/1243 2432/1/1243 2434/1/1243 141/1/1243
f 2432/1/1244 2433/1/1244 2435/1/1244 2434/1/1244
f 108/1/1245 119/1/1245 2433/1/1245 2431/1/1245
f 2431/1/1246 2433/1/1246 2432/1/1246 2430/1/1246
f 109/1/1247 2438/1/1247 2441/1/1247 187/1/1247
f 119/1/94 2439/1/94 2440/1/94 140/1/94
f 109/1/1248 118/1/1248 2439/1/1248 2438/1/1248
f 155/1/950 2460/1/950 2493/1/950 2123/1/950
f 2460/1/950 2461/1/950 2494/1/950 2493/1/950
f 2461/1/950 2462/1/950 2495/1/950 2494/1/950
f 145/1/1249 2463/1/1249 2481/1/1249 524/1/1249
f 2463/1/1249 2464/1/1249 2482/1/1249 2481/1/1249
f 2464/1/1249 2465/1/1249 2483/1/1249 2482/1/1249
f 150/1/1253 2468/1/1253 2478/1/1253 520/1/1253
f 2468/1/436 2467/1/436 2479/1/436 2478/1/436
f 2467/1/1253 2466/1/1253 2480/1/1253 2479/1/1253
f 524/1/1260 2481/1/1260 2486/1/1260 526/1/1260
f 2481/1/423 2482/1/423 2485/1/423 2486/1/423
f 2482/1/423 2483/1/423 2484/1/423 2485/1/423
f 509/1/416 2477/1/416 2480/1/416 507/1/416
f 2477/1/416 2476/1/416 2479/1/416 2480/1/416
f 2476/1/416 2475/1/416 2478/1/416 2479/1/416
f 157/1/115 146/1/115 2465/1/115 2456/1/115
f 2456/1/115 2465/1/115 2464/1/115 2455/1/115
f 2455/1/115 2464/1/115 2463/1/115 2454/1/115
f 161/1/1267 156/1/1267 2462/1/1267 2459/1/1267
f 2459/1/1268 2462/1/1268 2461/1/1268 2458/1/1268
f 2458/1/1269 2461/1/1269 2460/1/1269 2457/1/1269
f 161/1/1270 2459/1/1270 2468/1/1270 150/1/1270
f 2459/1/1271 2458/1/1271 2467/1/1271 2468/1/1271
f 2458/1/1272 2457/1/1272 2466/1/1272 2467/1/1272
f 129/1/1273 157/1/1273 2456/1/1273 2448/1/1273
f 2448/1/1274 2456/1/1274 2455/1/1274 2449/1/1274
f 2449/1/1275 2455/1/1275 2454/1/1275 2450/1/1275
f 114/1/1276 2442/1/1276 2451/1/1276 135/1/1276
f 2442/1/1277 2443/1/1277 2452/1/1277 2451/1/1277
f 2443/1/1278 2444/1/1278 2453/1/1278 2452/1/1278
f 114/1/1279 2727/1/1279 2731/1/1279 2442/1/1279
f 2442/1/1280 2731/1/1280 2734/1/1280 2443/1/1280
f 2443/1/1281 2734/1/1281 2736/1/1281 2444/1/1281
f 127/1/1282 2445/1/1282 2450/1/1282 130/1/1282
f 2445/1/1283 2446/1/1283 2449/1/1283 2450/1/1283
f 2446/1/1284 2447/1/1284 2448/1/1284 2449/1/1284
f 154/1/950 2514/1/950 2547/1/950 2122/1/950
f 2514/1/950 2515/1/950 2548/1/950 2547/1/950
f 2515/1/950 2516/1/950 2549/1/950 2548/1/950
f 144/1/444 2517/1/444 2535/1/444 527/1/444
f 2517/1/444 2518/1/444 2536/1/444 2535/1/444
f 2518/1/444 2519/1/444 2537/1/444 2536/1/444
f 149/1/1285 2522/1/1285 2532/1/1285 507/1/1285
f 2522/1/1285 2521/1/1285 2533/1/1285 2532/1/1285
f 2521/1/1285 2520/1/1285 2534/1/1285 2533/1/1285
f 527/1/1295 2535/1/1295 2540/1/1295 529/1/1295
f 2535/1/1296 2536/1/1296 2539/1/1296 2540/1/1296
f 2536/1/1297 2537/1/1297 2538/1/1297 2539/1/1297
f 514/1/1298 2531/1/1298 2534/1/1298 512/1/1298
f 2531/1/1299 2530/1/1299 2533/1/1299 2534/1/1299
f 2530/1/1300 2529/1/1300 2532/1/1300 2533/1/1300
f 160/1/1307 145/1/1307 2519/1/1307 2510/1/1307
f 2510/1/1308 2519/1/1308 2518/1/1308 2509/1/1308
f 2509/1/1309 2518/1/1309 2517/1/1309 2508/1/1309
f 164/1/1310 2513/1/1310 2522/1/1310 149/1/1310
f 2513/1/1311 2512/1/1311 2521/1/1311 2522/1/1311
f 2512/1/1312 2511/1/1312 2520/1/1312 2521/1/1312
f 164/1/1313 155/1/1313 2516/1/1313 2513/1/1313
f 2513/1/1314 2516/1/1314 2515/1/1314 2512/1/1314
f 2512/1/1315 2515/1/1315 2514/1/1315 2511/1/1315
f 130/1/1316 160/1/1316 2510/1/1316 2496/1/1316
f 2496/1/1317 2510/1/1317 2509/1/1317 2497/1/1317
f 2497/1/1318 2509/1/1318 2508/1/1318 2498/1/1318
f 113/1/1319 2499/1/1319 2505/1/1319 134/1/1319
f 2499/1/1320 2500/1/1320 2506/1/1320 2505/1/1320
f 2500/1/1321 2501/1/1321 2507/1/1321 2506/1/1321
f 113/1/1322 2729/1/1322 2738/1/1322 2499/1/1322
f 2499/1/1322 2738/1/1322 2740/1/1322 2500/1/1322
f 2500/1/1322 2740/1/1322 2744/1/1322 2501/1/1322
f 130/1/1323 2496/1/1323 2504/1/1323 127/1/1323
f 2496/1/1324 2497/1/1324 2503/1/1324 2504/1/1324
f 2497/1/1325 2498/1/1325 2502/1/1325 2503/1/1325
f 153/1/951 2570/1/951 2573/1/951 2121/1/951
f 2570/1/951 2569/1/951 2572/1/951 2573/1/951
f 2569/1/951 2568/1/951 2571/1/951 2572/1/951
f 151/1/1326 2568/1/1326 2561/1/1326 97/1/1326
f 2568/1/1327 2569/1/1327 2560/1/1327 2561/1/1327
f 2569/1/1328 2570/1/1328 2559/1/1328 2560/1/1328
f 57/1/1329 2912/1/1329 2914/1/1329 2553/1/1329
f 2553/1/1330 2914/1/1330 2917/1/1330 2554/1/1330
f 2554/1/1331 2917/1/1331 2904/1/1331 2555/1/1331
f 82/1/1332 2721/1/1332 2743/1/1332 2556/1/1332
f 2556/1/1333 2743/1/1333 2745/1/1333 2557/1/1333
f 2557/1/1334 2745/1/1334 2746/1/1334 2558/1/1334
f 98/1/1335 2567/1/1335 2559/1/1335 93/1/1335
f 2567/1/1336 2566/1/1336 2560/1/1336 2559/1/1336
f 2566/1/1337 2565/1/1337 2561/1/1337 2560/1/1337
f 96/1/1338 2565/1/1338 2564/1/1338 95/1/1338
f 2565/1/1339 2566/1/1339 2563/1/1339 2564/1/1339
f 2566/1/1340 2567/1/1340 2562/1/1340 2563/1/1340
f 92/1/1341 91/1/1341 2558/1/1341 2562/1/1341
f 2562/1/1342 2558/1/1342 2557/1/1342 2563/1/1342
f 2563/1/1343 2557/1/1343 2556/1/1343 2564/1/1343
f 2585/1/1344 2620/1/1344 2618/1/1344 2575/1/1344
f 2619/1/1345 2578/1/1345 9/1/1345 2593/1/1345
f 2576/1/1346 2877/1/1346 2876/1/1346 2583/1/1346
f 2872/1/1347 2574/1/1347 10/1/1347 2870/1/1347
f 2576/1/1348 2579/1/1348 7/1/1348 6/1/1348
f 2550/1/1349 2588/1/1349 31/1/1349 86/1/1349
f 2651/1/1350 2575/1/1350 8/1/1350 2625/1/1350
f 2583/1/1351 2876/1/1351 2874/1/1351 2/1/1351
f 2873/1/1352 2581/1/1352 2574/1/1352 2872/1/1352
f 2583/1/1353 2582/1/1353 2579/1/1353 2576/1/1353
f 2551/1/1354 2587/1/1354 2588/1/1354 2550/1/1354
f 2621/1/1355 2580/1/1355 2578/1/1355 2619/1/1355
f 2653/1/1356 2585/1/1356 2575/1/1356 2651/1/1356
f 2552/1/1357 2586/1/1357 2587/1/1357 2551/1/1357
f 48/1/1358 2882/1/1358 2589/1/1358 39/1/1358
f 87/1/1359 90/1/1359 88/1/1359
f 2880/1/1360 2881/1/1360 12/1/1360 2584/1/1360
f 2589/1/1361 2586/1/1361 2552/1/1361 90/1/1361
f 2878/1/1362 2879/1/1362 2577/1/1362 11/1/1362
f 39/1/1363 2589/1/1363 90/1/1363 87/1/1363
f 2879/1/1364 2880/1/1364 2584/1/1364 2577/1/1364
f 85/1/1365 86/1/1365 2912/1/1365 2918/1/1365
f 2620/1/1366 2621/1/1366 2619/1/1366 2618/1/1366
f 2575/1/1367 2618/1/1367 2592/1/1367 8/1/1367
f 2618/1/1368 2619/1/1368 2593/1/1368 2592/1/1368
f 67/1/985 2610/1/985 2616/1/985 2128/1/985
f 2610/1/985 2611/1/985 2617/1/985 2616/1/985
f 24/1/1369 103/1/1369 2613/1/1369 2599/1/1369
f 2599/1/1370 2613/1/1370 2612/1/1370 2598/1/1370
f 106/1/1371 2615/1/1371 2613/1/1371 103/1/1371
f 2615/1/1372 2614/1/1372 2612/1/1372 2613/1/1372
f 62/1/39 2608/1/39 2610/1/39 67/1/39
f 2608/1/39 2609/1/39 2611/1/39 2610/1/39
f 34/1/30 2602/1/30 2604/1/30 51/1/30
f 2602/1/30 2603/1/30 2605/1/30 2604/1/30
f 105/1/1373 2600/1/1373 2602/1/1373 34/1/1373
f 2600/1/1374 2601/1/1374 2603/1/1374 2602/1/1374
f 28/1/1375 2601/1/1375 2615/1/1375 106/1/1375
f 2601/1/1376 2600/1/1376 2614/1/1376 2615/1/1376
f 19/1/1377 2596/1/1377 2598/1/1377 101/1/1377
f 2596/1/1378 2597/1/1378 2599/1/1378 2598/1/1378
f 15/1/1379 2594/1/1379 2596/1/1379 19/1/1379
f 2594/1/1380 2595/1/1380 2597/1/1380 2596/1/1380
f 2863/1/1381 16/1/1381 2595/1/1381 2865/1/1381
f 2865/1/1382 2595/1/1382 2594/1/1382 2866/1/1382
f 5/1/1383 2580/1/1383 2621/1/1383 2591/1/1383
f 2591/1/1384 2621/1/1384 2620/1/1384 2590/1/1384
f 2582/1/1385 2652/1/1385 2650/1/1385 2579/1/1385
f 2652/1/1386 2653/1/1386 2651/1/1386 2650/1/1386
f 2579/1/1387 2650/1/1387 2624/1/1387 7/1/1387
f 2650/1/1388 2651/1/1388 2625/1/1388 2624/1/1388
f 66/1/983 2642/1/983 2648/1/983 2127/1/983
f 2642/1/983 2643/1/983 2649/1/983 2648/1/983
f 26/1/1389 2646/1/1389 2632/1/1389 102/1/1389
f 2646/1/1390 2647/1/1390 2633/1/1390 2632/1/1390
f 23/1/1391 2645/1/1391 2631/1/1391 101/1/1391
f 2645/1/1392 2644/1/1392 2630/1/1392 2631/1/1392
f 59/1/40 2638/1/40 2642/1/40 66/1/40
f 2638/1/40 2639/1/40 2643/1/40 2642/1/40
f 33/1/1397 2634/1/1397 2636/1/1397 50/1/1397
f 2634/1/1398 2635/1/1398 2637/1/1398 2636/1/1398
f 102/1/1399 2632/1/1399 2634/1/1399 33/1/1399
f 2632/1/1400 2633/1/1400 2635/1/1400 2634/1/1400
f 22/1/1401 2644/1/1401 2646/1/1401 26/1/1401
f 2644/1/1402 2645/1/1402 2647/1/1402 2646/1/1402
f 18/1/1403 2628/1/1403 2630/1/1403 99/1/1403
f 2628/1/1404 2629/1/1404 2631/1/1404 2630/1/1404
f 14/1/1405 2626/1/1405 2628/1/1405 18/1/1405
f 2626/1/1406 2627/1/1406 2629/1/1406 2628/1/1406
f 2862/1/1407 15/1/1407 2627/1/1407 2867/1/1407
f 2867/1/1408 2627/1/1408 2626/1/1408 2868/1/1408
f 4/1/1409 2585/1/1409 2653/1/1409 2623/1/1409
f 2623/1/1410 2653/1/1410 2652/1/1410 2622/1/1410
f 69/1/982 2681/1/982 2682/1/982 2130/1/982
f 65/1/38 2680/1/38 2681/1/38 69/1/38
f 349/1/400 2768/1/400 3324/1/400 3325/1/400
f 2725/1/1463 2720/1/1463 82/1/1463 83/1/1463
f 2723/1/55 2726/1/55 81/1/55 84/1/55
f 2720/1/1464 2721/1/1464 82/1/1464
f 2725/1/1467 2723/1/1467 84/1/1467 83/1/1467
f 2743/1/1468 2721/1/1468 57/1/1468 2553/1/1468
f 2745/1/1469 2743/1/1469 2553/1/1469 2554/1/1469
f 2746/1/1470 2745/1/1470 2554/1/1470 2555/1/1470
f 2742/1/1471 2728/1/1471 126/1/1471 91/1/1471
f 2738/1/1322 2729/1/1322 127/1/1322 2504/1/1322
f 2728/1/87 2744/1/87 2502/1/87 126/1/87
f 2740/1/1322 2738/1/1322 2504/1/1322 2503/1/1322
f 2729/1/1472 2736/1/1472 2445/1/1472 127/1/1472
f 2744/1/1322 2740/1/1322 2503/1/1322 2502/1/1322
f 2731/1/1473 2727/1/1473 128/1/1473 2447/1/1473
f 2741/1/1474 2732/1/1474 176/1/1474 2304/1/1474
f 2737/1/1475 2730/1/1475 2300/1/1475 125/1/1475
f 2734/1/1476 2731/1/1476 2447/1/1476 2446/1/1476
f 2730/1/1477 2733/1/1477 2301/1/1477 2300/1/1477
f 2736/1/1478 2734/1/1478 2446/1/1478 2445/1/1478
f 2733/1/1479 2735/1/1479 2302/1/1479 2301/1/1479
f 2737/1/1480 2727/1/1480 114/1/1480 124/1/1480
f 2735/1/1481 2739/1/1481 2303/1/1481 2302/1/1481
f 2739/1/1482 2741/1/1482 2304/1/1482 2303/1/1482
f 2742/1/1483 2746/1/1483 2555/1/1483 89/1/1483
f 244/1/1484 2747/1/1484 115/1/1484 123/1/1484
f 2748/1/1485 2749/1/1485 485/1/1485 486/1/1485
f 245/1/1486 2749/1/1486 2747/1/1486 244/1/1486
f 2750/1/1487 2747/1/1487 2749/1/1487 2748/1/1487
f 2756/1/1488 2753/1/1488 2305/1/1488 124/1/1488
f 2753/1/1489 2757/1/1489 2306/1/1489 2305/1/1489
f 2757/1/1490 2751/1/1490 2307/1/1490 2306/1/1490
f 2752/1/1491 2755/1/1491 2309/1/1491 2308/1/1491
f 2751/1/1492 2752/1/1492 2308/1/1492 2307/1/1492
f 2755/1/1493 2754/1/1493 250/1/1493 2309/1/1493
f 2756/1/1494 485/1/1494 2749/1/1494 245/1/1494
f 2761/1/1495 2762/1/1495 218/1/1495 249/1/1495
f 2759/1/1496 2761/1/1496 249/1/1496 255/1/1496
f 2758/1/1497 2760/1/1497 252/1/1497 250/1/1497
f 2754/1/1498 2758/1/1498 250/1/1498
f 2760/1/1499 2763/1/1499 254/1/1499 252/1/1499
f 2763/1/1500 2759/1/1500 255/1/1500 254/1/1500
f 2762/1/1501 2764/1/1501 218/1/1501
f 2768/1/400 2767/1/400 3327/1/400 3324/1/400
f 341/1/278 2766/1/278 2776/1/278 361/1/278
f 2766/1/278 2765/1/278 2775/1/278 2776/1/278
f 358/1/278 361/1/278 2776/1/278 2774/1/278
f 2774/1/278 2776/1/278 2775/1/278 2773/1/278
f 355/1/278 358/1/278 2774/1/278 2772/1/278
f 2772/1/278 2774/1/278 2773/1/278 2771/1/278
f 352/1/278 355/1/278 2772/1/278 2770/1/278
f 2770/1/278 2772/1/278 2771/1/278 2769/1/278
f 349/1/1515 2935/1/1515 2940/1/1515 2768/1/1515
f 2768/1/1516 2940/1/1516 2930/1/1516 2767/1/1516
f 334/1/1517 2798/1/1517 3320/1/1517 3322/1/1517
f 2798/1/1518 2797/1/1518 3328/1/1518 3320/1/1518
f 337/1/278 2800/1/278 2802/1/278 346/1/278
f 2800/1/278 2799/1/278 2801/1/278 2802/1/278
f 361/1/278 358/1/278 2807/1/278 2801/1/278
f 2801/1/278 2807/1/278 2808/1/278 2802/1/278
f 343/1/278 342/1/278 2808/1/278 2804/1/278
f 2804/1/278 2808/1/278 2807/1/278 2803/1/278
f 355/1/278 352/1/278 2805/1/278 2803/1/278
f 2803/1/278 2805/1/278 2806/1/278 2804/1/278
f 334/1/1534 2928/1/1534 2937/1/1534 2798/1/1534
f 2798/1/1535 2937/1/1535 2939/1/1535 2797/1/1535
f 348/1/396 2832/1/396 3321/1/396 3323/1/396
f 2832/1/396 2831/1/396 3329/1/396 3321/1/396
f 340/1/278 2830/1/278 2840/1/278 360/1/278
f 2830/1/278 2829/1/278 2839/1/278 2840/1/278
f 357/1/278 360/1/278 2840/1/278 2838/1/278
f 2838/1/278 2840/1/278 2839/1/278 2837/1/278
f 354/1/278 357/1/278 2838/1/278 2836/1/278
f 2836/1/278 2838/1/278 2837/1/278 2835/1/278
f 351/1/278 354/1/278 2836/1/278 2834/1/278
f 2834/1/278 2836/1/278 2835/1/278 2833/1/278
f 348/1/1550 2936/1/1550 2933/1/1550 2832/1/1550
f 2832/1/1551 2933/1/1551 2938/1/1551 2831/1/1551
f 2625/1/1552 2867/1/1552 2868/1/1552 2624/1/1552
f 8/1/1553 2862/1/1553 2867/1/1553 2625/1/1553
f 2593/1/1554 2865/1/1554 2866/1/1554 2592/1/1554
f 9/1/1555 2863/1/1555 2865/1/1555 2593/1/1555
f 7/1/1556 2864/1/1556 2861/1/1556 6/1/1556
f 2624/1/1557 2868/1/1557 2864/1/1557 7/1/1557
f 2592/1/1558 2866/1/1558 2862/1/1558 8/1/1558
f 2869/1/1560 2861/1/1560 1/1/1560
f 2584/1/1561 2873/1/1561 2872/1/1561 2577/1/1561
f 2427/1/1562 3195/1/1562 3206/1/1562 2426/1/1562
f 2577/1/1564 2872/1/1564 2870/1/1564 11/1/1564
f 12/1/1565 2871/1/1565 2873/1/1565 2584/1/1565
f 2588/1/1566 2587/1/1566 2880/1/1566 2879/1/1566
f 2876/1/1567 2877/1/1567 2887/1/1567 2884/1/1567
f 2875/1/1568 2869/1/1568 2883/1/1568 2885/1/1568
f 2874/1/1569 2876/1/1569 2884/1/1569 2886/1/1569
f 2875/1/1570 2877/1/1570 2576/1/1570 6/1/1570
f 30/1/1571 57/1/1571 56/1/1571
f 31/1/1573 2588/1/1573 2879/1/1573 2878/1/1573
f 2587/1/1574 2586/1/1574 2881/1/1574 2880/1/1574
f 12/1/1575 2881/1/1575 2882/1/1575 48/1/1575
f 2884/1/1582 2887/1/1582 2574/1/1582 2581/1/1582
f 2885/1/1583 2883/1/1583 10/1/1583
f 2886/1/1584 2884/1/1584 2581/1/1584 13/1/1584
f 2885/1/1585 2887/1/1585 2877/1/1585 2875/1/1585
f 2918/1/1604 2912/1/1604 57/1/1604 30/1/1604
f 2915/1/1608 2911/1/1608 121/1/1608 89/1/1608
f 2915/1/1610 2904/1/1610 2552/1/1610 90/1/1610
f 2917/1/1615 2914/1/1615 2550/1/1615 2551/1/1615
f 2914/1/1617 2912/1/1617 86/1/1617 2550/1/1617
f 2904/1/1618 2917/1/1618 2551/1/1618 2552/1/1618
f 2937/1/1632 2928/1/1632 2942/1/1632 2949/1/1632
f 2939/1/1633 2937/1/1633 2949/1/1633 2953/1/1633
f 2934/1/1635 2932/1/1635 2946/1/1635 2948/1/1635
f 2934/1/1636 2931/1/1636 324/1/1636 332/1/1636
f 2933/1/1637 2936/1/1637 2950/1/1637 2941/1/1637
f 2932/1/1638 2938/1/1638 2951/1/1638 2946/1/1638
f 2938/1/1639 2933/1/1639 2941/1/1639 2951/1/1639
f 2936/1/1640 2930/1/1640 2947/1/1640 2950/1/1640
f 2935/1/1641 2939/1/1641 2953/1/1641 2952/1/1641
f 2940/1/1643 2935/1/1643 2952/1/1643 2943/1/1643
f 2930/1/1644 2940/1/1644 2943/1/1644 2947/1/1644
f 2951/1/1645 2941/1/1645 2834/1/1645 2833/1/1645
f 2950/1/1646 2947/1/1646 2769/1/1646 351/1/1646
f 2952/1/1647 2953/1/1647 2805/1/1647 352/1/1647
f 2949/1/1648 2942/1/1648 344/1/1648 2806/1/1648
f 2953/1/1649 2949/1/1649 2806/1/1649 2805/1/1649
f 2943/1/1650 2952/1/1650 352/1/1650 2770/1/1650
f 2948/1/1651 2946/1/1651 350/1/1651 363/1/1651
f 2941/1/1653 2950/1/1653 351/1/1653 2834/1/1653
f 2948/1/1654 2945/1/1654 2931/1/1654 2934/1/1654
f 2947/1/1655 2943/1/1655 2770/1/1655 2769/1/1655
f 2946/1/1656 2951/1/1656 2833/1/1656 350/1/1656
f 3195/1/1657 3194/1/1657 3205/1/1657 3206/1/1657
f 3194/1/1658 3193/1/1658 3204/1/1658 3205/1/1658
f 3193/1/1659 3192/1/1659 3203/1/1659 3204/1/1659
f 3192/1/1660 3191/1/1660 3202/1/1660 3203/1/1660
f 3191/1/1661 3190/1/1661 3201/1/1661 3202/1/1661
f 3190/1/1662 3189/1/1662 3200/1/1662 3201/1/1662
f 3189/1/1663 3188/1/1663 3199/1/1663 3200/1/1663
f 3188/1/1664 3187/1/1664 3198/1/1664 3199/1/1664
f 3187/1/1665 3186/1/1665 3197/1/1665 3198/1/1665
f 3186/1/1666 3185/1/1666 3196/1/1666 3197/1/1666
f 200/1/1667 2954/1/1667 3195/1/1667 2427/1/1667
f 2954/1/1668 2955/1/1668 3194/1/1668 3195/1/1668
f 2955/1/1669 2956/1/1669 3193/1/1669 3194/1/1669
f 2956/1/1670 2957/1/1670 3192/1/1670 3193/1/1670
f 2957/1/1671 2958/1/1671 3191/1/1671 3192/1/1671
f 2958/1/1672 2959/1/1672 3190/1/1672 3191/1/1672
f 2959/1/1673 2960/1/1673 3189/1/1673 3190/1/1673
f 2960/1/1674 2961/1/1674 3188/1/1674 3189/1/1674
f 2961/1/1675 2962/1/1675 3187/1/1675 3188/1/1675
f 2962/1/1676 2963/1/1676 3186/1/1676 3187/1/1676
f 2963/1/1677 2964/1/1677 3185/1/1677 3186/1/1677
f 2413/1/1678 2412/1/1678 3174/1/1678 3163/1/1678
f 3163/1/1679 3174/1/1679 3175/1/1679 3164/1/1679
f 3164/1/1680 3175/1/1680 3176/1/1680 3165/1/1680
f 3165/1/1681 3176/1/1681 3177/1/1681 3166/1/1681
f 3166/1/1682 3177/1/1682 3178/1/1682 3167/1/1682
f 3167/1/1683 3178/1/1683 3179/1/1683 3168/1/1683
f 3168/1/1684 3179/1/1684 3180/1/1684 3169/1/1684
f 3169/1/1685 3180/1/1685 3181/1/1685 3170/1/1685
f 3170/1/1686 3181/1/1686 3182/1/1686 3171/1/1686
f 3171/1/1687 3182/1/1687 3183/1/1687 3172/1/1687
f 3172/1/1688 3183/1/1688 3184/1/1688 3173/1/1688
f 2414/1/1689 2413/1/1689 3163/1/1689 3152/1/1689
f 3152/1/1690 3163/1/1690 3164/1/1690 3153/1/1690
f 3153/1/1691 3164/1/1691 3165/1/1691 3154/1/1691
f 3154/1/1692 3165/1/1692 3166/1/1692 3155/1/1692
f 3155/1/1693 3166/1/1693 3167/1/1693 3156/1/1693
f 3156/1/1694 3167/1/1694 3168/1/1694 3157/1/1694
f 3157/1/1695 3168/1/1695 3169/1/1695 3158/1/1695
f 3158/1/1696 3169/1/1696 3170/1/1696 3159/1/1696
f 3159/1/1697 3170/1/1697 3171/1/1697 3160/1/1697
f 3160/1/1698 3171/1/1698 3172/1/1698 3161/1/1698
f 3161/1/1699 3172/1/1699 3173/1/1699 3162/1/1699
f 194/1/1700 2414/1/1700 3152/1/1700 3008/1/1700
f 3008/1/1701 3152/1/1701 3153/1/1701 3007/1/1701
f 3007/1/1702 3153/1/1702 3154/1/1702 3006/1/1702
f 3006/1/1703 3154/1/1703 3155/1/1703 3005/1/1703
f 3005/1/1704 3155/1/1704 3156/1/1704 3004/1/1704
f 3004/1/1705 3156/1/1705 3157/1/1705 3003/1/1705
f 3003/1/1706 3157/1/1706 3158/1/1706 3002/1/1706
f 3002/1/1707 3158/1/1707 3159/1/1707 3001/1/1707
f 3001/1/1708 3159/1/1708 3160/1/1708 3000/1/1708
f 3000/1/1709 3160/1/1709 3161/1/1709 2999/1/1709
f 2999/1/1710 3161/1/1710 3162/1/1710 2998/1/1710
f 2326/1/1711 2325/1/1711 3141/1/1711 3130/1/1711
f 3130/1/1712 3141/1/1712 3142/1/1712 3131/1/1712
f 3131/1/1713 3142/1/1713 3143/1/1713 3132/1/1713
f 3132/1/1714 3143/1/1714 3144/1/1714 3133/1/1714
f 3133/1/1715 3144/1/1715 3145/1/1715 3134/1/1715
f 3134/1/1716 3145/1/1716 3146/1/1716 3135/1/1716
f 3135/1/1717 3146/1/1717 3147/1/1717 3136/1/1717
f 3136/1/1718 3147/1/1718 3148/1/1718 3137/1/1718
f 3137/1/1719 3148/1/1719 3149/1/1719 3138/1/1719
f 3138/1/1720 3149/1/1720 3150/1/1720 3139/1/1720
f 3139/1/1721 3150/1/1721 3151/1/1721 3140/1/1721
f 2327/1/1722 2326/1/1722 3130/1/1722 3119/1/1722
f 3119/1/1723 3130/1/1723 3131/1/1723 3120/1/1723
f 3120/1/1724 3131/1/1724 3132/1/1724 3121/1/1724
f 3121/1/1725 3132/1/1725 3133/1/1725 3122/1/1725
f 3122/1/1726 3133/1/1726 3134/1/1726 3123/1/1726
f 3123/1/1727 3134/1/1727 3135/1/1727 3124/1/1727
f 3124/1/1728 3135/1/1728 3136/1/1728 3125/1/1728
f 3125/1/1729 3136/1/1729 3137/1/1729 3126/1/1729
f 3126/1/1730 3137/1/1730 3138/1/1730 3127/1/1730
f 3127/1/1731 3138/1/1731 3139/1/1731 3128/1/1731
f 3128/1/1732 3139/1/1732 3140/1/1732 3129/1/1732
f 2328/1/1733 2327/1/1733 3119/1/1733 3108/1/1733
f 3108/1/1734 3119/1/1734 3120/1/1734 3109/1/1734
f 3109/1/1735 3120/1/1735 3121/1/1735 3110/1/1735
f 3110/1/1736 3121/1/1736 3122/1/1736 3111/1/1736
f 3111/1/1737 3122/1/1737 3123/1/1737 3112/1/1737
f 3112/1/1738 3123/1/1738 3124/1/1738 3113/1/1738
f 3113/1/1739 3124/1/1739 3125/1/1739 3114/1/1739
f 3114/1/1740 3125/1/1740 3126/1/1740 3115/1/1740
f 3115/1/1741 3126/1/1741 3127/1/1741 3116/1/1741
f 3116/1/1742 3127/1/1742 3128/1/1742 3117/1/1742
f 3117/1/1743 3128/1/1743 3129/1/1743 3118/1/1743
f 2329/1/1744 2328/1/1744 3108/1/1744 3097/1/1744
f 3097/1/1745 3108/1/1745 3109/1/1745 3098/1/1745
f 3098/1/1746 3109/1/1746 3110/1/1746 3099/1/1746
f 3099/1/1747 3110/1/1747 3111/1/1747 3100/1/1747
f 3100/1/1748 3111/1/1748 3112/1/1748 3101/1/1748
f 3101/1/1749 3112/1/1749 3113/1/1749 3102/1/1749
f 3102/1/1750 3113/1/1750 3114/1/1750 3103/1/1750
f 3103/1/1751 3114/1/1751 3115/1/1751 3104/1/1751
f 3104/1/1752 3115/1/1752 3116/1/1752 3105/1/1752
f 3105/1/1753 3116/1/1753 3117/1/1753 3106/1/1753
f 3106/1/1754 3117/1/1754 3118/1/1754 3107/1/1754
f 195/1/1755 2329/1/1755 3097/1/1755 2986/1/1755
f 2986/1/1756 3097/1/1756 3098/1/1756 2985/1/1756
f 2985/1/1757 3098/1/1757 3099/1/1757 2984/1/1757
f 2984/1/1758 3099/1/1758 3100/1/1758 2983/1/1758
f 2983/1/1759 3100/1/1759 3101/1/1759 2982/1/1759
f 2982/1/1760 3101/1/1760 3102/1/1760 2981/1/1760
f 2981/1/1761 3102/1/1761 3103/1/1761 2980/1/1761
f 2980/1/1762 3103/1/1762 3104/1/1762 2979/1/1762
f 2979/1/1763 3104/1/1763 3105/1/1763 2978/1/1763
f 2978/1/1764 3105/1/1764 3106/1/1764 2977/1/1764
f 2977/1/1765 3106/1/1765 3107/1/1765 2976/1/1765
f 327/1/1766 3075/1/1766 3330/1/1766 3312/1/1766
f 3075/1/1767 3076/1/1767 3331/1/1767 3330/1/1767
f 3076/1/1768 3077/1/1768 3332/1/1768 3331/1/1768
f 3077/1/1769 3078/1/1769 3333/1/1769 3332/1/1769
f 3078/1/1770 3079/1/1770 3334/1/1770 3333/1/1770
f 3079/1/1771 3080/1/1771 3335/1/1771 3334/1/1771
f 3080/1/1772 3081/1/1772 3336/1/1772 3335/1/1772
f 3081/1/1773 3082/1/1773 3337/1/1773 3336/1/1773
f 3082/1/1774 3083/1/1774 3338/1/1774 3337/1/1774
f 3083/1/1775 3084/1/1775 3339/1/1775 3338/1/1775
f 3084/1/1776 3085/1/1776 3311/1/1776 3339/1/1776
f 319/1/1777 3064/1/1777 3075/1/1777 327/1/1777
f 3064/1/1778 3065/1/1778 3076/1/1778 3075/1/1778
f 3065/1/1779 3066/1/1779 3077/1/1779 3076/1/1779
f 3066/1/1780 3067/1/1780 3078/1/1780 3077/1/1780
f 3067/1/1781 3068/1/1781 3079/1/1781 3078/1/1781
f 3068/1/1782 3069/1/1782 3080/1/1782 3079/1/1782
f 3069/1/1783 3070/1/1783 3081/1/1783 3080/1/1783
f 3070/1/1784 3071/1/1784 3082/1/1784 3081/1/1784
f 3071/1/1785 3072/1/1785 3083/1/1785 3082/1/1785
f 3072/1/1786 3073/1/1786 3084/1/1786 3083/1/1786
f 3073/1/1787 3074/1/1787 3085/1/1787 3084/1/1787
f 317/1/1788 3345/1/1788 3352/1/1788 3053/1/1788
f 3053/1/1789 3352/1/1789 3353/1/1789 3054/1/1789
f 3054/1/1790 3353/1/1790 3355/1/1790 3055/1/1790
f 3055/1/1791 3355/1/1791 3356/1/1791 3056/1/1791
f 3056/1/1792 3356/1/1792 3357/1/1792 3057/1/1792
f 3057/1/1793 3357/1/1793 3360/1/1793 3058/1/1793
f 3058/1/1794 3360/1/1794 3362/1/1794 3059/1/1794
f 3059/1/1795 3362/1/1795 3344/1/1795 3060/1/1795
f 3060/1/1796 3344/1/1796 3346/1/1796 3061/1/1796
f 3061/1/1797 3346/1/1797 3347/1/1797 3062/1/1797
f 3062/1/1798 3347/1/1798 3349/1/1798 3063/1/1798
f 317/1/1799 3053/1/1799 3385/1/1799 3384/1/1799
f 3053/1/1800 3054/1/1800 3386/1/1800 3385/1/1800
f 3054/1/1801 3055/1/1801 3387/1/1801 3386/1/1801
f 3055/1/1802 3056/1/1802 3389/1/1802 3387/1/1802
f 3056/1/1803 3057/1/1803 3391/1/1803 3389/1/1803
f 3057/1/1804 3058/1/1804 3393/1/1804 3391/1/1804
f 3058/1/1805 3059/1/1805 3395/1/1805 3393/1/1805
f 3059/1/1806 3060/1/1806 3397/1/1806 3395/1/1806
f 3060/1/1807 3061/1/1807 3398/1/1807 3397/1/1807
f 3061/1/1808 3062/1/1808 3381/1/1808 3398/1/1808
f 3062/1/1809 3063/1/1809 3382/1/1809 3381/1/1809
f 316/1/1810 302/1/1810 3009/1/1810 3030/1/1810
f 3030/1/1811 3009/1/1811 3010/1/1811 3029/1/1811
f 3029/1/1812 3010/1/1812 3011/1/1812 3028/1/1812
f 3028/1/1813 3011/1/1813 3012/1/1813 3027/1/1813
f 3027/1/1814 3012/1/1814 3013/1/1814 3026/1/1814
f 3026/1/1815 3013/1/1815 3014/1/1815 3025/1/1815
f 3025/1/1816 3014/1/1816 3015/1/1816 3024/1/1816
f 3024/1/1817 3015/1/1817 3016/1/1817 3023/1/1817
f 3023/1/1818 3016/1/1818 3017/1/1818 3022/1/1818
f 3022/1/1819 3017/1/1819 3018/1/1819 3021/1/1819
f 3021/1/1820 3018/1/1820 3019/1/1820 3020/1/1820
f 300/1/1821 316/1/1821 3030/1/1821 3041/1/1821
f 3041/1/1822 3030/1/1822 3029/1/1822 3040/1/1822
f 3040/1/1823 3029/1/1823 3028/1/1823 3039/1/1823
f 3039/1/1824 3028/1/1824 3027/1/1824 3038/1/1824
f 3038/1/1825 3027/1/1825 3026/1/1825 3037/1/1825
f 3037/1/1826 3026/1/1826 3025/1/1826 3036/1/1826
f 3036/1/1827 3025/1/1827 3024/1/1827 3035/1/1827
f 3035/1/1828 3024/1/1828 3023/1/1828 3034/1/1828
f 3034/1/1829 3023/1/1829 3022/1/1829 3033/1/1829
f 3033/1/1830 3022/1/1830 3021/1/1830 3032/1/1830
f 3032/1/1831 3021/1/1831 3020/1/1831 3031/1/1831
f 302/1/1832 315/1/1832 3042/1/1832 3009/1/1832
f 3009/1/1833 3042/1/1833 3043/1/1833 3010/1/1833
f 3010/1/1834 3043/1/1834 3044/1/1834 3011/1/1834
f 3011/1/1835 3044/1/1835 3045/1/1835 3012/1/1835
f 3012/1/1836 3045/1/1836 3046/1/1836 3013/1/1836
f 3013/1/1837 3046/1/1837 3047/1/1837 3014/1/1837
f 3014/1/1838 3047/1/1838 3048/1/1838 3015/1/1838
f 3015/1/1839 3048/1/1839 3049/1/1839 3016/1/1839
f 3016/1/1840 3049/1/1840 3050/1/1840 3017/1/1840
f 3017/1/1841 3050/1/1841 3051/1/1841 3018/1/1841
f 3018/1/1842 3051/1/1842 3052/1/1842 3019/1/1842
f 199/1/1843 296/1/1843 3052/1/1843 2976/1/1843
f 2976/1/1844 3052/1/1844 3051/1/1844 2977/1/1844
f 2977/1/1845 3051/1/1845 3050/1/1845 2978/1/1845
f 2978/1/1846 3050/1/1846 3049/1/1846 2979/1/1846
f 2979/1/1847 3049/1/1847 3048/1/1847 2980/1/1847
f 2980/1/1848 3048/1/1848 3047/1/1848 2981/1/1848
f 2981/1/1849 3047/1/1849 3046/1/1849 2982/1/1849
f 2982/1/1850 3046/1/1850 3045/1/1850 2983/1/1850
f 2983/1/1851 3045/1/1851 3044/1/1851 2984/1/1851
f 2984/1/1852 3044/1/1852 3043/1/1852 2985/1/1852
f 2985/1/1853 3043/1/1853 3042/1/1853 2986/1/1853
f 2426/1/1854 3206/1/1854 2987/1/1854 193/1/1854
f 3206/1/1855 3205/1/1855 2988/1/1855 2987/1/1855
f 3205/1/1856 3204/1/1856 2989/1/1856 2988/1/1856
f 3204/1/1857 3203/1/1857 2990/1/1857 2989/1/1857
f 3203/1/1858 3202/1/1858 2991/1/1858 2990/1/1858
f 3202/1/1859 3201/1/1859 2992/1/1859 2991/1/1859
f 3201/1/1860 3200/1/1860 2993/1/1860 2992/1/1860
f 3200/1/1861 3199/1/1861 2994/1/1861 2993/1/1861
f 3199/1/1862 3198/1/1862 2995/1/1862 2994/1/1862
f 3198/1/1863 3197/1/1863 2996/1/1863 2995/1/1863
f 3197/1/1864 3196/1/1864 2997/1/1864 2996/1/1864
f 192/1/1865 194/1/1865 3008/1/1865 2965/1/1865
f 2965/1/1866 3008/1/1866 3007/1/1866 2966/1/1866
f 2966/1/1866 3007/1/1866 3006/1/1866 2967/1/1866
f 2967/1/1867 3006/1/1867 3005/1/1867 2968/1/1867
f 2968/1/1867 3005/1/1867 3004/1/1867 2969/1/1867
f 2969/1/1868 3004/1/1868 3003/1/1868 2970/1/1868
f 2970/1/1868 3003/1/1868 3002/1/1868 2971/1/1868
f 2971/1/1869 3002/1/1869 3001/1/1869 2972/1/1869
f 2972/1/1869 3001/1/1869 3000/1/1869 2973/1/1869
f 2973/1/1869 3000/1/1869 2999/1/1869 2974/1/1869
f 2974/1/145 2999/1/145 2998/1/145 2975/1/145
f 2412/1/1870 193/1/1870 2987/1/1870 3174/1/1870
f 3174/1/1871 2987/1/1871 2988/1/1871 3175/1/1871
f 3175/1/1872 2988/1/1872 2989/1/1872 3176/1/1872
f 3176/1/1873 2989/1/1873 2990/1/1873 3177/1/1873
f 3177/1/1874 2990/1/1874 2991/1/1874 3178/1/1874
f 3178/1/1875 2991/1/1875 2992/1/1875 3179/1/1875
f 3179/1/1876 2992/1/1876 2993/1/1876 3180/1/1876
f 3180/1/1877 2993/1/1877 2994/1/1877 3181/1/1877
f 3181/1/1878 2994/1/1878 2995/1/1878 3182/1/1878
f 3182/1/1879 2995/1/1879 2996/1/1879 3183/1/1879
f 3183/1/1880 2996/1/1880 2997/1/1880 3184/1/1880
f 2325/1/1881 192/1/1881 2965/1/1881 3141/1/1881
f 3141/1/1882 2965/1/1882 2966/1/1882 3142/1/1882
f 3142/1/1883 2966/1/1883 2967/1/1883 3143/1/1883
f 3143/1/1884 2967/1/1884 2968/1/1884 3144/1/1884
f 3144/1/1885 2968/1/1885 2969/1/1885 3145/1/1885
f 3145/1/1886 2969/1/1886 2970/1/1886 3146/1/1886
f 3146/1/1887 2970/1/1887 2971/1/1887 3147/1/1887
f 3147/1/1888 2971/1/1888 2972/1/1888 3148/1/1888
f 3148/1/1889 2972/1/1889 2973/1/1889 3149/1/1889
f 3149/1/1890 2973/1/1890 2974/1/1890 3150/1/1890
f 3150/1/1891 2974/1/1891 2975/1/1891 3151/1/1891
f 328/1/2017 3313/1/2017 3311/1/2017 3085/1/2017
f 3362/1/2027 3360/1/2027 3036/1/2027 3035/1/2027
f 3344/1/2028 3362/1/2028 3035/1/2028 3034/1/2028
f 3354/1/2029 3358/1/2029 484/1/2029 470/1/2029
f 3347/1/2030 3346/1/2030 3033/1/2030 3032/1/2030
f 3359/1/2031 3349/1/2031 3031/1/2031 298/1/2031
f 3358/1/2032 3351/1/2032 248/1/2032 484/1/2032
f 3349/1/2033 3347/1/2033 3032/1/2033 3031/1/2033
f 3350/1/2034 3354/1/2034 470/1/2034 307/1/2034
f 3361/1/2035 3345/1/2035 317/1/2035
f 3352/1/2036 3345/1/2036 300/1/2036 3041/1/2036
f 3348/1/2037 3351/1/2037 225/1/2037 226/1/2037
f 3353/1/2038 3352/1/2038 3041/1/2038 3040/1/2038
f 3355/1/2039 3353/1/2039 3040/1/2039 3039/1/2039
f 3356/1/2040 3355/1/2040 3039/1/2040 3038/1/2040
f 3346/1/2041 3344/1/2041 3034/1/2041 3033/1/2041
f 3357/1/2042 3356/1/2042 3038/1/2042 3037/1/2042
f 3361/1/2043 3350/1/2043 307/1/2043 223/1/2043
f 3360/1/2045 3357/1/2045 3037/1/2045 3036/1/2045
f 221/1/2046 3380/1/2046 326/1/2046
f 326/1/2059 3364/1/2059 3365/1/2059 221/1/2059
f 3392/1/2062 3396/1/2062 475/1/2062 322/1/2062
f 3390/1/2063 3392/1/2063 322/1/2063 323/1/2063
f 3388/1/2064 3394/1/2064 321/1/2064 471/1/2064
f 3394/1/2065 3384/1/2065 319/1/2065 321/1/2065
f 3396/1/2066 3388/1/2066 471/1/2066 475/1/2066
f 3384/1/2067 3385/1/2067 3064/1/2067 319/1/2067
f 3385/1/2068 3386/1/2068 3065/1/2068 3064/1/2068
f 3386/1/2069 3387/1/2069 3066/1/2069 3065/1/2069
f 3387/1/2070 3389/1/2070 3067/1/2070 3066/1/2070
f 3389/1/2071 3391/1/2071 3068/1/2071 3067/1/2071
f 3391/1/2072 3393/1/2072 3069/1/2072 3068/1/2072
f 3393/1/2073 3395/1/2073 3070/1/2073 3069/1/2073
f 3395/1/2074 3397/1/2074 3071/1/2074 3070/1/2074
f 3397/1/2075 3398/1/2075 3072/1/2075 3071/1/2075
f 3398/1/2076 3381/1/2076 3073/1/2076 3072/1/2076
f 3381/1/2077 3382/1/2077 3074/1/2077 3073/1/2077
f 3382/1/2079 3383/1/2079 320/1/2079 3074/1/2079
f 6188/1/2080 6190/1/2080 5902/1/2080 3409/1/2080
f 5943/1/2081 3401/1/2081 5903/1/2081 5973/1/2081
f 5911/1/2082 3402/1/2082 5906/1/2082 5941/1/2082
f 3406/1/2083 6202/1/2083 6204/1/2083 5897/1/2083
f 3401/1/2084 3400/1/2084 5904/1/2084 5903/1/2084
f 6183/1/2085 6180/1/2085 3411/1/2085 5915/1/2085
f 6185/1/2086 6181/1/2086 3410/1/2086 5947/1/2086
f 6181/1/2087 6179/1/2087 3399/1/2087 3410/1/2087
f 3403/1/2088 6192/1/2088 6186/1/2088 6179/1/2088
f 5916/1/2089 5918/1/2089 20/1/2089 16/1/2089
f 5948/1/2090 5950/1/2090 3414/1/2090 3411/1/2090
f 3399/1/2091 3412/1/2091 3413/1/2091 3410/1/2091
f 5918/1/2092 5920/1/2092 24/1/2092 20/1/2092
f 5950/1/2093 5952/1/2093 3488/1/2093 3414/1/2093
f 3412/1/2094 3415/1/2094 3486/1/2094 3413/1/2094
f 5921/1/2095 5935/1/2095 3420/1/2095 3491/1/2095
f 5966/1/2096 5968/1/2096 3420/1/2096 3417/1/2096
f 3487/1/2097 3490/1/2097 3419/1/2097 3416/1/2097
f 5922/1/2099 5924/1/2099 35/1/2099 28/1/2099
f 3418/1/2100 3424/1/2100 3425/1/2100 3489/1/2100
f 5954/1/2102 5956/1/2102 3426/1/2102 3491/1/2102
f 5956/1/2105 5958/1/2105 3442/1/2105 3426/1/2105
f 3424/1/2107 3440/1/2107 3441/1/2107 3425/1/2107
f 5924/1/2109 5926/1/2109 52/1/2109 35/1/2109
f 5998/1/2117 5999/1/2117 3454/1/2117 3449/1/2117
f 5930/1/2118 5932/1/2118 68/1/2118 63/1/2118
f 5960/1/2119 5964/1/2119 3455/1/2119 3451/1/2119
f 3456/1/2123 3453/1/2123 6017/1/2123 3461/1/2123 3463/1/2123
f 3462/1/2124 3464/1/2124 3463/1/2124 3461/1/2124 6020/1/2124 6022/1/2124
f 3458/1/2125 3464/1/2125 3462/1/2125
f 3466/1/2132 6043/1/2132 6041/1/2132 3467/1/2132
f 3466/1/2133 6043/1/2133 6038/1/2133 3465/1/2133
f 3467/1/2134 6041/1/2134 6044/1/2134
f 3447/1/2135 3446/1/2135 3465/1/2135 6038/1/2135 6039/1/2135
f 3423/1/2136 3472/1/2136 3473/1/2136
f 5890/1/2137 3482/1/2137 3469/1/2137 5882/1/2137
f 5893/1/2138 5888/1/2138 3479/1/2138 3485/1/2138
f 5891/1/2139 5887/1/2139 3484/1/2139 3483/1/2139
f 5884/1/2140 3478/1/2140 6060/1/2140 6064/1/2140
f 5881/1/2141 3476/1/2141 6232/1/2141 6221/1/2141
f 6198/1/2142 6199/1/2142 5910/1/2142 5907/1/2142
f 3416/1/2143 3486/1/2143 3415/1/2143 3487/1/2143
f 5965/1/2144 5951/1/2144 3486/1/2144 3416/1/2144
f 5935/1/2145 5933/1/2145 3417/1/2145 3420/1/2145
f 3490/1/2146 3418/1/2146 3489/1/2146 3419/1/2146
f 5968/1/2147 5954/1/2147 3491/1/2147 3420/1/2147
f 5919/1/2148 3488/1/2148 3417/1/2148 5933/1/2148
f 3478/1/2150 3511/1/2150 3497/1/2150 3479/1/2150
f 5827/1/2151 5831/1/2151 3511/1/2151 3497/1/2151
f 5779/1/2152 5780/1/2152 3514/1/2152 3513/1/2152
f 3510/1/2153 3513/1/2153 3514/1/2153 3496/1/2153
f 3510/1/2154 6055/1/2154 6045/1/2154 3513/1/2154
f 3499/1/2155 3509/1/2155 6074/1/2155 3843/1/2155
f 3819/1/2156 3820/1/2156 3507/1/2156 3501/1/2156
f 3492/1/2157 3516/1/2157 3501/1/2157 3507/1/2157
f 5737/1/2158 5740/1/2158 3495/1/2158 3502/1/2158
f 5754/1/2159 3567/1/2159 3568/1/2159 5756/1/2159
f 5770/1/2160 3493/1/2160 3504/1/2160 5771/1/2160
f 5762/1/2161 3481/1/2161 3505/1/2161 5764/1/2161
f 3475/1/2162 3474/1/2162 3481/1/2162 3505/1/2162
f 3475/1/2163 3505/1/2163 3517/1/2163 3477/1/2163
f 3477/1/2164 6232/1/2164 6228/1/2164 3517/1/2164
f 3476/1/2165 6060/1/2165 6046/1/2165 3506/1/2165
f 5830/1/2166 3506/1/2166 6046/1/2166 6062/1/2166
f 5776/1/2167 3498/1/2167 6047/1/2167 6054/1/2167
f 3505/1/2168 3526/1/2168 3528/1/2168 3517/1/2168
f 3524/1/2169 3568/1/2169 3567/1/2169 3503/1/2169
f 3843/1/2170 3844/1/2170 3520/1/2170 3499/1/2170
f 5830/1/2171 5836/1/2171 3527/1/2171 3506/1/2171
f 3506/1/2172 3527/1/2172 3528/1/2172 3517/1/2172 6228/1/2172
f 5771/1/2173 5772/1/2173 3524/1/2173 3503/1/2173
f 3835/1/2174 3836/1/2174 3521/1/2174 3500/1/2174
f 5765/1/2175 5767/1/2175 3525/1/2175 3504/1/2175
f 5739/1/2176 5745/1/2176 3522/1/2176 3501/1/2176
f 5776/1/2177 5785/1/2177 3519/1/2177 3498/1/2177
f 3518/1/2178 3496/1/2178 3514/1/2178 3542/1/2178
f 5782/1/2179 3515/1/2179 3545/1/2179 5786/1/2179
f 5827/1/2180 3497/1/2180 3543/1/2180 5837/1/2180
f 3485/1/2181 3479/1/2181 3497/1/2181 3543/1/2181
f 3480/1/2182 3485/1/2182 3543/1/2182 3547/1/2182
f 3532/1/2183 3548/1/2183 3535/1/2183 3546/1/2183
f 5789/1/2184 5798/1/2184 3534/1/2184 3549/1/2184
f 5896/1/2185 5885/1/2185 3480/1/2185 3538/1/2185
f 3547/1/2186 3539/1/2186 3538/1/2186 3480/1/2186
f 5840/1/2187 3547/1/2187 3539/1/2187 5843/1/2187
f 5789/1/2188 3549/1/2188 3540/1/2188 5792/1/2188
f 3532/1/2189 3546/1/2189 3541/1/2189 3537/1/2189
f 5840/1/2190 5849/1/2190 3533/1/2190 3547/1/2190
f 3547/1/2191 3543/1/2191 3529/1/2191 3533/1/2191
f 5837/1/2192 3543/1/2192 3529/1/2192 5846/1/2192
f 3518/1/2193 3542/1/2193 3531/1/2193 3544/1/2193
f 5786/1/2194 3545/1/2194 3530/1/2194 5795/1/2194
f 3553/1/752 3554/1/752 3556/1/752
f 3552/1/752 3557/1/752 3556/1/752 3554/1/752
f 5626/1/2195 5616/1/2195 3550/1/2195 3552/1/2195
f 3552/1/2196 3550/1/2196 3557/1/2196
f 3551/1/2197 3555/1/2197 3557/1/2197 3550/1/2197
f 5631/1/2198 3555/1/2198 3551/1/2198 5621/1/2198
f 5641/1/2199 3559/1/2199 3555/1/2199 5631/1/2199
f 3553/1/2200 3630/1/2200 6050/1/2200 3561/1/2200 3554/1/2200
f 3554/1/2201 3561/1/2201 3558/1/2201 3552/1/2201
f 5636/1/2202 5626/1/2202 3552/1/2202 3558/1/2202
f 5651/1/2203 5636/1/2203 3558/1/2203 3561/1/2203
f 5656/1/2204 6059/1/2204 6050/1/2204 3630/1/2204
f 5682/1/2205 6073/1/2205 6072/1/2205 3636/1/2205
f 5692/1/2206 5661/1/2206 3563/1/2206 3837/1/2206
f 5642/1/2207 3492/1/2207 3507/1/2207 5662/1/2207
f 3503/1/2208 3567/1/2208 3566/1/2208 3494/1/2208
f 5752/1/2209 3566/1/2209 3567/1/2209 5754/1/2209
f 3430/1/2210 3569/1/2210 3481/1/2210 3474/1/2210
f 5762/1/2211 5768/1/2211 3569/1/2211 3481/1/2211
f 5770/1/2212 5773/1/2212 3570/1/2212 3493/1/2212
f 3565/1/2213 3571/1/2213 3494/1/2213 3566/1/2213
f 5642/1/2214 5667/1/2214 3572/1/2214 3492/1/2214
f 5740/1/2215 5746/1/2215 3573/1/2215 3495/1/2215
f 3492/1/2216 3572/1/2216 3574/1/2216 3516/1/2216
f 5752/1/2217 5758/1/2217 3565/1/2217 3566/1/2217
f 5667/1/2218 5672/1/2218 3576/1/2218 3572/1/2218
f 5746/1/2219 5749/1/2219 3577/1/2219 3573/1/2219
f 3572/1/2220 3576/1/2220 3578/1/2220 3574/1/2220
f 6466/1/2221 2330/1/2221 196/1/2221 6290/1/2221
f 6499/1/2222 2415/1/2222 197/1/2222 6312/1/2222
f 6290/1/2223 196/1/2223 198/1/2223 6313/1/2223
f 5759/1/2224 3573/1/2224 3577/1/2224 5760/1/2224
f 6511/1/2225 6312/1/2225 197/1/2225 2429/1/2225
f 3596/1/2226 3595/1/2226 3555/1/2226 3559/1/2226
f 3557/1/2227 3555/1/2227 3595/1/2227 3594/1/2227
f 3556/1/2228 3557/1/2228 3594/1/2228 3593/1/2228
f 3553/1/2229 3556/1/2229 3593/1/2229 3592/1/2229
f 3582/1/2230 3553/1/2230 3592/1/2230 3591/1/2230
f 3583/1/2231 3582/1/2231 3591/1/2231 3590/1/2231
f 3584/1/2232 3583/1/2232 3590/1/2232 3589/1/2232
f 3581/1/2233 3584/1/2233 3589/1/2233 3588/1/2233
f 3587/1/2234 3597/1/2234 3581/1/2234 3588/1/2234
f 3630/1/2235 3553/1/2235 3582/1/2235 3632/1/2235
f 3583/1/2236 3634/1/2236 3632/1/2236 3582/1/2236
f 3584/1/2237 3635/1/2237 3634/1/2237 3583/1/2237
f 3581/1/2238 3629/1/2238 3635/1/2238 3584/1/2238
f 3597/1/2239 3598/1/2239 3629/1/2239 3581/1/2239
f 3601/1/2240 3598/1/2240 3597/1/2240 3600/1/2240
f 5661/1/2241 5677/1/2241 3627/1/2241 3563/1/2241
f 5677/1/2242 5682/1/2242 3636/1/2242 3627/1/2242
f 3563/1/2243 3627/1/2243 3617/1/2243 3612/1/2243
f 3617/1/2244 3627/1/2244 3636/1/2244 3616/1/2244
f 3613/1/2245 3612/1/2245 3617/1/2245 3619/1/2245
f 3617/1/2246 3616/1/2246 3618/1/2246 3619/1/2246
f 3614/1/2247 3613/1/2247 3619/1/2247 3621/1/2247
f 3619/1/2248 3618/1/2248 3620/1/2248 3621/1/2248
f 3615/1/2249 3614/1/2249 3621/1/2249 3623/1/2249
f 3621/1/2250 3620/1/2250 3622/1/2250 3623/1/2250
f 3615/1/2251 3623/1/2251 3608/1/2251 3628/1/2251
f 3608/1/2252 3623/1/2252 3622/1/2252 3607/1/2252
f 3628/1/2253 3608/1/2253 6653/1/2253 6656/1/2253
f 3611/1/2254 6079/1/2254 6080/1/2254 3631/1/2254
f 3560/1/2255 6076/1/2255 6078/1/2255 3599/1/2255
f 3631/1/2256 6080/1/2256 6082/1/2256 3607/1/2256 3633/1/2256 3647/1/2256 3652/1/2256
f 3599/1/2257 6078/1/2257 6081/1/2257 3609/1/2257
f 3609/1/2258 6081/1/2258 6077/1/2258 3610/1/2258
f 3610/1/2259 6077/1/2259 6079/1/2259 3611/1/2259
f 3626/1/2260 3636/1/2260 6072/1/2260 6076/1/2260 3560/1/2260 3643/1/2260 3644/1/2260
f 3637/1/2261 3616/1/2261 3636/1/2261 3626/1/2261
f 3638/1/2262 3618/1/2262 3616/1/2262 3637/1/2262
f 3639/1/2263 3620/1/2263 3618/1/2263 3638/1/2263
f 3640/1/2264 3622/1/2264 3620/1/2264 3639/1/2264
f 3633/1/2265 3607/1/2265 3622/1/2265 3640/1/2265
f 6301/1/2300 3579/1/2300 3691/1/2300 6357/1/2300
f 6334/1/2306 294/1/2306 296/1/2306 6367/1/2306
f 3602/1/2307 3676/1/2307 3692/1/2307 3690/1/2307
f 3690/1/2308 3692/1/2308 3678/1/2308 3689/1/2308
f 6346/1/2309 298/1/2309 292/1/2309 6335/1/2309
f 6335/1/2310 292/1/2310 294/1/2310 6334/1/2310
f 3689/1/2311 3678/1/2311 3691/1/2311 3688/1/2311
f 3837/1/2312 3563/1/2312 3612/1/2312 3838/1/2312
f 3825/1/2313 3680/1/2313 3679/1/2313 3824/1/2313
f 3826/1/2314 3681/1/2314 3680/1/2314 3825/1/2314
f 3827/1/2315 3682/1/2315 3681/1/2315 3826/1/2315
f 3828/1/2316 3683/1/2316 3682/1/2316 3827/1/2316
f 3832/1/2317 6663/1/2317 6656/1/2317 3605/1/2317
f 3562/1/2318 3564/1/2318 3679/1/2318 3684/1/2318
f 3680/1/2319 3685/1/2319 3684/1/2319 3679/1/2319
f 3681/1/2320 3686/1/2320 3685/1/2320 3680/1/2320
f 3682/1/2321 3687/1/2321 3686/1/2321 3681/1/2321
f 3603/1/2322 3687/1/2322 3682/1/2322 3683/1/2322
f 3603/1/2323 6665/1/2323 6650/1/2323 3676/1/2323 3602/1/2323
f 3603/1/2324 3602/1/2324 3687/1/2324
f 3575/1/2325 3562/1/2325 3684/1/2325 3688/1/2325
f 3685/1/2326 3689/1/2326 3688/1/2326 3684/1/2326
f 3686/1/2327 3690/1/2327 3689/1/2327 3685/1/2327
f 3602/1/2328 3690/1/2328 3686/1/2328 3687/1/2328
f 3579/1/2329 3575/1/2329 3688/1/2329 3691/1/2329
f 3604/1/2330 3693/1/2330 6665/1/2330 6655/1/2330
f 6378/1/2331 6686/1/2331 3383/1/2331 318/1/2331
f 3606/1/2332 6693/1/2332 6695/1/2332 3605/1/2332
f 3823/1/2333 6691/1/2333 6697/1/2333 3604/1/2333
f 3604/1/2334 6697/1/2334 6687/1/2334 3693/1/2334
f 6378/1/2335 318/1/2335 3359/1/2335 6654/1/2335
f 3695/1/2336 3702/1/2336 3701/1/2336 3694/1/2336
f 6389/1/2337 6400/1/2337 328/1/2337 320/1/2337
f 3829/1/2338 3830/1/2338 3702/1/2338 3695/1/2338
f 3697/1/2339 3704/1/2339 3703/1/2339 3696/1/2339
f 3698/1/2340 3705/1/2340 3704/1/2340 3697/1/2340
f 3598/1/2341 3601/1/2341 6684/1/2341
f 6668/1/2342 6669/1/2342 3707/1/2342 3699/1/2342
f 3699/1/2343 3730/1/2343 6263/1/2343 6260/1/2343
f 3731/1/2344 3720/1/2344 3717/1/2344 3730/1/2344
f 3732/1/2345 3723/1/2345 3720/1/2345 3731/1/2345
f 3733/1/2346 3726/1/2346 3723/1/2346 3732/1/2346
f 3733/1/2347 3729/1/2347 3714/1/2347 3726/1/2347
f 3709/1/2348 3710/1/2348 3729/1/2348 3733/1/2348
f 3709/1/2349 3733/1/2349 3732/1/2349 3708/1/2349
f 3708/1/2350 3732/1/2350 3731/1/2350 3707/1/2350
f 3707/1/2351 3731/1/2351 3730/1/2351 3699/1/2351
f 3706/1/2352 3705/1/2352 6250/1/2352 6248/1/2352
f 6149/1/2353 3706/1/2353 6248/1/2353 6254/1/2353
f 6085/1/2354 3715/1/2354 6252/1/2354 6246/1/2354
f 6115/1/2355 3716/1/2355 6251/1/2355 6255/1/2355
f 6151/1/278 3717/1/278 3720/1/278 6153/1/278
f 6087/1/278 3718/1/278 3721/1/278 6089/1/278
f 6122/1/278 343/1/278 344/1/278 6124/1/278
f 6153/1/278 3720/1/278 3723/1/278 6155/1/278
f 6089/1/278 3721/1/278 3724/1/278 6091/1/278
f 6121/1/278 3722/1/278 3725/1/278 6125/1/278
f 6155/1/278 3723/1/278 3726/1/278 6157/1/278
f 6091/1/278 3724/1/278 3727/1/278 6093/1/278
f 6120/1/278 346/1/278 342/1/278 6126/1/278
f 6147/1/278 6157/1/278 3726/1/278 3714/1/278
f 6083/1/278 6093/1/278 3727/1/278 3711/1/278
f 6117/1/278 6119/1/278 3728/1/278 3712/1/278
f 3833/1/2450 3834/1/2450 3830/1/2450 3829/1/2450
f 3832/1/2451 6699/1/2451 6691/1/2451 3823/1/2451
f 3604/1/2452 6655/1/2452 6659/1/2452 3823/1/2452
f 3842/1/2453 3828/1/2453 3827/1/2453 3841/1/2453
f 3841/1/2454 3827/1/2454 3826/1/2454 3840/1/2454
f 3840/1/2455 3826/1/2455 3825/1/2455 3839/1/2455
f 3839/1/2456 3825/1/2456 3824/1/2456 3838/1/2456
f 3564/1/2457 3822/1/2457 3824/1/2457 3679/1/2457
f 5666/1/2458 5687/1/2458 3822/1/2458 3564/1/2458
f 3501/1/2174 3522/1/2174 3821/1/2174 3819/1/2174
f 3835/1/2459 3831/1/2459 3820/1/2459 3819/1/2459
f 3500/1/2460 3508/1/2460 3831/1/2460 3835/1/2460
f 3613/1/2461 3839/1/2461 3838/1/2461 3612/1/2461
f 3614/1/2462 3840/1/2462 3839/1/2462 3613/1/2462
f 3615/1/2463 3841/1/2463 3840/1/2463 3614/1/2463
f 3628/1/2464 3842/1/2464 3841/1/2464 3615/1/2464
f 3605/1/2465 6695/1/2465 6699/1/2465 3832/1/2465
f 3696/1/2466 3703/1/2466 3834/1/2466 3833/1/2466
f 3823/1/2467 6659/1/2467 6663/1/2467 3832/1/2467
f 3822/1/2468 3837/1/2468 3838/1/2468 3824/1/2468
f 5687/1/2469 5692/1/2469 3837/1/2469 3822/1/2469
f 3819/1/2174 3821/1/2174 3836/1/2174 3835/1/2174
f 3500/1/2470 3521/1/2470 6068/1/2470 6065/1/2470
f 3703/1/2471 6622/1/2471 6621/1/2471 3834/1/2471
f 488/1/2472 6411/1/2472 6410/1/2472 6409/1/2472 6408/1/2472 6407/1/2472 6406/1/2472 6405/1/2472 6404/1/2472 6403/1/2472 6402/1/2472 6401/1/2472 3845/1/2472 3846/1/2472 3853/1/2472 3854/1/2472 3847/1/2472 3848/1/2472 3849/1/2472 3850/1/2472 6177/1/2472 6178/1/2472 3851/1/2472 6113/1/2472 6114/1/2472 3852/1/2472 6145/1/2472 6146/1/2472 494/1/2472
f 6115/1/2473 6633/1/2473 6630/1/2473 3716/1/2473
f 3704/1/2474 6623/1/2474 6622/1/2474 3703/1/2474
f 3830/1/2471 6631/1/2471 6620/1/2471 3702/1/2471
f 6149/1/2473 6634/1/2473 6625/1/2473 3706/1/2473
f 3705/1/2475 6624/1/2475 6623/1/2475 3704/1/2475
f 3834/1/2471 6621/1/2471 6631/1/2471 3830/1/2471
f 3702/1/2476 6620/1/2476 6619/1/2476 3701/1/2476
f 6085/1/2477 6632/1/2477 6628/1/2477 3715/1/2477
f 3706/1/2478 6625/1/2478 6624/1/2478 3705/1/2478
f 5707/1/2481 5712/1/2481 3856/1/2481 3858/1/2481
f 5721/1/2482 5722/1/2482 3861/1/2482 3859/1/2482
f 3859/1/2485 3861/1/2485 3858/1/2485 3856/1/2485
f 3885/1/2490 3883/1/2490 3868/1/2490 3870/1/2490
f 5807/1/2493 5810/1/2493 3876/1/2493 3878/1/2493
f 5858/1/2496 5861/1/2496 3863/1/2496 3865/1/2496
f 3878/1/2499 3876/1/2499 3871/1/2499 3873/1/2499
f 5815/1/2500 5816/1/2500 3893/1/2500 3891/1/2500
f 5866/1/2503 5867/1/2503 3882/1/2503 3880/1/2503
f 3891/1/2506 3893/1/2506 3890/1/2506 3888/1/2506
f 5617/1/2509 5716/1/2509 3871/1/2509 3548/1/2509
f 3550/1/2511 3859/1/2511 3856/1/2511 3551/1/2511
f 5616/1/2512 5721/1/2512 3859/1/2512 3550/1/2512
f 5798/1/2513 5812/1/2513 3863/1/2513 3534/1/2513
f 5849/1/2515 5863/1/2515 3868/1/2515 3533/1/2515
f 3533/1/2517 3868/1/2517 3883/1/2517 3529/1/2517
f 3548/1/2519 3871/1/2519 3876/1/2519 3535/1/2519
f 5797/1/2520 5815/1/2520 3891/1/2520 3531/1/2520
f 5848/1/2521 5866/1/2521 3880/1/2521 3530/1/2521
f 3531/1/2522 3891/1/2522 3888/1/2522 3544/1/2522
f 4186/1/499 4434/1/499 4433/1/499 4185/1/499
f 4176/1/726 4424/1/726 4599/1/726 4391/1/726
f 4185/1/496 4433/1/496 4432/1/496 4184/1/496
f 4402/1/729 4610/1/729 4437/1/729 4189/1/729
f 4184/1/493 4432/1/493 4431/1/493 4183/1/493
f 4380/1/731 4588/1/731 4450/1/731 4202/1/731
f 4183/1/490 4431/1/490 4430/1/490 4182/1/490
f 4182/1/487 4430/1/487 4429/1/487 4181/1/487
f 4188/1/732 4436/1/732 4609/1/732 4401/1/732
f 4181/1/728 4429/1/728 4428/1/728 4180/1/728
f 4201/1/730 4449/1/730 4587/1/730 4379/1/730
f 4198/1/734 4446/1/734 4586/1/734 4378/1/734
f 4180/1/521 4428/1/521 4427/1/521 4179/1/521
f 4389/1/736 4597/1/736 4462/1/736 4214/1/736
f 4179/1/518 4427/1/518 4426/1/518 4178/1/518
f 4400/1/738 4608/1/738 4435/1/738 4187/1/738
f 4178/1/515 4426/1/515 4425/1/515 4177/1/515
f 4177/1/512 4425/1/512 4424/1/512 4176/1/512
f 4213/1/745 4461/1/745 4596/1/745 4388/1/745
f 4176/1/509 4424/1/509 4423/1/509 4175/1/509
f 4186/1/747 4434/1/747 4607/1/747 4399/1/747
f 4375/1/743 4583/1/743 4447/1/743 4199/1/743
f 4387/1/749 4595/1/749 4460/1/749 4212/1/749
f 4175/1/506 4423/1/506 4462/1/506 4214/1/506
f 4214/1/503 4462/1/503 4461/1/503 4213/1/503
f 4213/1/500 4461/1/500 4460/1/500 4212/1/500
f 4212/1/497 4460/1/497 4459/1/497 4211/1/497
f 4211/1/494 4459/1/494 4458/1/494 4210/1/494
f 4210/1/742 4458/1/742 4457/1/742 4209/1/742
f 4398/1/753 4606/1/753 4432/1/753 4184/1/753
f 4209/1/488 4457/1/488 4456/1/488 4208/1/488
f 4377/1/756 4585/1/756 4445/1/756 4197/1/756
f 4208/1/525 4456/1/525 4455/1/525 4207/1/525
f 4207/1/522 4455/1/522 4454/1/522 4206/1/522
f 4183/1/759 4431/1/759 4605/1/759 4397/1/759
f 4206/1/519 4454/1/519 4453/1/519 4205/1/519
f 4196/1/739 4444/1/739 4584/1/739 4376/1/739
f 4205/1/516 4453/1/516 4452/1/516 4204/1/516
f 4386/1/748 4594/1/748 4457/1/748 4209/1/748
f 4204/1/513 4452/1/513 4451/1/513 4203/1/513
f 4396/1/757 4604/1/757 4430/1/757 4182/1/757
f 4203/1/510 4451/1/510 4450/1/510 4202/1/510
f 4202/1/507 4450/1/507 4449/1/507 4201/1/507
f 4208/1/762 4456/1/762 4593/1/762 4385/1/762
f 4211/1/733 4459/1/733 4598/1/733 4390/1/733
f 4201/1/761 4449/1/761 4448/1/761 4200/1/761
f 4181/1/754 4429/1/754 4603/1/754 4395/1/754
f 4200/1/501 4448/1/501 4447/1/501 4199/1/501
f 4406/1/741 4614/1/741 4442/1/741 4194/1/741
f 4199/1/498 4447/1/498 4446/1/498 4198/1/498
f 4384/1/763 4592/1/763 4455/1/763 4207/1/763
f 4198/1/495 4446/1/495 4445/1/495 4197/1/495
f 4197/1/492 4445/1/492 4444/1/492 4196/1/492
f 4193/1/767 4441/1/767 4613/1/767 4405/1/767
f 4196/1/489 4444/1/489 4443/1/489 4195/1/489
f 4206/1/768 4454/1/768 4591/1/768 4383/1/768
f 4195/1/486 4443/1/486 4442/1/486 4194/1/486
f 4203/1/769 4451/1/769 4589/1/769 4381/1/769
f 4187/1/502 4435/1/502 4434/1/502 4186/1/502
f 4188/1/505 4436/1/505 4435/1/505 4187/1/505
f 4392/1/771 4600/1/771 4425/1/771 4177/1/771
f 4189/1/508 4437/1/508 4436/1/508 4188/1/508
f 4382/1/770 4590/1/770 4452/1/770 4204/1/770
f 4190/1/764 4438/1/764 4437/1/764 4189/1/764
f 4191/1/746 4439/1/746 4611/1/746 4403/1/746
f 4191/1/514 4439/1/514 4438/1/514 4190/1/514
f 4178/1/773 4426/1/773 4601/1/773 4393/1/773
f 4192/1/517 4440/1/517 4439/1/517 4191/1/517
f 4193/1/520 4441/1/520 4440/1/520 4192/1/520
f 4404/1/727 4612/1/727 4440/1/727 4192/1/727
f 4194/1/523 4442/1/523 4441/1/523 4193/1/523
f 4394/1/751 4602/1/751 4427/1/751 4179/1/751
f 4946/1/499 5194/1/499 5193/1/499 4945/1/499
f 4936/1/726 5184/1/726 5359/1/726 5151/1/726
f 4945/1/496 5193/1/496 5192/1/496 4944/1/496
f 5162/1/729 5370/1/729 5197/1/729 4949/1/729
f 4944/1/493 5192/1/493 5191/1/493 4943/1/493
f 5140/1/731 5348/1/731 5210/1/731 4962/1/731
f 4943/1/490 5191/1/490 5190/1/490 4942/1/490
f 4942/1/487 5190/1/487 5189/1/487 4941/1/487
f 4948/1/732 5196/1/732 5369/1/732 5161/1/732
f 4941/1/728 5189/1/728 5188/1/728 4940/1/728
f 4961/1/730 5209/1/730 5347/1/730 5139/1/730
f 4958/1/734 5206/1/734 5346/1/734 5138/1/734
f 4940/1/760 5188/1/760 5187/1/760 4939/1/760
f 5149/1/736 5357/1/736 5222/1/736 4974/1/736
f 4939/1/518 5187/1/518 5186/1/518 4938/1/518
f 5160/1/738 5368/1/738 5195/1/738 4947/1/738
f 4938/1/515 5186/1/515 5185/1/515 4937/1/515
f 4937/1/512 5185/1/512 5184/1/512 4936/1/512
f 4973/1/745 5221/1/745 5356/1/745 5148/1/745
f 4936/1/509 5184/1/509 5183/1/509 4935/1/509
f 4946/1/747 5194/1/747 5367/1/747 5159/1/747
f 5135/1/743 5343/1/743 5207/1/743 4959/1/743
f 5147/1/749 5355/1/749 5220/1/749 4972/1/749
f 4935/1/506 5183/1/506 5222/1/506 4974/1/506
f 4974/1/503 5222/1/503 5221/1/503 4973/1/503
f 4973/1/500 5221/1/500 5220/1/500 4972/1/500
f 4972/1/497 5220/1/497 5219/1/497 4971/1/497
f 4971/1/766 5219/1/766 5218/1/766 4970/1/766
f 4970/1/491 5218/1/491 5217/1/491 4969/1/491
f 5158/1/753 5366/1/753 5192/1/753 4944/1/753
f 4969/1/488 5217/1/488 5216/1/488 4968/1/488
f 5137/1/756 5345/1/756 5205/1/756 4957/1/756
f 4968/1/525 5216/1/525 5215/1/525 4967/1/525
f 4967/1/522 5215/1/522 5214/1/522 4966/1/522
f 4943/1/759 5191/1/759 5365/1/759 5157/1/759
f 4966/1/519 5214/1/519 5213/1/519 4965/1/519
f 4956/1/739 5204/1/739 5344/1/739 5136/1/739
f 4965/1/516 5213/1/516 5212/1/516 4964/1/516
f 5146/1/748 5354/1/748 5217/1/748 4969/1/748
f 4964/1/513 5212/1/513 5211/1/513 4963/1/513
f 5156/1/757 5364/1/757 5190/1/757 4942/1/757
f 4963/1/510 5211/1/510 5210/1/510 4962/1/510
f 4962/1/507 5210/1/507 5209/1/507 4961/1/507
f 4968/1/762 5216/1/762 5353/1/762 5145/1/762
f 4971/1/733 5219/1/733 5358/1/733 5150/1/733
f 4961/1/761 5209/1/761 5208/1/761 4960/1/761
f 4941/1/754 5189/1/754 5363/1/754 5155/1/754
f 4960/1/501 5208/1/501 5207/1/501 4959/1/501
f 5166/1/741 5374/1/741 5202/1/741 4954/1/741
f 4959/1/498 5207/1/498 5206/1/498 4958/1/498
f 5144/1/763 5352/1/763 5215/1/763 4967/1/763
f 4958/1/495 5206/1/495 5205/1/495 4957/1/495
f 4957/1/755 5205/1/755 5204/1/755 4956/1/755
f 4953/1/767 5201/1/767 5373/1/767 5165/1/767
f 4956/1/489 5204/1/489 5203/1/489 4955/1/489
f 4966/1/768 5214/1/768 5351/1/768 5143/1/768
f 4955/1/486 5203/1/486 5202/1/486 4954/1/486
f 4963/1/769 5211/1/769 5349/1/769 5141/1/769
f 4947/1/502 5195/1/502 5194/1/502 4946/1/502
f 4948/1/505 5196/1/505 5195/1/505 4947/1/505
f 5152/1/771 5360/1/771 5185/1/771 4937/1/771
f 4949/1/508 5197/1/508 5196/1/508 4948/1/508
f 5142/1/770 5350/1/770 5212/1/770 4964/1/770
f 4950/1/764 5198/1/764 5197/1/764 4949/1/764
f 4951/1/746 5199/1/746 5371/1/746 5163/1/746
f 4951/1/514 5199/1/514 5198/1/514 4950/1/514
f 4938/1/773 5186/1/773 5361/1/773 5153/1/773
f 4952/1/517 5200/1/517 5199/1/517 4951/1/517
f 4953/1/520 5201/1/520 5200/1/520 4952/1/520
f 5164/1/727 5372/1/727 5200/1/727 4952/1/727
f 4954/1/765 5202/1/765 5201/1/765 4953/1/765
f 5154/1/751 5362/1/751 5187/1/751 4939/1/751
f 5794/1/950 2495/1/950 2124/1/950 3541/1/950
f 3539/1/951 2122/1/951 2121/1/951 3538/1/951
f 5641/1/979 2399/1/979 2125/1/979 3559/1/979
f 5845/1/950 2549/1/950 2123/1/950 3540/1/950
f 3559/1/980 2125/1/980 2126/1/980 5479/1/980 3596/1/980
f 5894/1/951 2571/1/951 2119/1/951 3536/1/951
f 3541/1/981 2124/1/981 2120/1/981 3537/1/981
f 5999/1/2956 6000/1/2956 5475/1/2956 3454/1/2956
f 5964/1/2957 5970/1/2957 5476/1/2957 3455/1/2957
f 3463/1/2958 5478/1/2958 5477/1/2958 3456/1/2958
f 5932/1/2959 5938/1/2959 2129/1/2959 68/1/2959
f 2126/1/2960 367/1/2960 6128/1/2960 6127/1/2960 3736/1/2960 6096/1/2960 6095/1/2960 3735/1/2960 6160/1/2960 6159/1/2960 3737/1/2960 3738/1/2960 5479/1/2960
f 3537/1/979 2120/1/979 2395/1/979 5637/1/979
f 5637/1/979 2395/1/979 2396/1/979 5638/1/979
f 5638/1/979 2396/1/979 2397/1/979 5639/1/979
f 5639/1/979 2397/1/979 2398/1/979 5640/1/979
f 5640/1/979 2398/1/979 2399/1/979 5641/1/979
f 3544/1/2512 3888/1/2512 5717/1/2512 5612/1/2512
f 5612/1/2512 5717/1/2512 5718/1/2512 5613/1/2512
f 5613/1/3081 5718/1/3081 5719/1/3081 5614/1/3081
f 5614/1/3081 5719/1/3081 5720/1/3081 5615/1/3081
f 5615/1/2512 5720/1/2512 5721/1/2512 5616/1/2512
f 3551/1/3087 3856/1/3087 5712/1/3087 5621/1/3087
f 5621/1/2509 5712/1/2509 5713/1/2509 5620/1/2509
f 5620/1/2509 5713/1/2509 5714/1/2509 5619/1/2509
f 5619/1/2509 5714/1/2509 5715/1/2509 5618/1/2509
f 5618/1/3087 5715/1/3087 5716/1/3087 5617/1/3087
f 3888/1/3098 3890/1/3098 5726/1/3098 5717/1/3098
f 5717/1/3099 5726/1/3099 5725/1/3099 5718/1/3099
f 5718/1/3100 5725/1/3100 5724/1/3100 5719/1/3100
f 5719/1/3101 5724/1/3101 5723/1/3101 5720/1/3101
f 5720/1/3102 5723/1/3102 5722/1/3102 5721/1/3102
f 3873/1/3103 3871/1/3103 5716/1/3103 5711/1/3103
f 5711/1/3103 5716/1/3103 5715/1/3103 5710/1/3103
f 5710/1/3104 5715/1/3104 5714/1/3104 5709/1/3104
f 5709/1/3104 5714/1/3104 5713/1/3104 5708/1/3104
f 5708/1/3104 5713/1/3104 5712/1/3104 5707/1/3104
f 3820/1/3115 3831/1/3115 5696/1/3115 5691/1/3115
f 5691/1/3116 5696/1/3116 5695/1/3116 5690/1/3116
f 5690/1/3117 5695/1/3117 5694/1/3117 5689/1/3117
f 5689/1/3118 5694/1/3118 5693/1/3118 5688/1/3118
f 5688/1/3119 5693/1/3119 5692/1/3119 5687/1/3119
f 3507/1/3120 3820/1/3120 5691/1/3120 5662/1/3120
f 5662/1/3121 5691/1/3121 5690/1/3121 5663/1/3121
f 5663/1/3122 5690/1/3122 5689/1/3122 5664/1/3122
f 5664/1/3123 5689/1/3123 5688/1/3123 5665/1/3123
f 5665/1/3124 5688/1/3124 5687/1/3124 5666/1/3124
f 3624/1/3125 3625/1/3125 5686/1/3125 5681/1/3125
f 5681/1/3126 5686/1/3126 5685/1/3126 5680/1/3126
f 5680/1/3127 5685/1/3127 5684/1/3127 5679/1/3127
f 5679/1/3128 5684/1/3128 5683/1/3128 5678/1/3128
f 5678/1/3129 5683/1/3129 5682/1/3129 5677/1/3129
f 3508/1/3130 3624/1/3130 5681/1/3130 5657/1/3130
f 5657/1/3131 5681/1/3131 5680/1/3131 5658/1/3131
f 5658/1/3132 5680/1/3132 5679/1/3132 5659/1/3132
f 5659/1/3133 5679/1/3133 5678/1/3133 5660/1/3133
f 5660/1/3134 5678/1/3134 5677/1/3134 5661/1/3134
f 6291/1/3135 199/1/3135 2334/1/3135 6422/1/3135
f 6422/1/3136 2334/1/3136 2333/1/3136 6433/1/3136
f 6433/1/3137 2333/1/3137 2332/1/3137 6444/1/3137
f 6444/1/3138 2332/1/3138 2331/1/3138 6455/1/3138
f 6455/1/3139 2331/1/3139 2330/1/3139 6466/1/3139
f 3575/1/3140 3579/1/3140 5676/1/3140 5671/1/3140
f 5671/1/3141 5676/1/3141 5675/1/3141 5670/1/3141
f 5670/1/3142 5675/1/3142 5674/1/3142 5669/1/3142
f 5669/1/3143 5674/1/3143 5673/1/3143 5668/1/3143
f 5668/1/3144 5673/1/3144 5672/1/3144 5667/1/3144
f 3562/1/2214 3575/1/2214 5671/1/2214 5646/1/2214
f 5646/1/2214 5671/1/2214 5670/1/2214 5645/1/2214
f 5645/1/2214 5670/1/2214 5669/1/2214 5644/1/2214
f 5644/1/2214 5669/1/2214 5668/1/2214 5643/1/2214
f 5643/1/2214 5668/1/2214 5667/1/2214 5642/1/2214
f 3562/1/3145 5646/1/3145 5666/1/3145 3564/1/3145
f 5646/1/3146 5645/1/3146 5665/1/3146 5666/1/3146
f 5645/1/3147 5644/1/3147 5664/1/3147 5665/1/3147
f 5644/1/3148 5643/1/3148 5663/1/3148 5664/1/3148
f 5643/1/3149 5642/1/3149 5662/1/3149 5663/1/3149
f 3831/1/3150 3508/1/3150 5657/1/3150 5696/1/3150
f 5696/1/3151 5657/1/3151 5658/1/3151 5695/1/3151
f 5695/1/3152 5658/1/3152 5659/1/3152 5694/1/3152
f 5694/1/3153 5659/1/3153 5660/1/3153 5693/1/3153
f 5693/1/3154 5660/1/3154 5661/1/3154 5692/1/3154
f 3625/1/3155 6074/1/3155 6071/1/3155 5686/1/3155
f 5686/1/3156 6071/1/3156 6075/1/3156 5685/1/3156
f 5685/1/3157 6075/1/3157 6069/1/3157 5684/1/3157
f 5684/1/3158 6069/1/3158 6070/1/3158 5683/1/3158
f 5683/1/3159 6070/1/3159 6073/1/3159 5682/1/3159
f 3509/1/3160 6055/1/3160 6048/1/3160 5652/1/3160
f 5652/1/3161 6048/1/3161 6051/1/3161 5653/1/3161
f 5653/1/3162 6051/1/3162 6053/1/3162 5654/1/3162
f 5654/1/3163 6053/1/3163 6057/1/3163 5655/1/3163
f 5655/1/3164 6057/1/3164 6059/1/3164 5656/1/3164
f 3510/1/3165 3496/1/3165 5632/1/3165 5647/1/3165
f 5647/1/3166 5632/1/3166 5633/1/3166 5648/1/3166
f 5648/1/3167 5633/1/3167 5634/1/3167 5649/1/3167
f 5649/1/3168 5634/1/3168 5635/1/3168 5650/1/3168
f 5650/1/3169 5635/1/3169 5636/1/3169 5651/1/3169
f 3496/1/3170 3518/1/3170 5622/1/3170 5632/1/3170
f 5632/1/3171 5622/1/3171 5623/1/3171 5633/1/3171
f 5633/1/3172 5623/1/3172 5624/1/3172 5634/1/3172
f 5634/1/3173 5624/1/3173 5625/1/3173 5635/1/3173
f 5635/1/3174 5625/1/3174 5626/1/3174 5636/1/3174
f 3537/1/3175 5637/1/3175 5627/1/3175 3532/1/3175
f 5637/1/3176 5638/1/3176 5628/1/3176 5627/1/3176
f 5638/1/3177 5639/1/3177 5629/1/3177 5628/1/3177
f 5639/1/3178 5640/1/3178 5630/1/3178 5629/1/3178
f 5640/1/3179 5641/1/3179 5631/1/3179 5630/1/3179
f 3532/1/3180 5627/1/3180 5617/1/3180 3548/1/3180
f 5627/1/3181 5628/1/3181 5618/1/3181 5617/1/3181
f 5628/1/3182 5629/1/3182 5619/1/3182 5618/1/3182
f 5629/1/3183 5630/1/3183 5620/1/3183 5619/1/3183
f 5630/1/3184 5631/1/3184 5621/1/3184 5620/1/3184
f 3518/1/3185 3544/1/3185 5612/1/3185 5622/1/3185
f 5622/1/3186 5612/1/3186 5613/1/3186 5623/1/3186
f 5623/1/3187 5613/1/3187 5614/1/3187 5624/1/3187
f 5624/1/3188 5614/1/3188 5615/1/3188 5625/1/3188
f 5625/1/3189 5615/1/3189 5616/1/3189 5626/1/3189
f 6313/1/3190 198/1/3190 2417/1/3190 6477/1/3190
f 6477/1/3191 2417/1/3191 2416/1/3191 6488/1/3191
f 6488/1/3192 2416/1/3192 2415/1/3192 6499/1/3192
f 3574/1/3193 3578/1/3193 5751/1/3193 5748/1/3193
f 5748/1/3194 5751/1/3194 5750/1/3194 5747/1/3194
f 5747/1/3195 5750/1/3195 5749/1/3195 5746/1/3195
f 3516/1/3196 3574/1/3196 5748/1/3196 5742/1/3196
f 5742/1/3197 5748/1/3197 5747/1/3197 5741/1/3197
f 5741/1/3198 5747/1/3198 5746/1/3198 5740/1/3198
f 3502/1/3199 3523/1/3199 5743/1/3199 5737/1/3199
f 5737/1/3200 5743/1/3200 5744/1/3200 5738/1/3200
f 5738/1/3201 5744/1/3201 5745/1/3201 5739/1/3201
f 3501/1/3202 3516/1/3202 5742/1/3202 5739/1/3202
f 5739/1/3203 5742/1/3203 5741/1/3203 5738/1/3203
f 5738/1/3204 5741/1/3204 5740/1/3204 5737/1/3204
f 6279/1/3205 6500/1/3205 2428/1/3205 181/1/3205
f 6500/1/3206 6511/1/3206 2429/1/3206 2428/1/3206
f 3565/1/3207 5758/1/3207 5761/1/3207 3580/1/3207
f 5758/1/3208 5759/1/3208 5760/1/3208 5761/1/3208
f 3495/1/3209 3573/1/3209 5759/1/3209 5753/1/3209
f 5753/1/3210 5759/1/3210 5758/1/3210 5752/1/3210
f 3495/1/3211 5753/1/3211 5755/1/3211 3502/1/3211
f 5753/1/3212 5752/1/3212 5754/1/3212 5755/1/3212
f 3502/1/3213 5755/1/3213 5757/1/3213 3523/1/3213
f 5755/1/3214 5754/1/3214 5756/1/3214 5757/1/3214
f 3493/1/3215 3570/1/3215 5769/1/3215 5763/1/3215
f 5763/1/3216 5769/1/3216 5768/1/3216 5762/1/3216
f 3505/1/3217 3526/1/3217 5766/1/3217 5764/1/3217
f 5764/1/3218 5766/1/3218 5767/1/3218 5765/1/3218
f 3493/1/3219 5763/1/3219 5765/1/3219 3504/1/3219
f 5763/1/3220 5762/1/3220 5764/1/3220 5765/1/3220
f 3494/1/3221 3571/1/3221 5773/1/3221 5770/1/3221
f 3504/1/2173 3525/1/2173 5772/1/2173 5771/1/2173
f 3494/1/3222 5770/1/3222 5771/1/3222 3503/1/3222
f 3540/1/950 2123/1/950 2493/1/950 5792/1/950
f 5792/1/950 2493/1/950 2494/1/950 5793/1/950
f 5793/1/950 2494/1/950 2495/1/950 5794/1/950
f 3530/1/3223 3880/1/3223 5813/1/3223 5795/1/3223
f 5795/1/3223 5813/1/3223 5814/1/3223 5796/1/3223
f 5796/1/3223 5814/1/3223 5815/1/3223 5797/1/3223
f 3535/1/3227 3876/1/3227 5810/1/3227 5800/1/3227
f 5800/1/2513 5810/1/2513 5811/1/2513 5799/1/2513
f 5799/1/3227 5811/1/3227 5812/1/3227 5798/1/3227
f 3880/1/3234 3882/1/3234 5818/1/3234 5813/1/3234
f 5813/1/2500 5818/1/2500 5817/1/2500 5814/1/2500
f 5814/1/2500 5817/1/2500 5816/1/2500 5815/1/2500
f 3865/1/2493 3863/1/2493 5812/1/2493 5809/1/2493
f 5809/1/2493 5812/1/2493 5811/1/2493 5808/1/2493
f 5808/1/2493 5811/1/2493 5810/1/2493 5807/1/2493
f 3542/1/2194 5788/1/2194 5797/1/2194 3531/1/2194
f 5788/1/2194 5787/1/2194 5796/1/2194 5797/1/2194
f 5787/1/2194 5786/1/2194 5795/1/2194 5796/1/2194
f 3546/1/3240 5791/1/3240 5794/1/3240 3541/1/3240
f 5791/1/3241 5790/1/3241 5793/1/3241 5794/1/3241
f 5790/1/3242 5789/1/3242 5792/1/3242 5793/1/3242
f 3546/1/3243 3535/1/3243 5800/1/3243 5791/1/3243
f 5791/1/3244 5800/1/3244 5799/1/3244 5790/1/3244
f 5790/1/3245 5799/1/3245 5798/1/3245 5789/1/3245
f 3514/1/3246 5780/1/3246 5788/1/3246 3542/1/3246
f 5780/1/3247 5781/1/3247 5787/1/3247 5788/1/3247
f 5781/1/3248 5782/1/3248 5786/1/3248 5787/1/3248
f 3499/1/3249 3520/1/3249 5783/1/3249 5774/1/3249
f 5774/1/3250 5783/1/3250 5784/1/3250 5775/1/3250
f 5775/1/3251 5784/1/3251 5785/1/3251 5776/1/3251
f 3499/1/3252 5774/1/3252 6049/1/3252 6045/1/3252
f 5774/1/3253 5775/1/3253 6052/1/3253 6049/1/3253
f 5775/1/3254 5776/1/3254 6054/1/3254 6052/1/3254
f 3512/1/3255 3515/1/3255 5782/1/3255 5777/1/3255
f 5777/1/3256 5782/1/3256 5781/1/3256 5778/1/3256
f 5778/1/3257 5781/1/3257 5780/1/3257 5779/1/3257
f 3539/1/950 2122/1/950 2547/1/950 5843/1/950
f 5843/1/950 2547/1/950 2548/1/950 5844/1/950
f 5844/1/950 2548/1/950 2549/1/950 5845/1/950
f 3529/1/2521 3883/1/2521 5864/1/2521 5846/1/2521
f 5846/1/2521 5864/1/2521 5865/1/2521 5847/1/2521
f 5847/1/2521 5865/1/2521 5866/1/2521 5848/1/2521
f 3534/1/3258 3863/1/3258 5861/1/3258 5851/1/3258
f 5851/1/3258 5861/1/3258 5862/1/3258 5850/1/3258
f 5850/1/3258 5862/1/3258 5863/1/3258 5849/1/3258
f 3883/1/3268 3885/1/3268 5869/1/3268 5864/1/3268
f 5864/1/3269 5869/1/3269 5868/1/3269 5865/1/3269
f 5865/1/3270 5868/1/3270 5867/1/3270 5866/1/3270
f 3870/1/3271 3868/1/3271 5863/1/3271 5860/1/3271
f 5860/1/3272 5863/1/3272 5862/1/3272 5859/1/3272
f 5859/1/3273 5862/1/3273 5861/1/3273 5858/1/3273
f 3545/1/3280 5839/1/3280 5848/1/3280 3530/1/3280
f 5839/1/3281 5838/1/3281 5847/1/3281 5848/1/3281
f 5838/1/3282 5837/1/3282 5846/1/3282 5847/1/3282
f 3549/1/3283 3534/1/3283 5851/1/3283 5842/1/3283
f 5842/1/3284 5851/1/3284 5850/1/3284 5841/1/3284
f 5841/1/3285 5850/1/3285 5849/1/3285 5840/1/3285
f 3549/1/3286 5842/1/3286 5845/1/3286 3540/1/3286
f 5842/1/3287 5841/1/3287 5844/1/3287 5845/1/3287
f 5841/1/3288 5840/1/3288 5843/1/3288 5844/1/3288
f 3515/1/3289 5825/1/3289 5839/1/3289 3545/1/3289
f 5825/1/3290 5826/1/3290 5838/1/3290 5839/1/3290
f 5826/1/3291 5827/1/3291 5837/1/3291 5838/1/3291
f 3498/1/3292 3519/1/3292 5834/1/3292 5828/1/3292
f 5828/1/3293 5834/1/3293 5835/1/3293 5829/1/3293
f 5829/1/3294 5835/1/3294 5836/1/3294 5830/1/3294
f 3498/1/3295 5828/1/3295 6056/1/3295 6047/1/3295
f 5828/1/3295 5829/1/3295 6058/1/3295 6056/1/3295
f 5829/1/3295 5830/1/3295 6062/1/3295 6058/1/3295
f 3515/1/3296 3512/1/3296 5833/1/3296 5825/1/3296
f 5825/1/3297 5833/1/3297 5832/1/3297 5826/1/3297
f 5826/1/3298 5832/1/3298 5831/1/3298 5827/1/3298
f 3538/1/951 2121/1/951 2573/1/951 5896/1/951
f 5896/1/951 2573/1/951 2572/1/951 5895/1/951
f 5895/1/951 2572/1/951 2571/1/951 5894/1/951
f 3536/1/3299 3484/1/3299 5887/1/3299 5894/1/3299
f 5894/1/3300 5887/1/3300 5886/1/3300 5895/1/3300
f 5895/1/3301 5886/1/3301 5885/1/3301 5896/1/3301
f 3447/1/3302 5879/1/3302 6231/1/3302 6229/1/3302
f 5879/1/3303 5880/1/3303 6234/1/3303 6231/1/3303
f 5880/1/3304 5881/1/3304 6221/1/3304 6234/1/3304
f 3469/1/3305 5882/1/3305 6061/1/3305 6039/1/3305
f 5882/1/3306 5883/1/3306 6063/1/3306 6061/1/3306
f 5883/1/3307 5884/1/3307 6064/1/3307 6063/1/3307
f 3485/1/3308 3480/1/3308 5885/1/3308 5893/1/3308
f 5893/1/3309 5885/1/3309 5886/1/3309 5892/1/3309
f 5892/1/3310 5886/1/3310 5887/1/3310 5891/1/3310
f 3483/1/3311 3482/1/3311 5890/1/3311 5891/1/3311
f 5891/1/3312 5890/1/3312 5889/1/3312 5892/1/3312
f 5892/1/3313 5889/1/3313 5888/1/3313 5893/1/3313
f 3479/1/3314 5888/1/3314 5884/1/3314 3478/1/3314
f 5888/1/3315 5889/1/3315 5883/1/3315 5884/1/3315
f 5889/1/3316 5890/1/3316 5882/1/3316 5883/1/3316
f 5906/1/3317 5898/1/3317 5939/1/3317 5941/1/3317
f 5940/1/3318 5914/1/3318 9/1/3318 2578/1/3318
f 5899/1/3319 5904/1/3319 6193/1/3319 6194/1/3319
f 6189/1/3320 6187/1/3320 3406/1/3320 5897/1/3320
f 5899/1/3321 3403/1/3321 3404/1/3321 5901/1/3321
f 5876/1/3322 3473/1/3322 3423/1/3322 5909/1/3322
f 5972/1/3323 5946/1/3323 3405/1/3323 5898/1/3323
f 5904/1/3324 3400/1/3324 6191/1/3324 6193/1/3324
f 6190/1/3325 6189/1/3325 5897/1/3325 5902/1/3325
f 5904/1/3326 5899/1/3326 5901/1/3326 5903/1/3326
f 5877/1/3327 5876/1/3327 5909/1/3327 5908/1/3327
f 5942/1/3328 5940/1/3328 2578/1/3328 2580/1/3328
f 5974/1/3329 5972/1/3329 5898/1/3329 5906/1/3329
f 5878/1/3330 5877/1/3330 5908/1/3330 5907/1/3330
f 3439/1/3331 3430/1/3331 5910/1/3331 6199/1/3331
f 3474/1/3332 3475/1/3332 3477/1/3332
f 6197/1/3333 5905/1/3333 3408/1/3333 6198/1/3333
f 5910/1/3334 3477/1/3334 5878/1/3334 5907/1/3334
f 6195/1/3335 3407/1/3335 5900/1/3335 6196/1/3335
f 3430/1/3336 3474/1/3336 3477/1/3336 5910/1/3336
f 6196/1/3337 5900/1/3337 5905/1/3337 6197/1/3337
f 3472/1/3338 6235/1/3338 6229/1/3338 3473/1/3338
f 5941/1/3339 5939/1/3339 5940/1/3339 5942/1/3339
f 5898/1/3340 3405/1/3340 5913/1/3340 5939/1/3340
f 5939/1/3341 5913/1/3341 5914/1/3341 5940/1/3341
f 3455/1/2959 5476/1/2959 5937/1/2959 5931/1/2959
f 5931/1/2959 5937/1/2959 5938/1/2959 5932/1/2959
f 24/1/3342 5920/1/3342 5934/1/3342 103/1/3342
f 5920/1/3343 5919/1/3343 5933/1/3343 5934/1/3343
f 106/1/3344 103/1/3344 5934/1/3344 5936/1/3344
f 5936/1/3345 5934/1/3345 5933/1/3345 5935/1/3345
f 3451/1/2118 3455/1/2118 5931/1/2118 5929/1/2118
f 5929/1/2118 5931/1/2118 5932/1/2118 5930/1/2118
f 3426/1/2109 3442/1/2109 5925/1/2109 5923/1/2109
f 5923/1/2109 5925/1/2109 5926/1/2109 5924/1/2109
f 3491/1/3346 3426/1/3346 5923/1/3346 5921/1/3346
f 5921/1/3347 5923/1/3347 5924/1/3347 5922/1/3347
f 28/1/3348 106/1/3348 5936/1/3348 5922/1/3348
f 5922/1/3349 5936/1/3349 5935/1/3349 5921/1/3349
f 3414/1/3350 3488/1/3350 5919/1/3350 5917/1/3350
f 5917/1/3351 5919/1/3351 5920/1/3351 5918/1/3351
f 3411/1/3352 3414/1/3352 5917/1/3352 5915/1/3352
f 5915/1/3353 5917/1/3353 5918/1/3353 5916/1/3353
f 2863/1/3354 6182/1/3354 5916/1/3354 16/1/3354
f 6182/1/3355 6183/1/3355 5915/1/3355 5916/1/3355
f 5/1/3356 5912/1/3356 5942/1/3356 2580/1/3356
f 5912/1/3357 5911/1/3357 5941/1/3357 5942/1/3357
f 5903/1/3358 5901/1/3358 5971/1/3358 5973/1/3358
f 5973/1/3359 5971/1/3359 5972/1/3359 5974/1/3359
f 5901/1/3360 3404/1/3360 5945/1/3360 5971/1/3360
f 5971/1/3361 5945/1/3361 5946/1/3361 5972/1/3361
f 3454/1/2957 5475/1/2957 5969/1/2957 5963/1/2957
f 5963/1/2957 5969/1/2957 5970/1/2957 5964/1/2957
f 3419/1/3362 3489/1/3362 5953/1/3362 5967/1/3362
f 5967/1/3363 5953/1/3363 5954/1/3363 5968/1/3363
f 3417/1/3364 3488/1/3364 5952/1/3364 5966/1/3364
f 5966/1/3365 5952/1/3365 5951/1/3365 5965/1/3365
f 3449/1/2119 3454/1/2119 5963/1/2119 5959/1/2119
f 5959/1/2119 5963/1/2119 5964/1/2119 5960/1/2119
f 3425/1/3370 3441/1/3370 5957/1/3370 5955/1/3370
f 5955/1/3371 5957/1/3371 5958/1/3371 5956/1/3371
f 3489/1/3372 3425/1/3372 5955/1/3372 5953/1/3372
f 5953/1/3373 5955/1/3373 5956/1/3373 5954/1/3373
f 3416/1/3374 3419/1/3374 5967/1/3374 5965/1/3374
f 5965/1/3375 5967/1/3375 5968/1/3375 5966/1/3375
f 3413/1/3376 3486/1/3376 5951/1/3376 5949/1/3376
f 5949/1/3377 5951/1/3377 5952/1/3377 5950/1/3377
f 3410/1/3378 3413/1/3378 5949/1/3378 5947/1/3378
f 5947/1/3379 5949/1/3379 5950/1/3379 5948/1/3379
f 6180/1/3380 6184/1/3380 5948/1/3380 3411/1/3380
f 6184/1/3381 6185/1/3381 5947/1/3381 5948/1/3381
f 3402/1/3382 5944/1/3382 5974/1/3382 5906/1/3382
f 5944/1/3383 5943/1/3383 5973/1/3383 5974/1/3383
f 3456/1/2956 5477/1/2956 6000/1/2956 5999/1/2956
f 3453/1/2117 3456/1/2117 5999/1/2117 5998/1/2117
f 3716/1/2477 6630/1/2477 6629/1/2477 6086/1/2477
f 6043/1/3436 3470/1/3436 3469/1/3436 6038/1/3436
f 6041/1/2134 3471/1/2134 3468/1/2134 6044/1/2134
f 6038/1/3437 3469/1/3437 6039/1/3437
f 6043/1/3440 3470/1/3440 3471/1/3440 6041/1/3440
f 6061/1/3441 5879/1/3441 3447/1/3441 6039/1/3441
f 6063/1/3442 5880/1/3442 5879/1/3442 6061/1/3442
f 6064/1/3443 5881/1/3443 5880/1/3443 6063/1/3443
f 6060/1/3444 3478/1/3444 3511/1/3444 6046/1/3444
f 6056/1/3295 5833/1/3295 3512/1/3295 6047/1/3295
f 6046/1/2166 3511/1/2166 5831/1/2166 6062/1/2166
f 6058/1/3295 5832/1/3295 5833/1/3295 6056/1/3295
f 6047/1/3445 3512/1/3445 5777/1/3445 6054/1/3445
f 6062/1/3295 5831/1/3295 5832/1/3295 6058/1/3295
f 6049/1/3446 5779/1/3446 3513/1/3446 6045/1/3446
f 6059/1/3447 5651/1/3447 3561/1/3447 6050/1/3447
f 6055/1/3448 3510/1/3448 5647/1/3448 6048/1/3448
f 6052/1/3449 5778/1/3449 5779/1/3449 6049/1/3449
f 6048/1/3450 5647/1/3450 5648/1/3450 6051/1/3450
f 6054/1/3451 5777/1/3451 5778/1/3451 6052/1/3451
f 6051/1/3452 5648/1/3452 5649/1/3452 6053/1/3452
f 6055/1/3453 3509/1/3453 3499/1/3453 6045/1/3453
f 6053/1/3454 5649/1/3454 5650/1/3454 6057/1/3454
f 6057/1/3455 5650/1/3455 5651/1/3455 6059/1/3455
f 6060/1/3456 3476/1/3456 5881/1/3456 6064/1/3456
f 3624/1/3457 3508/1/3457 3500/1/3457 6065/1/3457
f 6066/1/3458 3844/1/3458 3843/1/3458 6067/1/3458
f 3625/1/3459 3624/1/3459 6065/1/3459 6067/1/3459
f 6068/1/3460 6066/1/3460 6067/1/3460 6065/1/3460
f 6074/1/3461 3509/1/3461 5652/1/3461 6071/1/3461
f 6071/1/3462 5652/1/3462 5653/1/3462 6075/1/3462
f 6075/1/3463 5653/1/3463 5654/1/3463 6069/1/3463
f 6070/1/3464 5655/1/3464 5656/1/3464 6073/1/3464
f 6069/1/3465 5654/1/3465 5655/1/3465 6070/1/3465
f 6073/1/3466 5656/1/3466 3630/1/3466 6072/1/3466
f 6074/1/3467 3625/1/3467 6067/1/3467 3843/1/3467
f 6079/1/3468 3629/1/3468 3598/1/3468 6080/1/3468
f 6077/1/3469 3635/1/3469 3629/1/3469 6079/1/3469
f 6076/1/3470 3630/1/3470 3632/1/3470 6078/1/3470
f 6072/1/3471 3630/1/3471 6076/1/3471
f 6078/1/3472 3632/1/3472 3634/1/3472 6081/1/3472
f 6081/1/3473 3634/1/3473 3635/1/3473 6077/1/3473
f 6080/1/3474 3598/1/3474 6082/1/3474
f 6086/1/2477 6629/1/2477 6632/1/2477 6085/1/2477
f 3712/1/278 3728/1/278 6094/1/278 6084/1/278
f 6084/1/278 6094/1/278 6093/1/278 6083/1/278
f 3725/1/278 6092/1/278 6094/1/278 3728/1/278
f 6092/1/278 6091/1/278 6093/1/278 6094/1/278
f 3722/1/278 6090/1/278 6092/1/278 3725/1/278
f 6090/1/278 6089/1/278 6091/1/278 6092/1/278
f 3719/1/278 6088/1/278 6090/1/278 3722/1/278
f 6088/1/278 6087/1/278 6089/1/278 6090/1/278
f 3716/1/3489 6086/1/3489 6256/1/3489 6251/1/3489
f 6086/1/3490 6085/1/3490 6246/1/3490 6256/1/3490
f 334/1/3491 3322/1/3491 6626/1/3491 6116/1/3491
f 6116/1/3492 6626/1/3492 6633/1/3492 6115/1/3492
f 337/1/278 346/1/278 6120/1/278 6118/1/278
f 6118/1/278 6120/1/278 6119/1/278 6117/1/278
f 3728/1/278 6119/1/278 6125/1/278 3725/1/278
f 6119/1/278 6120/1/278 6126/1/278 6125/1/278
f 343/1/278 6122/1/278 6126/1/278 342/1/278
f 6122/1/278 6121/1/278 6125/1/278 6126/1/278
f 3722/1/278 6121/1/278 6123/1/278 3719/1/278
f 6121/1/278 6122/1/278 6124/1/278 6123/1/278
f 334/1/3508 6116/1/3508 6253/1/3508 2928/1/3508
f 6116/1/3509 6115/1/3509 6255/1/3509 6253/1/3509
f 3715/1/2473 6628/1/2473 6627/1/2473 6150/1/2473
f 6150/1/2473 6627/1/2473 6634/1/2473 6149/1/2473
f 3711/1/278 3727/1/278 6158/1/278 6148/1/278
f 6148/1/278 6158/1/278 6157/1/278 6147/1/278
f 3724/1/278 6156/1/278 6158/1/278 3727/1/278
f 6156/1/278 6155/1/278 6157/1/278 6158/1/278
f 3721/1/278 6154/1/278 6156/1/278 3724/1/278
f 6154/1/278 6153/1/278 6155/1/278 6156/1/278
f 3718/1/278 6152/1/278 6154/1/278 3721/1/278
f 6152/1/278 6151/1/278 6153/1/278 6154/1/278
f 3715/1/3524 6150/1/3524 6249/1/3524 6252/1/3524
f 6150/1/3525 6149/1/3525 6254/1/3525 6249/1/3525
f 5946/1/3526 5945/1/3526 6185/1/3526 6184/1/3526
f 3405/1/3527 5946/1/3527 6184/1/3527 6180/1/3527
f 5914/1/3528 5913/1/3528 6183/1/3528 6182/1/3528
f 9/1/3529 5914/1/3529 6182/1/3529 2863/1/3529
f 3404/1/3530 3403/1/3530 6179/1/3530 6181/1/3530
f 5945/1/1557 3404/1/1557 6181/1/1557 6185/1/1557
f 5913/1/3531 3405/1/3531 6180/1/3531 6183/1/3531
f 6186/1/3533 3399/1/3533 6179/1/3533
f 5905/1/3534 5900/1/3534 6189/1/3534 6190/1/3534
f 5761/1/3535 5760/1/3535 6521/1/3535 6510/1/3535
f 5900/1/3537 3407/1/3537 6187/1/3537 6189/1/3537
f 3408/1/3538 5905/1/3538 6190/1/3538 6188/1/3538
f 5909/1/3539 6196/1/3539 6197/1/3539 5908/1/3539
f 6193/1/3540 6201/1/3540 6204/1/3540 6194/1/3540
f 6192/1/3541 6202/1/3541 6200/1/3541 6186/1/3541
f 6191/1/3542 6203/1/3542 6201/1/3542 6193/1/3542
f 6192/1/3543 3403/1/3543 5899/1/3543 6194/1/3543
f 3422/1/3544 3446/1/3544 3447/1/3544
f 3423/1/3546 6195/1/3546 6196/1/3546 5909/1/3546
f 5908/1/3547 6197/1/3547 6198/1/3547 5907/1/3547
f 3408/1/3548 3439/1/3548 6199/1/3548 6198/1/3548
f 6201/1/3555 5902/1/3555 5897/1/3555 6204/1/3555
f 6202/1/3556 3406/1/3556 6200/1/3556
f 6203/1/3557 3409/1/3557 5902/1/3557 6201/1/3557
f 6202/1/3558 6192/1/3558 6194/1/3558 6204/1/3558
f 6235/1/3577 3422/1/3577 3447/1/3577 6229/1/3577
f 6232/1/3581 3476/1/3581 3506/1/3581 6228/1/3581
f 6232/1/3583 3477/1/3583 5878/1/3583 6221/1/3583
f 6234/1/3588 5877/1/3588 5876/1/3588 6231/1/3588
f 6231/1/3590 5876/1/3590 3473/1/3590 6229/1/3590
f 6221/1/3591 5878/1/3591 5877/1/3591 6234/1/3591
f 6253/1/3605 6264/1/3605 2942/1/3605 2928/1/3605
f 6255/1/3606 6268/1/3606 6264/1/3606 6253/1/3606
f 6250/1/3608 6263/1/3608 6261/1/3608 6248/1/3608
f 6250/1/3609 3705/1/3609 3698/1/3609 6247/1/3609
f 6249/1/3610 6257/1/3610 6265/1/3610 6252/1/3610
f 6248/1/3611 6261/1/3611 6266/1/3611 6254/1/3611
f 6254/1/3612 6266/1/3612 6257/1/3612 6249/1/3612
f 6252/1/3613 6265/1/3613 6262/1/3613 6246/1/3613
f 6251/1/3614 6267/1/3614 6268/1/3614 6255/1/3614
f 6256/1/3616 6258/1/3616 6267/1/3616 6251/1/3616
f 6246/1/3617 6262/1/3617 6258/1/3617 6256/1/3617
f 6266/1/1645 6151/1/1645 6152/1/1645 6257/1/1645
f 6265/1/1646 3718/1/1646 6087/1/1646 6262/1/1646
f 6267/1/1647 3719/1/1647 6123/1/1647 6268/1/1647
f 6264/1/1648 6124/1/1648 344/1/1648 2942/1/1648
f 6268/1/1649 6123/1/1649 6124/1/1649 6264/1/1649
f 6258/1/1650 6088/1/1650 3719/1/1650 6267/1/1650
f 6263/1/3618 3730/1/3618 3717/1/3618 6261/1/3618
f 6257/1/1653 6152/1/1653 3718/1/1653 6265/1/1653
f 6263/1/3620 6250/1/3620 6247/1/3620 6260/1/3620
f 6262/1/1655 6087/1/1655 6088/1/1655 6258/1/1655
f 6261/1/3621 3717/1/3621 6151/1/3621 6266/1/3621
f 6510/1/3622 6521/1/3622 6520/1/3622 6509/1/3622
f 6509/1/3623 6520/1/3623 6519/1/3623 6508/1/3623
f 6508/1/3624 6519/1/3624 6518/1/3624 6507/1/3624
f 6507/1/3625 6518/1/3625 6517/1/3625 6506/1/3625
f 6506/1/3626 6517/1/3626 6516/1/3626 6505/1/3626
f 6505/1/3627 6516/1/3627 6515/1/3627 6504/1/3627
f 6504/1/3628 6515/1/3628 6514/1/3628 6503/1/3628
f 6503/1/3629 6514/1/3629 6513/1/3629 6502/1/3629
f 6502/1/3630 6513/1/3630 6512/1/3630 6501/1/3630
f 6501/1/3631 6512/1/3631 6511/1/3631 6500/1/3631
f 3580/1/3632 5761/1/3632 6510/1/3632 6269/1/3632
f 6269/1/3633 6510/1/3633 6509/1/3633 6270/1/3633
f 6270/1/3634 6509/1/3634 6508/1/3634 6271/1/3634
f 6271/1/3635 6508/1/3635 6507/1/3635 6272/1/3635
f 6272/1/3636 6507/1/3636 6506/1/3636 6273/1/3636
f 6273/1/3637 6506/1/3637 6505/1/3637 6274/1/3637
f 6274/1/3638 6505/1/3638 6504/1/3638 6275/1/3638
f 6275/1/3639 6504/1/3639 6503/1/3639 6276/1/3639
f 6276/1/3640 6503/1/3640 6502/1/3640 6277/1/3640
f 6277/1/3641 6502/1/3641 6501/1/3641 6278/1/3641
f 6278/1/3642 6501/1/3642 6500/1/3642 6279/1/3642
f 5750/1/3643 6478/1/3643 6489/1/3643 5749/1/3643
f 6478/1/3644 6479/1/3644 6490/1/3644 6489/1/3644
f 6479/1/3645 6480/1/3645 6491/1/3645 6490/1/3645
f 6480/1/3646 6481/1/3646 6492/1/3646 6491/1/3646
f 6481/1/3647 6482/1/3647 6493/1/3647 6492/1/3647
f 6482/1/3648 6483/1/3648 6494/1/3648 6493/1/3648
f 6483/1/3649 6484/1/3649 6495/1/3649 6494/1/3649
f 6484/1/3650 6485/1/3650 6496/1/3650 6495/1/3650
f 6485/1/3651 6486/1/3651 6497/1/3651 6496/1/3651
f 6486/1/3652 6487/1/3652 6498/1/3652 6497/1/3652
f 6487/1/3653 6488/1/3653 6499/1/3653 6498/1/3653
f 5751/1/3654 6467/1/3654 6478/1/3654 5750/1/3654
f 6467/1/3655 6468/1/3655 6479/1/3655 6478/1/3655
f 6468/1/3656 6469/1/3656 6480/1/3656 6479/1/3656
f 6469/1/3657 6470/1/3657 6481/1/3657 6480/1/3657
f 6470/1/3658 6471/1/3658 6482/1/3658 6481/1/3658
f 6471/1/3659 6472/1/3659 6483/1/3659 6482/1/3659
f 6472/1/3660 6473/1/3660 6484/1/3660 6483/1/3660
f 6473/1/3661 6474/1/3661 6485/1/3661 6484/1/3661
f 6474/1/3662 6475/1/3662 6486/1/3662 6485/1/3662
f 6475/1/3663 6476/1/3663 6487/1/3663 6486/1/3663
f 6476/1/3664 6477/1/3664 6488/1/3664 6487/1/3664
f 3578/1/3665 6323/1/3665 6467/1/3665 5751/1/3665
f 6323/1/3666 6322/1/3666 6468/1/3666 6467/1/3666
f 6322/1/3667 6321/1/3667 6469/1/3667 6468/1/3667
f 6321/1/3668 6320/1/3668 6470/1/3668 6469/1/3668
f 6320/1/3669 6319/1/3669 6471/1/3669 6470/1/3669
f 6319/1/3670 6318/1/3670 6472/1/3670 6471/1/3670
f 6318/1/3671 6317/1/3671 6473/1/3671 6472/1/3671
f 6317/1/3672 6316/1/3672 6474/1/3672 6473/1/3672
f 6316/1/3673 6315/1/3673 6475/1/3673 6474/1/3673
f 6315/1/3674 6314/1/3674 6476/1/3674 6475/1/3674
f 6314/1/3675 6313/1/3675 6477/1/3675 6476/1/3675
f 5673/1/3676 6445/1/3676 6456/1/3676 5672/1/3676
f 6445/1/3677 6446/1/3677 6457/1/3677 6456/1/3677
f 6446/1/3678 6447/1/3678 6458/1/3678 6457/1/3678
f 6447/1/3679 6448/1/3679 6459/1/3679 6458/1/3679
f 6448/1/3680 6449/1/3680 6460/1/3680 6459/1/3680
f 6449/1/3681 6450/1/3681 6461/1/3681 6460/1/3681
f 6450/1/3682 6451/1/3682 6462/1/3682 6461/1/3682
f 6451/1/3683 6452/1/3683 6463/1/3683 6462/1/3683
f 6452/1/3684 6453/1/3684 6464/1/3684 6463/1/3684
f 6453/1/3685 6454/1/3685 6465/1/3685 6464/1/3685
f 6454/1/3686 6455/1/3686 6466/1/3686 6465/1/3686
f 5674/1/3687 6434/1/3687 6445/1/3687 5673/1/3687
f 6434/1/3688 6435/1/3688 6446/1/3688 6445/1/3688
f 6435/1/3689 6436/1/3689 6447/1/3689 6446/1/3689
f 6436/1/3690 6437/1/3690 6448/1/3690 6447/1/3690
f 6437/1/3691 6438/1/3691 6449/1/3691 6448/1/3691
f 6438/1/3692 6439/1/3692 6450/1/3692 6449/1/3692
f 6439/1/3693 6440/1/3693 6451/1/3693 6450/1/3693
f 6440/1/3694 6441/1/3694 6452/1/3694 6451/1/3694
f 6441/1/3695 6442/1/3695 6453/1/3695 6452/1/3695
f 6442/1/3696 6443/1/3696 6454/1/3696 6453/1/3696
f 6443/1/3697 6444/1/3697 6455/1/3697 6454/1/3697
f 5675/1/3698 6423/1/3698 6434/1/3698 5674/1/3698
f 6423/1/3699 6424/1/3699 6435/1/3699 6434/1/3699
f 6424/1/3700 6425/1/3700 6436/1/3700 6435/1/3700
f 6425/1/3701 6426/1/3701 6437/1/3701 6436/1/3701
f 6426/1/3702 6427/1/3702 6438/1/3702 6437/1/3702
f 6427/1/3703 6428/1/3703 6439/1/3703 6438/1/3703
f 6428/1/3704 6429/1/3704 6440/1/3704 6439/1/3704
f 6429/1/3705 6430/1/3705 6441/1/3705 6440/1/3705
f 6430/1/3706 6431/1/3706 6442/1/3706 6441/1/3706
f 6431/1/3707 6432/1/3707 6443/1/3707 6442/1/3707
f 6432/1/3708 6433/1/3708 6444/1/3708 6443/1/3708
f 5676/1/3709 6412/1/3709 6423/1/3709 5675/1/3709
f 6412/1/3710 6413/1/3710 6424/1/3710 6423/1/3710
f 6413/1/3711 6414/1/3711 6425/1/3711 6424/1/3711
f 6414/1/3712 6415/1/3712 6426/1/3712 6425/1/3712
f 6415/1/3713 6416/1/3713 6427/1/3713 6426/1/3713
f 6416/1/3714 6417/1/3714 6428/1/3714 6427/1/3714
f 6417/1/3715 6418/1/3715 6429/1/3715 6428/1/3715
f 6418/1/3716 6419/1/3716 6430/1/3716 6429/1/3716
f 6419/1/3717 6420/1/3717 6431/1/3717 6430/1/3717
f 6420/1/3718 6421/1/3718 6432/1/3718 6431/1/3718
f 6421/1/3719 6422/1/3719 6433/1/3719 6432/1/3719
f 3579/1/3720 6301/1/3720 6412/1/3720 5676/1/3720
f 6301/1/3721 6300/1/3721 6413/1/3721 6412/1/3721
f 6300/1/3722 6299/1/3722 6414/1/3722 6413/1/3722
f 6299/1/3723 6298/1/3723 6415/1/3723 6414/1/3723
f 6298/1/3724 6297/1/3724 6416/1/3724 6415/1/3724
f 6297/1/3725 6296/1/3725 6417/1/3725 6416/1/3725
f 6296/1/3726 6295/1/3726 6418/1/3726 6417/1/3726
f 6295/1/3727 6294/1/3727 6419/1/3727 6418/1/3727
f 6294/1/3728 6293/1/3728 6420/1/3728 6419/1/3728
f 6293/1/3729 6292/1/3729 6421/1/3729 6420/1/3729
f 6292/1/3730 6291/1/3730 6422/1/3730 6421/1/3730
f 3701/1/3731 6619/1/3731 6635/1/3731 6390/1/3731
f 6390/1/3732 6635/1/3732 6636/1/3732 6391/1/3732
f 6391/1/3733 6636/1/3733 6637/1/3733 6392/1/3733
f 6392/1/3734 6637/1/3734 6638/1/3734 6393/1/3734
f 6393/1/3735 6638/1/3735 6639/1/3735 6394/1/3735
f 6394/1/3736 6639/1/3736 6640/1/3736 6395/1/3736
f 6395/1/3737 6640/1/3737 6641/1/3737 6396/1/3737
f 6396/1/3738 6641/1/3738 6642/1/3738 6397/1/3738
f 6397/1/3739 6642/1/3739 6643/1/3739 6398/1/3739
f 6398/1/3740 6643/1/3740 6644/1/3740 6399/1/3740
f 6399/1/3741 6644/1/3741 6618/1/3741 6400/1/3741
f 3694/1/3742 3701/1/3742 6390/1/3742 6379/1/3742
f 6379/1/3743 6390/1/3743 6391/1/3743 6380/1/3743
f 6380/1/3744 6391/1/3744 6392/1/3744 6381/1/3744
f 6381/1/3745 6392/1/3745 6393/1/3745 6382/1/3745
f 6382/1/3746 6393/1/3746 6394/1/3746 6383/1/3746
f 6383/1/3747 6394/1/3747 6395/1/3747 6384/1/3747
f 6384/1/3748 6395/1/3748 6396/1/3748 6385/1/3748
f 6385/1/3749 6396/1/3749 6397/1/3749 6386/1/3749
f 6386/1/3750 6397/1/3750 6398/1/3750 6387/1/3750
f 6387/1/3751 6398/1/3751 6399/1/3751 6388/1/3751
f 6388/1/3752 6399/1/3752 6400/1/3752 6389/1/3752
f 3693/1/3753 6368/1/3753 6657/1/3753 6650/1/3753
f 6368/1/3754 6369/1/3754 6658/1/3754 6657/1/3754
f 6369/1/3755 6370/1/3755 6660/1/3755 6658/1/3755
f 6370/1/3756 6371/1/3756 6661/1/3756 6660/1/3756
f 6371/1/3757 6372/1/3757 6662/1/3757 6661/1/3757
f 6372/1/3758 6373/1/3758 6664/1/3758 6662/1/3758
f 6373/1/3759 6374/1/3759 6666/1/3759 6664/1/3759
f 6374/1/3760 6375/1/3760 6649/1/3760 6666/1/3760
f 6375/1/3761 6376/1/3761 6651/1/3761 6649/1/3761
f 6376/1/3762 6377/1/3762 6652/1/3762 6651/1/3762
f 6377/1/3763 6378/1/3763 6654/1/3763 6652/1/3763
f 3693/1/3764 6687/1/3764 6688/1/3764 6368/1/3764
f 6368/1/3765 6688/1/3765 6689/1/3765 6369/1/3765
f 6369/1/3766 6689/1/3766 6690/1/3766 6370/1/3766
f 6370/1/3767 6690/1/3767 6692/1/3767 6371/1/3767
f 6371/1/3768 6692/1/3768 6694/1/3768 6372/1/3768
f 6372/1/3769 6694/1/3769 6696/1/3769 6373/1/3769
f 6373/1/3770 6696/1/3770 6698/1/3770 6374/1/3770
f 6374/1/3771 6698/1/3771 6700/1/3771 6375/1/3771
f 6375/1/3772 6700/1/3772 6701/1/3772 6376/1/3772
f 6376/1/3773 6701/1/3773 6685/1/3773 6377/1/3773
f 6377/1/3774 6685/1/3774 6686/1/3774 6378/1/3774
f 3692/1/3775 6345/1/3775 6324/1/3775 3678/1/3775
f 6345/1/3776 6344/1/3776 6325/1/3776 6324/1/3776
f 6344/1/3777 6343/1/3777 6326/1/3777 6325/1/3777
f 6343/1/3778 6342/1/3778 6327/1/3778 6326/1/3778
f 6342/1/3779 6341/1/3779 6328/1/3779 6327/1/3779
f 6341/1/3780 6340/1/3780 6329/1/3780 6328/1/3780
f 6340/1/3781 6339/1/3781 6330/1/3781 6329/1/3781
f 6339/1/3782 6338/1/3782 6331/1/3782 6330/1/3782
f 6338/1/3783 6337/1/3783 6332/1/3783 6331/1/3783
f 6337/1/3784 6336/1/3784 6333/1/3784 6332/1/3784
f 6336/1/3785 6335/1/3785 6334/1/3785 6333/1/3785
f 3676/1/3786 6356/1/3786 6345/1/3786 3692/1/3786
f 6356/1/3787 6355/1/3787 6344/1/3787 6345/1/3787
f 6355/1/3788 6354/1/3788 6343/1/3788 6344/1/3788
f 6354/1/3789 6353/1/3789 6342/1/3789 6343/1/3789
f 6353/1/3790 6352/1/3790 6341/1/3790 6342/1/3790
f 6352/1/3791 6351/1/3791 6340/1/3791 6341/1/3791
f 6351/1/3792 6350/1/3792 6339/1/3792 6340/1/3792
f 6350/1/3793 6349/1/3793 6338/1/3793 6339/1/3793
f 6349/1/3794 6348/1/3794 6337/1/3794 6338/1/3794
f 6348/1/3795 6347/1/3795 6336/1/3795 6337/1/3795
f 6347/1/3796 6346/1/3796 6335/1/3796 6336/1/3796
f 3678/1/3797 6324/1/3797 6357/1/3797 3691/1/3797
f 6324/1/3798 6325/1/3798 6358/1/3798 6357/1/3798
f 6325/1/3799 6326/1/3799 6359/1/3799 6358/1/3799
f 6326/1/3800 6327/1/3800 6360/1/3800 6359/1/3800
f 6327/1/3801 6328/1/3801 6361/1/3801 6360/1/3801
f 6328/1/3802 6329/1/3802 6362/1/3802 6361/1/3802
f 6329/1/3803 6330/1/3803 6363/1/3803 6362/1/3803
f 6330/1/3804 6331/1/3804 6364/1/3804 6363/1/3804
f 6331/1/3805 6332/1/3805 6365/1/3805 6364/1/3805
f 6332/1/3806 6333/1/3806 6366/1/3806 6365/1/3806
f 6333/1/3807 6334/1/3807 6367/1/3807 6366/1/3807
f 199/1/3808 6291/1/3808 6367/1/3808 296/1/3808
f 6291/1/3809 6292/1/3809 6366/1/3809 6367/1/3809
f 6292/1/3810 6293/1/3810 6365/1/3810 6366/1/3810
f 6293/1/3811 6294/1/3811 6364/1/3811 6365/1/3811
f 6294/1/3812 6295/1/3812 6363/1/3812 6364/1/3812
f 6295/1/3813 6296/1/3813 6362/1/3813 6363/1/3813
f 6296/1/3814 6297/1/3814 6361/1/3814 6362/1/3814
f 6297/1/3815 6298/1/3815 6360/1/3815 6361/1/3815
f 6298/1/3816 6299/1/3816 6359/1/3816 6360/1/3816
f 6299/1/3817 6300/1/3817 6358/1/3817 6359/1/3817
f 6300/1/3818 6301/1/3818 6357/1/3818 6358/1/3818
f 5760/1/3819 3577/1/3819 6302/1/3819 6521/1/3819
f 6521/1/3820 6302/1/3820 6303/1/3820 6520/1/3820
f 6520/1/3821 6303/1/3821 6304/1/3821 6519/1/3821
f 6519/1/3822 6304/1/3822 6305/1/3822 6518/1/3822
f 6518/1/3823 6305/1/3823 6306/1/3823 6517/1/3823
f 6517/1/3824 6306/1/3824 6307/1/3824 6516/1/3824
f 6516/1/3825 6307/1/3825 6308/1/3825 6515/1/3825
f 6515/1/3826 6308/1/3826 6309/1/3826 6514/1/3826
f 6514/1/3827 6309/1/3827 6310/1/3827 6513/1/3827
f 6513/1/3828 6310/1/3828 6311/1/3828 6512/1/3828
f 6512/1/3829 6311/1/3829 6312/1/3829 6511/1/3829
f 3576/1/3830 6280/1/3830 6323/1/3830 3578/1/3830
f 6280/1/3831 6281/1/3831 6322/1/3831 6323/1/3831
f 6281/1/3831 6282/1/3831 6321/1/3831 6322/1/3831
f 6282/1/3832 6283/1/3832 6320/1/3832 6321/1/3832
f 6283/1/3832 6284/1/3832 6319/1/3832 6320/1/3832
f 6284/1/3833 6285/1/3833 6318/1/3833 6319/1/3833
f 6285/1/3833 6286/1/3833 6317/1/3833 6318/1/3833
f 6286/1/3834 6287/1/3834 6316/1/3834 6317/1/3834
f 6287/1/3834 6288/1/3834 6315/1/3834 6316/1/3834
f 6288/1/3834 6289/1/3834 6314/1/3834 6315/1/3834
f 6289/1/2223 6290/1/2223 6313/1/2223 6314/1/2223
f 5749/1/3835 6489/1/3835 6302/1/3835 3577/1/3835
f 6489/1/3836 6490/1/3836 6303/1/3836 6302/1/3836
f 6490/1/3837 6491/1/3837 6304/1/3837 6303/1/3837
f 6491/1/3838 6492/1/3838 6305/1/3838 6304/1/3838
f 6492/1/3839 6493/1/3839 6306/1/3839 6305/1/3839
f 6493/1/3840 6494/1/3840 6307/1/3840 6306/1/3840
f 6494/1/3841 6495/1/3841 6308/1/3841 6307/1/3841
f 6495/1/3842 6496/1/3842 6309/1/3842 6308/1/3842
f 6496/1/3843 6497/1/3843 6310/1/3843 6309/1/3843
f 6497/1/3844 6498/1/3844 6311/1/3844 6310/1/3844
f 6498/1/3845 6499/1/3845 6312/1/3845 6311/1/3845
f 5672/1/3846 6456/1/3846 6280/1/3846 3576/1/3846
f 6456/1/3847 6457/1/3847 6281/1/3847 6280/1/3847
f 6457/1/3848 6458/1/3848 6282/1/3848 6281/1/3848
f 6458/1/3849 6459/1/3849 6283/1/3849 6282/1/3849
f 6459/1/3850 6460/1/3850 6284/1/3850 6283/1/3850
f 6460/1/3851 6461/1/3851 6285/1/3851 6284/1/3851
f 6461/1/3852 6462/1/3852 6286/1/3852 6285/1/3852
f 6462/1/3853 6463/1/3853 6287/1/3853 6286/1/3853
f 6463/1/3854 6464/1/3854 6288/1/3854 6287/1/3854
f 6464/1/3855 6465/1/3855 6289/1/3855 6288/1/3855
f 6465/1/3856 6466/1/3856 6290/1/3856 6289/1/3856
f 328/1/3982 6400/1/3982 6618/1/3982 3313/1/3982
f 6666/1/3991 6350/1/3991 6351/1/3991 6664/1/3991
f 6649/1/3992 6349/1/3992 6350/1/3992 6666/1/3992
f 6659/1/3993 3828/1/3993 3842/1/3993 6663/1/3993
f 6652/1/3994 6347/1/3994 6348/1/3994 6651/1/3994
f 3359/1/3995 298/1/3995 6346/1/3995 6654/1/3995
f 6663/1/3996 3842/1/3996 3628/1/3996 6656/1/3996
f 6654/1/3997 6346/1/3997 6347/1/3997 6652/1/3997
f 6655/1/3998 3683/1/3998 3828/1/3998 6659/1/3998
f 6665/1/3999 3693/1/3999 6650/1/3999
f 6657/1/4000 6356/1/4000 3676/1/4000 6650/1/4000
f 6653/1/4001 3606/1/4001 3605/1/4001 6656/1/4001
f 6658/1/4002 6355/1/4002 6356/1/4002 6657/1/4002
f 6660/1/4003 6354/1/4003 6355/1/4003 6658/1/4003
f 6661/1/4004 6353/1/4004 6354/1/4004 6660/1/4004
f 6651/1/4005 6348/1/4005 6349/1/4005 6649/1/4005
f 6662/1/4006 6352/1/4006 6353/1/4006 6661/1/4006
f 6665/1/4007 3603/1/4007 3683/1/4007 6655/1/4007
f 6664/1/4009 6351/1/4009 6352/1/4009 6662/1/4009
f 3601/1/4010 3700/1/4010 6684/1/4010
f 3700/1/4023 3601/1/4023 6669/1/4023 6668/1/4023
f 6695/1/4026 3696/1/4026 3833/1/4026 6699/1/4026
f 6693/1/4027 3697/1/4027 3696/1/4027 6695/1/4027
f 6691/1/4028 3829/1/4028 3695/1/4028 6697/1/4028
f 6697/1/4029 3695/1/4029 3694/1/4029 6687/1/4029
f 6699/1/4030 3833/1/4030 3829/1/4030 6691/1/4030
f 6687/1/4031 3694/1/4031 6379/1/4031 6688/1/4031
f 6688/1/4032 6379/1/4032 6380/1/4032 6689/1/4032
f 6689/1/4033 6380/1/4033 6381/1/4033 6690/1/4033
f 6690/1/4034 6381/1/4034 6382/1/4034 6692/1/4034
f 6692/1/4035 6382/1/4035 6383/1/4035 6694/1/4035
f 6694/1/4036 6383/1/4036 6384/1/4036 6696/1/4036
f 6696/1/4037 6384/1/4037 6385/1/4037 6698/1/4037
f 6698/1/4038 6385/1/4038 6386/1/4038 6700/1/4038
f 6700/1/4039 6386/1/4039 6387/1/4039 6701/1/4039
f 6701/1/4040 6387/1/4040 6388/1/4040 6685/1/4040
f 6685/1/4041 6388/1/4041 6389/1/4041 6686/1/4041
f 6686/1/4043 6389/1/4043 320/1/4043 3383/1/4043
usemtl Pneumatici
f 2689/1/19 30/1/19 37/1/19 2690/1/19
f 25/1/22 2685/1/22 2675/1/22 32/1/22
f 56/1/24 54/1/24 37/1/24 30/1/24
f 2690/1/25 37/1/25 54/1/25 2691/1/25
f 2696/1/27 36/1/27 53/1/27 2697/1/27
f 2675/1/29 38/1/29 55/1/29 2677/1/29
f 49/1/31 50/1/31 2660/1/31 47/1/31
f 2674/1/32 2656/1/32 60/1/32 2641/1/32
f 2668/1/33 2659/1/33 61/1/33 2607/1/33
f 2641/1/34 60/1/34 62/1/34 2639/1/34
f 2607/1/35 61/1/35 63/1/35 2609/1/35
f 2677/1/36 2678/1/36 47/1/36 49/1/36
f 2680/1/37 2679/1/37 58/1/37 59/1/37
f 65/1/41 2699/1/41 2700/1/41 64/1/41
f 73/1/42 2703/1/42 2704/1/42 75/1/42
f 70/1/43 2722/1/43 2698/1/43 73/1/43 75/1/43 71/1/43
f 2678/1/47 44/1/47 42/1/47 2676/1/47
f 47/1/31 2660/1/31 2661/1/31 43/1/31
f 56/1/48 78/1/48 54/1/48
f 40/1/49 2683/1/49 2679/1/49 58/1/49
f 79/1/50 46/2/50 54/1/50 78/1/50
f 45/3/51 80/1/51 79/1/51 46/2/51
f 70/1/52 2717/1/52 2724/1/52 2722/1/52
f 261/1/188 265/1/188 266/1/188 262/1/188
f 270/1/189 263/1/189 264/1/189 271/1/189
f 268/1/190 270/1/190 271/1/190 269/1/190
f 265/1/191 268/1/191 269/1/191 266/1/191
f 262/1/192 267/1/192 272/1/192 261/1/192
f 273/1/193 274/1/193 253/1/193 267/1/193
f 264/1/194 246/1/194 284/1/194 283/1/194
f 276/1/195 284/1/195 246/1/195 257/1/195
f 257/1/196 258/1/196 278/1/196 276/1/196
f 258/1/197 259/1/197 280/1/197 278/1/197
f 259/1/198 260/1/198 282/1/198 280/1/198
f 274/1/199 282/1/199 260/1/199 253/1/199
f 279/1/200 281/1/200 262/1/200 266/1/200
f 283/1/201 275/1/201 271/1/201 264/1/201
f 275/1/202 277/1/202 269/1/202 271/1/202
f 277/1/203 279/1/203 266/1/203 269/1/203
f 281/1/204 273/1/204 267/1/204 262/1/204
f 273/1/205 281/1/205 282/1/205 274/1/205
f 277/1/206 275/1/206 276/1/206 278/1/206
f 275/1/207 283/1/207 284/1/207 276/1/207
f 279/1/208 277/1/208 278/1/208 280/1/208
f 281/1/209 279/1/209 280/1/209 282/1/209
f 287/1/210 286/1/210 270/1/210 268/1/210
f 299/1/211 285/1/211 272/1/211 251/1/211
f 290/1/212 288/1/212 265/1/212 261/1/212
f 291/1/213 301/1/213 231/1/213 230/1/213
f 295/1/214 293/1/214 229/1/214 219/1/214
f 286/1/215 289/1/215 263/1/215 270/1/215
f 175/1/216 263/1/216 289/1/216 297/1/216
f 261/1/217 272/1/217 285/1/217 290/1/217
f 301/1/218 299/1/218 251/1/218 231/1/218
f 297/1/219 295/1/219 219/1/219 175/1/219
f 293/1/220 291/1/220 230/1/220 229/1/220
f 288/1/221 287/1/221 268/1/221 265/1/221
f 299/1/223 301/1/223 290/1/223 285/1/223
f 293/1/224 295/1/224 286/1/224 287/1/224
f 297/1/225 289/1/225 286/1/225 295/1/225
f 291/1/226 293/1/226 287/1/226 288/1/226
f 301/1/227 291/1/227 288/1/227 290/1/227
f 374/1/279 377/1/279 379/1/279 376/1/279
f 376/1/280 379/1/280 380/1/280 375/1/280
f 375/1/281 380/1/281 378/1/281 373/1/281
f 3366/1/282 385/1/282 387/1/282 3367/1/282
f 3367/1/283 387/1/283 388/1/283 3368/1/283
f 3368/1/284 388/1/284 386/1/284 3369/1/284
f 382/1/285 389/1/285 391/1/285 384/1/285
f 384/1/286 391/1/286 392/1/286 383/1/286
f 383/1/287 392/1/287 390/1/287 381/1/287
f 389/1/288 393/1/288 395/1/288 391/1/288
f 391/1/289 395/1/289 396/1/289 392/1/289
f 392/1/290 396/1/290 394/1/290 390/1/290
f 393/1/291 397/1/291 399/1/291 395/1/291
f 395/1/292 399/1/292 400/1/292 396/1/292
f 396/1/293 400/1/293 398/1/293 394/1/293
f 402/1/294 405/1/294 407/1/294 404/1/294
f 404/1/295 407/1/295 408/1/295 403/1/295
f 403/1/296 408/1/296 406/1/296 401/1/296
f 2812/1/297 414/1/297 416/1/297 2813/1/297
f 2813/1/298 416/1/298 415/1/298 2815/1/298
f 2815/1/299 415/1/299 413/1/299 2817/1/299
f 405/1/300 417/1/300 419/1/300 407/1/300
f 407/1/301 419/1/301 420/1/301 408/1/301
f 408/1/302 420/1/302 418/1/302 406/1/302
f 417/1/303 421/1/303 423/1/303 419/1/303
f 419/1/304 423/1/304 424/1/304 420/1/304
f 420/1/305 424/1/305 422/1/305 418/1/305
f 2844/1/306 429/1/306 431/1/306 2845/1/306
f 2845/1/307 431/1/307 432/1/307 2847/1/307
f 2847/1/308 432/1/308 430/1/308 2849/1/308
f 2780/1/309 410/1/309 412/1/309 2781/1/309
f 2781/1/310 412/1/310 411/1/310 2783/1/310
f 2783/1/311 411/1/311 409/1/311 2785/1/311
f 3370/1/312 398/1/312 400/1/312 3371/1/312
f 3371/1/313 400/1/313 399/1/313 3372/1/313
f 3372/1/314 399/1/314 397/1/314 3373/1/314
f 385/1/315 374/1/315 376/1/315 387/1/315
f 387/1/316 376/1/316 375/1/316 388/1/316
f 388/1/317 375/1/317 373/1/317 386/1/317
f 434/1/318 426/1/318 428/1/318 436/1/318
f 436/1/319 428/1/319 427/1/319 435/1/319
f 435/1/320 427/1/320 425/1/320 433/1/320
f 421/1/321 434/1/321 436/1/321 423/1/321
f 423/1/322 436/1/322 435/1/322 424/1/322
f 424/1/323 435/1/323 433/1/323 422/1/323
f 2820/1/324 442/1/324 444/1/324 2821/1/324
f 2821/1/325 444/1/325 443/1/325 2823/1/325
f 2823/1/326 443/1/326 441/1/326 2825/1/326
f 2852/1/327 449/1/327 451/1/327 2853/1/327
f 2853/1/328 451/1/328 452/1/328 2855/1/328
f 2855/1/329 452/1/329 450/1/329 2857/1/329
f 2788/1/330 438/1/330 440/1/330 2789/1/330
f 2789/1/331 440/1/331 439/1/331 2791/1/331
f 2791/1/332 439/1/332 437/1/332 2793/1/332
f 454/1/333 446/1/333 448/1/333 456/1/333
f 456/1/334 448/1/334 447/1/334 455/1/334
f 455/1/335 447/1/335 445/1/335 453/1/335
f 458/1/336 454/1/336 456/1/336 460/1/336
f 460/1/337 456/1/337 455/1/337 459/1/337
f 459/1/338 455/1/338 453/1/338 457/1/338
f 377/1/339 458/1/339 460/1/339 379/1/339
f 379/1/340 460/1/340 459/1/340 380/1/340
f 380/1/341 459/1/341 457/1/341 378/1/341
f 345/1/342 206/1/342 386/1/342 373/1/342
f 205/1/343 345/1/343 373/1/343 378/1/343
f 374/1/344 422/1/344 458/1/344 377/1/344
f 422/1/345 374/1/345 385/1/345 418/1/345
f 368/1/346 205/1/346 378/1/346 457/1/346
f 207/1/347 217/1/347 389/1/347 382/1/347
f 3363/1/348 207/1/348 382/1/348 3369/1/348
f 3366/1/349 381/1/349 390/1/349 3374/1/349
f 217/1/350 220/1/350 393/1/350 389/1/350
f 3374/1/351 3375/1/351 406/1/351 418/1/351
f 3375/1/352 3370/1/352 401/1/352 406/1/352
f 220/1/353 221/1/353 397/1/353 393/1/353
f 3365/1/354 335/1/354 402/1/354 3373/1/354
f 335/1/355 336/1/355 405/1/355 402/1/355
f 336/1/356 338/1/356 417/1/356 405/1/356
f 2800/1/357 337/1/357 414/1/357 2812/1/357
f 2817/1/358 413/1/358 442/1/358 2820/1/358
f 2766/1/359 341/1/359 410/1/359 2780/1/359
f 2785/1/360 409/1/360 438/1/360 2788/1/360
f 338/1/361 339/1/361 421/1/361 417/1/361
f 339/1/362 362/1/362 434/1/362 421/1/362
f 422/1/363 433/1/363 454/1/363 458/1/363
f 362/1/364 347/1/364 426/1/364 434/1/364
f 433/1/365 425/1/365 446/1/365 454/1/365
f 2830/1/366 340/1/366 429/1/366 2844/1/366
f 2849/1/367 430/1/367 449/1/367 2852/1/367
f 2809/1/368 370/1/368 437/1/368 2826/1/368
f 2777/1/369 369/1/369 450/1/369 2794/1/369
f 2841/1/370 371/1/370 445/1/370 2858/1/370
f 371/1/371 372/1/371 453/1/371 445/1/371
f 372/1/372 368/1/372 457/1/372 453/1/372
f 2359/1/402 499/1/402 501/1/402 2360/1/402
f 2360/1/403 501/1/403 502/1/403 2365/1/403
f 2380/1/406 505/1/406 506/1/406 2385/1/406
f 2385/1/407 506/1/407 504/1/407 2390/1/407
f 505/1/409 502/1/409 501/1/409 506/1/409
f 506/1/410 501/1/410 499/1/410 504/1/410
f 528/1/411 511/1/411 513/1/411 530/1/411
f 530/1/412 513/1/412 514/1/412 529/1/412
f 2471/1/414 519/1/414 521/1/414 2472/1/414
f 2472/1/415 521/1/415 522/1/415 2475/1/415
f 2525/1/417 508/1/417 510/1/417 2526/1/417
f 2526/1/418 510/1/418 509/1/418 2529/1/418
f 519/1/420 516/1/420 518/1/420 521/1/420
f 521/1/421 518/1/421 517/1/421 522/1/421
f 2484/1/424 537/1/424 538/1/424 2487/1/424
f 2487/1/425 538/1/425 536/1/425 2490/1/425
f 2538/1/427 526/1/427 525/1/427 2541/1/427
f 2541/1/428 525/1/428 523/1/428 2544/1/428
f 537/1/430 534/1/430 533/1/430 538/1/430
f 538/1/431 533/1/431 531/1/431 536/1/431
f 2355/1/433 516/1/433 531/1/433 2394/1/433
f 2546/1/437 2523/1/437 511/1/437 528/1/437
f 2492/1/439 2469/1/439 508/1/439 523/1/439
f 531/1/441 516/1/441 519/1/441 536/1/441
f 558/1/446 559/1/446 599/1/446 598/1/446
f 545/1/447 546/1/447 586/1/447 585/1/447
f 572/1/448 573/1/448 613/1/448 612/1/448
f 559/1/449 560/1/449 600/1/449 599/1/449
f 546/1/450 547/1/450 587/1/450 586/1/450
f 573/1/451 574/1/451 614/1/451 613/1/451
f 560/1/452 561/1/452 601/1/452 600/1/452
f 547/1/453 548/1/453 588/1/453 587/1/453
f 574/1/454 575/1/454 615/1/454 614/1/454
f 561/1/455 562/1/455 602/1/455 601/1/455
f 548/1/456 549/1/456 589/1/456 588/1/456
f 575/1/457 576/1/457 616/1/457 615/1/457
f 562/1/458 563/1/458 603/1/458 602/1/458
f 549/1/459 550/1/459 590/1/459 589/1/459
f 576/1/460 577/1/460 617/1/460 616/1/460
f 563/1/461 564/1/461 604/1/461 603/1/461
f 550/1/462 551/1/462 591/1/462 590/1/462
f 577/1/463 578/1/463 618/1/463 617/1/463
f 564/1/464 565/1/464 605/1/464 604/1/464
f 551/1/465 552/1/465 592/1/465 591/1/465
f 578/1/466 539/1/466 579/1/466 618/1/466
f 565/1/467 566/1/467 606/1/467 605/1/467
f 552/1/468 553/1/468 593/1/468 592/1/468
f 539/1/469 540/1/469 580/1/469 579/1/469
f 566/1/470 567/1/470 607/1/470 606/1/470
f 553/1/471 554/1/471 594/1/471 593/1/471
f 540/1/472 541/1/472 581/1/472 580/1/472
f 567/1/473 568/1/473 608/1/473 607/1/473
f 554/1/474 555/1/474 595/1/474 594/1/474
f 541/1/475 542/1/475 582/1/475 581/1/475
f 568/1/476 569/1/476 609/1/476 608/1/476
f 555/1/477 556/1/477 596/1/477 595/1/477
f 542/1/478 543/1/478 583/1/478 582/1/478
f 569/1/479 570/1/479 610/1/479 609/1/479
f 556/1/480 557/1/480 597/1/480 596/1/480
f 543/1/481 544/1/481 584/1/481 583/1/481
f 570/1/482 571/1/482 611/1/482 610/1/482
f 557/1/483 558/1/483 598/1/483 597/1/483
f 544/1/484 545/1/484 585/1/484 584/1/484
f 571/1/485 572/1/485 612/1/485 611/1/485
f 598/1/486 599/1/486 639/1/486 638/1/486
f 585/1/487 586/1/487 626/1/487 625/1/487
f 612/1/488 613/1/488 653/1/488 652/1/488
f 599/1/489 600/1/489 640/1/489 639/1/489
f 586/1/490 587/1/490 627/1/490 626/1/490
f 613/1/491 614/1/491 654/1/491 653/1/491
f 600/1/492 601/1/492 641/1/492 640/1/492
f 587/1/493 588/1/493 628/1/493 627/1/493
f 614/1/494 615/1/494 655/1/494 654/1/494
f 601/1/495 602/1/495 642/1/495 641/1/495
f 588/1/496 589/1/496 629/1/496 628/1/496
f 615/1/497 616/1/497 656/1/497 655/1/497
f 602/1/498 603/1/498 643/1/498 642/1/498
f 589/1/499 590/1/499 630/1/499 629/1/499
f 616/1/500 617/1/500 657/1/500 656/1/500
f 603/1/501 604/1/501 644/1/501 643/1/501
f 590/1/502 591/1/502 631/1/502 630/1/502
f 617/1/503 618/1/503 658/1/503 657/1/503
f 604/1/504 605/1/504 645/1/504 644/1/504
f 591/1/505 592/1/505 632/1/505 631/1/505
f 618/1/506 579/1/506 619/1/506 658/1/506
f 605/1/507 606/1/507 646/1/507 645/1/507
f 592/1/508 593/1/508 633/1/508 632/1/508
f 579/1/509 580/1/509 620/1/509 619/1/509
f 606/1/510 607/1/510 647/1/510 646/1/510
f 593/1/511 594/1/511 634/1/511 633/1/511
f 580/1/512 581/1/512 621/1/512 620/1/512
f 607/1/513 608/1/513 648/1/513 647/1/513
f 594/1/514 595/1/514 635/1/514 634/1/514
f 581/1/515 582/1/515 622/1/515 621/1/515
f 608/1/516 609/1/516 649/1/516 648/1/516
f 595/1/517 596/1/517 636/1/517 635/1/517
f 582/1/518 583/1/518 623/1/518 622/1/518
f 609/1/519 610/1/519 650/1/519 649/1/519
f 596/1/520 597/1/520 637/1/520 636/1/520
f 583/1/521 584/1/521 624/1/521 623/1/521
f 610/1/522 611/1/522 651/1/522 650/1/522
f 597/1/523 598/1/523 638/1/523 637/1/523
f 584/1/524 585/1/524 625/1/524 624/1/524
f 611/1/525 612/1/525 652/1/525 651/1/525
f 625/1/487 626/1/487 666/1/487 665/1/487
f 652/1/488 653/1/488 693/1/488 692/1/488
f 639/1/489 640/1/489 680/1/489 679/1/489
f 626/1/490 627/1/490 667/1/490 666/1/490
f 653/1/491 654/1/491 694/1/491 693/1/491
f 640/1/492 641/1/492 681/1/492 680/1/492
f 627/1/493 628/1/493 668/1/493 667/1/493
f 654/1/494 655/1/494 695/1/494 694/1/494
f 641/1/495 642/1/495 682/1/495 681/1/495
f 628/1/496 629/1/496 669/1/496 668/1/496
f 655/1/497 656/1/497 696/1/497 695/1/497
f 642/1/498 643/1/498 683/1/498 682/1/498
f 629/1/499 630/1/499 670/1/499 669/1/499
f 656/1/500 657/1/500 697/1/500 696/1/500
f 643/1/501 644/1/501 684/1/501 683/1/501
f 630/1/502 631/1/502 671/1/502 670/1/502
f 657/1/503 658/1/503 698/1/503 697/1/503
f 644/1/504 645/1/504 685/1/504 684/1/504
f 631/1/505 632/1/505 672/1/505 671/1/505
f 658/1/506 619/1/506 659/1/506 698/1/506
f 645/1/507 646/1/507 686/1/507 685/1/507
f 632/1/508 633/1/508 673/1/508 672/1/508
f 619/1/509 620/1/509 660/1/509 659/1/509
f 646/1/510 647/1/510 687/1/510 686/1/510
f 633/1/511 634/1/511 674/1/511 673/1/511
f 620/1/512 621/1/512 661/1/512 660/1/512
f 647/1/513 648/1/513 688/1/513 687/1/513
f 634/1/514 635/1/514 675/1/514 674/1/514
f 621/1/515 622/1/515 662/1/515 661/1/515
f 648/1/516 649/1/516 689/1/516 688/1/516
f 635/1/517 636/1/517 676/1/517 675/1/517
f 622/1/518 623/1/518 663/1/518 662/1/518
f 649/1/519 650/1/519 690/1/519 689/1/519
f 636/1/520 637/1/520 677/1/520 676/1/520
f 623/1/521 624/1/521 664/1/521 663/1/521
f 650/1/522 651/1/522 691/1/522 690/1/522
f 637/1/523 638/1/523 678/1/523 677/1/523
f 624/1/524 625/1/524 665/1/524 664/1/524
f 651/1/525 652/1/525 692/1/525 691/1/525
f 638/1/486 639/1/486 679/1/486 678/1/486
f 679/1/526 680/1/526 720/1/526 719/1/526
f 666/1/527 667/1/527 707/1/527 706/1/527
f 693/1/528 694/1/528 734/1/528 733/1/528
f 680/1/529 681/1/529 721/1/529 720/1/529
f 667/1/530 668/1/530 708/1/530 707/1/530
f 694/1/531 695/1/531 735/1/531 734/1/531
f 681/1/532 682/1/532 722/1/532 721/1/532
f 668/1/533 669/1/533 709/1/533 708/1/533
f 695/1/534 696/1/534 736/1/534 735/1/534
f 682/1/535 683/1/535 723/1/535 722/1/535
f 669/1/536 670/1/536 710/1/536 709/1/536
f 696/1/537 697/1/537 737/1/537 736/1/537
f 683/1/538 684/1/538 724/1/538 723/1/538
f 670/1/539 671/1/539 711/1/539 710/1/539
f 697/1/540 698/1/540 738/1/540 737/1/540
f 684/1/541 685/1/541 725/1/541 724/1/541
f 671/1/542 672/1/542 712/1/542 711/1/542
f 698/1/543 659/1/543 699/1/543 738/1/543
f 685/1/544 686/1/544 726/1/544 725/1/544
f 672/1/545 673/1/545 713/1/545 712/1/545
f 659/1/546 660/1/546 700/1/546 699/1/546
f 686/1/547 687/1/547 727/1/547 726/1/547
f 673/1/548 674/1/548 714/1/548 713/1/548
f 660/1/549 661/1/549 701/1/549 700/1/549
f 687/1/550 688/1/550 728/1/550 727/1/550
f 674/1/551 675/1/551 715/1/551 714/1/551
f 661/1/552 662/1/552 702/1/552 701/1/552
f 688/1/553 689/1/553 729/1/553 728/1/553
f 675/1/554 676/1/554 716/1/554 715/1/554
f 662/1/555 663/1/555 703/1/555 702/1/555
f 689/1/556 690/1/556 730/1/556 729/1/556
f 676/1/557 677/1/557 717/1/557 716/1/557
f 663/1/558 664/1/558 704/1/558 703/1/558
f 690/1/559 691/1/559 731/1/559 730/1/559
f 677/1/560 678/1/560 718/1/560 717/1/560
f 664/1/561 665/1/561 705/1/561 704/1/561
f 691/1/562 692/1/562 732/1/562 731/1/562
f 678/1/563 679/1/563 719/1/563 718/1/563
f 665/1/564 666/1/564 706/1/564 705/1/564
f 692/1/565 693/1/565 733/1/565 732/1/565
f 559/1/566 558/1/566 758/1/566 759/1/566
f 546/1/567 545/1/567 745/1/567 746/1/567
f 573/1/568 572/1/568 772/1/568 773/1/568
f 560/1/569 559/1/569 759/1/569 760/1/569
f 547/1/570 546/1/570 746/1/570 747/1/570
f 574/1/571 573/1/571 773/1/571 774/1/571
f 561/1/572 560/1/572 760/1/572 761/1/572
f 548/1/573 547/1/573 747/1/573 748/1/573
f 575/1/574 574/1/574 774/1/574 775/1/574
f 562/1/575 561/1/575 761/1/575 762/1/575
f 549/1/576 548/1/576 748/1/576 749/1/576
f 576/1/577 575/1/577 775/1/577 776/1/577
f 563/1/578 562/1/578 762/1/578 763/1/578
f 550/1/579 549/1/579 749/1/579 750/1/579
f 577/1/580 576/1/580 776/1/580 777/1/580
f 564/1/581 563/1/581 763/1/581 764/1/581
f 551/1/582 550/1/582 750/1/582 751/1/582
f 578/1/583 577/1/583 777/1/583 778/1/583
f 565/1/584 564/1/584 764/1/584 765/1/584
f 552/1/585 551/1/585 751/1/585 752/1/585
f 539/1/586 578/1/586 778/1/586 739/1/586
f 566/1/587 565/1/587 765/1/587 766/1/587
f 553/1/588 552/1/588 752/1/588 753/1/588
f 540/1/589 539/1/589 739/1/589 740/1/589
f 567/1/590 566/1/590 766/1/590 767/1/590
f 554/1/591 553/1/591 753/1/591 754/1/591
f 541/1/592 540/1/592 740/1/592 741/1/592
f 568/1/593 567/1/593 767/1/593 768/1/593
f 555/1/594 554/1/594 754/1/594 755/1/594
f 542/1/595 541/1/595 741/1/595 742/1/595
f 569/1/596 568/1/596 768/1/596 769/1/596
f 556/1/597 555/1/597 755/1/597 756/1/597
f 543/1/598 542/1/598 742/1/598 743/1/598
f 570/1/599 569/1/599 769/1/599 770/1/599
f 557/1/600 556/1/600 756/1/600 757/1/600
f 544/1/601 543/1/601 743/1/601 744/1/601
f 571/1/602 570/1/602 770/1/602 771/1/602
f 558/1/603 557/1/603 757/1/603 758/1/603
f 545/1/604 544/1/604 744/1/604 745/1/604
f 572/1/605 571/1/605 771/1/605 772/1/605
f 706/1/606 707/1/606 787/1/606 786/1/606
f 733/1/607 734/1/607 814/1/607 813/1/607
f 720/1/608 721/1/608 801/1/608 800/1/608
f 707/1/609 708/1/609 788/1/609 787/1/609
f 734/1/610 735/1/610 815/1/610 814/1/610
f 721/1/611 722/1/611 802/1/611 801/1/611
f 708/1/612 709/1/612 789/1/612 788/1/612
f 735/1/613 736/1/613 816/1/613 815/1/613
f 722/1/614 723/1/614 803/1/614 802/1/614
f 709/1/615 710/1/615 790/1/615 789/1/615
f 736/1/616 737/1/616 817/1/616 816/1/616
f 723/1/617 724/1/617 804/1/617 803/1/617
f 710/1/618 711/1/618 791/1/618 790/1/618
f 737/1/619 738/1/619 818/1/619 817/1/619
f 724/1/620 725/1/620 805/1/620 804/1/620
f 711/1/621 712/1/621 792/1/621 791/1/621
f 738/1/622 699/1/622 779/1/622 818/1/622
f 725/1/623 726/1/623 806/1/623 805/1/623
f 712/1/624 713/1/624 793/1/624 792/1/624
f 699/1/625 700/1/625 780/1/625 779/1/625
f 726/1/626 727/1/626 807/1/626 806/1/626
f 713/1/627 714/1/627 794/1/627 793/1/627
f 700/1/628 701/1/628 781/1/628 780/1/628
f 727/1/629 728/1/629 808/1/629 807/1/629
f 714/1/630 715/1/630 795/1/630 794/1/630
f 701/1/631 702/1/631 782/1/631 781/1/631
f 728/1/632 729/1/632 809/1/632 808/1/632
f 715/1/633 716/1/633 796/1/633 795/1/633
f 702/1/634 703/1/634 783/1/634 782/1/634
f 729/1/635 730/1/635 810/1/635 809/1/635
f 716/1/636 717/1/636 797/1/636 796/1/636
f 703/1/637 704/1/637 784/1/637 783/1/637
f 730/1/638 731/1/638 811/1/638 810/1/638
f 717/1/639 718/1/639 798/1/639 797/1/639
f 704/1/640 705/1/640 785/1/640 784/1/640
f 731/1/641 732/1/641 812/1/641 811/1/641
f 718/1/642 719/1/642 799/1/642 798/1/642
f 705/1/643 706/1/643 786/1/643 785/1/643
f 732/1/644 733/1/644 813/1/644 812/1/644
f 719/1/645 720/1/645 800/1/645 799/1/645
f 763/1/646 762/1/646 842/1/646 843/1/646
f 801/1/647 802/1/647 882/1/647 881/1/647
f 764/1/648 763/1/648 843/1/648 844/1/648
f 802/1/649 803/1/649 883/1/649 882/1/649
f 765/1/650 764/1/650 844/1/650 845/1/650
f 803/1/651 804/1/651 884/1/651 883/1/651
f 766/1/652 765/1/652 845/1/652 846/1/652
f 740/1/653 739/1/653 819/1/653 820/1/653
f 804/1/654 805/1/654 885/1/654 884/1/654
f 767/1/655 766/1/655 846/1/655 847/1/655
f 741/1/656 740/1/656 820/1/656 821/1/656
f 805/1/657 806/1/657 886/1/657 885/1/657
f 779/1/658 780/1/658 860/1/658 859/1/658
f 768/1/659 767/1/659 847/1/659 848/1/659
f 742/1/660 741/1/660 821/1/660 822/1/660
f 806/1/661 807/1/661 887/1/661 886/1/661
f 780/1/662 781/1/662 861/1/662 860/1/662
f 769/1/663 768/1/663 848/1/663 849/1/663
f 743/1/664 742/1/664 822/1/664 823/1/664
f 807/1/665 808/1/665 888/1/665 887/1/665
f 781/1/666 782/1/666 862/1/666 861/1/666
f 770/1/667 769/1/667 849/1/667 850/1/667
f 744/1/668 743/1/668 823/1/668 824/1/668
f 808/1/669 809/1/669 889/1/669 888/1/669
f 782/1/670 783/1/670 863/1/670 862/1/670
f 771/1/671 770/1/671 850/1/671 851/1/671
f 745/1/672 744/1/672 824/1/672 825/1/672
f 809/1/673 810/1/673 890/1/673 889/1/673
f 783/1/674 784/1/674 864/1/674 863/1/674
f 772/1/675 771/1/675 851/1/675 852/1/675
f 746/1/676 745/1/676 825/1/676 826/1/676
f 810/1/677 811/1/677 891/1/677 890/1/677
f 784/1/678 785/1/678 865/1/678 864/1/678
f 773/1/679 772/1/679 852/1/679 853/1/679
f 747/1/680 746/1/680 826/1/680 827/1/680
f 811/1/681 812/1/681 892/1/681 891/1/681
f 785/1/682 786/1/682 866/1/682 865/1/682
f 774/1/683 773/1/683 853/1/683 854/1/683
f 748/1/684 747/1/684 827/1/684 828/1/684
f 812/1/685 813/1/685 893/1/685 892/1/685
f 786/1/686 787/1/686 867/1/686 866/1/686
f 775/1/687 774/1/687 854/1/687 855/1/687
f 749/1/688 748/1/688 828/1/688 829/1/688
f 813/1/689 814/1/689 894/1/689 893/1/689
f 787/1/690 788/1/690 868/1/690 867/1/690
f 776/1/691 775/1/691 855/1/691 856/1/691
f 750/1/692 749/1/692 829/1/692 830/1/692
f 814/1/693 815/1/693 895/1/693 894/1/693
f 788/1/694 789/1/694 869/1/694 868/1/694
f 777/1/695 776/1/695 856/1/695 857/1/695
f 751/1/696 750/1/696 830/1/696 831/1/696
f 815/1/697 816/1/697 896/1/697 895/1/697
f 789/1/698 790/1/698 870/1/698 869/1/698
f 778/1/699 777/1/699 857/1/699 858/1/699
f 752/1/700 751/1/700 831/1/700 832/1/700
f 816/1/701 817/1/701 897/1/701 896/1/701
f 790/1/702 791/1/702 871/1/702 870/1/702
f 739/1/703 778/1/703 858/1/703 819/1/703
f 753/1/704 752/1/704 832/1/704 833/1/704
f 817/1/705 818/1/705 898/1/705 897/1/705
f 791/1/706 792/1/706 872/1/706 871/1/706
f 754/1/707 753/1/707 833/1/707 834/1/707
f 818/1/708 779/1/708 859/1/708 898/1/708
f 792/1/709 793/1/709 873/1/709 872/1/709
f 755/1/710 754/1/710 834/1/710 835/1/710
f 793/1/711 794/1/711 874/1/711 873/1/711
f 756/1/712 755/1/712 835/1/712 836/1/712
f 794/1/713 795/1/713 875/1/713 874/1/713
f 757/1/714 756/1/714 836/1/714 837/1/714
f 795/1/715 796/1/715 876/1/715 875/1/715
f 758/1/716 757/1/716 837/1/716 838/1/716
f 796/1/717 797/1/717 877/1/717 876/1/717
f 759/1/718 758/1/718 838/1/718 839/1/718
f 797/1/719 798/1/719 878/1/719 877/1/719
f 760/1/720 759/1/720 839/1/720 840/1/720
f 798/1/721 799/1/721 879/1/721 878/1/721
f 761/1/722 760/1/722 840/1/722 841/1/722
f 799/1/723 800/1/723 880/1/723 879/1/723
f 762/1/724 761/1/724 841/1/724 842/1/724
f 800/1/725 801/1/725 881/1/725 880/1/725
f 888/1/752 889/1/752 1009/1/752 1008/1/752
f 861/1/752 862/1/752 982/1/752 981/1/752
f 874/1/752 875/1/752 995/1/752 994/1/752
f 887/1/752 888/1/752 1008/1/752 1007/1/752
f 860/1/752 861/1/752 981/1/752 980/1/752
f 873/1/752 874/1/752 994/1/752 993/1/752
f 886/1/752 887/1/752 1007/1/752 1006/1/752
f 859/1/752 860/1/752 980/1/752 979/1/752
f 872/1/752 873/1/752 993/1/752 992/1/752
f 885/1/752 886/1/752 1006/1/752 1005/1/752
f 898/1/752 859/1/752 979/1/752 1018/1/752
f 871/1/752 872/1/752 992/1/752 991/1/752
f 884/1/752 885/1/752 1005/1/752 1004/1/752
f 897/1/752 898/1/752 1018/1/752 1017/1/752
f 870/1/752 871/1/752 991/1/752 990/1/752
f 883/1/752 884/1/752 1004/1/752 1003/1/752
f 875/1/752 876/1/752 996/1/752 995/1/752
f 862/1/752 863/1/752 983/1/752 982/1/752
f 889/1/752 890/1/752 1010/1/752 1009/1/752
f 876/1/752 877/1/752 997/1/752 996/1/752
f 863/1/752 864/1/752 984/1/752 983/1/752
f 890/1/752 891/1/752 1011/1/752 1010/1/752
f 877/1/752 878/1/752 998/1/752 997/1/752
f 864/1/752 865/1/752 985/1/752 984/1/752
f 891/1/752 892/1/752 1012/1/752 1011/1/752
f 878/1/752 879/1/752 999/1/752 998/1/752
f 865/1/752 866/1/752 986/1/752 985/1/752
f 892/1/752 893/1/752 1013/1/752 1012/1/752
f 879/1/752 880/1/752 1000/1/752 999/1/752
f 866/1/752 867/1/752 987/1/752 986/1/752
f 893/1/752 894/1/752 1014/1/752 1013/1/752
f 880/1/752 881/1/752 1001/1/752 1000/1/752
f 867/1/752 868/1/752 988/1/752 987/1/752
f 894/1/752 895/1/752 1015/1/752 1014/1/752
f 881/1/752 882/1/752 1002/1/752 1001/1/752
f 868/1/752 869/1/752 989/1/752 988/1/752
f 895/1/752 896/1/752 1016/1/752 1015/1/752
f 882/1/752 883/1/752 1003/1/752 1002/1/752
f 869/1/752 870/1/752 990/1/752 989/1/752
f 896/1/752 897/1/752 1017/1/752 1016/1/752
f 1318/1/775 1319/1/775 1359/1/775 1358/1/775
f 1305/1/776 1306/1/776 1346/1/776 1345/1/776
f 1332/1/777 1333/1/777 1373/1/777 1372/1/777
f 1319/1/778 1320/1/778 1360/1/778 1359/1/778
f 1306/1/779 1307/1/779 1347/1/779 1346/1/779
f 1333/1/780 1334/1/780 1374/1/780 1373/1/780
f 1320/1/781 1321/1/781 1361/1/781 1360/1/781
f 1307/1/782 1308/1/782 1348/1/782 1347/1/782
f 1334/1/783 1335/1/783 1375/1/783 1374/1/783
f 1321/1/784 1322/1/784 1362/1/784 1361/1/784
f 1308/1/785 1309/1/785 1349/1/785 1348/1/785
f 1335/1/786 1336/1/786 1376/1/786 1375/1/786
f 1322/1/787 1323/1/787 1363/1/787 1362/1/787
f 1309/1/788 1310/1/788 1350/1/788 1349/1/788
f 1336/1/789 1337/1/789 1377/1/789 1376/1/789
f 1323/1/790 1324/1/790 1364/1/790 1363/1/790
f 1310/1/791 1311/1/791 1351/1/791 1350/1/791
f 1337/1/792 1338/1/792 1378/1/792 1377/1/792
f 1324/1/793 1325/1/793 1365/1/793 1364/1/793
f 1311/1/794 1312/1/794 1352/1/794 1351/1/794
f 1338/1/795 1299/1/795 1339/1/795 1378/1/795
f 1325/1/796 1326/1/796 1366/1/796 1365/1/796
f 1312/1/797 1313/1/797 1353/1/797 1352/1/797
f 1299/1/798 1300/1/798 1340/1/798 1339/1/798
f 1326/1/799 1327/1/799 1367/1/799 1366/1/799
f 1313/1/800 1314/1/800 1354/1/800 1353/1/800
f 1300/1/801 1301/1/801 1341/1/801 1340/1/801
f 1327/1/802 1328/1/802 1368/1/802 1367/1/802
f 1314/1/803 1315/1/803 1355/1/803 1354/1/803
f 1301/1/804 1302/1/804 1342/1/804 1341/1/804
f 1328/1/805 1329/1/805 1369/1/805 1368/1/805
f 1315/1/806 1316/1/806 1356/1/806 1355/1/806
f 1302/1/807 1303/1/807 1343/1/807 1342/1/807
f 1329/1/808 1330/1/808 1370/1/808 1369/1/808
f 1316/1/809 1317/1/809 1357/1/809 1356/1/809
f 1303/1/810 1304/1/810 1344/1/810 1343/1/810
f 1330/1/811 1331/1/811 1371/1/811 1370/1/811
f 1317/1/812 1318/1/812 1358/1/812 1357/1/812
f 1304/1/813 1305/1/813 1345/1/813 1344/1/813
f 1331/1/814 1332/1/814 1372/1/814 1371/1/814
f 1358/1/486 1359/1/486 1399/1/486 1398/1/486
f 1345/1/487 1346/1/487 1386/1/487 1385/1/487
f 1372/1/488 1373/1/488 1413/1/488 1412/1/488
f 1359/1/489 1360/1/489 1400/1/489 1399/1/489
f 1346/1/490 1347/1/490 1387/1/490 1386/1/490
f 1373/1/491 1374/1/491 1414/1/491 1413/1/491
f 1360/1/492 1361/1/492 1401/1/492 1400/1/492
f 1347/1/493 1348/1/493 1388/1/493 1387/1/493
f 1374/1/494 1375/1/494 1415/1/494 1414/1/494
f 1361/1/495 1362/1/495 1402/1/495 1401/1/495
f 1348/1/496 1349/1/496 1389/1/496 1388/1/496
f 1375/1/497 1376/1/497 1416/1/497 1415/1/497
f 1362/1/498 1363/1/498 1403/1/498 1402/1/498
f 1349/1/499 1350/1/499 1390/1/499 1389/1/499
f 1376/1/500 1377/1/500 1417/1/500 1416/1/500
f 1363/1/501 1364/1/501 1404/1/501 1403/1/501
f 1350/1/502 1351/1/502 1391/1/502 1390/1/502
f 1377/1/503 1378/1/503 1418/1/503 1417/1/503
f 1364/1/504 1365/1/504 1405/1/504 1404/1/504
f 1351/1/505 1352/1/505 1392/1/505 1391/1/505
f 1378/1/506 1339/1/506 1379/1/506 1418/1/506
f 1365/1/507 1366/1/507 1406/1/507 1405/1/507
f 1352/1/508 1353/1/508 1393/1/508 1392/1/508
f 1339/1/509 1340/1/509 1380/1/509 1379/1/509
f 1366/1/510 1367/1/510 1407/1/510 1406/1/510
f 1353/1/511 1354/1/511 1394/1/511 1393/1/511
f 1340/1/512 1341/1/512 1381/1/512 1380/1/512
f 1367/1/513 1368/1/513 1408/1/513 1407/1/513
f 1354/1/514 1355/1/514 1395/1/514 1394/1/514
f 1341/1/515 1342/1/515 1382/1/515 1381/1/515
f 1368/1/516 1369/1/516 1409/1/516 1408/1/516
f 1355/1/517 1356/1/517 1396/1/517 1395/1/517
f 1342/1/518 1343/1/518 1383/1/518 1382/1/518
f 1369/1/519 1370/1/519 1410/1/519 1409/1/519
f 1356/1/520 1357/1/520 1397/1/520 1396/1/520
f 1343/1/521 1344/1/521 1384/1/521 1383/1/521
f 1370/1/522 1371/1/522 1411/1/522 1410/1/522
f 1357/1/523 1358/1/523 1398/1/523 1397/1/523
f 1344/1/524 1345/1/524 1385/1/524 1384/1/524
f 1371/1/525 1372/1/525 1412/1/525 1411/1/525
f 1385/1/487 1386/1/487 1426/1/487 1425/1/487
f 1412/1/488 1413/1/488 1453/1/488 1452/1/488
f 1399/1/489 1400/1/489 1440/1/489 1439/1/489
f 1386/1/490 1387/1/490 1427/1/490 1426/1/490
f 1413/1/491 1414/1/491 1454/1/491 1453/1/491
f 1400/1/492 1401/1/492 1441/1/492 1440/1/492
f 1387/1/493 1388/1/493 1428/1/493 1427/1/493
f 1414/1/494 1415/1/494 1455/1/494 1454/1/494
f 1401/1/495 1402/1/495 1442/1/495 1441/1/495
f 1388/1/496 1389/1/496 1429/1/496 1428/1/496
f 1415/1/497 1416/1/497 1456/1/497 1455/1/497
f 1402/1/498 1403/1/498 1443/1/498 1442/1/498
f 1389/1/499 1390/1/499 1430/1/499 1429/1/499
f 1416/1/500 1417/1/500 1457/1/500 1456/1/500
f 1403/1/501 1404/1/501 1444/1/501 1443/1/501
f 1390/1/502 1391/1/502 1431/1/502 1430/1/502
f 1417/1/503 1418/1/503 1458/1/503 1457/1/503
f 1404/1/504 1405/1/504 1445/1/504 1444/1/504
f 1391/1/505 1392/1/505 1432/1/505 1431/1/505
f 1418/1/506 1379/1/506 1419/1/506 1458/1/506
f 1405/1/507 1406/1/507 1446/1/507 1445/1/507
f 1392/1/508 1393/1/508 1433/1/508 1432/1/508
f 1379/1/509 1380/1/509 1420/1/509 1419/1/509
f 1406/1/510 1407/1/510 1447/1/510 1446/1/510
f 1393/1/511 1394/1/511 1434/1/511 1433/1/511
f 1380/1/512 1381/1/512 1421/1/512 1420/1/512
f 1407/1/513 1408/1/513 1448/1/513 1447/1/513
f 1394/1/514 1395/1/514 1435/1/514 1434/1/514
f 1381/1/515 1382/1/515 1422/1/515 1421/1/515
f 1408/1/516 1409/1/516 1449/1/516 1448/1/516
f 1395/1/517 1396/1/517 1436/1/517 1435/1/517
f 1382/1/518 1383/1/518 1423/1/518 1422/1/518
f 1409/1/519 1410/1/519 1450/1/519 1449/1/519
f 1396/1/520 1397/1/520 1437/1/520 1436/1/520
f 1383/1/521 1384/1/521 1424/1/521 1423/1/521
f 1410/1/522 1411/1/522 1451/1/522 1450/1/522
f 1397/1/523 1398/1/523 1438/1/523 1437/1/523
f 1384/1/524 1385/1/524 1425/1/524 1424/1/524
f 1411/1/525 1412/1/525 1452/1/525 1451/1/525
f 1398/1/486 1399/1/486 1439/1/486 1438/1/486
f 1439/1/815 1440/1/815 1480/1/815 1479/1/815
f 1426/1/816 1427/1/816 1467/1/816 1466/1/816
f 1453/1/817 1454/1/817 1494/1/817 1493/1/817
f 1440/1/818 1441/1/818 1481/1/818 1480/1/818
f 1427/1/819 1428/1/819 1468/1/819 1467/1/819
f 1454/1/820 1455/1/820 1495/1/820 1494/1/820
f 1441/1/821 1442/1/821 1482/1/821 1481/1/821
f 1428/1/822 1429/1/822 1469/1/822 1468/1/822
f 1455/1/823 1456/1/823 1496/1/823 1495/1/823
f 1442/1/824 1443/1/824 1483/1/824 1482/1/824
f 1429/1/825 1430/1/825 1470/1/825 1469/1/825
f 1456/1/826 1457/1/826 1497/1/826 1496/1/826
f 1443/1/827 1444/1/827 1484/1/827 1483/1/827
f 1430/1/828 1431/1/828 1471/1/828 1470/1/828
f 1457/1/829 1458/1/829 1498/1/829 1497/1/829
f 1444/1/830 1445/1/830 1485/1/830 1484/1/830
f 1431/1/831 1432/1/831 1472/1/831 1471/1/831
f 1458/1/832 1419/1/832 1459/1/832 1498/1/832
f 1445/1/833 1446/1/833 1486/1/833 1485/1/833
f 1432/1/834 1433/1/834 1473/1/834 1472/1/834
f 1419/1/835 1420/1/835 1460/1/835 1459/1/835
f 1446/1/836 1447/1/836 1487/1/836 1486/1/836
f 1433/1/837 1434/1/837 1474/1/837 1473/1/837
f 1420/1/838 1421/1/838 1461/1/838 1460/1/838
f 1447/1/839 1448/1/839 1488/1/839 1487/1/839
f 1434/1/840 1435/1/840 1475/1/840 1474/1/840
f 1421/1/841 1422/1/841 1462/1/841 1461/1/841
f 1448/1/842 1449/1/842 1489/1/842 1488/1/842
f 1435/1/843 1436/1/843 1476/1/843 1475/1/843
f 1422/1/844 1423/1/844 1463/1/844 1462/1/844
f 1449/1/845 1450/1/845 1490/1/845 1489/1/845
f 1436/1/846 1437/1/846 1477/1/846 1476/1/846
f 1423/1/847 1424/1/847 1464/1/847 1463/1/847
f 1450/1/848 1451/1/848 1491/1/848 1490/1/848
f 1437/1/849 1438/1/849 1478/1/849 1477/1/849
f 1424/1/850 1425/1/850 1465/1/850 1464/1/850
f 1451/1/851 1452/1/851 1492/1/851 1491/1/851
f 1438/1/852 1439/1/852 1479/1/852 1478/1/852
f 1425/1/853 1426/1/853 1466/1/853 1465/1/853
f 1452/1/854 1453/1/854 1493/1/854 1492/1/854
f 1319/1/855 1318/1/855 1518/1/855 1519/1/855
f 1306/1/856 1305/1/856 1505/1/856 1506/1/856
f 1333/1/857 1332/1/857 1532/1/857 1533/1/857
f 1320/1/858 1319/1/858 1519/1/858 1520/1/858
f 1307/1/859 1306/1/859 1506/1/859 1507/1/859
f 1334/1/860 1333/1/860 1533/1/860 1534/1/860
f 1321/1/861 1320/1/861 1520/1/861 1521/1/861
f 1308/1/862 1307/1/862 1507/1/862 1508/1/862
f 1335/1/863 1334/1/863 1534/1/863 1535/1/863
f 1322/1/864 1321/1/864 1521/1/864 1522/1/864
f 1309/1/865 1308/1/865 1508/1/865 1509/1/865
f 1336/1/866 1335/1/866 1535/1/866 1536/1/866
f 1323/1/867 1322/1/867 1522/1/867 1523/1/867
f 1310/1/868 1309/1/868 1509/1/868 1510/1/868
f 1337/1/869 1336/1/869 1536/1/869 1537/1/869
f 1324/1/870 1323/1/870 1523/1/870 1524/1/870
f 1311/1/871 1310/1/871 1510/1/871 1511/1/871
f 1338/1/872 1337/1/872 1537/1/872 1538/1/872
f 1325/1/873 1324/1/873 1524/1/873 1525/1/873
f 1312/1/874 1311/1/874 1511/1/874 1512/1/874
f 1299/1/875 1338/1/875 1538/1/875 1499/1/875
f 1326/1/876 1325/1/876 1525/1/876 1526/1/876
f 1313/1/877 1312/1/877 1512/1/877 1513/1/877
f 1300/1/878 1299/1/878 1499/1/878 1500/1/878
f 1327/1/879 1326/1/879 1526/1/879 1527/1/879
f 1314/1/880 1313/1/880 1513/1/880 1514/1/880
f 1301/1/881 1300/1/881 1500/1/881 1501/1/881
f 1328/1/882 1327/1/882 1527/1/882 1528/1/882
f 1315/1/883 1314/1/883 1514/1/883 1515/1/883
f 1302/1/884 1301/1/884 1501/1/884 1502/1/884
f 1329/1/885 1328/1/885 1528/1/885 1529/1/885
f 1316/1/886 1315/1/886 1515/1/886 1516/1/886
f 1303/1/887 1302/1/887 1502/1/887 1503/1/887
f 1330/1/888 1329/1/888 1529/1/888 1530/1/888
f 1317/1/889 1316/1/889 1516/1/889 1517/1/889
f 1304/1/890 1303/1/890 1503/1/890 1504/1/890
f 1331/1/891 1330/1/891 1530/1/891 1531/1/891
f 1318/1/892 1317/1/892 1517/1/892 1518/1/892
f 1305/1/893 1304/1/893 1504/1/893 1505/1/893
f 1332/1/894 1331/1/894 1531/1/894 1532/1/894
f 1466/1/895 1467/1/895 1547/1/895 1546/1/895
f 1493/1/896 1494/1/896 1574/1/896 1573/1/896
f 1480/1/897 1481/1/897 1561/1/897 1560/1/897
f 1467/1/898 1468/1/898 1548/1/898 1547/1/898
f 1494/1/899 1495/1/899 1575/1/899 1574/1/899
f 1481/1/900 1482/1/900 1562/1/900 1561/1/900
f 1468/1/901 1469/1/901 1549/1/901 1548/1/901
f 1495/1/902 1496/1/902 1576/1/902 1575/1/902
f 1482/1/903 1483/1/903 1563/1/903 1562/1/903
f 1469/1/904 1470/1/904 1550/1/904 1549/1/904
f 1496/1/905 1497/1/905 1577/1/905 1576/1/905
f 1483/1/906 1484/1/906 1564/1/906 1563/1/906
f 1470/1/907 1471/1/907 1551/1/907 1550/1/907
f 1497/1/908 1498/1/908 1578/1/908 1577/1/908
f 1484/1/909 1485/1/909 1565/1/909 1564/1/909
f 1471/1/910 1472/1/910 1552/1/910 1551/1/910
f 1498/1/911 1459/1/911 1539/1/911 1578/1/911
f 1485/1/912 1486/1/912 1566/1/912 1565/1/912
f 1472/1/913 1473/1/913 1553/1/913 1552/1/913
f 1459/1/914 1460/1/914 1540/1/914 1539/1/914
f 1486/1/915 1487/1/915 1567/1/915 1566/1/915
f 1473/1/916 1474/1/916 1554/1/916 1553/1/916
f 1460/1/917 1461/1/917 1541/1/917 1540/1/917
f 1487/1/918 1488/1/918 1568/1/918 1567/1/918
f 1474/1/919 1475/1/919 1555/1/919 1554/1/919
f 1461/1/920 1462/1/920 1542/1/920 1541/1/920
f 1488/1/921 1489/1/921 1569/1/921 1568/1/921
f 1475/1/922 1476/1/922 1556/1/922 1555/1/922
f 1462/1/923 1463/1/923 1543/1/923 1542/1/923
f 1489/1/924 1490/1/924 1570/1/924 1569/1/924
f 1476/1/925 1477/1/925 1557/1/925 1556/1/925
f 1463/1/926 1464/1/926 1544/1/926 1543/1/926
f 1490/1/927 1491/1/927 1571/1/927 1570/1/927
f 1477/1/928 1478/1/928 1558/1/928 1557/1/928
f 1464/1/929 1465/1/929 1545/1/929 1544/1/929
f 1491/1/930 1492/1/930 1572/1/930 1571/1/930
f 1478/1/931 1479/1/931 1559/1/931 1558/1/931
f 1465/1/932 1466/1/932 1546/1/932 1545/1/932
f 1492/1/933 1493/1/933 1573/1/933 1572/1/933
f 1479/1/934 1480/1/934 1560/1/934 1559/1/934
f 1523/1/646 1522/1/646 1602/1/646 1603/1/646
f 1561/1/647 1562/1/647 1642/1/647 1641/1/647
f 1524/1/648 1523/1/648 1603/1/648 1604/1/648
f 1562/1/649 1563/1/649 1643/1/649 1642/1/649
f 1525/1/650 1524/1/650 1604/1/650 1605/1/650
f 1563/1/651 1564/1/651 1644/1/651 1643/1/651
f 1526/1/652 1525/1/652 1605/1/652 1606/1/652
f 1500/1/653 1499/1/653 1579/1/653 1580/1/653
f 1564/1/654 1565/1/654 1645/1/654 1644/1/654
f 1527/1/655 1526/1/655 1606/1/655 1607/1/655
f 1501/1/656 1500/1/656 1580/1/656 1581/1/656
f 1565/1/657 1566/1/657 1646/1/657 1645/1/657
f 1539/1/658 1540/1/658 1620/1/658 1619/1/658
f 1528/1/659 1527/1/659 1607/1/659 1608/1/659
f 1502/1/660 1501/1/660 1581/1/660 1582/1/660
f 1566/1/661 1567/1/661 1647/1/661 1646/1/661
f 1540/1/662 1541/1/662 1621/1/662 1620/1/662
f 1529/1/663 1528/1/663 1608/1/663 1609/1/663
f 1503/1/664 1502/1/664 1582/1/664 1583/1/664
f 1567/1/665 1568/1/665 1648/1/665 1647/1/665
f 1541/1/666 1542/1/666 1622/1/666 1621/1/666
f 1530/1/667 1529/1/667 1609/1/667 1610/1/667
f 1504/1/668 1503/1/668 1583/1/668 1584/1/668
f 1568/1/669 1569/1/669 1649/1/669 1648/1/669
f 1542/1/670 1543/1/670 1623/1/670 1622/1/670
f 1531/1/671 1530/1/671 1610/1/671 1611/1/671
f 1505/1/672 1504/1/672 1584/1/672 1585/1/672
f 1569/1/673 1570/1/673 1650/1/673 1649/1/673
f 1543/1/674 1544/1/674 1624/1/674 1623/1/674
f 1532/1/675 1531/1/675 1611/1/675 1612/1/675
f 1506/1/676 1505/1/676 1585/1/676 1586/1/676
f 1570/1/677 1571/1/677 1651/1/677 1650/1/677
f 1544/1/678 1545/1/678 1625/1/678 1624/1/678
f 1533/1/679 1532/1/679 1612/1/679 1613/1/679
f 1507/1/680 1506/1/680 1586/1/680 1587/1/680
f 1571/1/681 1572/1/681 1652/1/681 1651/1/681
f 1545/1/682 1546/1/682 1626/1/682 1625/1/682
f 1534/1/683 1533/1/683 1613/1/683 1614/1/683
f 1508/1/684 1507/1/684 1587/1/684 1588/1/684
f 1572/1/685 1573/1/685 1653/1/685 1652/1/685
f 1546/1/686 1547/1/686 1627/1/686 1626/1/686
f 1535/1/687 1534/1/687 1614/1/687 1615/1/687
f 1509/1/688 1508/1/688 1588/1/688 1589/1/688
f 1573/1/689 1574/1/689 1654/1/689 1653/1/689
f 1547/1/690 1548/1/690 1628/1/690 1627/1/690
f 1536/1/691 1535/1/691 1615/1/691 1616/1/691
f 1510/1/692 1509/1/692 1589/1/692 1590/1/692
f 1574/1/693 1575/1/693 1655/1/693 1654/1/693
f 1548/1/694 1549/1/694 1629/1/694 1628/1/694
f 1537/1/695 1536/1/695 1616/1/695 1617/1/695
f 1511/1/696 1510/1/696 1590/1/696 1591/1/696
f 1575/1/697 1576/1/697 1656/1/697 1655/1/697
f 1549/1/698 1550/1/698 1630/1/698 1629/1/698
f 1538/1/699 1537/1/699 1617/1/699 1618/1/699
f 1512/1/700 1511/1/700 1591/1/700 1592/1/700
f 1576/1/701 1577/1/701 1657/1/701 1656/1/701
f 1550/1/702 1551/1/702 1631/1/702 1630/1/702
f 1499/1/703 1538/1/703 1618/1/703 1579/1/703
f 1513/1/704 1512/1/704 1592/1/704 1593/1/704
f 1577/1/705 1578/1/705 1658/1/705 1657/1/705
f 1551/1/706 1552/1/706 1632/1/706 1631/1/706
f 1514/1/707 1513/1/707 1593/1/707 1594/1/707
f 1578/1/708 1539/1/708 1619/1/708 1658/1/708
f 1552/1/709 1553/1/709 1633/1/709 1632/1/709
f 1515/1/710 1514/1/710 1594/1/710 1595/1/710
f 1553/1/711 1554/1/711 1634/1/711 1633/1/711
f 1516/1/712 1515/1/712 1595/1/712 1596/1/712
f 1554/1/713 1555/1/713 1635/1/713 1634/1/713
f 1517/1/714 1516/1/714 1596/1/714 1597/1/714
f 1555/1/715 1556/1/715 1636/1/715 1635/1/715
f 1518/1/716 1517/1/716 1597/1/716 1598/1/716
f 1556/1/717 1557/1/717 1637/1/717 1636/1/717
f 1519/1/718 1518/1/718 1598/1/718 1599/1/718
f 1557/1/719 1558/1/719 1638/1/719 1637/1/719
f 1520/1/720 1519/1/720 1599/1/720 1600/1/720
f 1558/1/721 1559/1/721 1639/1/721 1638/1/721
f 1521/1/722 1520/1/722 1600/1/722 1601/1/722
f 1559/1/723 1560/1/723 1640/1/723 1639/1/723
f 1522/1/724 1521/1/724 1601/1/724 1602/1/724
f 1560/1/725 1561/1/725 1641/1/725 1640/1/725
f 1648/1/752 1649/1/752 1769/1/752 1768/1/752
f 1621/1/752 1622/1/752 1742/1/752 1741/1/752
f 1634/1/752 1635/1/752 1755/1/752 1754/1/752
f 1647/1/752 1648/1/752 1768/1/752 1767/1/752
f 1620/1/752 1621/1/752 1741/1/752 1740/1/752
f 1633/1/752 1634/1/752 1754/1/752 1753/1/752
f 1646/1/752 1647/1/752 1767/1/752 1766/1/752
f 1619/1/752 1620/1/752 1740/1/752 1739/1/752
f 1632/1/752 1633/1/752 1753/1/752 1752/1/752
f 1645/1/752 1646/1/752 1766/1/752 1765/1/752
f 1658/1/752 1619/1/752 1739/1/752 1778/1/752
f 1631/1/752 1632/1/752 1752/1/752 1751/1/752
f 1644/1/752 1645/1/752 1765/1/752 1764/1/752
f 1657/1/752 1658/1/752 1778/1/752 1777/1/752
f 1630/1/752 1631/1/752 1751/1/752 1750/1/752
f 1643/1/752 1644/1/752 1764/1/752 1763/1/752
f 1635/1/752 1636/1/752 1756/1/752 1755/1/752
f 1622/1/752 1623/1/752 1743/1/752 1742/1/752
f 1649/1/752 1650/1/752 1770/1/752 1769/1/752
f 1636/1/752 1637/1/752 1757/1/752 1756/1/752
f 1623/1/752 1624/1/752 1744/1/752 1743/1/752
f 1650/1/752 1651/1/752 1771/1/752 1770/1/752
f 1637/1/752 1638/1/752 1758/1/752 1757/1/752
f 1624/1/752 1625/1/752 1745/1/752 1744/1/752
f 1651/1/752 1652/1/752 1772/1/752 1771/1/752
f 1638/1/752 1639/1/752 1759/1/752 1758/1/752
f 1625/1/752 1626/1/752 1746/1/752 1745/1/752
f 1652/1/752 1653/1/752 1773/1/752 1772/1/752
f 1639/1/752 1640/1/752 1760/1/752 1759/1/752
f 1626/1/752 1627/1/752 1747/1/752 1746/1/752
f 1653/1/752 1654/1/752 1774/1/752 1773/1/752
f 1640/1/752 1641/1/752 1761/1/752 1760/1/752
f 1627/1/752 1628/1/752 1748/1/752 1747/1/752
f 1654/1/752 1655/1/752 1775/1/752 1774/1/752
f 1641/1/752 1642/1/752 1762/1/752 1761/1/752
f 1628/1/752 1629/1/752 1749/1/752 1748/1/752
f 1655/1/752 1656/1/752 1776/1/752 1775/1/752
f 1642/1/752 1643/1/752 1763/1/752 1762/1/752
f 1629/1/752 1630/1/752 1750/1/752 1749/1/752
f 1656/1/752 1657/1/752 1777/1/752 1776/1/752
f 2079/4/943 2082/5/943 2062/6/943 2061/7/943
f 2068/8/944 2069/9/944 2105/9/944 2104/8/944
f 2083/10/945 2086/11/945 2064/12/945 2063/13/945
f 2073/14/946 2078/15/946 2060/16/946 2059/17/946
f 2098/18/947 2083/10/947 2063/13/947 2075/19/947
f 2092/20/948 2081/21/948 2060/22/948 2078/23/948
f 2086/11/949 2088/24/949 2076/25/949 2064/12/949
f 2088/24/950 2090/26/950 2077/27/950 2076/25/950
f 2090/26/950 2092/20/950 2078/23/950 2077/27/950
f 2080/28/951 2094/29/951 2073/30/951 2059/31/951
f 2094/29/952 2096/32/952 2074/33/952 2073/30/952
f 2096/32/951 2098/18/951 2075/19/951 2074/33/951
f 2063/13/953 2064/12/953 2076/34/953 2075/35/953
f 2075/35/954 2076/34/954 2077/36/954 2074/37/954
f 2074/37/955 2077/36/955 2078/15/955 2073/14/955
f 2071/38/951 2072/39/951 2108/39/951 2107/38/951
f 2061/7/956 2062/6/956 2100/6/956 2099/7/956
f 2067/40/950 2068/8/950 2104/8/950 2103/40/950
f 2068/8/957 2067/40/957 2097/41/957 2095/42/957
f 2095/42/950 2097/41/950 2098/18/950 2096/32/950
f 2069/9/958 2068/8/958 2095/42/958 2093/43/958
f 2093/43/952 2095/42/952 2096/32/952 2094/29/952
f 2061/44/959 2069/9/959 2093/43/959 2079/45/959
f 2079/45/951 2093/43/951 2094/29/951 2080/28/951
f 2071/38/960 2070/46/960 2091/47/960 2089/48/960
f 2089/48/950 2091/47/950 2092/20/950 2090/26/950
f 2072/39/961 2071/38/961 2089/48/961 2087/49/961
f 2087/49/950 2089/48/950 2090/26/950 2088/24/950
f 2066/50/962 2072/39/962 2087/49/962 2085/51/962
f 2085/51/963 2087/49/963 2088/24/963 2086/11/963
f 2070/46/964 2062/52/964 2082/53/964 2091/47/964
f 2091/47/948 2082/53/948 2081/21/948 2092/20/948
f 2067/40/965 2065/54/965 2084/55/965 2097/41/965
f 2097/41/966 2084/55/966 2083/10/966 2098/18/966
f 2065/54/967 2066/50/967 2085/51/967 2084/55/967
f 2084/55/968 2085/51/968 2086/11/968 2083/10/968
f 2059/56/969 2060/57/969 2081/58/969 2080/59/969
f 2080/59/969 2081/58/969 2082/5/969 2079/4/969
f 2103/40/970 2108/39/970 2102/50/970 2101/54/970
f 2104/8/971 2107/38/971 2108/39/971 2103/40/971
f 2105/9/972 2106/46/972 2107/38/972 2104/8/972
f 2099/44/972 2100/52/972 2106/46/972 2105/9/972
f 2069/9/950 2061/44/950 2099/44/950 2105/9/950
f 2062/52/973 2070/46/973 2106/46/973 2100/52/973
f 2072/39/963 2066/50/963 2102/50/963 2108/39/963
f 2065/54/966 2067/40/966 2103/40/966 2101/54/966
f 2070/46/951 2071/38/951 2107/38/951 2106/46/951
f 2066/50/974 2065/54/974 2101/54/974 2102/50/974
f 2133/60/987 2145/61/987 2156/62/987 2144/63/987
f 2134/64/988 2146/65/988 2145/66/988 2133/1/988
f 2135/67/989 2147/68/989 2146/65/989 2134/64/989
f 2136/69/990 2148/70/990 2147/68/990 2135/67/990
f 2137/71/991 2149/72/991 2148/70/991 2136/69/991
f 2138/73/992 2150/74/992 2149/72/992 2137/71/992
f 2139/75/993 2151/76/993 2150/74/993 2138/73/993
f 2140/77/994 2152/78/994 2151/76/994 2139/75/994
f 2141/79/995 2153/80/995 2152/78/995 2140/77/995
f 2142/81/996 2154/82/996 2153/80/996 2141/79/996
f 2143/83/997 2155/84/997 2154/82/997 2142/81/997
f 2144/63/998 2156/62/998 2155/84/998 2143/83/998
f 2145/61/999 2157/85/999 2168/86/999 2156/62/999
f 2146/65/1000 2158/87/1000 2157/88/1000 2145/66/1000
f 2147/68/1001 2159/89/1001 2158/87/1001 2146/65/1001
f 2148/70/1002 2160/90/1002 2159/89/1002 2147/68/1002
f 2149/72/1003 2161/91/1003 2160/90/1003 2148/70/1003
f 2150/74/1004 2162/92/1004 2161/91/1004 2149/72/1004
f 2151/76/1005 2163/93/1005 2162/92/1005 2150/74/1005
f 2152/78/1006 2164/94/1006 2163/93/1006 2151/76/1006
f 2153/80/1007 2165/95/1007 2164/94/1007 2152/78/1007
f 2154/82/1008 2166/96/1008 2165/95/1008 2153/80/1008
f 2155/84/1009 2167/97/1009 2166/96/1009 2154/82/1009
f 2156/62/1010 2168/86/1010 2167/97/1010 2155/84/1010
f 2157/85/1011 2169/98/1011 2180/99/1011 2168/86/1011
f 2158/87/1012 2170/100/1012 2169/101/1012 2157/88/1012
f 2159/89/1013 2171/102/1013 2170/100/1013 2158/87/1013
f 2160/90/1014 2172/103/1014 2171/102/1014 2159/89/1014
f 2161/91/1015 2173/104/1015 2172/103/1015 2160/90/1015
f 2162/92/1016 2174/105/1016 2173/104/1016 2161/91/1016
f 2163/93/1017 2175/106/1017 2174/105/1017 2162/92/1017
f 2164/94/1018 2176/107/1018 2175/106/1018 2163/93/1018
f 2165/95/1019 2177/108/1019 2176/107/1019 2164/94/1019
f 2166/96/1020 2178/33/1020 2177/108/1020 2165/95/1020
f 2167/97/1021 2179/109/1021 2178/33/1021 2166/96/1021
f 2168/86/1022 2180/99/1022 2179/109/1022 2167/97/1022
f 2169/98/1023 2181/110/1023 2192/111/1023 2180/99/1023
f 2170/100/1024 2182/112/1024 2181/113/1024 2169/101/1024
f 2171/102/1025 2183/114/1025 2182/112/1025 2170/100/1025
f 2172/103/1026 2184/115/1026 2183/114/1026 2171/102/1026
f 2173/104/1027 2185/116/1027 2184/115/1027 2172/103/1027
f 2174/105/1028 2186/117/1028 2185/116/1028 2173/104/1028
f 2175/106/1029 2187/118/1029 2186/117/1029 2174/105/1029
f 2176/107/1030 2188/119/1030 2187/118/1030 2175/106/1030
f 2177/108/1031 2189/120/1031 2188/119/1031 2176/107/1031
f 2178/33/1032 2190/121/1032 2189/120/1032 2177/108/1032
f 2179/109/1033 2191/122/1033 2190/121/1033 2178/33/1033
f 2180/99/1034 2192/111/1034 2191/122/1034 2179/109/1034
f 2181/110/1035 2193/123/1035 2204/124/1035 2192/111/1035
f 2182/112/1036 2194/125/1036 2193/126/1036 2181/113/1036
f 2183/114/1037 2195/127/1037 2194/125/1037 2182/112/1037
f 2184/115/1038 2196/128/1038 2195/127/1038 2183/114/1038
f 2185/116/1039 2197/129/1039 2196/128/1039 2184/115/1039
f 2186/117/1040 2198/130/1040 2197/129/1040 2185/116/1040
f 2187/118/1041 2199/131/1041 2198/130/1041 2186/117/1041
f 2188/119/1042 2200/132/1042 2199/131/1042 2187/118/1042
f 2189/120/1043 2201/133/1043 2200/132/1043 2188/119/1043
f 2190/121/1044 2202/134/1044 2201/133/1044 2189/120/1044
f 2191/122/1045 2203/135/1045 2202/134/1045 2190/121/1045
f 2192/111/1046 2204/124/1046 2203/135/1046 2191/122/1046
f 2193/123/1047 2205/136/1047 2216/137/1047 2204/124/1047
f 2194/125/1048 2206/138/1048 2205/139/1048 2193/126/1048
f 2195/127/1049 2207/140/1049 2206/138/1049 2194/125/1049
f 2196/128/1050 2208/141/1050 2207/140/1050 2195/127/1050
f 2197/129/1051 2209/142/1051 2208/141/1051 2196/128/1051
f 2198/130/1052 2210/143/1052 2209/142/1052 2197/129/1052
f 2199/131/1053 2211/144/1053 2210/143/1053 2198/130/1053
f 2200/132/1054 2212/145/1054 2211/144/1054 2199/131/1054
f 2201/133/1055 2213/146/1055 2212/145/1055 2200/132/1055
f 2202/134/1056 2214/147/1056 2213/146/1056 2201/133/1056
f 2203/135/1057 2215/148/1057 2214/147/1057 2202/134/1057
f 2204/124/1058 2216/137/1058 2215/148/1058 2203/135/1058
f 2205/136/1059 2217/149/1059 2228/150/1059 2216/137/1059
f 2206/138/1060 2218/151/1060 2217/152/1060 2205/139/1060
f 2207/140/1061 2219/153/1061 2218/151/1061 2206/138/1061
f 2208/141/1062 2220/154/1062 2219/153/1062 2207/140/1062
f 2209/142/1063 2221/155/1063 2220/154/1063 2208/141/1063
f 2210/143/1064 2222/156/1064 2221/155/1064 2209/142/1064
f 2211/144/1065 2223/157/1065 2222/156/1065 2210/143/1065
f 2212/145/1066 2224/158/1066 2223/157/1066 2211/144/1066
f 2213/146/1067 2225/159/1067 2224/158/1067 2212/145/1067
f 2214/147/1068 2226/160/1068 2225/159/1068 2213/146/1068
f 2215/148/1069 2227/161/1069 2226/160/1069 2214/147/1069
f 2216/137/1070 2228/150/1070 2227/161/1070 2215/148/1070
f 2217/149/1071 2229/162/1071 2240/163/1071 2228/150/1071
f 2218/151/1072 2230/164/1072 2229/165/1072 2217/152/1072
f 2219/153/1073 2231/166/1073 2230/164/1073 2218/151/1073
f 2220/154/1074 2232/167/1074 2231/166/1074 2219/153/1074
f 2221/155/1075 2233/168/1075 2232/167/1075 2220/154/1075
f 2222/156/1076 2234/169/1076 2233/168/1076 2221/155/1076
f 2223/157/1077 2235/170/1077 2234/169/1077 2222/156/1077
f 2224/158/1078 2236/171/1078 2235/170/1078 2223/157/1078
f 2225/159/1079 2237/172/1079 2236/171/1079 2224/158/1079
f 2226/160/1080 2238/173/1080 2237/172/1080 2225/159/1080
f 2227/161/1081 2239/174/1081 2238/173/1081 2226/160/1081
f 2228/150/1082 2240/163/1082 2239/174/1082 2227/161/1082
f 2229/162/1083 2241/175/1083 2252/176/1083 2240/163/1083
f 2230/164/1084 2242/177/1084 2241/178/1084 2229/165/1084
f 2231/166/1085 2243/179/1085 2242/177/1085 2230/164/1085
f 2232/167/1086 2244/180/1086 2243/179/1086 2231/166/1086
f 2233/168/1087 2245/181/1087 2244/180/1087 2232/167/1087
f 2234/169/1088 2246/182/1088 2245/181/1088 2233/168/1088
f 2235/170/1089 2247/38/1089 2246/182/1089 2234/169/1089
f 2236/171/1090 2248/48/1090 2247/38/1090 2235/170/1090
f 2237/172/1091 2249/183/1091 2248/48/1091 2236/171/1091
f 2238/173/1092 2250/27/1092 2249/183/1092 2237/172/1092
f 2239/174/1093 2251/184/1093 2250/27/1093 2238/173/1093
f 2240/163/1094 2252/176/1094 2251/184/1094 2239/174/1094
f 2241/175/1095 2253/185/1095 2264/186/1095 2252/176/1095
f 2242/177/1096 2254/187/1096 2253/188/1096 2241/178/1096
f 2243/179/1097 2255/189/1097 2254/187/1097 2242/177/1097
f 2244/180/1098 2256/190/1098 2255/189/1098 2243/179/1098
f 2245/181/1099 2257/191/1099 2256/190/1099 2244/180/1099
f 2246/182/1100 2258/192/1100 2257/191/1100 2245/181/1100
f 2247/38/1101 2259/193/1101 2258/192/1101 2246/182/1101
f 2248/48/1102 2260/194/1102 2259/193/1102 2247/38/1102
f 2249/183/1103 2261/195/1103 2260/194/1103 2248/48/1103
f 2250/27/1104 2262/196/1104 2261/195/1104 2249/183/1104
f 2251/184/1105 2263/197/1105 2262/196/1105 2250/27/1105
f 2252/176/1106 2264/186/1106 2263/197/1106 2251/184/1106
f 499/1/1108 2359/1/1108 2390/1/1108 504/1/1108
f 2359/1/1109 2358/1/1109 2391/1/1109 2390/1/1109
f 2358/1/1110 2357/1/1110 2392/1/1110 2391/1/1110
f 2357/1/1111 2356/1/1111 2393/1/1111 2392/1/1111
f 2356/1/1112 2355/1/1112 2394/1/1112 2393/1/1112
f 533/1/1114 2389/1/1114 2394/1/1114 531/1/1114
f 2389/1/1115 2388/1/1115 2393/1/1115 2394/1/1115
f 2388/1/1116 2387/1/1116 2392/1/1116 2393/1/1116
f 2387/1/1117 2386/1/1117 2391/1/1117 2392/1/1117
f 2386/1/1118 2385/1/1118 2390/1/1118 2391/1/1118
f 534/1/1119 2384/1/1119 2389/1/1119 533/1/1119
f 2384/1/1120 2383/1/1120 2388/1/1120 2389/1/1120
f 2383/1/1121 2382/1/1121 2387/1/1121 2388/1/1121
f 2382/1/1122 2381/1/1122 2386/1/1122 2387/1/1122
f 2381/1/1123 2380/1/1123 2385/1/1123 2386/1/1123
f 518/1/1131 2364/1/1131 2369/1/1131 517/1/1131
f 2364/1/1132 2363/1/1132 2368/1/1132 2369/1/1132
f 2363/1/1133 2362/1/1133 2367/1/1133 2368/1/1133
f 2362/1/1134 2361/1/1134 2366/1/1134 2367/1/1134
f 2361/1/1135 2360/1/1135 2365/1/1135 2366/1/1135
f 516/1/1136 2355/1/1136 2364/1/1136 518/1/1136
f 2355/1/1137 2356/1/1137 2363/1/1137 2364/1/1137
f 2356/1/1138 2357/1/1138 2362/1/1138 2363/1/1138
f 2357/1/1139 2358/1/1139 2361/1/1139 2362/1/1139
f 2358/1/1140 2359/1/1140 2360/1/1140 2361/1/1140
f 536/1/1250 519/1/1250 2471/1/1250 2490/1/1250
f 2490/1/1251 2471/1/1251 2470/1/1251 2491/1/1251
f 2491/1/1252 2470/1/1252 2469/1/1252 2492/1/1252
f 525/1/1254 2489/1/1254 2492/1/1254 523/1/1254
f 2489/1/1255 2488/1/1255 2491/1/1255 2492/1/1255
f 2488/1/1256 2487/1/1256 2490/1/1256 2491/1/1256
f 526/1/1257 2486/1/1257 2489/1/1257 525/1/1257
f 2486/1/1258 2485/1/1258 2488/1/1258 2489/1/1258
f 2485/1/1259 2484/1/1259 2487/1/1259 2488/1/1259
f 510/1/1261 2474/1/1261 2477/1/1261 509/1/1261
f 2474/1/1262 2473/1/1262 2476/1/1262 2477/1/1262
f 2473/1/1263 2472/1/1263 2475/1/1263 2476/1/1263
f 508/1/1264 2469/1/1264 2474/1/1264 510/1/1264
f 2469/1/1265 2470/1/1265 2473/1/1265 2474/1/1265
f 2470/1/1266 2471/1/1266 2472/1/1266 2473/1/1266
f 523/1/1286 508/1/1286 2525/1/1286 2544/1/1286
f 2544/1/1287 2525/1/1287 2524/1/1287 2545/1/1287
f 2545/1/1288 2524/1/1288 2523/1/1288 2546/1/1288
f 530/1/1289 2543/1/1289 2546/1/1289 528/1/1289
f 2543/1/1290 2542/1/1290 2545/1/1290 2546/1/1290
f 2542/1/1291 2541/1/1291 2544/1/1291 2545/1/1291
f 529/1/1292 2540/1/1292 2543/1/1292 530/1/1292
f 2540/1/1293 2539/1/1293 2542/1/1293 2543/1/1293
f 2539/1/1294 2538/1/1294 2541/1/1294 2542/1/1294
f 513/1/1301 2528/1/1301 2531/1/1301 514/1/1301
f 2528/1/1302 2527/1/1302 2530/1/1302 2531/1/1302
f 2527/1/1303 2526/1/1303 2529/1/1303 2530/1/1303
f 511/1/1304 2523/1/1304 2528/1/1304 513/1/1304
f 2523/1/1305 2524/1/1305 2527/1/1305 2528/1/1305
f 2524/1/1306 2525/1/1306 2526/1/1306 2527/1/1306
f 60/1/35 2606/1/35 2608/1/35 62/1/35
f 2606/1/35 2607/1/35 2609/1/35 2608/1/35
f 2656/1/33 2665/1/33 2606/1/33 60/1/33
f 2665/1/33 2668/1/33 2607/1/33 2606/1/33
f 58/1/1393 2640/1/1393 2638/1/1393 59/1/1393
f 2640/1/1394 2641/1/1394 2639/1/1394 2638/1/1394
f 2662/1/1395 2671/1/1395 2640/1/1395 58/1/1395
f 2671/1/1396 2674/1/1396 2641/1/1396 2640/1/1396
f 2636/1/1411 2637/1/1411 2672/1/1411 2669/1/1411
f 2669/1/1412 2672/1/1412 2673/1/1412 2670/1/1412
f 2670/1/1413 2673/1/1413 2674/1/1413 2671/1/1413
f 50/1/1414 2636/1/1414 2669/1/1414 2660/1/1414
f 2660/1/1415 2669/1/1415 2670/1/1415 2661/1/1415
f 2661/1/1416 2670/1/1416 2671/1/1416 2662/1/1416
f 2604/1/33 2605/1/33 2666/1/33 2663/1/33
f 2663/1/33 2666/1/33 2667/1/33 2664/1/33
f 2664/1/33 2667/1/33 2668/1/33 2665/1/33
f 51/1/33 2604/1/33 2663/1/33 2654/1/33
f 2654/1/33 2663/1/33 2664/1/33 2655/1/33
f 2655/1/33 2664/1/33 2665/1/33 2656/1/33
f 2605/1/33 52/1/33 2657/1/33 2666/1/33
f 2666/1/33 2657/1/33 2658/1/33 2667/1/33
f 2667/1/33 2658/1/33 2659/1/33 2668/1/33
f 2637/1/1417 51/1/1417 2654/1/1417 2672/1/1417
f 2672/1/1418 2654/1/1418 2655/1/1418 2673/1/1418
f 2673/1/1419 2655/1/1419 2656/1/1419 2674/1/1419
f 43/1/31 2661/1/31 2662/1/31 40/1/31
f 2676/1/1420 42/1/1420 41/1/1420 2683/1/1420
f 40/1/31 2662/1/31 58/1/31
f 2683/1/1421 41/1/1421 64/1/1421 2679/1/1421
f 43/1/1422 2676/1/1422 2683/1/1422 40/1/1422
f 47/1/1423 2678/1/1423 2676/1/1423 43/1/1423
f 65/1/1424 64/1/1424 2679/1/1424 2680/1/1424
f 55/1/1425 44/1/1425 2678/1/1425 2677/1/1425
f 32/1/1426 2675/1/1426 2677/1/1426 49/1/1426
f 2693/1/1427 2692/1/1427 2686/1/1427 2687/1/1427
f 2696/1/1428 2695/1/1428 29/1/1428 36/1/1428
f 2675/1/1429 2685/1/1429 2684/1/1429 38/1/1429
f 2693/1/1430 2687/1/1430 2688/1/1430 2694/1/1430
f 36/1/25 2690/1/25 2691/1/25 53/1/25
f 29/1/1431 2689/1/1431 2690/1/1431 36/1/1431
f 38/1/1432 2693/1/1432 2694/1/1432 55/1/1432
f 38/1/1433 2684/1/1433 2692/1/1433 2693/1/1433
f 2687/1/1434 2686/1/1434 2695/1/1434 2696/1/1434
f 2687/1/1435 2696/1/1435 2697/1/1435 2688/1/1435
f 41/1/1436 42/1/1436 2710/1/1436 2713/1/1436
f 2698/1/1437 2718/1/1437 2714/198/1437 73/1/1437
f 2700/1/1438 2699/1/1438 74/1/1438 72/1/1438
f 2700/1/1439 2713/1/1439 2715/1/1439 72/1/1439
f 72/1/1440 2715/1/1440 2716/1/1440 2701/1/1440
f 2702/1/1441 2701/1/1441 72/1/1441 74/1/1441
f 2701/1/1442 2716/1/1442 2719/1/1442 2703/1/1442
f 2704/1/1443 2703/1/1443 2701/1/1443 2702/1/1443
f 2703/1/1444 2719/1/1444 2714/198/1444 73/1/1444
f 46/2/1445 2691/1/1445 54/1/1445
f 46/2/1446 2705/1/1446 53/1/1446 2691/1/1446
f 2705/1/1447 2707/1/1447 2697/1/1447 53/1/1447
f 2708/1/1448 2706/1/1448 2694/1/1448 2688/1/1448
f 2706/1/1449 44/1/1449 55/1/1449 2694/1/1449
f 2707/1/1450 2708/1/1450 2688/1/1450 2697/1/1450
f 45/3/1451 2709/1/1451 2705/1/1451 46/2/1451
f 2709/1/1452 2711/1/1452 2707/1/1452 2705/1/1452
f 2712/1/1453 2710/1/1453 2706/1/1453 2708/1/1453
f 2710/1/1454 42/1/1454 44/1/1454 2706/1/1454
f 2711/1/1455 2712/1/1455 2708/1/1455 2707/1/1455
f 2714/198/1456 2718/1/1456 80/1/1456 45/3/1456
f 2718/1/1457 2724/1/1457 2726/1/1457 80/1/1457
f 2714/198/1458 2719/1/1458 2709/1/1458 45/3/1458
f 2719/1/1459 2716/1/1459 2711/1/1459 2709/1/1459
f 2715/1/1460 2713/1/1460 2710/1/1460 2712/1/1460
f 2713/1/1461 2700/1/1461 64/1/1461 41/1/1461
f 2716/1/1462 2715/1/1462 2712/1/1462 2711/1/1462
f 2726/1/1465 2724/1/1465 2717/1/1465 81/1/1465
f 2722/1/1466 2724/1/1466 2718/1/1466 2698/1/1466
f 370/1/369 2778/1/369 2793/1/369 437/1/369
f 2778/1/369 2777/1/369 2794/1/369 2793/1/369
f 430/1/1502 2786/1/1502 2787/1/1502 449/1/1502
f 2786/1/1503 2785/1/1503 2788/1/1503 2787/1/1503
f 340/1/359 2765/1/359 2779/1/359 429/1/359
f 2765/1/359 2766/1/359 2780/1/359 2779/1/359
f 452/1/1504 2792/1/1504 2794/1/1504 450/1/1504
f 2792/1/1505 2791/1/1505 2793/1/1505 2794/1/1505
f 451/1/1506 2790/1/1506 2792/1/1506 452/1/1506
f 2790/1/331 2789/1/331 2791/1/331 2792/1/331
f 449/1/1507 2787/1/1507 2790/1/1507 451/1/1507
f 2787/1/1508 2788/1/1508 2789/1/1508 2790/1/1508
f 432/1/1509 2784/1/1509 2786/1/1509 430/1/1509
f 2784/1/1510 2783/1/1510 2785/1/1510 2786/1/1510
f 431/1/1511 2782/1/1511 2784/1/1511 432/1/1511
f 2782/1/1512 2781/1/1512 2783/1/1512 2784/1/1512
f 429/1/1513 2779/1/1513 2782/1/1513 431/1/1513
f 2779/1/1514 2780/1/1514 2781/1/1514 2782/1/1514
f 367/1/1519 2810/1/1519 2825/1/1519 441/1/1519
f 2810/1/1520 2809/1/1520 2826/1/1520 2825/1/1520
f 409/1/358 2818/1/358 2819/1/358 438/1/358
f 2818/1/358 2817/1/358 2820/1/358 2819/1/358
f 341/1/1521 2799/1/1521 2811/1/1521 410/1/1521
f 2799/1/1522 2800/1/1522 2812/1/1522 2811/1/1522
f 439/1/1523 2824/1/1523 2826/1/1523 437/1/1523
f 2824/1/1524 2823/1/1524 2825/1/1524 2826/1/1524
f 440/1/1525 2822/1/1525 2824/1/1525 439/1/1525
f 2822/1/1526 2821/1/1526 2823/1/1526 2824/1/1526
f 438/1/1527 2819/1/1527 2822/1/1527 440/1/1527
f 2819/1/1528 2820/1/1528 2821/1/1528 2822/1/1528
f 411/1/1529 2816/1/1529 2818/1/1529 409/1/1529
f 2816/1/1529 2815/1/1529 2817/1/1529 2818/1/1529
f 412/1/1530 2814/1/1530 2816/1/1530 411/1/1530
f 2814/1/1531 2813/1/1531 2815/1/1531 2816/1/1531
f 410/1/1532 2811/1/1532 2814/1/1532 412/1/1532
f 2811/1/1533 2812/1/1533 2813/1/1533 2814/1/1533
f 369/1/370 2842/1/370 2857/1/370 450/1/370
f 2842/1/370 2841/1/370 2858/1/370 2857/1/370
f 425/1/1536 2850/1/1536 2851/1/1536 446/1/1536
f 2850/1/1537 2849/1/1537 2852/1/1537 2851/1/1537
f 347/1/366 2829/1/366 2843/1/366 426/1/366
f 2829/1/366 2830/1/366 2844/1/366 2843/1/366
f 447/1/1538 2856/1/1538 2858/1/1538 445/1/1538
f 2856/1/1539 2855/1/1539 2857/1/1539 2858/1/1539
f 448/1/1540 2854/1/1540 2856/1/1540 447/1/1540
f 2854/1/1541 2853/1/1541 2855/1/1541 2856/1/1541
f 446/1/1542 2851/1/1542 2854/1/1542 448/1/1542
f 2851/1/1543 2852/1/1543 2853/1/1543 2854/1/1543
f 427/1/1544 2848/1/1544 2850/1/1544 425/1/1544
f 2848/1/1545 2847/1/1545 2849/1/1545 2850/1/1545
f 428/1/1546 2846/1/1546 2848/1/1546 427/1/1546
f 2846/1/1547 2845/1/1547 2847/1/1547 2848/1/1547
f 426/1/1548 2843/1/1548 2846/1/1548 428/1/1548
f 2843/1/1549 2844/1/1549 2845/1/1549 2846/1/1549
f 3/1/1892 3299/1/1892 3308/1/1892 2622/1/1892
f 200/1/1893 3218/1/1893 187/1/1893 180/1/1893
f 2954/1/1894 3207/1/1894 3218/1/1894 200/1/1894
f 2955/1/1895 3209/1/1895 3207/1/1895 2954/1/1895
f 2956/1/1896 3211/1/1896 3209/1/1896 2955/1/1896
f 2957/1/1897 3213/1/1897 3211/1/1897 2956/1/1897
f 2958/1/1898 3215/1/1898 3213/1/1898 2957/1/1898
f 2959/1/1899 3217/1/1899 3215/1/1899 2958/1/1899
f 2622/1/1900 3308/1/1900 3304/1/1900 2623/1/1900
f 2623/1/1901 3304/1/1901 3300/1/1901 4/1/1901
f 4/1/1902 3300/1/1902 3309/1/1902 2590/1/1902
f 2590/1/1903 3309/1/1903 3305/1/1903 2591/1/1903
f 2591/1/1904 3305/1/1904 3301/1/1904 5/1/1904
f 3208/1/1907 3219/1/1907 2960/1/1907 2961/1/1907
f 3219/1/1910 3217/1/1910 2959/1/1910 2960/1/1910
f 3210/1/1911 3208/1/1911 2961/1/1911 2962/1/1911
f 3212/1/1912 3210/1/1912 2962/1/1912 2963/1/1912
f 187/1/1913 3218/1/1913 3225/1/1913 2441/1/1913
f 3214/1/1915 3212/1/1915 2963/1/1915 2964/1/1915
f 3216/1/1916 3214/1/1916 2964/1/1916 181/1/1916
f 3230/1/1926 3226/1/1926 3212/1/1926 3214/1/1926
f 2441/1/1927 3225/1/1927 3240/1/1927 186/1/1927
f 3221/1/1928 3230/1/1928 3214/1/1928 3216/1/1928
f 186/1/1932 3240/1/1932 3258/1/1932 2437/1/1932
f 2437/1/1955 3258/1/1955 3269/1/1955 2436/1/1955
f 2436/1/1959 3269/1/1959 3278/1/1959 185/1/1959
f 185/1/1976 3278/1/1976 3297/1/1976 39/1/1976
f 3291/1/1983 3289/1/1983 3307/1/1983 3298/1/1983
f 3289/1/1984 3287/1/1984 3303/1/1984 3307/1/1984
f 3295/1/1986 3293/1/1986 3302/1/1986 3306/1/1986
f 3297/1/1987 3295/1/1987 3306/1/1987 3310/1/1987
f 3287/1/1989 3285/1/1989 3299/1/1989 3303/1/1989
f 3293/1/1990 3291/1/1990 3298/1/1990 3302/1/1990
f 39/1/1993 3297/1/1993 3310/1/1993 48/1/1993
f 3303/1/1996 3299/1/1996 3/1/1996 2/1/1996
f 3304/1/1997 3308/1/1997 3296/1/1997 3294/1/1997
f 3302/1/1998 3298/1/1998 2886/1/1998 13/1/1998
f 3308/1/1999 3299/1/1999 3285/1/1999 3296/1/1999
f 3298/1/2000 3307/1/2000 2874/1/2000 2886/1/2000
f 3300/1/2001 3304/1/2001 3294/1/2001 3292/1/2001
f 48/1/2002 3310/1/2002 12/1/2002
f 3307/1/2003 3303/1/2003 2/1/2003 2874/1/2003
f 3309/1/2004 3300/1/2004 3292/1/2004 3290/1/2004
f 3305/1/2005 3309/1/2005 3290/1/2005 3288/1/2005
f 3306/1/2006 3302/1/2006 13/1/2006 2871/1/2006
f 3301/1/2007 3305/1/2007 3288/1/2007 3286/1/2007
f 3310/1/2008 3306/1/2008 2871/1/2008 12/1/2008
f 3210/1/2010 3212/1/2010 3226/1/2010
f 221/1/354 3365/1/354 3373/1/354 397/1/354
f 394/1/2050 398/1/2050 3370/1/2050 3375/1/2050
f 390/1/2051 394/1/2051 3375/1/2051 3374/1/2051
f 385/1/2052 3366/1/2052 3374/1/2052 418/1/2052
f 206/1/348 3363/1/348 3369/1/348 386/1/348
f 404/1/2053 3372/1/2053 3373/1/2053 402/1/2053
f 403/1/2054 3371/1/2054 3372/1/2054 404/1/2054
f 401/1/2055 3370/1/2055 3371/1/2055 403/1/2055
f 384/1/2056 3368/1/2056 3369/1/2056 382/1/2056
f 383/1/2057 3367/1/2057 3368/1/2057 384/1/2057
f 381/1/2058 3366/1/2058 3367/1/2058 383/1/2058
f 6007/1/2098 6008/1/2098 3428/1/2098 3422/1/2098
f 3418/1/2101 3424/1/2101 5993/1/2101 6003/1/2101
f 3446/1/2103 3422/1/2103 3428/1/2103 3444/1/2103
f 6008/1/2104 6009/1/2104 3444/1/2104 3428/1/2104
f 6014/1/2106 6015/1/2106 3443/1/2106 3427/1/2106
f 5993/1/2108 5995/1/2108 3445/1/2108 3429/1/2108
f 3440/1/2110 3438/1/2110 5978/1/2110 3441/1/2110
f 5992/1/2111 5962/1/2111 3450/1/2111 5977/1/2111
f 5986/1/2112 5928/1/2112 61/1/2112 2659/1/2112
f 5962/1/2113 5960/1/2113 3451/1/2113 3450/1/2113
f 5928/1/2114 5930/1/2114 63/1/2114 61/1/2114
f 5995/1/2115 3440/1/2115 3438/1/2115 5996/1/2115
f 5998/1/2116 3449/1/2116 3448/1/2116 5997/1/2116
f 3453/1/2120 3452/1/2120 6018/1/2120 6017/1/2120
f 3460/1/2121 3462/1/2121 6022/1/2121 6021/1/2121
f 3457/1/2122 3458/1/2122 3462/1/2122 3460/1/2122 6016/1/2122 6040/1/2122
f 5996/1/2126 5994/1/2126 3433/1/2126 3435/1/2126
f 3438/1/2110 3434/1/2110 5979/1/2110 5978/1/2110
f 3446/1/2127 3444/1/2127 3465/1/2127
f 3431/1/2128 3448/1/2128 5997/1/2128 6001/1/2128
f 3466/1/2129 3465/1/2129 3444/1/2129 3437/2/2129
f 3436/3/2130 3437/2/2130 3466/1/2130 3467/1/2130
f 3457/1/2131 6040/1/2131 6042/1/2131 6035/1/2131
f 3641/1/2266 3642/1/2266 3646/1/2266 3645/1/2266
f 3650/1/2267 3651/1/2267 3644/1/2267 3643/1/2267
f 3648/1/2268 3649/1/2268 3651/1/2268 3650/1/2268
f 3645/1/2269 3646/1/2269 3649/1/2269 3648/1/2269
f 3642/1/2270 3641/1/2270 3652/1/2270 3647/1/2270
f 3653/1/2271 3647/1/2271 3633/1/2271 3654/1/2271
f 3644/1/2272 3663/1/2272 3664/1/2272 3626/1/2272
f 3656/1/2273 3637/1/2273 3626/1/2273 3664/1/2273
f 3637/1/2274 3656/1/2274 3658/1/2274 3638/1/2274
f 3638/1/2275 3658/1/2275 3660/1/2275 3639/1/2275
f 3639/1/2276 3660/1/2276 3662/1/2276 3640/1/2276
f 3654/1/2277 3633/1/2277 3640/1/2277 3662/1/2277
f 3659/1/2278 3646/1/2278 3642/1/2278 3661/1/2278
f 3663/1/2279 3644/1/2279 3651/1/2279 3655/1/2279
f 3655/1/2280 3651/1/2280 3649/1/2280 3657/1/2280
f 3657/1/2281 3649/1/2281 3646/1/2281 3659/1/2281
f 3661/1/2282 3642/1/2282 3647/1/2282 3653/1/2282
f 3653/1/2283 3654/1/2283 3662/1/2283 3661/1/2283
f 3657/1/2284 3658/1/2284 3656/1/2284 3655/1/2284
f 3655/1/2285 3656/1/2285 3664/1/2285 3663/1/2285
f 3659/1/2286 3660/1/2286 3658/1/2286 3657/1/2286
f 3661/1/2287 3662/1/2287 3660/1/2287 3659/1/2287
f 3667/1/2288 3648/1/2288 3650/1/2288 3666/1/2288
f 3675/1/2289 3631/1/2289 3652/1/2289 3665/1/2289
f 3670/1/2290 3641/1/2290 3645/1/2290 3668/1/2290
f 3671/1/2291 3610/1/2291 3611/1/2291 3677/1/2291
f 3673/1/2292 3599/1/2292 3609/1/2292 3672/1/2292
f 3666/1/2293 3650/1/2293 3643/1/2293 3669/1/2293
f 3560/1/2294 3674/1/2294 3669/1/2294 3643/1/2294
f 3641/1/2295 3670/1/2295 3665/1/2295 3652/1/2295
f 3677/1/2296 3611/1/2296 3631/1/2296 3675/1/2296
f 3674/1/2297 3560/1/2297 3599/1/2297 3673/1/2297
f 3672/1/2298 3609/1/2298 3610/1/2298 3671/1/2298
f 3668/1/2299 3645/1/2299 3648/1/2299 3667/1/2299
f 3675/1/2301 3665/1/2301 3670/1/2301 3677/1/2301
f 3672/1/2302 3667/1/2302 3666/1/2302 3673/1/2302
f 3674/1/2303 3673/1/2303 3666/1/2303 3669/1/2303
f 3671/1/2304 3668/1/2304 3667/1/2304 3672/1/2304
f 3677/1/2305 3670/1/2305 3668/1/2305 3671/1/2305
f 3740/1/2356 3742/1/2356 3745/1/2356 3743/1/2356
f 3742/1/2357 3741/1/2357 3746/1/2357 3745/1/2357
f 3741/1/2358 3739/1/2358 3744/1/2358 3746/1/2358
f 6670/1/2359 6671/1/2359 3753/1/2359 3751/1/2359
f 6671/1/2360 6672/1/2360 3754/1/2360 3753/1/2360
f 6672/1/2361 6673/1/2361 3752/1/2361 3754/1/2361
f 3748/1/2362 3750/1/2362 3757/1/2362 3755/1/2362
f 3750/1/2363 3749/1/2363 3758/1/2363 3757/1/2363
f 3749/1/2364 3747/1/2364 3756/1/2364 3758/1/2364
f 3755/1/2365 3757/1/2365 3761/1/2365 3759/1/2365
f 3757/1/2366 3758/1/2366 3762/1/2366 3761/1/2366
f 3758/1/2367 3756/1/2367 3760/1/2367 3762/1/2367
f 3759/1/2368 3761/1/2368 3765/1/2368 3763/1/2368
f 3761/1/2369 3762/1/2369 3766/1/2369 3765/1/2369
f 3762/1/2370 3760/1/2370 3764/1/2370 3766/1/2370
f 3768/1/2371 3770/1/2371 3773/1/2371 3771/1/2371
f 3770/1/2372 3769/1/2372 3774/1/2372 3773/1/2372
f 3769/1/2373 3767/1/2373 3772/1/2373 3774/1/2373
f 6130/1/2374 6131/1/2374 416/1/2374 414/1/2374
f 6131/1/2375 6133/1/2375 415/1/2375 416/1/2375
f 6133/1/2376 6135/1/2376 413/1/2376 415/1/2376
f 3771/1/2377 3773/1/2377 3781/1/2377 3779/1/2377
f 3773/1/2378 3774/1/2378 3782/1/2378 3781/1/2378
f 3774/1/2379 3772/1/2379 3780/1/2379 3782/1/2379
f 3779/1/2380 3781/1/2380 3785/1/2380 3783/1/2380
f 3781/1/2381 3782/1/2381 3786/1/2381 3785/1/2381
f 3782/1/2382 3780/1/2382 3784/1/2382 3786/1/2382
f 6162/1/2383 6163/1/2383 3793/1/2383 3791/1/2383
f 6163/1/2384 6165/1/2384 3794/1/2384 3793/1/2384
f 6165/1/2385 6167/1/2385 3792/1/2385 3794/1/2385
f 6098/1/2386 6099/1/2386 3778/1/2386 3776/1/2386
f 6099/1/2387 6101/1/2387 3777/1/2387 3778/1/2387
f 6101/1/2388 6103/1/2388 3775/1/2388 3777/1/2388
f 6674/1/2389 6675/1/2389 3766/1/2389 3764/1/2389
f 6675/1/2390 6676/1/2390 3765/1/2390 3766/1/2390
f 6676/1/2391 6677/1/2391 3763/1/2391 3765/1/2391
f 3751/1/2392 3753/1/2392 3742/1/2392 3740/1/2392
f 3753/1/2393 3754/1/2393 3741/1/2393 3742/1/2393
f 3754/1/2394 3752/1/2394 3739/1/2394 3741/1/2394
f 3796/1/2395 3798/1/2395 3790/1/2395 3788/1/2395
f 3798/1/2396 3797/1/2396 3789/1/2396 3790/1/2396
f 3797/1/2397 3795/1/2397 3787/1/2397 3789/1/2397
f 3783/1/2398 3785/1/2398 3798/1/2398 3796/1/2398
f 3785/1/2399 3786/1/2399 3797/1/2399 3798/1/2399
f 3786/1/2400 3784/1/2400 3795/1/2400 3797/1/2400
f 6138/1/2401 6139/1/2401 444/1/2401 442/1/2401
f 6139/1/2402 6141/1/2402 443/1/2402 444/1/2402
f 6141/1/2403 6143/1/2403 441/1/2403 443/1/2403
f 6170/1/2404 6171/1/2404 3809/1/2404 3807/1/2404
f 6171/1/2405 6173/1/2405 3810/1/2405 3809/1/2405
f 6173/1/2406 6175/1/2406 3808/1/2406 3810/1/2406
f 6106/1/2407 6107/1/2407 3802/1/2407 3800/1/2407
f 6107/1/2408 6109/1/2408 3801/1/2408 3802/1/2408
f 6109/1/2409 6111/1/2409 3799/1/2409 3801/1/2409
f 3812/1/2410 3814/1/2410 3806/1/2410 3804/1/2410
f 3814/1/2411 3813/1/2411 3805/1/2411 3806/1/2411
f 3813/1/2412 3811/1/2412 3803/1/2412 3805/1/2412
f 3816/1/2413 3818/1/2413 3814/1/2413 3812/1/2413
f 3818/1/2414 3817/1/2414 3813/1/2414 3814/1/2414
f 3817/1/2415 3815/1/2415 3811/1/2415 3813/1/2415
f 3743/1/2416 3745/1/2416 3818/1/2416 3816/1/2416
f 3745/1/2417 3746/1/2417 3817/1/2417 3818/1/2417
f 3746/1/2418 3744/1/2418 3815/1/2418 3817/1/2418
f 3713/1/2419 3739/1/2419 3752/1/2419 3586/1/2419
f 3585/1/2420 3744/1/2420 3739/1/2420 3713/1/2420
f 3740/1/2421 3743/1/2421 3816/1/2421 3784/1/2421
f 3784/1/2422 3780/1/2422 3751/1/2422 3740/1/2422
f 3734/1/2423 3815/1/2423 3744/1/2423 3585/1/2423
f 3587/1/2424 3748/1/2424 3755/1/2424 3597/1/2424
f 6667/1/2425 6673/1/2425 3748/1/2425 3587/1/2425
f 6670/1/2426 6678/1/2426 3756/1/2426 3747/1/2426
f 3597/1/2427 3755/1/2427 3759/1/2427 3600/1/2427
f 6678/1/2428 3780/1/2428 3772/1/2428 6679/1/2428
f 6679/1/2429 3772/1/2429 3767/1/2429 6674/1/2429
f 3600/1/2430 3759/1/2430 3763/1/2430 3601/1/2430
f 6669/1/2431 6677/1/2431 3768/1/2431 3707/1/2431
f 3707/1/2432 3768/1/2432 3771/1/2432 3708/1/2432
f 3708/1/2433 3771/1/2433 3779/1/2433 3709/1/2433
f 6118/1/2434 6130/1/2434 414/1/2434 337/1/2434
f 6135/1/2435 6138/1/2435 442/1/2435 413/1/2435
f 6084/1/2436 6098/1/2436 3776/1/2436 3712/1/2436
f 6103/1/2437 6106/1/2437 3800/1/2437 3775/1/2437
f 3709/1/2438 3779/1/2438 3783/1/2438 3710/1/2438
f 3710/1/2439 3783/1/2439 3796/1/2439 3729/1/2439
f 3784/1/2440 3816/1/2440 3812/1/2440 3795/1/2440
f 3729/1/2441 3796/1/2441 3788/1/2441 3714/1/2441
f 3795/1/2442 3812/1/2442 3804/1/2442 3787/1/2442
f 6148/1/2443 6162/1/2443 3791/1/2443 3711/1/2443
f 6167/1/2444 6170/1/2444 3807/1/2444 3792/1/2444
f 6127/1/2445 6144/1/2445 3799/1/2445 3736/1/2445
f 6095/1/2446 6112/1/2446 3808/1/2446 3735/1/2446
f 6159/1/2447 6176/1/2447 3803/1/2447 3737/1/2447
f 3737/1/2448 3803/1/2448 3811/1/2448 3738/1/2448
f 3738/1/2449 3811/1/2449 3815/1/2449 3734/1/2449
f 5701/1/2479 5702/1/2479 3857/1/2479 3855/1/2479
f 5702/1/2480 5707/1/2480 3858/1/2480 3857/1/2480
f 5722/1/2483 5727/1/2483 3862/1/2483 3861/1/2483
f 5727/1/2484 5732/1/2484 3860/1/2484 3862/1/2484
f 3861/1/2486 3862/1/2486 3857/1/2486 3858/1/2486
f 3862/1/2487 3860/1/2487 3855/1/2487 3857/1/2487
f 3884/1/2488 3886/1/2488 3869/1/2488 3867/1/2488
f 3886/1/2489 3885/1/2489 3870/1/2489 3869/1/2489
f 5803/1/2491 5804/1/2491 3877/1/2491 3875/1/2491
f 5804/1/2492 5807/1/2492 3878/1/2492 3877/1/2492
f 5854/1/2494 5855/1/2494 3866/1/2494 3864/1/2494
f 5855/1/2495 5858/1/2495 3865/1/2495 3866/1/2495
f 3875/1/2497 3877/1/2497 3874/1/2497 3872/1/2497
f 3877/1/2498 3878/1/2498 3873/1/2498 3874/1/2498
f 5816/1/2501 5819/1/2501 3894/1/2501 3893/1/2501
f 5819/1/2502 5822/1/2502 3892/1/2502 3894/1/2502
f 5867/1/2504 5870/1/2504 3881/1/2504 3882/1/2504
f 5870/1/2505 5873/1/2505 3879/1/2505 3881/1/2505
f 3893/1/2507 3894/1/2507 3889/1/2507 3890/1/2507
f 3894/1/2508 3892/1/2508 3887/1/2508 3889/1/2508
f 5697/1/2510 5736/1/2510 3887/1/2510 3872/1/2510
f 5875/1/2514 3884/1/2514 3867/1/2514 5852/1/2514
f 5824/1/2516 3879/1/2516 3864/1/2516 5801/1/2516
f 3887/1/2518 3892/1/2518 3875/1/2518 3872/1/2518
f 3914/1/2523 3954/1/2523 3955/1/2523 3915/1/2523
f 3901/1/2524 3941/1/2524 3942/1/2524 3902/1/2524
f 3928/1/2525 3968/1/2525 3969/1/2525 3929/1/2525
f 3915/1/2526 3955/1/2526 3956/1/2526 3916/1/2526
f 3902/1/2527 3942/1/2527 3943/1/2527 3903/1/2527
f 3929/1/2528 3969/1/2528 3970/1/2528 3930/1/2528
f 3916/1/2529 3956/1/2529 3957/1/2529 3917/1/2529
f 3903/1/2530 3943/1/2530 3944/1/2530 3904/1/2530
f 3930/1/2531 3970/1/2531 3971/1/2531 3931/1/2531
f 3917/1/2532 3957/1/2532 3958/1/2532 3918/1/2532
f 3904/1/2533 3944/1/2533 3945/1/2533 3905/1/2533
f 3931/1/2534 3971/1/2534 3972/1/2534 3932/1/2534
f 3918/1/2535 3958/1/2535 3959/1/2535 3919/1/2535
f 3905/1/2536 3945/1/2536 3946/1/2536 3906/1/2536
f 3932/1/2537 3972/1/2537 3973/1/2537 3933/1/2537
f 3919/1/2538 3959/1/2538 3960/1/2538 3920/1/2538
f 3906/1/2539 3946/1/2539 3947/1/2539 3907/1/2539
f 3933/1/2540 3973/1/2540 3974/1/2540 3934/1/2540
f 3920/1/2541 3960/1/2541 3961/1/2541 3921/1/2541
f 3907/1/2542 3947/1/2542 3948/1/2542 3908/1/2542
f 3934/1/2543 3974/1/2543 3935/1/2543 3895/1/2543
f 3921/1/2544 3961/1/2544 3962/1/2544 3922/1/2544
f 3908/1/2545 3948/1/2545 3949/1/2545 3909/1/2545
f 3895/1/2546 3935/1/2546 3936/1/2546 3896/1/2546
f 3922/1/2547 3962/1/2547 3963/1/2547 3923/1/2547
f 3909/1/2548 3949/1/2548 3950/1/2548 3910/1/2548
f 3896/1/2549 3936/1/2549 3937/1/2549 3897/1/2549
f 3923/1/2550 3963/1/2550 3964/1/2550 3924/1/2550
f 3910/1/2551 3950/1/2551 3951/1/2551 3911/1/2551
f 3897/1/2552 3937/1/2552 3938/1/2552 3898/1/2552
f 3924/1/2553 3964/1/2553 3965/1/2553 3925/1/2553
f 3911/1/2554 3951/1/2554 3952/1/2554 3912/1/2554
f 3898/1/2555 3938/1/2555 3939/1/2555 3899/1/2555
f 3925/1/2556 3965/1/2556 3966/1/2556 3926/1/2556
f 3912/1/2557 3952/1/2557 3953/1/2557 3913/1/2557
f 3899/1/2558 3939/1/2558 3940/1/2558 3900/1/2558
f 3926/1/2559 3966/1/2559 3967/1/2559 3927/1/2559
f 3913/1/2560 3953/1/2560 3954/1/2560 3914/1/2560
f 3900/1/2561 3940/1/2561 3941/1/2561 3901/1/2561
f 3927/1/2562 3967/1/2562 3968/1/2562 3928/1/2562
f 3954/1/486 3994/1/486 3995/1/486 3955/1/486
f 3941/1/487 3981/1/487 3982/1/487 3942/1/487
f 3968/1/488 4008/1/488 4009/1/488 3969/1/488
f 3955/1/489 3995/1/489 3996/1/489 3956/1/489
f 3942/1/490 3982/1/490 3983/1/490 3943/1/490
f 3969/1/491 4009/1/491 4010/1/491 3970/1/491
f 3956/1/492 3996/1/492 3997/1/492 3957/1/492
f 3943/1/493 3983/1/493 3984/1/493 3944/1/493
f 3970/1/494 4010/1/494 4011/1/494 3971/1/494
f 3957/1/495 3997/1/495 3998/1/495 3958/1/495
f 3944/1/496 3984/1/496 3985/1/496 3945/1/496
f 3971/1/497 4011/1/497 4012/1/497 3972/1/497
f 3958/1/498 3998/1/498 3999/1/498 3959/1/498
f 3945/1/499 3985/1/499 3986/1/499 3946/1/499
f 3972/1/500 4012/1/500 4013/1/500 3973/1/500
f 3959/1/501 3999/1/501 4000/1/501 3960/1/501
f 3946/1/502 3986/1/502 3987/1/502 3947/1/502
f 3973/1/503 4013/1/503 4014/1/503 3974/1/503
f 3960/1/504 4000/1/504 4001/1/504 3961/1/504
f 3947/1/505 3987/1/505 3988/1/505 3948/1/505
f 3974/1/506 4014/1/506 3975/1/506 3935/1/506
f 3961/1/507 4001/1/507 4002/1/507 3962/1/507
f 3948/1/508 3988/1/508 3989/1/508 3949/1/508
f 3935/1/509 3975/1/509 3976/1/509 3936/1/509
f 3962/1/510 4002/1/510 4003/1/510 3963/1/510
f 3949/1/511 3989/1/511 3990/1/511 3950/1/511
f 3936/1/512 3976/1/512 3977/1/512 3937/1/512
f 3963/1/513 4003/1/513 4004/1/513 3964/1/513
f 3950/1/514 3990/1/514 3991/1/514 3951/1/514
f 3937/1/515 3977/1/515 3978/1/515 3938/1/515
f 3964/1/516 4004/1/516 4005/1/516 3965/1/516
f 3951/1/517 3991/1/517 3992/1/517 3952/1/517
f 3938/1/518 3978/1/518 3979/1/518 3939/1/518
f 3965/1/519 4005/1/519 4006/1/519 3966/1/519
f 3952/1/520 3992/1/520 3993/1/520 3953/1/520
f 3939/1/521 3979/1/521 3980/1/521 3940/1/521
f 3966/1/522 4006/1/522 4007/1/522 3967/1/522
f 3953/1/523 3993/1/523 3994/1/523 3954/1/523
f 3940/1/524 3980/1/524 3981/1/524 3941/1/524
f 3967/1/525 4007/1/525 4008/1/525 3968/1/525
f 3981/1/487 4021/1/487 4022/1/487 3982/1/487
f 4008/1/488 4048/1/488 4049/1/488 4009/1/488
f 3995/1/489 4035/1/489 4036/1/489 3996/1/489
f 3982/1/490 4022/1/490 4023/1/490 3983/1/490
f 4009/1/491 4049/1/491 4050/1/491 4010/1/491
f 3996/1/492 4036/1/492 4037/1/492 3997/1/492
f 3983/1/493 4023/1/493 4024/1/493 3984/1/493
f 4010/1/494 4050/1/494 4051/1/494 4011/1/494
f 3997/1/495 4037/1/495 4038/1/495 3998/1/495
f 3984/1/496 4024/1/496 4025/1/496 3985/1/496
f 4011/1/497 4051/1/497 4052/1/497 4012/1/497
f 3998/1/498 4038/1/498 4039/1/498 3999/1/498
f 3985/1/499 4025/1/499 4026/1/499 3986/1/499
f 4012/1/500 4052/1/500 4053/1/500 4013/1/500
f 3999/1/501 4039/1/501 4040/1/501 4000/1/501
f 3986/1/502 4026/1/502 4027/1/502 3987/1/502
f 4013/1/503 4053/1/503 4054/1/503 4014/1/503
f 4000/1/504 4040/1/504 4041/1/504 4001/1/504
f 3987/1/505 4027/1/505 4028/1/505 3988/1/505
f 4014/1/506 4054/1/506 4015/1/506 3975/1/506
f 4001/1/507 4041/1/507 4042/1/507 4002/1/507
f 3988/1/508 4028/1/508 4029/1/508 3989/1/508
f 3975/1/509 4015/1/509 4016/1/509 3976/1/509
f 4002/1/510 4042/1/510 4043/1/510 4003/1/510
f 3989/1/511 4029/1/511 4030/1/511 3990/1/511
f 3976/1/512 4016/1/512 4017/1/512 3977/1/512
f 4003/1/513 4043/1/513 4044/1/513 4004/1/513
f 3990/1/514 4030/1/514 4031/1/514 3991/1/514
f 3977/1/515 4017/1/515 4018/1/515 3978/1/515
f 4004/1/516 4044/1/516 4045/1/516 4005/1/516
f 3991/1/517 4031/1/517 4032/1/517 3992/1/517
f 3978/1/518 4018/1/518 4019/1/518 3979/1/518
f 4005/1/519 4045/1/519 4046/1/519 4006/1/519
f 3992/1/520 4032/1/520 4033/1/520 3993/1/520
f 3979/1/521 4019/1/521 4020/1/521 3980/1/521
f 4006/1/522 4046/1/522 4047/1/522 4007/1/522
f 3993/1/523 4033/1/523 4034/1/523 3994/1/523
f 3980/1/524 4020/1/524 4021/1/524 3981/1/524
f 4007/1/525 4047/1/525 4048/1/525 4008/1/525
f 3994/1/486 4034/1/486 4035/1/486 3995/1/486
f 4035/1/2563 4075/1/2563 4076/1/2563 4036/1/2563
f 4022/1/2564 4062/1/2564 4063/1/2564 4023/1/2564
f 4049/1/2565 4089/1/2565 4090/1/2565 4050/1/2565
f 4036/1/2566 4076/1/2566 4077/1/2566 4037/1/2566
f 4023/1/2567 4063/1/2567 4064/1/2567 4024/1/2567
f 4050/1/2568 4090/1/2568 4091/1/2568 4051/1/2568
f 4037/1/2569 4077/1/2569 4078/1/2569 4038/1/2569
f 4024/1/2570 4064/1/2570 4065/1/2570 4025/1/2570
f 4051/1/2571 4091/1/2571 4092/1/2571 4052/1/2571
f 4038/1/2572 4078/1/2572 4079/1/2572 4039/1/2572
f 4025/1/2573 4065/1/2573 4066/1/2573 4026/1/2573
f 4052/1/2574 4092/1/2574 4093/1/2574 4053/1/2574
f 4039/1/2575 4079/1/2575 4080/1/2575 4040/1/2575
f 4026/1/2576 4066/1/2576 4067/1/2576 4027/1/2576
f 4053/1/2577 4093/1/2577 4094/1/2577 4054/1/2577
f 4040/1/2578 4080/1/2578 4081/1/2578 4041/1/2578
f 4027/1/2579 4067/1/2579 4068/1/2579 4028/1/2579
f 4054/1/2580 4094/1/2580 4055/1/2580 4015/1/2580
f 4041/1/2581 4081/1/2581 4082/1/2581 4042/1/2581
f 4028/1/2582 4068/1/2582 4069/1/2582 4029/1/2582
f 4015/1/2583 4055/1/2583 4056/1/2583 4016/1/2583
f 4042/1/2584 4082/1/2584 4083/1/2584 4043/1/2584
f 4029/1/2585 4069/1/2585 4070/1/2585 4030/1/2585
f 4016/1/2586 4056/1/2586 4057/1/2586 4017/1/2586
f 4043/1/2587 4083/1/2587 4084/1/2587 4044/1/2587
f 4030/1/2588 4070/1/2588 4071/1/2588 4031/1/2588
f 4017/1/2589 4057/1/2589 4058/1/2589 4018/1/2589
f 4044/1/2590 4084/1/2590 4085/1/2590 4045/1/2590
f 4031/1/2591 4071/1/2591 4072/1/2591 4032/1/2591
f 4018/1/2592 4058/1/2592 4059/1/2592 4019/1/2592
f 4045/1/2593 4085/1/2593 4086/1/2593 4046/1/2593
f 4032/1/2594 4072/1/2594 4073/1/2594 4033/1/2594
f 4019/1/2595 4059/1/2595 4060/1/2595 4020/1/2595
f 4046/1/2596 4086/1/2596 4087/1/2596 4047/1/2596
f 4033/1/2597 4073/1/2597 4074/1/2597 4034/1/2597
f 4020/1/2598 4060/1/2598 4061/1/2598 4021/1/2598
f 4047/1/2599 4087/1/2599 4088/1/2599 4048/1/2599
f 4034/1/2600 4074/1/2600 4075/1/2600 4035/1/2600
f 4021/1/2601 4061/1/2601 4062/1/2601 4022/1/2601
f 4048/1/2602 4088/1/2602 4089/1/2602 4049/1/2602
f 3915/1/2603 4115/1/2603 4114/1/2603 3914/1/2603
f 3902/1/2604 4102/1/2604 4101/1/2604 3901/1/2604
f 3929/1/2605 4129/1/2605 4128/1/2605 3928/1/2605
f 3916/1/2606 4116/1/2606 4115/1/2606 3915/1/2606
f 3903/1/2607 4103/1/2607 4102/1/2607 3902/1/2607
f 3930/1/2608 4130/1/2608 4129/1/2608 3929/1/2608
f 3917/1/2609 4117/1/2609 4116/1/2609 3916/1/2609
f 3904/1/2610 4104/1/2610 4103/1/2610 3903/1/2610
f 3931/1/2611 4131/1/2611 4130/1/2611 3930/1/2611
f 3918/1/2612 4118/1/2612 4117/1/2612 3917/1/2612
f 3905/1/2613 4105/1/2613 4104/1/2613 3904/1/2613
f 3932/1/2614 4132/1/2614 4131/1/2614 3931/1/2614
f 3919/1/2615 4119/1/2615 4118/1/2615 3918/1/2615
f 3906/1/2616 4106/1/2616 4105/1/2616 3905/1/2616
f 3933/1/2617 4133/1/2617 4132/1/2617 3932/1/2617
f 3920/1/2618 4120/1/2618 4119/1/2618 3919/1/2618
f 3907/1/2619 4107/1/2619 4106/1/2619 3906/1/2619
f 3934/1/2620 4134/1/2620 4133/1/2620 3933/1/2620
f 3921/1/2621 4121/1/2621 4120/1/2621 3920/1/2621
f 3908/1/2622 4108/1/2622 4107/1/2622 3907/1/2622
f 3895/1/2623 4095/1/2623 4134/1/2623 3934/1/2623
f 3922/1/2624 4122/1/2624 4121/1/2624 3921/1/2624
f 3909/1/2625 4109/1/2625 4108/1/2625 3908/1/2625
f 3896/1/2626 4096/1/2626 4095/1/2626 3895/1/2626
f 3923/1/2627 4123/1/2627 4122/1/2627 3922/1/2627
f 3910/1/2628 4110/1/2628 4109/1/2628 3909/1/2628
f 3897/1/2629 4097/1/2629 4096/1/2629 3896/1/2629
f 3924/1/2630 4124/1/2630 4123/1/2630 3923/1/2630
f 3911/1/2631 4111/1/2631 4110/1/2631 3910/1/2631
f 3898/1/2632 4098/1/2632 4097/1/2632 3897/1/2632
f 3925/1/2633 4125/1/2633 4124/1/2633 3924/1/2633
f 3912/1/2634 4112/1/2634 4111/1/2634 3911/1/2634
f 3899/1/2635 4099/1/2635 4098/1/2635 3898/1/2635
f 3926/1/2636 4126/1/2636 4125/1/2636 3925/1/2636
f 3913/1/2637 4113/1/2637 4112/1/2637 3912/1/2637
f 3900/1/2638 4100/1/2638 4099/1/2638 3899/1/2638
f 3927/1/2639 4127/1/2639 4126/1/2639 3926/1/2639
f 3914/1/2640 4114/1/2640 4113/1/2640 3913/1/2640
f 3901/1/2641 4101/1/2641 4100/1/2641 3900/1/2641
f 3928/1/2642 4128/1/2642 4127/1/2642 3927/1/2642
f 4062/1/2643 4142/1/2643 4143/1/2643 4063/1/2643
f 4089/1/2644 4169/1/2644 4170/1/2644 4090/1/2644
f 4076/1/2645 4156/1/2645 4157/1/2645 4077/1/2645
f 4063/1/2646 4143/1/2646 4144/1/2646 4064/1/2646
f 4090/1/2647 4170/1/2647 4171/1/2647 4091/1/2647
f 4077/1/2648 4157/1/2648 4158/1/2648 4078/1/2648
f 4064/1/2649 4144/1/2649 4145/1/2649 4065/1/2649
f 4091/1/2650 4171/1/2650 4172/1/2650 4092/1/2650
f 4078/1/2651 4158/1/2651 4159/1/2651 4079/1/2651
f 4065/1/2652 4145/1/2652 4146/1/2652 4066/1/2652
f 4092/1/2653 4172/1/2653 4173/1/2653 4093/1/2653
f 4079/1/2654 4159/1/2654 4160/1/2654 4080/1/2654
f 4066/1/2655 4146/1/2655 4147/1/2655 4067/1/2655
f 4093/1/2656 4173/1/2656 4174/1/2656 4094/1/2656
f 4080/1/2657 4160/1/2657 4161/1/2657 4081/1/2657
f 4067/1/2658 4147/1/2658 4148/1/2658 4068/1/2658
f 4094/1/2659 4174/1/2659 4135/1/2659 4055/1/2659
f 4081/1/2660 4161/1/2660 4162/1/2660 4082/1/2660
f 4068/1/2661 4148/1/2661 4149/1/2661 4069/1/2661
f 4055/1/2662 4135/1/2662 4136/1/2662 4056/1/2662
f 4082/1/2663 4162/1/2663 4163/1/2663 4083/1/2663
f 4069/1/2664 4149/1/2664 4150/1/2664 4070/1/2664
f 4056/1/2665 4136/1/2665 4137/1/2665 4057/1/2665
f 4083/1/2666 4163/1/2666 4164/1/2666 4084/1/2666
f 4070/1/2667 4150/1/2667 4151/1/2667 4071/1/2667
f 4057/1/2668 4137/1/2668 4138/1/2668 4058/1/2668
f 4084/1/2669 4164/1/2669 4165/1/2669 4085/1/2669
f 4071/1/2670 4151/1/2670 4152/1/2670 4072/1/2670
f 4058/1/2671 4138/1/2671 4139/1/2671 4059/1/2671
f 4085/1/2672 4165/1/2672 4166/1/2672 4086/1/2672
f 4072/1/2673 4152/1/2673 4153/1/2673 4073/1/2673
f 4059/1/2674 4139/1/2674 4140/1/2674 4060/1/2674
f 4086/1/2675 4166/1/2675 4167/1/2675 4087/1/2675
f 4073/1/2676 4153/1/2676 4154/1/2676 4074/1/2676
f 4060/1/2677 4140/1/2677 4141/1/2677 4061/1/2677
f 4087/1/2678 4167/1/2678 4168/1/2678 4088/1/2678
f 4074/1/2679 4154/1/2679 4155/1/2679 4075/1/2679
f 4061/1/2680 4141/1/2680 4142/1/2680 4062/1/2680
f 4088/1/2681 4168/1/2681 4169/1/2681 4089/1/2681
f 4075/1/2682 4155/1/2682 4156/1/2682 4076/1/2682
f 4119/1/2683 4199/1/2683 4198/1/2683 4118/1/2683
f 4157/1/2684 4237/1/2684 4238/1/2684 4158/1/2684
f 4120/1/2685 4200/1/2685 4199/1/2685 4119/1/2685
f 4158/1/2686 4238/1/2686 4239/1/2686 4159/1/2686
f 4121/1/2687 4201/1/2687 4200/1/2687 4120/1/2687
f 4159/1/2688 4239/1/2688 4240/1/2688 4160/1/2688
f 4122/1/2689 4202/1/2689 4201/1/2689 4121/1/2689
f 4096/1/2690 4176/1/2690 4175/1/2690 4095/1/2690
f 4160/1/2691 4240/1/2691 4241/1/2691 4161/1/2691
f 4123/1/2692 4203/1/2692 4202/1/2692 4122/1/2692
f 4097/1/2693 4177/1/2693 4176/1/2693 4096/1/2693
f 4161/1/2694 4241/1/2694 4242/1/2694 4162/1/2694
f 4135/1/2695 4215/1/2695 4216/1/2695 4136/1/2695
f 4124/1/2696 4204/1/2696 4203/1/2696 4123/1/2696
f 4098/1/2697 4178/1/2697 4177/1/2697 4097/1/2697
f 4162/1/2698 4242/1/2698 4243/1/2698 4163/1/2698
f 4136/1/2699 4216/1/2699 4217/1/2699 4137/1/2699
f 4125/1/2700 4205/1/2700 4204/1/2700 4124/1/2700
f 4099/1/2701 4179/1/2701 4178/1/2701 4098/1/2701
f 4163/1/2702 4243/1/2702 4244/1/2702 4164/1/2702
f 4137/1/2703 4217/1/2703 4218/1/2703 4138/1/2703
f 4126/1/2704 4206/1/2704 4205/1/2704 4125/1/2704
f 4100/1/2705 4180/1/2705 4179/1/2705 4099/1/2705
f 4164/1/2706 4244/1/2706 4245/1/2706 4165/1/2706
f 4138/1/2707 4218/1/2707 4219/1/2707 4139/1/2707
f 4127/1/2708 4207/1/2708 4206/1/2708 4126/1/2708
f 4101/1/2709 4181/1/2709 4180/1/2709 4100/1/2709
f 4165/1/2710 4245/1/2710 4246/1/2710 4166/1/2710
f 4139/1/2711 4219/1/2711 4220/1/2711 4140/1/2711
f 4128/1/2712 4208/1/2712 4207/1/2712 4127/1/2712
f 4102/1/2713 4182/1/2713 4181/1/2713 4101/1/2713
f 4166/1/2714 4246/1/2714 4247/1/2714 4167/1/2714
f 4140/1/2715 4220/1/2715 4221/1/2715 4141/1/2715
f 4129/1/2716 4209/1/2716 4208/1/2716 4128/1/2716
f 4103/1/2717 4183/1/2717 4182/1/2717 4102/1/2717
f 4167/1/2718 4247/1/2718 4248/1/2718 4168/1/2718
f 4141/1/2719 4221/1/2719 4222/1/2719 4142/1/2719
f 4130/1/2720 4210/1/2720 4209/1/2720 4129/1/2720
f 4104/1/2721 4184/1/2721 4183/1/2721 4103/1/2721
f 4168/1/2722 4248/1/2722 4249/1/2722 4169/1/2722
f 4142/1/2723 4222/1/2723 4223/1/2723 4143/1/2723
f 4131/1/2724 4211/1/2724 4210/1/2724 4130/1/2724
f 4105/1/2725 4185/1/2725 4184/1/2725 4104/1/2725
f 4169/1/2726 4249/1/2726 4250/1/2726 4170/1/2726
f 4143/1/2727 4223/1/2727 4224/1/2727 4144/1/2727
f 4132/1/2728 4212/1/2728 4211/1/2728 4131/1/2728
f 4106/1/2729 4186/1/2729 4185/1/2729 4105/1/2729
f 4170/1/2730 4250/1/2730 4251/1/2730 4171/1/2730
f 4144/1/2731 4224/1/2731 4225/1/2731 4145/1/2731
f 4133/1/2732 4213/1/2732 4212/1/2732 4132/1/2732
f 4107/1/2733 4187/1/2733 4186/1/2733 4106/1/2733
f 4171/1/2734 4251/1/2734 4252/1/2734 4172/1/2734
f 4145/1/2735 4225/1/2735 4226/1/2735 4146/1/2735
f 4134/1/2736 4214/1/2736 4213/1/2736 4133/1/2736
f 4108/1/2737 4188/1/2737 4187/1/2737 4107/1/2737
f 4172/1/2738 4252/1/2738 4253/1/2738 4173/1/2738
f 4146/1/2739 4226/1/2739 4227/1/2739 4147/1/2739
f 4095/1/2740 4175/1/2740 4214/1/2740 4134/1/2740
f 4109/1/2741 4189/1/2741 4188/1/2741 4108/1/2741
f 4173/1/2742 4253/1/2742 4254/1/2742 4174/1/2742
f 4147/1/2743 4227/1/2743 4228/1/2743 4148/1/2743
f 4110/1/2744 4190/1/2744 4189/1/2744 4109/1/2744
f 4174/1/2745 4254/1/2745 4215/1/2745 4135/1/2745
f 4148/1/2746 4228/1/2746 4229/1/2746 4149/1/2746
f 4111/1/2747 4191/1/2747 4190/1/2747 4110/1/2747
f 4149/1/2748 4229/1/2748 4230/1/2748 4150/1/2748
f 4112/1/2749 4192/1/2749 4191/1/2749 4111/1/2749
f 4150/1/2750 4230/1/2750 4231/1/2750 4151/1/2750
f 4113/1/2751 4193/1/2751 4192/1/2751 4112/1/2751
f 4151/1/2752 4231/1/2752 4232/1/2752 4152/1/2752
f 4114/1/2753 4194/1/2753 4193/1/2753 4113/1/2753
f 4152/1/2754 4232/1/2754 4233/1/2754 4153/1/2754
f 4115/1/2755 4195/1/2755 4194/1/2755 4114/1/2755
f 4153/1/2756 4233/1/2756 4234/1/2756 4154/1/2756
f 4116/1/2757 4196/1/2757 4195/1/2757 4115/1/2757
f 4154/1/2758 4234/1/2758 4235/1/2758 4155/1/2758
f 4117/1/2759 4197/1/2759 4196/1/2759 4116/1/2759
f 4155/1/2760 4235/1/2760 4236/1/2760 4156/1/2760
f 4118/1/2761 4198/1/2761 4197/1/2761 4117/1/2761
f 4156/1/2762 4236/1/2762 4237/1/2762 4157/1/2762
f 4244/1/116 4364/1/116 4365/1/116 4245/1/116
f 4217/1/116 4337/1/116 4338/1/116 4218/1/116
f 4230/1/116 4350/1/116 4351/1/116 4231/1/116
f 4243/1/116 4363/1/116 4364/1/116 4244/1/116
f 4216/1/116 4336/1/116 4337/1/116 4217/1/116
f 4229/1/116 4349/1/116 4350/1/116 4230/1/116
f 4242/1/116 4362/1/116 4363/1/116 4243/1/116
f 4215/1/116 4335/1/116 4336/1/116 4216/1/116
f 4228/1/116 4348/1/116 4349/1/116 4229/1/116
f 4241/1/116 4361/1/116 4362/1/116 4242/1/116
f 4254/1/116 4374/1/116 4335/1/116 4215/1/116
f 4227/1/116 4347/1/116 4348/1/116 4228/1/116
f 4240/1/116 4360/1/116 4361/1/116 4241/1/116
f 4253/1/116 4373/1/116 4374/1/116 4254/1/116
f 4226/1/116 4346/1/116 4347/1/116 4227/1/116
f 4239/1/116 4359/1/116 4360/1/116 4240/1/116
f 4231/1/116 4351/1/116 4352/1/116 4232/1/116
f 4218/1/116 4338/1/116 4339/1/116 4219/1/116
f 4245/1/116 4365/1/116 4366/1/116 4246/1/116
f 4232/1/116 4352/1/116 4353/1/116 4233/1/116
f 4219/1/116 4339/1/116 4340/1/116 4220/1/116
f 4246/1/116 4366/1/116 4367/1/116 4247/1/116
f 4233/1/116 4353/1/116 4354/1/116 4234/1/116
f 4220/1/116 4340/1/116 4341/1/116 4221/1/116
f 4247/1/116 4367/1/116 4368/1/116 4248/1/116
f 4234/1/116 4354/1/116 4355/1/116 4235/1/116
f 4221/1/116 4341/1/116 4342/1/116 4222/1/116
f 4248/1/116 4368/1/116 4369/1/116 4249/1/116
f 4235/1/116 4355/1/116 4356/1/116 4236/1/116
f 4222/1/116 4342/1/116 4343/1/116 4223/1/116
f 4249/1/116 4369/1/116 4370/1/116 4250/1/116
f 4236/1/116 4356/1/116 4357/1/116 4237/1/116
f 4223/1/116 4343/1/116 4344/1/116 4224/1/116
f 4250/1/116 4370/1/116 4371/1/116 4251/1/116
f 4237/1/116 4357/1/116 4358/1/116 4238/1/116
f 4224/1/116 4344/1/116 4345/1/116 4225/1/116
f 4251/1/116 4371/1/116 4372/1/116 4252/1/116
f 4238/1/116 4358/1/116 4359/1/116 4239/1/116
f 4225/1/116 4345/1/116 4346/1/116 4226/1/116
f 4252/1/116 4372/1/116 4373/1/116 4253/1/116
f 4674/1/2763 4714/1/2763 4715/1/2763 4675/1/2763
f 4661/1/2764 4701/1/2764 4702/1/2764 4662/1/2764
f 4688/1/2765 4728/1/2765 4729/1/2765 4689/1/2765
f 4675/1/2766 4715/1/2766 4716/1/2766 4676/1/2766
f 4662/1/2767 4702/1/2767 4703/1/2767 4663/1/2767
f 4689/1/2768 4729/1/2768 4730/1/2768 4690/1/2768
f 4676/1/2769 4716/1/2769 4717/1/2769 4677/1/2769
f 4663/1/2770 4703/1/2770 4704/1/2770 4664/1/2770
f 4690/1/2771 4730/1/2771 4731/1/2771 4691/1/2771
f 4677/1/2772 4717/1/2772 4718/1/2772 4678/1/2772
f 4664/1/2773 4704/1/2773 4705/1/2773 4665/1/2773
f 4691/1/2774 4731/1/2774 4732/1/2774 4692/1/2774
f 4678/1/2775 4718/1/2775 4719/1/2775 4679/1/2775
f 4665/1/2776 4705/1/2776 4706/1/2776 4666/1/2776
f 4692/1/2777 4732/1/2777 4733/1/2777 4693/1/2777
f 4679/1/2778 4719/1/2778 4720/1/2778 4680/1/2778
f 4666/1/2779 4706/1/2779 4707/1/2779 4667/1/2779
f 4693/1/2780 4733/1/2780 4734/1/2780 4694/1/2780
f 4680/1/2781 4720/1/2781 4721/1/2781 4681/1/2781
f 4667/1/2782 4707/1/2782 4708/1/2782 4668/1/2782
f 4694/1/2783 4734/1/2783 4695/1/2783 4655/1/2783
f 4681/1/2784 4721/1/2784 4722/1/2784 4682/1/2784
f 4668/1/2785 4708/1/2785 4709/1/2785 4669/1/2785
f 4655/1/2786 4695/1/2786 4696/1/2786 4656/1/2786
f 4682/1/2787 4722/1/2787 4723/1/2787 4683/1/2787
f 4669/1/2788 4709/1/2788 4710/1/2788 4670/1/2788
f 4656/1/2789 4696/1/2789 4697/1/2789 4657/1/2789
f 4683/1/2790 4723/1/2790 4724/1/2790 4684/1/2790
f 4670/1/2791 4710/1/2791 4711/1/2791 4671/1/2791
f 4657/1/2792 4697/1/2792 4698/1/2792 4658/1/2792
f 4684/1/2793 4724/1/2793 4725/1/2793 4685/1/2793
f 4671/1/2794 4711/1/2794 4712/1/2794 4672/1/2794
f 4658/1/2795 4698/1/2795 4699/1/2795 4659/1/2795
f 4685/1/2796 4725/1/2796 4726/1/2796 4686/1/2796
f 4672/1/2797 4712/1/2797 4713/1/2797 4673/1/2797
f 4659/1/2798 4699/1/2798 4700/1/2798 4660/1/2798
f 4686/1/2799 4726/1/2799 4727/1/2799 4687/1/2799
f 4673/1/2800 4713/1/2800 4714/1/2800 4674/1/2800
f 4660/1/2801 4700/1/2801 4701/1/2801 4661/1/2801
f 4687/1/2802 4727/1/2802 4728/1/2802 4688/1/2802
f 4714/1/486 4754/1/486 4755/1/486 4715/1/486
f 4701/1/487 4741/1/487 4742/1/487 4702/1/487
f 4728/1/488 4768/1/488 4769/1/488 4729/1/488
f 4715/1/489 4755/1/489 4756/1/489 4716/1/489
f 4702/1/490 4742/1/490 4743/1/490 4703/1/490
f 4729/1/491 4769/1/491 4770/1/491 4730/1/491
f 4716/1/492 4756/1/492 4757/1/492 4717/1/492
f 4703/1/493 4743/1/493 4744/1/493 4704/1/493
f 4730/1/494 4770/1/494 4771/1/494 4731/1/494
f 4717/1/495 4757/1/495 4758/1/495 4718/1/495
f 4704/1/496 4744/1/496 4745/1/496 4705/1/496
f 4731/1/497 4771/1/497 4772/1/497 4732/1/497
f 4718/1/498 4758/1/498 4759/1/498 4719/1/498
f 4705/1/499 4745/1/499 4746/1/499 4706/1/499
f 4732/1/500 4772/1/500 4773/1/500 4733/1/500
f 4719/1/501 4759/1/501 4760/1/501 4720/1/501
f 4706/1/502 4746/1/502 4747/1/502 4707/1/502
f 4733/1/503 4773/1/503 4774/1/503 4734/1/503
f 4720/1/504 4760/1/504 4761/1/504 4721/1/504
f 4707/1/505 4747/1/505 4748/1/505 4708/1/505
f 4734/1/506 4774/1/506 4735/1/506 4695/1/506
f 4721/1/507 4761/1/507 4762/1/507 4722/1/507
f 4708/1/508 4748/1/508 4749/1/508 4709/1/508
f 4695/1/509 4735/1/509 4736/1/509 4696/1/509
f 4722/1/510 4762/1/510 4763/1/510 4723/1/510
f 4709/1/511 4749/1/511 4750/1/511 4710/1/511
f 4696/1/512 4736/1/512 4737/1/512 4697/1/512
f 4723/1/513 4763/1/513 4764/1/513 4724/1/513
f 4710/1/514 4750/1/514 4751/1/514 4711/1/514
f 4697/1/515 4737/1/515 4738/1/515 4698/1/515
f 4724/1/516 4764/1/516 4765/1/516 4725/1/516
f 4711/1/517 4751/1/517 4752/1/517 4712/1/517
f 4698/1/518 4738/1/518 4739/1/518 4699/1/518
f 4725/1/519 4765/1/519 4766/1/519 4726/1/519
f 4712/1/520 4752/1/520 4753/1/520 4713/1/520
f 4699/1/521 4739/1/521 4740/1/521 4700/1/521
f 4726/1/522 4766/1/522 4767/1/522 4727/1/522
f 4713/1/523 4753/1/523 4754/1/523 4714/1/523
f 4700/1/524 4740/1/524 4741/1/524 4701/1/524
f 4727/1/525 4767/1/525 4768/1/525 4728/1/525
f 4741/1/487 4781/1/487 4782/1/487 4742/1/487
f 4768/1/488 4808/1/488 4809/1/488 4769/1/488
f 4755/1/489 4795/1/489 4796/1/489 4756/1/489
f 4742/1/490 4782/1/490 4783/1/490 4743/1/490
f 4769/1/491 4809/1/491 4810/1/491 4770/1/491
f 4756/1/492 4796/1/492 4797/1/492 4757/1/492
f 4743/1/493 4783/1/493 4784/1/493 4744/1/493
f 4770/1/494 4810/1/494 4811/1/494 4771/1/494
f 4757/1/495 4797/1/495 4798/1/495 4758/1/495
f 4744/1/496 4784/1/496 4785/1/496 4745/1/496
f 4771/1/497 4811/1/497 4812/1/497 4772/1/497
f 4758/1/498 4798/1/498 4799/1/498 4759/1/498
f 4745/1/499 4785/1/499 4786/1/499 4746/1/499
f 4772/1/500 4812/1/500 4813/1/500 4773/1/500
f 4759/1/501 4799/1/501 4800/1/501 4760/1/501
f 4746/1/502 4786/1/502 4787/1/502 4747/1/502
f 4773/1/503 4813/1/503 4814/1/503 4774/1/503
f 4760/1/504 4800/1/504 4801/1/504 4761/1/504
f 4747/1/505 4787/1/505 4788/1/505 4748/1/505
f 4774/1/506 4814/1/506 4775/1/506 4735/1/506
f 4761/1/507 4801/1/507 4802/1/507 4762/1/507
f 4748/1/508 4788/1/508 4789/1/508 4749/1/508
f 4735/1/509 4775/1/509 4776/1/509 4736/1/509
f 4762/1/510 4802/1/510 4803/1/510 4763/1/510
f 4749/1/511 4789/1/511 4790/1/511 4750/1/511
f 4736/1/512 4776/1/512 4777/1/512 4737/1/512
f 4763/1/513 4803/1/513 4804/1/513 4764/1/513
f 4750/1/514 4790/1/514 4791/1/514 4751/1/514
f 4737/1/515 4777/1/515 4778/1/515 4738/1/515
f 4764/1/516 4804/1/516 4805/1/516 4765/1/516
f 4751/1/517 4791/1/517 4792/1/517 4752/1/517
f 4738/1/518 4778/1/518 4779/1/518 4739/1/518
f 4765/1/519 4805/1/519 4806/1/519 4766/1/519
f 4752/1/520 4792/1/520 4793/1/520 4753/1/520
f 4739/1/521 4779/1/521 4780/1/521 4740/1/521
f 4766/1/522 4806/1/522 4807/1/522 4767/1/522
f 4753/1/523 4793/1/523 4794/1/523 4754/1/523
f 4740/1/524 4780/1/524 4781/1/524 4741/1/524
f 4767/1/525 4807/1/525 4808/1/525 4768/1/525
f 4754/1/486 4794/1/486 4795/1/486 4755/1/486
f 4795/1/2803 4835/1/2803 4836/1/2803 4796/1/2803
f 4782/1/2804 4822/1/2804 4823/1/2804 4783/1/2804
f 4809/1/2805 4849/1/2805 4850/1/2805 4810/1/2805
f 4796/1/2806 4836/1/2806 4837/1/2806 4797/1/2806
f 4783/1/2807 4823/1/2807 4824/1/2807 4784/1/2807
f 4810/1/2808 4850/1/2808 4851/1/2808 4811/1/2808
f 4797/1/2809 4837/1/2809 4838/1/2809 4798/1/2809
f 4784/1/2810 4824/1/2810 4825/1/2810 4785/1/2810
f 4811/1/2811 4851/1/2811 4852/1/2811 4812/1/2811
f 4798/1/2812 4838/1/2812 4839/1/2812 4799/1/2812
f 4785/1/2813 4825/1/2813 4826/1/2813 4786/1/2813
f 4812/1/2814 4852/1/2814 4853/1/2814 4813/1/2814
f 4799/1/2815 4839/1/2815 4840/1/2815 4800/1/2815
f 4786/1/2816 4826/1/2816 4827/1/2816 4787/1/2816
f 4813/1/2817 4853/1/2817 4854/1/2817 4814/1/2817
f 4800/1/2818 4840/1/2818 4841/1/2818 4801/1/2818
f 4787/1/2819 4827/1/2819 4828/1/2819 4788/1/2819
f 4814/1/2820 4854/1/2820 4815/1/2820 4775/1/2820
f 4801/1/2821 4841/1/2821 4842/1/2821 4802/1/2821
f 4788/1/2822 4828/1/2822 4829/1/2822 4789/1/2822
f 4775/1/2823 4815/1/2823 4816/1/2823 4776/1/2823
f 4802/1/2824 4842/1/2824 4843/1/2824 4803/1/2824
f 4789/1/2825 4829/1/2825 4830/1/2825 4790/1/2825
f 4776/1/2826 4816/1/2826 4817/1/2826 4777/1/2826
f 4803/1/2827 4843/1/2827 4844/1/2827 4804/1/2827
f 4790/1/2828 4830/1/2828 4831/1/2828 4791/1/2828
f 4777/1/2829 4817/1/2829 4818/1/2829 4778/1/2829
f 4804/1/2830 4844/1/2830 4845/1/2830 4805/1/2830
f 4791/1/2831 4831/1/2831 4832/1/2831 4792/1/2831
f 4778/1/2832 4818/1/2832 4819/1/2832 4779/1/2832
f 4805/1/2833 4845/1/2833 4846/1/2833 4806/1/2833
f 4792/1/2834 4832/1/2834 4833/1/2834 4793/1/2834
f 4779/1/2835 4819/1/2835 4820/1/2835 4780/1/2835
f 4806/1/2836 4846/1/2836 4847/1/2836 4807/1/2836
f 4793/1/2837 4833/1/2837 4834/1/2837 4794/1/2837
f 4780/1/2838 4820/1/2838 4821/1/2838 4781/1/2838
f 4807/1/2839 4847/1/2839 4848/1/2839 4808/1/2839
f 4794/1/2840 4834/1/2840 4835/1/2840 4795/1/2840
f 4781/1/2841 4821/1/2841 4822/1/2841 4782/1/2841
f 4808/1/2842 4848/1/2842 4849/1/2842 4809/1/2842
f 4675/1/2843 4875/1/2843 4874/1/2843 4674/1/2843
f 4662/1/2844 4862/1/2844 4861/1/2844 4661/1/2844
f 4689/1/2845 4889/1/2845 4888/1/2845 4688/1/2845
f 4676/1/2846 4876/1/2846 4875/1/2846 4675/1/2846
f 4663/1/2847 4863/1/2847 4862/1/2847 4662/1/2847
f 4690/1/2848 4890/1/2848 4889/1/2848 4689/1/2848
f 4677/1/2849 4877/1/2849 4876/1/2849 4676/1/2849
f 4664/1/2850 4864/1/2850 4863/1/2850 4663/1/2850
f 4691/1/2851 4891/1/2851 4890/1/2851 4690/1/2851
f 4678/1/2852 4878/1/2852 4877/1/2852 4677/1/2852
f 4665/1/2853 4865/1/2853 4864/1/2853 4664/1/2853
f 4692/1/2854 4892/1/2854 4891/1/2854 4691/1/2854
f 4679/1/2855 4879/1/2855 4878/1/2855 4678/1/2855
f 4666/1/2856 4866/1/2856 4865/1/2856 4665/1/2856
f 4693/1/2857 4893/1/2857 4892/1/2857 4692/1/2857
f 4680/1/2858 4880/1/2858 4879/1/2858 4679/1/2858
f 4667/1/2859 4867/1/2859 4866/1/2859 4666/1/2859
f 4694/1/2860 4894/1/2860 4893/1/2860 4693/1/2860
f 4681/1/2861 4881/1/2861 4880/1/2861 4680/1/2861
f 4668/1/2862 4868/1/2862 4867/1/2862 4667/1/2862
f 4655/1/2863 4855/1/2863 4894/1/2863 4694/1/2863
f 4682/1/2864 4882/1/2864 4881/1/2864 4681/1/2864
f 4669/1/2865 4869/1/2865 4868/1/2865 4668/1/2865
f 4656/1/2866 4856/1/2866 4855/1/2866 4655/1/2866
f 4683/1/2867 4883/1/2867 4882/1/2867 4682/1/2867
f 4670/1/2868 4870/1/2868 4869/1/2868 4669/1/2868
f 4657/1/2869 4857/1/2869 4856/1/2869 4656/1/2869
f 4684/1/2870 4884/1/2870 4883/1/2870 4683/1/2870
f 4671/1/2871 4871/1/2871 4870/1/2871 4670/1/2871
f 4658/1/2872 4858/1/2872 4857/1/2872 4657/1/2872
f 4685/1/2873 4885/1/2873 4884/1/2873 4684/1/2873
f 4672/1/2874 4872/1/2874 4871/1/2874 4671/1/2874
f 4659/1/2875 4859/1/2875 4858/1/2875 4658/1/2875
f 4686/1/2876 4886/1/2876 4885/1/2876 4685/1/2876
f 4673/1/2877 4873/1/2877 4872/1/2877 4672/1/2877
f 4660/1/2878 4860/1/2878 4859/1/2878 4659/1/2878
f 4687/1/2879 4887/1/2879 4886/1/2879 4686/1/2879
f 4674/1/2880 4874/1/2880 4873/1/2880 4673/1/2880
f 4661/1/2881 4861/1/2881 4860/1/2881 4660/1/2881
f 4688/1/2882 4888/1/2882 4887/1/2882 4687/1/2882
f 4822/1/2883 4902/1/2883 4903/1/2883 4823/1/2883
f 4849/1/2884 4929/1/2884 4930/1/2884 4850/1/2884
f 4836/1/2885 4916/1/2885 4917/1/2885 4837/1/2885
f 4823/1/2886 4903/1/2886 4904/1/2886 4824/1/2886
f 4850/1/2887 4930/1/2887 4931/1/2887 4851/1/2887
f 4837/1/2888 4917/1/2888 4918/1/2888 4838/1/2888
f 4824/1/2889 4904/1/2889 4905/1/2889 4825/1/2889
f 4851/1/2890 4931/1/2890 4932/1/2890 4852/1/2890
f 4838/1/2891 4918/1/2891 4919/1/2891 4839/1/2891
f 4825/1/2892 4905/1/2892 4906/1/2892 4826/1/2892
f 4852/1/2893 4932/1/2893 4933/1/2893 4853/1/2893
f 4839/1/2894 4919/1/2894 4920/1/2894 4840/1/2894
f 4826/1/2895 4906/1/2895 4907/1/2895 4827/1/2895
f 4853/1/2896 4933/1/2896 4934/1/2896 4854/1/2896
f 4840/1/2897 4920/1/2897 4921/1/2897 4841/1/2897
f 4827/1/2898 4907/1/2898 4908/1/2898 4828/1/2898
f 4854/1/2899 4934/1/2899 4895/1/2899 4815/1/2899
f 4841/1/2900 4921/1/2900 4922/1/2900 4842/1/2900
f 4828/1/2901 4908/1/2901 4909/1/2901 4829/1/2901
f 4815/1/2902 4895/1/2902 4896/1/2902 4816/1/2902
f 4842/1/2903 4922/1/2903 4923/1/2903 4843/1/2903
f 4829/1/2904 4909/1/2904 4910/1/2904 4830/1/2904
f 4816/1/2905 4896/1/2905 4897/1/2905 4817/1/2905
f 4843/1/2906 4923/1/2906 4924/1/2906 4844/1/2906
f 4830/1/2907 4910/1/2907 4911/1/2907 4831/1/2907
f 4817/1/2908 4897/1/2908 4898/1/2908 4818/1/2908
f 4844/1/2909 4924/1/2909 4925/1/2909 4845/1/2909
f 4831/1/2910 4911/1/2910 4912/1/2910 4832/1/2910
f 4818/1/2911 4898/1/2911 4899/1/2911 4819/1/2911
f 4845/1/2912 4925/1/2912 4926/1/2912 4846/1/2912
f 4832/1/2913 4912/1/2913 4913/1/2913 4833/1/2913
f 4819/1/2914 4899/1/2914 4900/1/2914 4820/1/2914
f 4846/1/2915 4926/1/2915 4927/1/2915 4847/1/2915
f 4833/1/2916 4913/1/2916 4914/1/2916 4834/1/2916
f 4820/1/2917 4900/1/2917 4901/1/2917 4821/1/2917
f 4847/1/2918 4927/1/2918 4928/1/2918 4848/1/2918
f 4834/1/2919 4914/1/2919 4915/1/2919 4835/1/2919
f 4821/1/2920 4901/1/2920 4902/1/2920 4822/1/2920
f 4848/1/2921 4928/1/2921 4929/1/2921 4849/1/2921
f 4835/1/2922 4915/1/2922 4916/1/2922 4836/1/2922
f 4879/1/2683 4959/1/2683 4958/1/2683 4878/1/2683
f 4917/1/2684 4997/1/2684 4998/1/2684 4918/1/2684
f 4880/1/2685 4960/1/2685 4959/1/2685 4879/1/2685
f 4918/1/2686 4998/1/2686 4999/1/2686 4919/1/2686
f 4881/1/2687 4961/1/2687 4960/1/2687 4880/1/2687
f 4919/1/2688 4999/1/2688 5000/1/2688 4920/1/2688
f 4882/1/2689 4962/1/2689 4961/1/2689 4881/1/2689
f 4856/1/2690 4936/1/2690 4935/1/2690 4855/1/2690
f 4920/1/2691 5000/1/2691 5001/1/2691 4921/1/2691
f 4883/1/2692 4963/1/2692 4962/1/2692 4882/1/2692
f 4857/1/2693 4937/1/2693 4936/1/2693 4856/1/2693
f 4921/1/2694 5001/1/2694 5002/1/2694 4922/1/2694
f 4895/1/2695 4975/1/2695 4976/1/2695 4896/1/2695
f 4884/1/2696 4964/1/2696 4963/1/2696 4883/1/2696
f 4858/1/2697 4938/1/2697 4937/1/2697 4857/1/2697
f 4922/1/2698 5002/1/2698 5003/1/2698 4923/1/2698
f 4896/1/2699 4976/1/2699 4977/1/2699 4897/1/2699
f 4885/1/2700 4965/1/2700 4964/1/2700 4884/1/2700
f 4859/1/2701 4939/1/2701 4938/1/2701 4858/1/2701
f 4923/1/2702 5003/1/2702 5004/1/2702 4924/1/2702
f 4897/1/2703 4977/1/2703 4978/1/2703 4898/1/2703
f 4886/1/2704 4966/1/2704 4965/1/2704 4885/1/2704
f 4860/1/2705 4940/1/2705 4939/1/2705 4859/1/2705
f 4924/1/2706 5004/1/2706 5005/1/2706 4925/1/2706
f 4898/1/2707 4978/1/2707 4979/1/2707 4899/1/2707
f 4887/1/2708 4967/1/2708 4966/1/2708 4886/1/2708
f 4861/1/2709 4941/1/2709 4940/1/2709 4860/1/2709
f 4925/1/2710 5005/1/2710 5006/1/2710 4926/1/2710
f 4899/1/2711 4979/1/2711 4980/1/2711 4900/1/2711
f 4888/1/2712 4968/1/2712 4967/1/2712 4887/1/2712
f 4862/1/2713 4942/1/2713 4941/1/2713 4861/1/2713
f 4926/1/2714 5006/1/2714 5007/1/2714 4927/1/2714
f 4900/1/2715 4980/1/2715 4981/1/2715 4901/1/2715
f 4889/1/2716 4969/1/2716 4968/1/2716 4888/1/2716
f 4863/1/2717 4943/1/2717 4942/1/2717 4862/1/2717
f 4927/1/2718 5007/1/2718 5008/1/2718 4928/1/2718
f 4901/1/2719 4981/1/2719 4982/1/2719 4902/1/2719
f 4890/1/2720 4970/1/2720 4969/1/2720 4889/1/2720
f 4864/1/2721 4944/1/2721 4943/1/2721 4863/1/2721
f 4928/1/2722 5008/1/2722 5009/1/2722 4929/1/2722
f 4902/1/2723 4982/1/2723 4983/1/2723 4903/1/2723
f 4891/1/2724 4971/1/2724 4970/1/2724 4890/1/2724
f 4865/1/2725 4945/1/2725 4944/1/2725 4864/1/2725
f 4929/1/2726 5009/1/2726 5010/1/2726 4930/1/2726
f 4903/1/2727 4983/1/2727 4984/1/2727 4904/1/2727
f 4892/1/2728 4972/1/2728 4971/1/2728 4891/1/2728
f 4866/1/2729 4946/1/2729 4945/1/2729 4865/1/2729
f 4930/1/2730 5010/1/2730 5011/1/2730 4931/1/2730
f 4904/1/2731 4984/1/2731 4985/1/2731 4905/1/2731
f 4893/1/2732 4973/1/2732 4972/1/2732 4892/1/2732
f 4867/1/2733 4947/1/2733 4946/1/2733 4866/1/2733
f 4931/1/2734 5011/1/2734 5012/1/2734 4932/1/2734
f 4905/1/2735 4985/1/2735 4986/1/2735 4906/1/2735
f 4894/1/2736 4974/1/2736 4973/1/2736 4893/1/2736
f 4868/1/2737 4948/1/2737 4947/1/2737 4867/1/2737
f 4932/1/2738 5012/1/2738 5013/1/2738 4933/1/2738
f 4906/1/2739 4986/1/2739 4987/1/2739 4907/1/2739
f 4855/1/2740 4935/1/2740 4974/1/2740 4894/1/2740
f 4869/1/2741 4949/1/2741 4948/1/2741 4868/1/2741
f 4933/1/2742 5013/1/2742 5014/1/2742 4934/1/2742
f 4907/1/2743 4987/1/2743 4988/1/2743 4908/1/2743
f 4870/1/2744 4950/1/2744 4949/1/2744 4869/1/2744
f 4934/1/2745 5014/1/2745 4975/1/2745 4895/1/2745
f 4908/1/2746 4988/1/2746 4989/1/2746 4909/1/2746
f 4871/1/2747 4951/1/2747 4950/1/2747 4870/1/2747
f 4909/1/2748 4989/1/2748 4990/1/2748 4910/1/2748
f 4872/1/2749 4952/1/2749 4951/1/2749 4871/1/2749
f 4910/1/2750 4990/1/2750 4991/1/2750 4911/1/2750
f 4873/1/2751 4953/1/2751 4952/1/2751 4872/1/2751
f 4911/1/2752 4991/1/2752 4992/1/2752 4912/1/2752
f 4874/1/2753 4954/1/2753 4953/1/2753 4873/1/2753
f 4912/1/2754 4992/1/2754 4993/1/2754 4913/1/2754
f 4875/1/2755 4955/1/2755 4954/1/2755 4874/1/2755
f 4913/1/2756 4993/1/2756 4994/1/2756 4914/1/2756
f 4876/1/2757 4956/1/2757 4955/1/2757 4875/1/2757
f 4914/1/2758 4994/1/2758 4995/1/2758 4915/1/2758
f 4877/1/2759 4957/1/2759 4956/1/2759 4876/1/2759
f 4915/1/2760 4995/1/2760 4996/1/2760 4916/1/2760
f 4878/1/2761 4958/1/2761 4957/1/2761 4877/1/2761
f 4916/1/2762 4996/1/2762 4997/1/2762 4917/1/2762
f 5004/1/116 5124/1/116 5125/1/116 5005/1/116
f 4977/1/116 5097/1/116 5098/1/116 4978/1/116
f 4990/1/116 5110/1/116 5111/1/116 4991/1/116
f 5003/1/116 5123/1/116 5124/1/116 5004/1/116
f 4976/1/116 5096/1/116 5097/1/116 4977/1/116
f 4989/1/116 5109/1/116 5110/1/116 4990/1/116
f 5002/1/116 5122/1/116 5123/1/116 5003/1/116
f 4975/1/116 5095/1/116 5096/1/116 4976/1/116
f 4988/1/116 5108/1/116 5109/1/116 4989/1/116
f 5001/1/116 5121/1/116 5122/1/116 5002/1/116
f 5014/1/116 5134/1/116 5095/1/116 4975/1/116
f 4987/1/116 5107/1/116 5108/1/116 4988/1/116
f 5000/1/116 5120/1/116 5121/1/116 5001/1/116
f 5013/1/116 5133/1/116 5134/1/116 5014/1/116
f 4986/1/116 5106/1/116 5107/1/116 4987/1/116
f 4999/1/116 5119/1/116 5120/1/116 5000/1/116
f 4991/1/116 5111/1/116 5112/1/116 4992/1/116
f 4978/1/116 5098/1/116 5099/1/116 4979/1/116
f 5005/1/116 5125/1/116 5126/1/116 5006/1/116
f 4992/1/116 5112/1/116 5113/1/116 4993/1/116
f 4979/1/116 5099/1/116 5100/1/116 4980/1/116
f 5006/1/116 5126/1/116 5127/1/116 5007/1/116
f 4993/1/116 5113/1/116 5114/1/116 4994/1/116
f 4980/1/116 5100/1/116 5101/1/116 4981/1/116
f 5007/1/116 5127/1/116 5128/1/116 5008/1/116
f 4994/1/116 5114/1/116 5115/1/116 4995/1/116
f 4981/1/116 5101/1/116 5102/1/116 4982/1/116
f 5008/1/116 5128/1/116 5129/1/116 5009/1/116
f 4995/1/116 5115/1/116 5116/1/116 4996/1/116
f 4982/1/116 5102/1/116 5103/1/116 4983/1/116
f 5009/1/116 5129/1/116 5130/1/116 5010/1/116
f 4996/1/116 5116/1/116 5117/1/116 4997/1/116
f 4983/1/116 5103/1/116 5104/1/116 4984/1/116
f 5010/1/116 5130/1/116 5131/1/116 5011/1/116
f 4997/1/116 5117/1/116 5118/1/116 4998/1/116
f 4984/1/116 5104/1/116 5105/1/116 4985/1/116
f 5011/1/116 5131/1/116 5132/1/116 5012/1/116
f 4998/1/116 5118/1/116 5119/1/116 4999/1/116
f 4985/1/116 5105/1/116 5106/1/116 4986/1/116
f 5012/1/116 5132/1/116 5133/1/116 5013/1/116
f 5435/4/2923 5417/7/2923 5418/6/2923 5438/5/2923
f 5424/8/2924 5460/8/2924 5461/9/2924 5425/9/2924
f 5439/10/2925 5419/13/2925 5420/12/2925 5442/11/2925
f 5429/14/2926 5415/17/2926 5416/16/2926 5434/15/2926
f 5454/18/2927 5431/19/2927 5419/13/2927 5439/10/2927
f 5448/20/2928 5434/23/2928 5416/22/2928 5437/21/2928
f 5442/11/2929 5420/12/2929 5432/25/2929 5444/24/2929
f 5444/24/950 5432/25/950 5433/27/950 5446/26/950
f 5446/26/950 5433/27/950 5434/23/950 5448/20/950
f 5436/28/951 5415/31/951 5429/30/951 5450/29/951
f 5450/29/2930 5429/30/2930 5430/33/2930 5452/32/2930
f 5452/32/951 5430/33/951 5431/19/951 5454/18/951
f 5419/13/2931 5431/35/2931 5432/34/2931 5420/12/2931
f 5431/35/2932 5430/37/2932 5433/36/2932 5432/34/2932
f 5430/37/2933 5429/14/2933 5434/15/2933 5433/36/2933
f 5427/38/951 5463/38/951 5464/39/951 5428/39/951
f 5417/7/2934 5455/7/2934 5456/6/2934 5418/6/2934
f 5423/40/950 5459/40/950 5460/8/950 5424/8/950
f 5424/8/2935 5451/42/2935 5453/41/2935 5423/40/2935
f 5451/42/950 5452/32/950 5454/18/950 5453/41/950
f 5425/9/2936 5449/43/2936 5451/42/2936 5424/8/2936
f 5449/43/2930 5450/29/2930 5452/32/2930 5451/42/2930
f 5417/44/2937 5435/45/2937 5449/43/2937 5425/9/2937
f 5435/45/951 5436/28/951 5450/29/951 5449/43/951
f 5427/38/2938 5445/48/2938 5447/47/2938 5426/46/2938
f 5445/48/950 5446/26/950 5448/20/950 5447/47/950
f 5428/39/2939 5443/49/2939 5445/48/2939 5427/38/2939
f 5443/49/950 5444/24/950 5446/26/950 5445/48/950
f 5422/50/2940 5441/51/2940 5443/49/2940 5428/39/2940
f 5441/51/2941 5442/11/2941 5444/24/2941 5443/49/2941
f 5426/46/2942 5447/47/2942 5438/53/2942 5418/52/2942
f 5447/47/2928 5448/20/2928 5437/21/2928 5438/53/2928
f 5423/40/2943 5453/41/2943 5440/55/2943 5421/54/2943
f 5453/41/2944 5454/18/2944 5439/10/2944 5440/55/2944
f 5421/54/2945 5440/55/2945 5441/51/2945 5422/50/2945
f 5440/55/2946 5439/10/2946 5442/11/2946 5441/51/2946
f 5415/56/2947 5436/59/2947 5437/58/2947 5416/57/2947
f 5436/59/2947 5435/4/2947 5438/5/2947 5437/58/2947
f 5459/40/2948 5457/54/2948 5458/50/2948 5464/39/2948
f 5460/8/2949 5459/40/2949 5464/39/2949 5463/38/2949
f 5461/9/972 5460/8/972 5463/38/972 5462/46/972
f 5455/44/972 5461/9/972 5462/46/972 5456/52/972
f 5425/9/950 5461/9/950 5455/44/950 5417/44/950
f 5418/52/2950 5456/52/2950 5462/46/2950 5426/46/2950
f 5428/39/2941 5464/39/2941 5458/50/2941 5422/50/2941
f 5421/54/2944 5457/54/2944 5459/40/2944 5423/40/2944
f 5426/46/951 5462/46/951 5463/38/951 5427/38/951
f 5422/50/2951 5458/50/2951 5457/54/2951 5421/54/2951
f 5480/60/2961 5491/63/2961 5503/62/2961 5492/61/2961
f 5481/64/2962 5480/1/2962 5492/66/2962 5493/65/2962
f 5482/67/2963 5481/64/2963 5493/65/2963 5494/68/2963
f 5483/69/2964 5482/67/2964 5494/68/2964 5495/70/2964
f 5484/71/2965 5483/69/2965 5495/70/2965 5496/72/2965
f 5485/73/2966 5484/71/2966 5496/72/2966 5497/74/2966
f 5486/75/2967 5485/73/2967 5497/74/2967 5498/76/2967
f 5487/77/2968 5486/75/2968 5498/76/2968 5499/78/2968
f 5488/79/2969 5487/77/2969 5499/78/2969 5500/80/2969
f 5489/81/2970 5488/79/2970 5500/80/2970 5501/82/2970
f 5490/83/2971 5489/81/2971 5501/82/2971 5502/84/2971
f 5491/63/2972 5490/83/2972 5502/84/2972 5503/62/2972
f 5492/61/2973 5503/62/2973 5515/86/2973 5504/85/2973
f 5493/65/2974 5492/66/2974 5504/88/2974 5505/87/2974
f 5494/68/2975 5493/65/2975 5505/87/2975 5506/89/2975
f 5495/70/2976 5494/68/2976 5506/89/2976 5507/90/2976
f 5496/72/2977 5495/70/2977 5507/90/2977 5508/91/2977
f 5497/74/2978 5496/72/2978 5508/91/2978 5509/92/2978
f 5498/76/2979 5497/74/2979 5509/92/2979 5510/93/2979
f 5499/78/2980 5498/76/2980 5510/93/2980 5511/94/2980
f 5500/80/2981 5499/78/2981 5511/94/2981 5512/95/2981
f 5501/82/2982 5500/80/2982 5512/95/2982 5513/96/2982
f 5502/84/2983 5501/82/2983 5513/96/2983 5514/97/2983
f 5503/62/2984 5502/84/2984 5514/97/2984 5515/86/2984
f 5504/85/2985 5515/86/2985 5527/99/2985 5516/98/2985
f 5505/87/2986 5504/88/2986 5516/101/2986 5517/100/2986
f 5506/89/2987 5505/87/2987 5517/100/2987 5518/102/2987
f 5507/90/2988 5506/89/2988 5518/102/2988 5519/103/2988
f 5508/91/2989 5507/90/2989 5519/103/2989 5520/104/2989
f 5509/92/2990 5508/91/2990 5520/104/2990 5521/105/2990
f 5510/93/2991 5509/92/2991 5521/105/2991 5522/106/2991
f 5511/94/2992 5510/93/2992 5522/106/2992 5523/107/2992
f 5512/95/2993 5511/94/2993 5523/107/2993 5524/108/2993
f 5513/96/2994 5512/95/2994 5524/108/2994 5525/33/2994
f 5514/97/2995 5513/96/2995 5525/33/2995 5526/109/2995
f 5515/86/2996 5514/97/2996 5526/109/2996 5527/99/2996
f 5516/98/2997 5527/99/2997 5539/111/2997 5528/110/2997
f 5517/100/2998 5516/101/2998 5528/113/2998 5529/112/2998
f 5518/102/2999 5517/100/2999 5529/112/2999 5530/114/2999
f 5519/103/3000 5518/102/3000 5530/114/3000 5531/115/3000
f 5520/104/3001 5519/103/3001 5531/115/3001 5532/116/3001
f 5521/105/3002 5520/104/3002 5532/116/3002 5533/117/3002
f 5522/106/3003 5521/105/3003 5533/117/3003 5534/118/3003
f 5523/107/3004 5522/106/3004 5534/118/3004 5535/119/3004
f 5524/108/3005 5523/107/3005 5535/119/3005 5536/120/3005
f 5525/33/3006 5524/108/3006 5536/120/3006 5537/121/3006
f 5526/109/3007 5525/33/3007 5537/121/3007 5538/122/3007
f 5527/99/3008 5526/109/3008 5538/122/3008 5539/111/3008
f 5528/110/3009 5539/111/3009 5551/124/3009 5540/123/3009
f 5529/112/3010 5528/113/3010 5540/126/3010 5541/125/3010
f 5530/114/3011 5529/112/3011 5541/125/3011 5542/127/3011
f 5531/115/3012 5530/114/3012 5542/127/3012 5543/128/3012
f 5532/116/3013 5531/115/3013 5543/128/3013 5544/129/3013
f 5533/117/3014 5532/116/3014 5544/129/3014 5545/130/3014
f 5534/118/3015 5533/117/3015 5545/130/3015 5546/131/3015
f 5535/119/3016 5534/118/3016 5546/131/3016 5547/132/3016
f 5536/120/3017 5535/119/3017 5547/132/3017 5548/133/3017
f 5537/121/3018 5536/120/3018 5548/133/3018 5549/134/3018
f 5538/122/3019 5537/121/3019 5549/134/3019 5550/135/3019
f 5539/111/3020 5538/122/3020 5550/135/3020 5551/124/3020
f 5540/123/3021 5551/124/3021 5563/137/3021 5552/136/3021
f 5541/125/3022 5540/126/3022 5552/139/3022 5553/138/3022
f 5542/127/3023 5541/125/3023 5553/138/3023 5554/140/3023
f 5543/128/3024 5542/127/3024 5554/140/3024 5555/141/3024
f 5544/129/3025 5543/128/3025 5555/141/3025 5556/142/3025
f 5545/130/3026 5544/129/3026 5556/142/3026 5557/143/3026
f 5546/131/3027 5545/130/3027 5557/143/3027 5558/144/3027
f 5547/132/3028 5546/131/3028 5558/144/3028 5559/145/3028
f 5548/133/3029 5547/132/3029 5559/145/3029 5560/146/3029
f 5549/134/3030 5548/133/3030 5560/146/3030 5561/147/3030
f 5550/135/3031 5549/134/3031 5561/147/3031 5562/148/3031
f 5551/124/3032 5550/135/3032 5562/148/3032 5563/137/3032
f 5552/136/3033 5563/137/3033 5575/150/3033 5564/149/3033
f 5553/138/3034 5552/139/3034 5564/152/3034 5565/151/3034
f 5554/140/3035 5553/138/3035 5565/151/3035 5566/153/3035
f 5555/141/3036 5554/140/3036 5566/153/3036 5567/154/3036
f 5556/142/3037 5555/141/3037 5567/154/3037 5568/155/3037
f 5557/143/3038 5556/142/3038 5568/155/3038 5569/156/3038
f 5558/144/3039 5557/143/3039 5569/156/3039 5570/157/3039
f 5559/145/3040 5558/144/3040 5570/157/3040 5571/158/3040
f 5560/146/3041 5559/145/3041 5571/158/3041 5572/159/3041
f 5561/147/3042 5560/146/3042 5572/159/3042 5573/160/3042
f 5562/148/3043 5561/147/3043 5573/160/3043 5574/161/3043
f 5563/137/3044 5562/148/3044 5574/161/3044 5575/150/3044
f 5564/149/3045 5575/150/3045 5587/163/3045 5576/162/3045
f 5565/151/3046 5564/152/3046 5576/165/3046 5577/164/3046
f 5566/153/3047 5565/151/3047 5577/164/3047 5578/166/3047
f 5567/154/3048 5566/153/3048 5578/166/3048 5579/167/3048
f 5568/155/3049 5567/154/3049 5579/167/3049 5580/168/3049
f 5569/156/3050 5568/155/3050 5580/168/3050 5581/169/3050
f 5570/157/3051 5569/156/3051 5581/169/3051 5582/170/3051
f 5571/158/3052 5570/157/3052 5582/170/3052 5583/171/3052
f 5572/159/3053 5571/158/3053 5583/171/3053 5584/172/3053
f 5573/160/3054 5572/159/3054 5584/172/3054 5585/173/3054
f 5574/161/3055 5573/160/3055 5585/173/3055 5586/174/3055
f 5575/150/3056 5574/161/3056 5586/174/3056 5587/163/3056
f 5576/162/3057 5587/163/3057 5599/176/3057 5588/175/3057
f 5577/164/3058 5576/165/3058 5588/178/3058 5589/177/3058
f 5578/166/3059 5577/164/3059 5589/177/3059 5590/179/3059
f 5579/167/3060 5578/166/3060 5590/179/3060 5591/180/3060
f 5580/168/3061 5579/167/3061 5591/180/3061 5592/181/3061
f 5581/169/3062 5580/168/3062 5592/181/3062 5593/182/3062
f 5582/170/3063 5581/169/3063 5593/182/3063 5594/38/3063
f 5583/171/3064 5582/170/3064 5594/38/3064 5595/48/3064
f 5584/172/3065 5583/171/3065 5595/48/3065 5596/183/3065
f 5585/173/3066 5584/172/3066 5596/183/3066 5597/27/3066
f 5586/174/3067 5585/173/3067 5597/27/3067 5598/184/3067
f 5587/163/3068 5586/174/3068 5598/184/3068 5599/176/3068
f 5588/175/3069 5599/176/3069 5611/186/3069 5600/185/3069
f 5589/177/3070 5588/178/3070 5600/188/3070 5601/187/3070
f 5590/179/3071 5589/177/3071 5601/187/3071 5602/189/3071
f 5591/180/3072 5590/179/3072 5602/189/3072 5603/190/3072
f 5592/181/3073 5591/180/3073 5603/190/3073 5604/191/3073
f 5593/182/3074 5592/181/3074 5604/191/3074 5605/192/3074
f 5594/38/3075 5593/182/3075 5605/192/3075 5606/193/3075
f 5595/48/3076 5594/38/3076 5606/193/3076 5607/194/3076
f 5596/183/3077 5595/48/3077 5607/194/3077 5608/195/3077
f 5597/27/3078 5596/183/3078 5608/195/3078 5609/196/3078
f 5598/184/3079 5597/27/3079 5609/196/3079 5610/197/3079
f 5599/176/3080 5598/184/3080 5610/197/3080 5611/186/3080
f 3855/1/3082 3860/1/3082 5732/1/3082 5701/1/3082
f 5701/1/3083 5732/1/3083 5733/1/3083 5700/1/3083
f 5700/1/3084 5733/1/3084 5734/1/3084 5699/1/3084
f 5699/1/3085 5734/1/3085 5735/1/3085 5698/1/3085
f 5698/1/3086 5735/1/3086 5736/1/3086 5697/1/3086
f 3889/1/3088 3887/1/3088 5736/1/3088 5731/1/3088
f 5731/1/3089 5736/1/3089 5735/1/3089 5730/1/3089
f 5730/1/3090 5735/1/3090 5734/1/3090 5729/1/3090
f 5729/1/3091 5734/1/3091 5733/1/3091 5728/1/3091
f 5728/1/3092 5733/1/3092 5732/1/3092 5727/1/3092
f 3890/1/3093 3889/1/3093 5731/1/3093 5726/1/3093
f 5726/1/3094 5731/1/3094 5730/1/3094 5725/1/3094
f 5725/1/3095 5730/1/3095 5729/1/3095 5724/1/3095
f 5724/1/3096 5729/1/3096 5728/1/3096 5723/1/3096
f 5723/1/3097 5728/1/3097 5727/1/3097 5722/1/3097
f 3874/1/3105 3873/1/3105 5711/1/3105 5706/1/3105
f 5706/1/3106 5711/1/3106 5710/1/3106 5705/1/3106
f 5705/1/3107 5710/1/3107 5709/1/3107 5704/1/3107
f 5704/1/3108 5709/1/3108 5708/1/3108 5703/1/3108
f 5703/1/3109 5708/1/3109 5707/1/3109 5702/1/3109
f 3872/1/3110 3874/1/3110 5706/1/3110 5697/1/3110
f 5697/1/3111 5706/1/3111 5705/1/3111 5698/1/3111
f 5698/1/3112 5705/1/3112 5704/1/3112 5699/1/3112
f 5699/1/3113 5704/1/3113 5703/1/3113 5700/1/3113
f 5700/1/3114 5703/1/3114 5702/1/3114 5701/1/3114
f 3892/1/3224 5822/1/3224 5803/1/3224 3875/1/3224
f 5822/1/3225 5823/1/3225 5802/1/3225 5803/1/3225
f 5823/1/3226 5824/1/3226 5801/1/3226 5802/1/3226
f 3881/1/3228 3879/1/3228 5824/1/3228 5821/1/3228
f 5821/1/3229 5824/1/3229 5823/1/3229 5820/1/3229
f 5820/1/3230 5823/1/3230 5822/1/3230 5819/1/3230
f 3882/1/3231 3881/1/3231 5821/1/3231 5818/1/3231
f 5818/1/3232 5821/1/3232 5820/1/3232 5817/1/3232
f 5817/1/3233 5820/1/3233 5819/1/3233 5816/1/3233
f 3866/1/3235 3865/1/3235 5809/1/3235 5806/1/3235
f 5806/1/3235 5809/1/3235 5808/1/3235 5805/1/3235
f 5805/1/3236 5808/1/3236 5807/1/3236 5804/1/3236
f 3864/1/3237 3866/1/3237 5806/1/3237 5801/1/3237
f 5801/1/3238 5806/1/3238 5805/1/3238 5802/1/3238
f 5802/1/3239 5805/1/3239 5804/1/3239 5803/1/3239
f 3879/1/3259 5873/1/3259 5854/1/3259 3864/1/3259
f 5873/1/3260 5874/1/3260 5853/1/3260 5854/1/3260
f 5874/1/3261 5875/1/3261 5852/1/3261 5853/1/3261
f 3886/1/3262 3884/1/3262 5875/1/3262 5872/1/3262
f 5872/1/3263 5875/1/3263 5874/1/3263 5871/1/3263
f 5871/1/3264 5874/1/3264 5873/1/3264 5870/1/3264
f 3885/1/3265 3886/1/3265 5872/1/3265 5869/1/3265
f 5869/1/3266 5872/1/3266 5871/1/3266 5868/1/3266
f 5868/1/3267 5871/1/3267 5870/1/3267 5867/1/3267
f 3869/1/3274 3870/1/3274 5860/1/3274 5857/1/3274
f 5857/1/3275 5860/1/3275 5859/1/3275 5856/1/3275
f 5856/1/3276 5859/1/3276 5858/1/3276 5855/1/3276
f 3867/1/3277 3869/1/3277 5857/1/3277 5852/1/3277
f 5852/1/3278 5857/1/3278 5856/1/3278 5853/1/3278
f 5853/1/3279 5856/1/3279 5855/1/3279 5854/1/3279
f 3450/1/2114 3451/1/2114 5929/1/2114 5927/1/2114
f 5927/1/2114 5929/1/2114 5930/1/2114 5928/1/2114
f 5977/1/2112 3450/1/2112 5927/1/2112 5983/1/2112
f 5983/1/2112 5927/1/2112 5928/1/2112 5986/1/2112
f 3448/1/3366 3449/1/3366 5959/1/3366 5961/1/3366
f 5961/1/3367 5959/1/3367 5960/1/3367 5962/1/3367
f 5980/1/3368 3448/1/3368 5961/1/3368 5989/1/3368
f 5989/1/3369 5961/1/3369 5962/1/3369 5992/1/3369
f 5957/1/3384 5987/1/3384 5990/1/3384 5958/1/3384
f 5987/1/3385 5988/1/3385 5991/1/3385 5990/1/3385
f 5988/1/3386 5989/1/3386 5992/1/3386 5991/1/3386
f 3441/1/3387 5978/1/3387 5987/1/3387 5957/1/3387
f 5978/1/3388 5979/1/3388 5988/1/3388 5987/1/3388
f 5979/1/3389 5980/1/3389 5989/1/3389 5988/1/3389
f 5925/1/2112 5981/1/2112 5984/1/2112 5926/1/2112
f 5981/1/2112 5982/1/2112 5985/1/2112 5984/1/2112
f 5982/1/2112 5983/1/2112 5986/1/2112 5985/1/2112
f 3442/1/2112 5975/1/2112 5981/1/2112 5925/1/2112
f 5975/1/2112 5976/1/2112 5982/1/2112 5981/1/2112
f 5976/1/2112 5977/1/2112 5983/1/2112 5982/1/2112
f 5926/1/2112 5984/1/2112 2657/1/2112 52/1/2112
f 5984/1/2112 5985/1/2112 2658/1/2112 2657/1/2112
f 5985/1/2112 5986/1/2112 2659/1/2112 2658/1/2112
f 5958/1/3390 5990/1/3390 5975/1/3390 3442/1/3390
f 5990/1/3391 5991/1/3391 5976/1/3391 5975/1/3391
f 5991/1/3392 5992/1/3392 5977/1/3392 5976/1/3392
f 3434/1/2110 3431/1/2110 5980/1/2110 5979/1/2110
f 5994/1/3393 6001/1/3393 3432/1/3393 3433/1/3393
f 3431/1/2110 3448/1/2110 5980/1/2110
f 6001/1/3394 5997/1/3394 3452/1/3394 3432/1/3394
f 3434/1/3395 3431/1/3395 6001/1/3395 5994/1/3395
f 3438/1/3396 3434/1/3396 5994/1/3396 5996/1/3396
f 3453/1/3397 5998/1/3397 5997/1/3397 3452/1/3397
f 3445/1/3398 5995/1/3398 5996/1/3398 3435/1/3398
f 3424/1/3399 3440/1/3399 5995/1/3399 5993/1/3399
f 6011/1/3400 6005/1/3400 6004/1/3400 6010/1/3400
f 6014/1/3401 3427/1/3401 3421/1/3401 6013/1/3401
f 5993/1/3402 3429/1/3402 6002/1/3402 6003/1/3402
f 6011/1/3403 6012/1/3403 6006/1/3403 6005/1/3403
f 3427/1/2104 3443/1/2104 6009/1/2104 6008/1/2104
f 3421/1/3404 3427/1/3404 6008/1/3404 6007/1/3404
f 3429/1/3405 3445/1/3405 6012/1/3405 6011/1/3405
f 3429/1/3406 6011/1/3406 6010/1/3406 6002/1/3406
f 6005/1/3407 6014/1/3407 6013/1/3407 6004/1/3407
f 6005/1/3408 6006/1/3408 6015/1/3408 6014/1/3408
f 3432/1/3409 6031/1/3409 6028/1/3409 3433/1/3409
f 6016/1/3410 3460/1/3410 6032/198/3410 6036/1/3410
f 6018/1/3411 3459/1/3411 3461/1/3411 6017/1/3411
f 6018/1/3412 3459/1/3412 6033/1/3412 6031/1/3412
f 3459/1/3413 6019/1/3413 6034/1/3413 6033/1/3413
f 6020/1/3414 3461/1/3414 3459/1/3414 6019/1/3414
f 6019/1/3415 6021/1/3415 6037/1/3415 6034/1/3415
f 6022/1/3416 6020/1/3416 6019/1/3416 6021/1/3416
f 6021/1/3417 3460/1/3417 6032/198/3417 6037/1/3417
f 3437/2/3418 3444/1/3418 6009/1/3418
f 3437/2/3419 6009/1/3419 3443/1/3419 6023/1/3419
f 6023/1/3420 3443/1/3420 6015/1/3420 6025/1/3420
f 6026/1/3421 6006/1/3421 6012/1/3421 6024/1/3421
f 6024/1/3422 6012/1/3422 3445/1/3422 3435/1/3422
f 6025/1/3423 6015/1/3423 6006/1/3423 6026/1/3423
f 3436/3/3424 3437/2/3424 6023/1/3424 6027/1/3424
f 6027/1/3425 6023/1/3425 6025/1/3425 6029/1/3425
f 6030/1/3426 6026/1/3426 6024/1/3426 6028/1/3426
f 6028/1/3427 6024/1/3427 3435/1/3427 3433/1/3427
f 6029/1/3428 6025/1/3428 6026/1/3428 6030/1/3428
f 6032/198/3429 3436/3/3429 3467/1/3429 6036/1/3429
f 6036/1/3430 3467/1/3430 6044/1/3430 6042/1/3430
f 6032/198/3431 3436/3/3431 6027/1/3431 6037/1/3431
f 6037/1/3432 6027/1/3432 6029/1/3432 6034/1/3432
f 6033/1/3433 6030/1/3433 6028/1/3433 6031/1/3433
f 6031/1/3434 3432/1/3434 3452/1/3434 6018/1/3434
f 6034/1/3435 6029/1/3435 6030/1/3435 6033/1/3435
f 6044/1/3438 3468/1/3438 6035/1/3438 6042/1/3438
f 6040/1/3439 6016/1/3439 6036/1/3439 6042/1/3439
f 3736/1/3475 3799/1/3475 6111/1/3475 6096/1/3475
f 6096/1/3475 6111/1/3475 6112/1/3475 6095/1/3475
f 3792/1/3476 3807/1/3476 6105/1/3476 6104/1/3476
f 6104/1/3477 6105/1/3477 6106/1/3477 6103/1/3477
f 3711/1/2436 3791/1/2436 6097/1/2436 6083/1/2436
f 6083/1/2436 6097/1/2436 6098/1/2436 6084/1/2436
f 3810/1/3478 3808/1/3478 6112/1/3478 6110/1/3478
f 6110/1/3479 6112/1/3479 6111/1/3479 6109/1/3479
f 3809/1/3480 3810/1/3480 6110/1/3480 6108/1/3480
f 6108/1/2408 6110/1/2408 6109/1/2408 6107/1/2408
f 3807/1/3481 3809/1/3481 6108/1/3481 6105/1/3481
f 6105/1/3482 6108/1/3482 6107/1/3482 6106/1/3482
f 3794/1/3483 3792/1/3483 6104/1/3483 6102/1/3483
f 6102/1/3484 6104/1/3484 6103/1/3484 6101/1/3484
f 3793/1/3485 3794/1/3485 6102/1/3485 6100/1/3485
f 6100/1/3486 6102/1/3486 6101/1/3486 6099/1/3486
f 3791/1/3487 3793/1/3487 6100/1/3487 6097/1/3487
f 6097/1/3488 6100/1/3488 6099/1/3488 6098/1/3488
f 367/1/3493 441/1/3493 6143/1/3493 6128/1/3493
f 6128/1/3494 6143/1/3494 6144/1/3494 6127/1/3494
f 3775/1/2435 3800/1/2435 6137/1/2435 6136/1/2435
f 6136/1/2435 6137/1/2435 6138/1/2435 6135/1/2435
f 3712/1/3495 3776/1/3495 6129/1/3495 6117/1/3495
f 6117/1/3496 6129/1/3496 6130/1/3496 6118/1/3496
f 3801/1/3497 3799/1/3497 6144/1/3497 6142/1/3497
f 6142/1/3498 6144/1/3498 6143/1/3498 6141/1/3498
f 3802/1/3499 3801/1/3499 6142/1/3499 6140/1/3499
f 6140/1/3500 6142/1/3500 6141/1/3500 6139/1/3500
f 3800/1/3501 3802/1/3501 6140/1/3501 6137/1/3501
f 6137/1/3502 6140/1/3502 6139/1/3502 6138/1/3502
f 3777/1/3503 3775/1/3503 6136/1/3503 6134/1/3503
f 6134/1/3503 6136/1/3503 6135/1/3503 6133/1/3503
f 3778/1/3504 3777/1/3504 6134/1/3504 6132/1/3504
f 6132/1/3505 6134/1/3505 6133/1/3505 6131/1/3505
f 3776/1/3506 3778/1/3506 6132/1/3506 6129/1/3506
f 6129/1/3507 6132/1/3507 6131/1/3507 6130/1/3507
f 3735/1/2447 3808/1/2447 6175/1/2447 6160/1/2447
f 6160/1/2447 6175/1/2447 6176/1/2447 6159/1/2447
f 3787/1/3510 3804/1/3510 6169/1/3510 6168/1/3510
f 6168/1/3511 6169/1/3511 6170/1/3511 6167/1/3511
f 3714/1/2443 3788/1/2443 6161/1/2443 6147/1/2443
f 6147/1/2443 6161/1/2443 6162/1/2443 6148/1/2443
f 3805/1/3512 3803/1/3512 6176/1/3512 6174/1/3512
f 6174/1/3513 6176/1/3513 6175/1/3513 6173/1/3513
f 3806/1/3514 3805/1/3514 6174/1/3514 6172/1/3514
f 6172/1/3515 6174/1/3515 6173/1/3515 6171/1/3515
f 3804/1/3516 3806/1/3516 6172/1/3516 6169/1/3516
f 6169/1/3517 6172/1/3517 6171/1/3517 6170/1/3517
f 3789/1/3518 3787/1/3518 6168/1/3518 6166/1/3518
f 6166/1/3519 6168/1/3519 6167/1/3519 6165/1/3519
f 3790/1/3520 3789/1/3520 6166/1/3520 6164/1/3520
f 6164/1/3521 6166/1/3521 6165/1/3521 6163/1/3521
f 3788/1/3522 3790/1/3522 6164/1/3522 6161/1/3522
f 6161/1/3523 6164/1/3523 6163/1/3523 6162/1/3523
f 3401/1/3857 5943/1/3857 6615/1/3857 6607/1/3857
f 3580/1/3858 3565/1/3858 3571/1/3858 6532/1/3858
f 6269/1/3859 3580/1/3859 6532/1/3859 6522/1/3859
f 6270/1/3860 6269/1/3860 6522/1/3860 6524/1/3860
f 6271/1/3861 6270/1/3861 6524/1/3861 6526/1/3861
f 6272/1/3862 6271/1/3862 6526/1/3862 6528/1/3862
f 6273/1/3863 6272/1/3863 6528/1/3863 6530/1/3863
f 6274/1/3864 6273/1/3864 6530/1/3864 6531/1/3864
f 5943/1/3865 5944/1/3865 6611/1/3865 6615/1/3865
f 5944/1/3866 3402/1/3866 6608/1/3866 6611/1/3866
f 3402/1/3867 5911/1/3867 6616/1/3867 6608/1/3867
f 5911/1/3868 5912/1/3868 6612/1/3868 6616/1/3868
f 5912/1/3869 5/1/3869 3301/1/3869 6612/1/3869
f 6523/1/3872 6276/1/3872 6275/1/3872 6533/1/3872
f 6533/1/3875 6275/1/3875 6274/1/3875 6531/1/3875
f 6525/1/3876 6277/1/3876 6276/1/3876 6523/1/3876
f 6527/1/3877 6278/1/3877 6277/1/3877 6525/1/3877
f 3571/1/3878 5773/1/3878 6538/1/3878 6532/1/3878
f 6529/1/3880 6279/1/3880 6278/1/3880 6527/1/3880
f 3216/1/3881 181/1/3881 6279/1/3881 6529/1/3881
f 6543/1/3891 6529/1/3891 6527/1/3891 6539/1/3891
f 5773/1/3892 3570/1/3892 6553/1/3892 6538/1/3892
f 3221/1/3893 3216/1/3893 6529/1/3893 6543/1/3893
f 3570/1/3897 5769/1/3897 6569/1/3897 6553/1/3897
f 5769/1/3920 5768/1/3920 6579/1/3920 6569/1/3920
f 5768/1/3924 3569/1/3924 6588/1/3924 6579/1/3924
f 3569/1/3941 3430/1/3941 6605/1/3941 6588/1/3941
f 6599/1/3948 6606/1/3948 6614/1/3948 6597/1/3948
f 6597/1/3949 6614/1/3949 6610/1/3949 6595/1/3949
f 6603/1/3951 6613/1/3951 6609/1/3951 6601/1/3951
f 6605/1/3952 6617/1/3952 6613/1/3952 6603/1/3952
f 6595/1/3954 6610/1/3954 6607/1/3954 6594/1/3954
f 6601/1/3955 6609/1/3955 6606/1/3955 6599/1/3955
f 3430/1/3958 3439/1/3958 6617/1/3958 6605/1/3958
f 6610/1/3961 3400/1/3961 3401/1/3961 6607/1/3961
f 6611/1/3962 6602/1/3962 6604/1/3962 6615/1/3962
f 6609/1/3963 3409/1/3963 6203/1/3963 6606/1/3963
f 6615/1/3964 6604/1/3964 6594/1/3964 6607/1/3964
f 6606/1/3965 6203/1/3965 6191/1/3965 6614/1/3965
f 6608/1/3966 6600/1/3966 6602/1/3966 6611/1/3966
f 3439/1/3967 3408/1/3967 6617/1/3967
f 6614/1/3968 6191/1/3968 3400/1/3968 6610/1/3968
f 6616/1/3969 6598/1/3969 6600/1/3969 6608/1/3969
f 6612/1/3970 6596/1/3970 6598/1/3970 6616/1/3970
f 6613/1/3971 6188/1/3971 3409/1/3971 6609/1/3971
f 3301/1/3972 3286/1/3972 6596/1/3972 6612/1/3972
f 6617/1/3973 3408/1/3973 6188/1/3973 6613/1/3973
f 6525/1/3975 6539/1/3975 6527/1/3975
f 3601/1/2431 3763/1/2431 6677/1/2431 6669/1/2431
f 3760/1/4014 6679/1/4014 6674/1/4014 3764/1/4014
f 3756/1/4015 6678/1/4015 6679/1/4015 3760/1/4015
f 3751/1/4016 3780/1/4016 6678/1/4016 6670/1/4016
f 3586/1/2425 3752/1/2425 6673/1/2425 6667/1/2425
f 3770/1/4017 3768/1/4017 6677/1/4017 6676/1/4017
f 3769/1/4018 3770/1/4018 6676/1/4018 6675/1/4018
f 3767/1/4019 3769/1/4019 6675/1/4019 6674/1/4019
f 3750/1/4020 3748/1/4020 6673/1/4020 6672/1/4020
f 3749/1/4021 3750/1/4021 6672/1/4021 6671/1/4021
f 3747/1/4022 3749/1/4022 6671/1/4022 6670/1/4022
usemtl Vetri_sporchi
f 2113/40/975 2118/39/975 2112/50/975 2111/54/975
f 2114/8/976 2117/38/976 2118/39/976 2113/40/976
f 2115/9/977 2116/46/977 2117/38/977 2114/8/977
f 2109/44/978 2110/52/978 2116/46/978 2115/9/978
f 3211/1/1905 3213/1/1905 3228/1/1905 3224/1/1905
f 3213/1/1906 3215/1/1906 3232/1/1906 3228/1/1906
f 3215/1/1908 3217/1/1908 3223/1/1908 3232/1/1908
f 3207/1/1909 3209/1/1909 3220/1/1909 3229/1/1909
f 3218/1/1914 3207/1/1914 3229/1/1914 3225/1/1914
f 3209/1/1917 3211/1/1917 3224/1/1917 3220/1/1917
f 3228/1/1918 3232/1/1918 3241/1/1918 3233/1/1918
f 3231/1/1919 3227/1/1919 3219/1/1919 3208/1/1919
f 3220/1/1920 3224/1/1920 3238/1/1920 3243/1/1920
f 3232/1/1921 3223/1/1921 3236/1/1921 3241/1/1921
f 3229/1/1922 3220/1/1922 3243/1/1922 3235/1/1922
f 3227/1/1923 3223/1/1923 3217/1/1923 3219/1/1923
f 3222/1/1924 3231/1/1924 3208/1/1924 3210/1/1924
f 3226/1/1925 3222/1/1925 3210/1/1925
f 3224/1/1929 3228/1/1929 3233/1/1929 3238/1/1929
f 3225/1/1930 3229/1/1930 3235/1/1930 3240/1/1930
f 3239/1/1931 3244/1/1931 3227/1/1931 3231/1/1931
f 3233/1/1933 3241/1/1933 3247/1/1933 3257/1/1933
f 3244/1/1934 3236/1/1934 3223/1/1934 3227/1/1934
f 3234/1/1935 3239/1/1935 3231/1/1935 3222/1/1935
f 3238/1/1936 3233/1/1936 3257/1/1936 3254/1/1936
f 3243/1/1937 3238/1/1937 3254/1/1937 3251/1/1937
f 3242/1/1938 3234/1/1938 3222/1/1938 3226/1/1938
f 3240/1/1939 3235/1/1939 3248/1/1939 3258/1/1939
f 3237/1/1940 3242/1/1940 3226/1/1940 3230/1/1940
f 3241/1/1941 3236/1/1941 3250/1/1941 3247/1/1941
f 3235/1/1942 3243/1/1942 3251/1/1942 3248/1/1942
f 3245/1/1943 3237/1/1943 3230/1/1943 3221/1/1943
f 3256/1/1944 3253/1/1944 3244/1/1944 3239/1/1944
f 3257/1/1945 3247/1/1945 3260/1/1945 3267/1/1945
f 3254/1/1946 3257/1/1946 3267/1/1946 3261/1/1946
f 3253/1/1947 3250/1/1947 3236/1/1947 3244/1/1947
f 3251/1/1948 3254/1/1948 3261/1/1948 3268/1/1948
f 3246/1/1949 3256/1/1949 3239/1/1949 3234/1/1949
f 3249/1/1950 3246/1/1950 3234/1/1950 3242/1/1950
f 3258/1/1951 3248/1/1951 3262/1/1951 3269/1/1951
f 3252/1/1952 3249/1/1952 3242/1/1952 3237/1/1952
f 3255/1/1953 3252/1/1953 3237/1/1953 3245/1/1953
f 3247/1/1954 3250/1/1954 3266/1/1954 3260/1/1954
f 3248/1/1956 3251/1/1956 3268/1/1956 3262/1/1956
f 3265/1/1957 3259/1/1957 3253/1/1957 3256/1/1957
f 3267/1/1958 3260/1/1958 3273/1/1958 3274/1/1958
f 3259/1/1960 3266/1/1960 3250/1/1960 3253/1/1960
f 3261/1/1961 3267/1/1961 3274/1/1961 3275/1/1961
f 3271/1/1962 3265/1/1962 3256/1/1962 3246/1/1962
f 3262/1/1963 3268/1/1963 3276/1/1963 3277/1/1963
f 3264/1/1964 3271/1/1964 3246/1/1964 3249/1/1964
f 3268/1/1965 3261/1/1965 3275/1/1965 3276/1/1965
f 3270/1/1966 3264/1/1966 3249/1/1966 3252/1/1966
f 3263/1/1967 3270/1/1967 3252/1/1967 3255/1/1967
f 3260/1/1968 3266/1/1968 3272/1/1968 3273/1/1968
f 3269/1/1969 3262/1/1969 3277/1/1969 3278/1/1969
f 3275/1/1970 3274/1/1970 3289/1/1970 3291/1/1970
f 3283/1/1971 3284/1/1971 3259/1/1971 3265/1/1971
f 3277/1/1972 3276/1/1972 3293/1/1972 3295/1/1972
f 3284/1/1973 3272/1/1973 3266/1/1973 3259/1/1973
f 3273/1/1974 3272/1/1974 3285/1/1974 3287/1/1974
f 3276/1/1975 3275/1/1975 3291/1/1975 3293/1/1975
f 3281/1/1977 3282/1/1977 3271/1/1977 3264/1/1977
f 3282/1/1978 3283/1/1978 3265/1/1978 3271/1/1978
f 3280/1/1979 3281/1/1979 3264/1/1979 3270/1/1979
f 3274/1/1980 3273/1/1980 3287/1/1980 3289/1/1980
f 3279/1/1981 3280/1/1981 3270/1/1981 3263/1/1981
f 3278/1/1982 3277/1/1982 3295/1/1982 3297/1/1982
f 3296/1/1985 3285/1/1985 3272/1/1985 3284/1/1985
f 3294/1/1988 3296/1/1988 3284/1/1988 3283/1/1988
f 3290/1/1991 3292/1/1991 3282/1/1991 3281/1/1991
f 3292/1/1992 3294/1/1992 3283/1/1992 3282/1/1992
f 3288/1/1994 3290/1/1994 3281/1/1994 3280/1/1994
f 3286/1/1995 3288/1/1995 3280/1/1995 3279/1/1995
f 2453/1/2009 134/1/2009 2505/1/2009 2506/1/2009 2507/1/2009 142/1/2009 143/1/2009 141/1/2009 2434/1/2009 2435/1/2009 140/1/2009 2440/1/2009 139/1/2009 184/1/2009 2422/1/2009 2423/1/2009 138/1/2009 2406/1/2009 2407/1/2009 2408/1/2009 137/1/2009 463/1/2009 478/1/2009 136/1/2009 2750/1/2009 2748/1/2009 486/1/2009 135/1/2009 2451/1/2009 2452/1/2009
f 3311/1/2011 3313/1/2011 488/1/2011 3096/1/2011
f 487/1/2012 489/1/2012 3314/1/2012 3312/1/2012
f 498/1/2013 490/1/2013 3316/1/2013 3315/1/2013
f 490/1/2014 491/1/2014 3317/1/2014 3316/1/2014
f 491/1/2015 492/1/2015 3318/1/2015 3317/1/2015
f 492/1/2016 493/1/2016 3319/1/2016 3318/1/2016
f 2860/1/2018 495/1/2018 3323/1/2018 3321/1/2018
f 2796/1/2018 496/1/2018 3325/1/2018 3324/1/2018
f 3322/1/2019 3320/1/2019 2828/1/2019 494/1/2019
f 489/1/2020 497/1/2020 3326/1/2020 3314/1/2020
f 497/1/2021 498/1/2021 3315/1/2021 3326/1/2021
f 495/1/2018 2795/1/2018 3327/1/2018 3323/1/2018
f 2795/1/2018 2796/1/2018 3324/1/2018 3327/1/2018
f 496/1/2018 2827/1/2018 3328/1/2018 3325/1/2018
f 2827/1/2018 2828/1/2018 3320/1/2018 3328/1/2018
f 493/1/2018 2859/1/2018 3329/1/2018 3319/1/2018
f 2859/1/2018 2860/1/2018 3321/1/2018 3329/1/2018
f 3086/1/2022 487/1/2022 3312/1/2022 3330/1/2022
f 3087/1/2022 3086/1/2022 3330/1/2022 3331/1/2022
f 3088/1/2022 3087/1/2022 3331/1/2022 3332/1/2022
f 3089/1/2022 3088/1/2022 3332/1/2022 3333/1/2022
f 3090/1/2022 3089/1/2022 3333/1/2022 3334/1/2022
f 3091/1/2022 3090/1/2022 3334/1/2022 3335/1/2022
f 3092/1/2022 3091/1/2022 3335/1/2022 3336/1/2022
f 3093/1/2022 3092/1/2022 3336/1/2022 3337/1/2022
f 3094/1/2022 3093/1/2022 3337/1/2022 3338/1/2022
f 3095/1/2022 3094/1/2022 3338/1/2022 3339/1/2022
f 3096/1/2022 3095/1/2022 3339/1/2022 3311/1/2022
f 5469/40/2952 5467/54/2952 5468/50/2952 5474/39/2952
f 5470/8/2953 5469/40/2953 5474/39/2953 5473/38/2953
f 5471/9/2954 5470/8/2954 5473/38/2954 5472/46/2954
f 5465/44/2955 5471/9/2955 5472/46/2955 5466/52/2955
f 6526/1/3870 6537/1/3870 6541/1/3870 6528/1/3870
f 6528/1/3871 6541/1/3871 6545/1/3871 6530/1/3871
f 6530/1/3873 6545/1/3873 6536/1/3873 6531/1/3873
f 6522/1/3874 6542/1/3874 6534/1/3874 6524/1/3874
f 6532/1/3879 6538/1/3879 6542/1/3879 6522/1/3879
f 6524/1/3882 6534/1/3882 6537/1/3882 6526/1/3882
f 6541/1/3883 6546/1/3883 6554/1/3883 6545/1/3883
f 6544/1/3884 6523/1/3884 6533/1/3884 6540/1/3884
f 6534/1/3885 6556/1/3885 6551/1/3885 6537/1/3885
f 6545/1/3886 6554/1/3886 6549/1/3886 6536/1/3886
f 6542/1/3887 6548/1/3887 6556/1/3887 6534/1/3887
f 6540/1/3888 6533/1/3888 6531/1/3888 6536/1/3888
f 6535/1/3889 6525/1/3889 6523/1/3889 6544/1/3889
f 6539/1/3890 6525/1/3890 6535/1/3890
f 6537/1/3894 6551/1/3894 6546/1/3894 6541/1/3894
f 6538/1/3895 6553/1/3895 6548/1/3895 6542/1/3895
f 6552/1/3896 6544/1/3896 6540/1/3896 6557/1/3896
f 6546/1/3898 6568/1/3898 6559/1/3898 6554/1/3898
f 6557/1/3899 6540/1/3899 6536/1/3899 6549/1/3899
f 6547/1/3900 6535/1/3900 6544/1/3900 6552/1/3900
f 6551/1/3901 6566/1/3901 6568/1/3901 6546/1/3901
f 6556/1/3902 6563/1/3902 6566/1/3902 6551/1/3902
f 6555/1/3903 6539/1/3903 6535/1/3903 6547/1/3903
f 6553/1/3904 6569/1/3904 6560/1/3904 6548/1/3904
f 6550/1/3905 6543/1/3905 6539/1/3905 6555/1/3905
f 6554/1/3906 6559/1/3906 6562/1/3906 6549/1/3906
f 6548/1/3907 6560/1/3907 6563/1/3907 6556/1/3907
f 3245/1/3908 3221/1/3908 6543/1/3908 6550/1/3908
f 6567/1/3909 6552/1/3909 6557/1/3909 6565/1/3909
f 6568/1/3910 6577/1/3910 6571/1/3910 6559/1/3910
f 6566/1/3911 6572/1/3911 6577/1/3911 6568/1/3911
f 6565/1/3912 6557/1/3912 6549/1/3912 6562/1/3912
f 6563/1/3913 6578/1/3913 6572/1/3913 6566/1/3913
f 6558/1/3914 6547/1/3914 6552/1/3914 6567/1/3914
f 6561/1/3915 6555/1/3915 6547/1/3915 6558/1/3915
f 6569/1/3916 6579/1/3916 6573/1/3916 6560/1/3916
f 6564/1/3917 6550/1/3917 6555/1/3917 6561/1/3917
f 3255/1/3918 3245/1/3918 6550/1/3918 6564/1/3918
f 6559/1/3919 6571/1/3919 6576/1/3919 6562/1/3919
f 6560/1/3921 6573/1/3921 6578/1/3921 6563/1/3921
f 6575/1/3922 6567/1/3922 6565/1/3922 6570/1/3922
f 6577/1/3923 6584/1/3923 6583/1/3923 6571/1/3923
f 6570/1/3925 6565/1/3925 6562/1/3925 6576/1/3925
f 6572/1/3926 6585/1/3926 6584/1/3926 6577/1/3926
f 6581/1/3927 6558/1/3927 6567/1/3927 6575/1/3927
f 6573/1/3928 6587/1/3928 6586/1/3928 6578/1/3928
f 6574/1/3929 6561/1/3929 6558/1/3929 6581/1/3929
f 6578/1/3930 6586/1/3930 6585/1/3930 6572/1/3930
f 6580/1/3931 6564/1/3931 6561/1/3931 6574/1/3931
f 3263/1/3932 3255/1/3932 6564/1/3932 6580/1/3932
f 6571/1/3933 6583/1/3933 6582/1/3933 6576/1/3933
f 6579/1/3934 6588/1/3934 6587/1/3934 6573/1/3934
f 6585/1/3935 6599/1/3935 6597/1/3935 6584/1/3935
f 6592/1/3936 6575/1/3936 6570/1/3936 6593/1/3936
f 6587/1/3937 6603/1/3937 6601/1/3937 6586/1/3937
f 6593/1/3938 6570/1/3938 6576/1/3938 6582/1/3938
f 6583/1/3939 6595/1/3939 6594/1/3939 6582/1/3939
f 6586/1/3940 6601/1/3940 6599/1/3940 6585/1/3940
f 6590/1/3942 6574/1/3942 6581/1/3942 6591/1/3942
f 6591/1/3943 6581/1/3943 6575/1/3943 6592/1/3943
f 6589/1/3944 6580/1/3944 6574/1/3944 6590/1/3944
f 6584/1/3945 6597/1/3945 6595/1/3945 6583/1/3945
f 3279/1/3946 3263/1/3946 6580/1/3946 6589/1/3946
f 6588/1/3947 6605/1/3947 6603/1/3947 6587/1/3947
f 6604/1/3950 6593/1/3950 6582/1/3950 6594/1/3950
f 6602/1/3953 6592/1/3953 6593/1/3953 6604/1/3953
f 6598/1/3956 6590/1/3956 6591/1/3956 6600/1/3956
f 6600/1/3957 6591/1/3957 6592/1/3957 6602/1/3957
f 6596/1/3959 6589/1/3959 6590/1/3959 6598/1/3959
f 3286/1/3960 3279/1/3960 6589/1/3960 6596/1/3960
f 5785/1/3974 5784/1/3974 5783/1/3974 3520/1/3974 3844/1/3974 6066/1/3974 6068/1/3974 3521/1/3974 3836/1/3974 3821/1/3974 3522/1/3974 5745/1/3974 5744/1/3974 5743/1/3974 3523/1/3974 5757/1/3974 5756/1/3974 3568/1/3974 3524/1/3974 5772/1/3974 3525/1/3974 5767/1/3974 5766/1/3974 3526/1/3974 3528/1/3974 3527/1/3974 5836/1/3974 5835/1/3974 5834/1/3974 3519/1/3974
f 6618/1/3976 6411/1/3976 488/1/3976 3313/1/3976
f 3845/1/3977 6619/1/3977 6620/1/3977 3846/1/3977
f 3854/1/3978 6621/1/3978 6622/1/3978 3847/1/3978
f 3847/1/3979 6622/1/3979 6623/1/3979 3848/1/3979
f 3848/1/3980 6623/1/3980 6624/1/3980 3849/1/3980
f 3849/1/3981 6624/1/3981 6625/1/3981 3850/1/3981
f 6178/1/2018 6627/1/2018 6628/1/2018 3851/1/2018
f 6114/1/2018 6629/1/2018 6630/1/2018 3852/1/2018
f 3322/1/3983 494/1/3983 6146/1/3983 6626/1/3983
f 3846/1/3984 6620/1/3984 6631/1/3984 3853/1/3984
f 3853/1/3985 6631/1/3985 6621/1/3985 3854/1/3985
f 3851/1/2018 6628/1/2018 6632/1/2018 6113/1/2018
f 6113/1/2018 6632/1/2018 6629/1/2018 6114/1/2018
f 3852/1/2018 6630/1/2018 6633/1/2018 6145/1/2018
f 6145/1/2018 6633/1/2018 6626/1/2018 6146/1/2018
f 3850/1/2018 6625/1/2018 6634/1/2018 6177/1/2018
f 6177/1/2018 6634/1/2018 6627/1/2018 6178/1/2018
f 6401/1/3986 6635/1/3986 6619/1/3986 3845/1/3986
f 6402/1/3986 6636/1/3986 6635/1/3986 6401/1/3986
f 6403/1/3986 6637/1/3986 6636/1/3986 6402/1/3986
f 6404/1/3986 6638/1/3986 6637/1/3986 6403/1/3986
f 6405/1/3986 6639/1/3986 6638/1/3986 6404/1/3986
f 6406/1/3986 6640/1/3986 6639/1/3986 6405/1/3986
f 6407/1/3986 6641/1/3986 6640/1/3986 6406/1/3986
f 6408/1/3986 6642/1/3986 6641/1/3986 6407/1/3986
f 6409/1/3986 6643/1/3986 6642/1/3986 6408/1/3986
f 6410/1/3986 6644/1/3986 6643/1/3986 6409/1/3986
f 6411/1/3986 6618/1/3986 6644/1/3986 6410/1/3986
usemtl Fari_post
f 323/1/70 3376/1/70 3390/1/70
f 11/1/1559 2894/1/1559 2892/1/1559 2878/1/1559
f 2685/1/1563 2924/1/1563 2922/1/1563 25/1/1563
f 31/1/1572 2897/1/1572 85/1/1572
f 100/1/1576 2913/1/1576 2898/1/1576 21/1/1576
f 2878/1/1577 2892/1/1577 31/1/1577
f 2695/1/1578 2926/1/1578 2925/1/1578 2686/1/1578
f 2686/1/1579 2925/1/1579 2921/1/1579 2692/1/1579
f 2692/1/1580 2921/1/1580 2927/1/1580 2684/1/1580
f 2684/1/1581 2927/1/1581 2924/1/1581 2685/1/1581
f 2890/1/1586 2891/1/1586 10/1/1586 2883/1/1586
f 17/1/1587 2893/1/1587 1/1/1587
f 2888/1/1588 2890/1/1588 2883/1/1588 2869/1/1588
f 2893/1/1589 2888/1/1589 2869/1/1589 1/1/1589
f 31/1/1590 2892/1/1590 2895/1/1590 2897/1/1590
f 2892/1/1591 2894/1/1591 2900/1/1591 2895/1/1591
f 2889/1/1592 2894/1/1592 11/1/1592 2870/1/1592
f 2891/1/1593 2889/1/1593 2870/1/1593 10/1/1593
f 2897/1/1594 2895/1/1594 2907/1/1594 2910/1/1594
f 85/1/1595 2897/1/1595 2910/1/1595 2918/1/1595
f 2896/1/1596 2900/1/1596 2894/1/1596 2889/1/1596
f 2901/1/1597 2896/1/1597 2889/1/1597 2891/1/1597
f 2899/1/1598 2901/1/1598 2891/1/1598 2890/1/1598
f 21/1/1599 2898/1/1599 2893/1/1599 17/1/1599
f 2902/1/1600 2899/1/1600 2890/1/1600 2888/1/1600
f 2898/1/1601 2902/1/1601 2888/1/1601 2893/1/1601
f 2895/1/1602 2900/1/1602 2903/1/1602 2907/1/1602
f 2907/1/1603 2903/1/1603 2926/1/1603 2923/1/1603
f 2910/1/1605 2907/1/1605 2923/1/1605 2919/1/1605
f 2918/1/1606 2910/1/1606 2919/1/1606 30/1/1606
f 2909/1/1607 2903/1/1607 2900/1/1607 2896/1/1607
f 2906/1/1609 2909/1/1609 2896/1/1609 2901/1/1609
f 2916/1/1611 2906/1/1611 2901/1/1611 2899/1/1611
f 104/1/1612 2922/1/1612 2913/1/1612 100/1/1612
f 2908/1/1613 2916/1/1613 2899/1/1613 2902/1/1613
f 2913/1/1614 2908/1/1614 2902/1/1614 2898/1/1614
f 25/1/1616 2922/1/1616 104/1/1616
f 2923/1/1619 2926/1/1619 2695/1/1619 29/1/1619
f 2919/1/1620 2923/1/1620 29/1/1620 2689/1/1620
f 2925/1/1621 2926/1/1621 2903/1/1621 2909/1/1621
f 30/1/1622 2919/1/1622 2689/1/1622
f 2921/1/1623 2925/1/1623 2909/1/1623 2906/1/1623
f 3340/1/1624 2920/1/1624 2905/1/1624 3341/1/1624
f 2927/1/1625 2921/1/1625 2906/1/1625 2916/1/1625
f 3364/1/1626 3379/1/1626 2945/1/1626 325/1/1626
f 2924/1/1627 2927/1/1627 2916/1/1627 2908/1/1627
f 2922/1/1628 2924/1/1628 2908/1/1628 2913/1/1628
f 2920/1/1629 3340/1/1629 3348/1/1629 226/1/1629
f 3377/1/1630 2905/1/1630 2920/1/1630 3376/1/1630
f 3341/1/1631 2905/1/1631 2929/1/1631 3342/1/1631
f 3342/1/1634 2929/1/1634 2944/1/1634 3343/1/1634
f 3378/1/1642 2929/1/1642 2905/1/1642 3377/1/1642
f 3379/1/1652 2944/1/1652 2929/1/1652 3378/1/1652
f 2764/1/2023 3342/1/2023 3343/1/2023 218/1/2023
f 227/1/2024 3341/1/2024 3342/1/2024 2764/1/2024
f 228/1/2025 3340/1/2025 3341/1/2025 227/1/2025
f 2945/1/2026 3379/1/2026 3378/1/2026 2931/1/2026
f 3348/1/2044 3340/1/2044 228/1/2044
f 2931/1/2047 3378/1/2047 3377/1/2047 324/1/2047
f 324/1/2048 3377/1/2048 3376/1/2048 323/1/2048
f 326/1/2049 2944/1/2049 3379/1/2049 3364/1/2049
f 3343/1/2060 3380/1/2060 218/1/2060
f 3380/1/2061 3343/1/2061 2944/1/2061 326/1/2061
f 3390/1/2078 3376/1/2078 2920/1/2078 226/1/2078
f 3697/1/2149 6693/1/2149 6680/1/2149
f 3407/1/3532 6195/1/3532 6209/1/3532 6211/1/3532
f 6003/1/3536 3418/1/3536 6239/1/3536 6241/1/3536
f 3423/1/3545 3472/1/3545 6214/1/3545
f 3487/1/3549 3415/1/3549 6215/1/3549 6230/1/3549
f 6195/1/3550 3423/1/3550 6209/1/3550
f 6013/1/3551 6004/1/3551 6242/1/3551 6243/1/3551
f 6004/1/3552 6010/1/3552 6238/1/3552 6242/1/3552
f 6010/1/3553 6002/1/3553 6244/1/3553 6238/1/3553
f 6002/1/3554 6003/1/3554 6241/1/3554 6244/1/3554
f 6207/1/3559 6200/1/3559 3406/1/3559 6208/1/3559
f 3412/1/3560 3399/1/3560 6210/1/3560
f 6205/1/3561 6186/1/3561 6200/1/3561 6207/1/3561
f 6210/1/3562 3399/1/3562 6186/1/3562 6205/1/3562
f 3423/1/3563 6214/1/3563 6212/1/3563 6209/1/3563
f 6209/1/3564 6212/1/3564 6217/1/3564 6211/1/3564
f 6206/1/3565 6187/1/3565 3407/1/3565 6211/1/3565
f 6208/1/3566 3406/1/3566 6187/1/3566 6206/1/3566
f 6214/1/3567 6227/1/3567 6224/1/3567 6212/1/3567
f 3472/1/3568 6235/1/3568 6227/1/3568 6214/1/3568
f 6213/1/3569 6206/1/3569 6211/1/3569 6217/1/3569
f 6218/1/3570 6208/1/3570 6206/1/3570 6213/1/3570
f 6216/1/3571 6207/1/3571 6208/1/3571 6218/1/3571
f 3415/1/3572 3412/1/3572 6210/1/3572 6215/1/3572
f 6219/1/3573 6205/1/3573 6207/1/3573 6216/1/3573
f 6215/1/3574 6210/1/3574 6205/1/3574 6219/1/3574
f 6212/1/3575 6224/1/3575 6220/1/3575 6217/1/3575
f 6224/1/3576 6240/1/3576 6243/1/3576 6220/1/3576
f 6227/1/3578 6236/1/3578 6240/1/3578 6224/1/3578
f 6235/1/3579 3422/1/3579 6236/1/3579 6227/1/3579
f 6226/1/3580 6213/1/3580 6217/1/3580 6220/1/3580
f 6223/1/3582 6218/1/3582 6213/1/3582 6226/1/3582
f 6233/1/3584 6216/1/3584 6218/1/3584 6223/1/3584
f 3490/1/3585 3487/1/3585 6230/1/3585 6239/1/3585
f 6225/1/3586 6219/1/3586 6216/1/3586 6233/1/3586
f 6230/1/3587 6215/1/3587 6219/1/3587 6225/1/3587
f 3418/1/3589 3490/1/3589 6239/1/3589
f 6240/1/3592 3421/1/3592 6013/1/3592 6243/1/3592
f 6236/1/3593 6007/1/3593 3421/1/3593 6240/1/3593
f 6242/1/3594 6226/1/3594 6220/1/3594 6243/1/3594
f 3422/1/3595 6007/1/3595 6236/1/3595
f 6238/1/3596 6223/1/3596 6226/1/3596 6242/1/3596
f 6645/1/3597 6646/1/3597 6222/1/3597 6237/1/3597
f 6244/1/3598 6233/1/3598 6223/1/3598 6238/1/3598
f 6668/1/3599 3699/1/3599 6260/1/3599 6683/1/3599
f 6241/1/3600 6225/1/3600 6233/1/3600 6244/1/3600
f 6239/1/3601 6230/1/3601 6225/1/3601 6241/1/3601
f 6237/1/3602 3606/1/3602 6653/1/3602 6645/1/3602
f 6681/1/3603 6680/1/3603 6237/1/3603 6222/1/3603
f 6646/1/3604 6647/1/3604 6245/1/3604 6222/1/3604
f 6647/1/3607 6648/1/3607 6259/1/3607 6245/1/3607
f 6682/1/3615 6681/1/3615 6222/1/3615 6245/1/3615
f 6683/1/3619 6682/1/3619 6245/1/3619 6259/1/3619
f 6082/1/3987 3598/1/3987 6648/1/3987 6647/1/3987
f 3607/1/3988 6082/1/3988 6647/1/3988 6646/1/3988
f 3608/1/3989 3607/1/3989 6646/1/3989 6645/1/3989
f 6260/1/3990 6247/1/3990 6682/1/3990 6683/1/3990
f 6653/1/4008 3608/1/4008 6645/1/4008
f 6247/1/4011 3698/1/4011 6681/1/4011 6682/1/4011
f 3698/1/4012 3697/1/4012 6680/1/4012 6681/1/4012
f 3700/1/4013 6668/1/4013 6683/1/4013 6259/1/4013
f 6648/1/4024 3598/1/4024 6684/1/4024
f 6684/1/4025 3700/1/4025 6259/1/4025 6648/1/4025
f 6693/1/4042 3606/1/4042 6237/1/4042 6680/1/4042
usemtl cerchioni_assimp
f 942/1/490 943/1/490 1175/1/490 1174/1/490
f 899/1/501 900/1/501 1112/1/501 1111/1/501
f 970/1/519 968/1/519 1209/1/519 1212/1/519
f 941/1/487 942/1/487 1174/1/487 1173/1/487
f 914/1/727 1051/1/727 1262/1/727 1144/1/727
f 1062/1/728 1061/1/728 1284/1/728 1287/1/728
f 1023/1/730 961/1/730 1197/1/730 1231/1/730
f 940/1/524 941/1/524 1173/1/524 1172/1/524
f 1022/1/495 1021/1/495 1229/1/495 1230/1/495
f 971/1/521 969/1/521 1211/1/521 1214/1/521
f 939/1/521 940/1/521 1172/1/521 1171/1/521
f 938/1/518 939/1/518 1171/1/518 1170/1/518
f 1063/1/487 1062/1/487 1287/1/487 1290/1/487
f 937/1/515 938/1/515 1170/1/515 1169/1/515
f 1034/1/733 955/1/733 1188/1/733 1242/1/733
f 973/1/524 971/1/524 1214/1/524 1217/1/524
f 936/1/735 937/1/735 1169/1/735 1168/1/735
f 1049/1/520 1048/1/520 1256/1/520 1257/1/520
f 935/1/737 936/1/737 1168/1/737 1167/1/737
f 1020/1/739 976/1/739 1222/1/739 1228/1/739
f 974/1/486 972/1/486 1216/1/486 1219/1/486
f 934/1/740 935/1/740 1167/1/740 1166/1/740
f 972/1/741 1050/1/741 1258/1/741 1216/1/741
f 1065/1/742 1064/1/742 1291/1/742 1294/1/742
f 956/1/743 1019/1/743 1227/1/743 1189/1/743
f 933/1/744 934/1/744 1166/1/744 1165/1/744
f 932/1/500 933/1/500 1165/1/500 1164/1/500
f 976/1/489 974/1/489 1219/1/489 1222/1/489
f 931/1/497 932/1/497 1164/1/497 1163/1/497
f 1047/1/746 967/1/746 1207/1/746 1255/1/746
f 1066/1/494 1065/1/494 1294/1/494 1297/1/494
f 930/1/494 931/1/494 1163/1/494 1162/1/494
f 1064/1/748 911/1/748 1141/1/748 1291/1/748
f 977/1/491 975/1/491 1221/1/491 1224/1/491
f 929/1/491 930/1/491 1162/1/491 1161/1/491
f 1045/1/505 1044/1/505 1252/1/505 1253/1/505
f 902/1/731 1063/1/731 1290/1/731 1114/1/731
f 928/1/488 929/1/488 1161/1/488 1160/1/488
f 1051/1/497 1066/1/497 1297/1/497 1262/1/497
f 927/1/525 928/1/525 1160/1/525 1159/1/525
f 963/1/729 1046/1/729 1254/1/729 1201/1/729
f 955/1/494 977/1/494 1224/1/494 1188/1/494
f 926/1/522 927/1/522 1159/1/522 1158/1/522
f 925/1/519 926/1/519 1158/1/519 1157/1/519
f 958/1/496 978/1/496 1226/1/496 1192/1/496
f 924/1/516 925/1/516 1157/1/516 1156/1/516
f 1043/1/747 957/1/747 1191/1/747 1251/1/747
f 923/1/750 924/1/750 1156/1/750 1155/1/750
f 913/1/517 914/1/517 1144/1/517 1143/1/517
f 922/1/510 923/1/510 1155/1/510 1154/1/510
f 1041/1/490 1040/1/490 1248/1/490 1249/1/490
f 1060/1/751 899/1/751 1111/1/751 1281/1/751
f 912/1/514 913/1/514 1143/1/514 1142/1/514
f 921/1/507 922/1/507 1154/1/507 1153/1/507
f 906/1/749 1059/1/749 1280/1/749 1124/1/749
f 911/1/511 912/1/511 1142/1/511 1141/1/511
f 920/1/504 921/1/504 1153/1/504 1152/1/504
f 978/1/753 1042/1/753 1250/1/753 1226/1/753
f 919/1/501 920/1/501 1152/1/501 1151/1/501
f 918/1/498 919/1/498 1151/1/498 1150/1/498
f 917/1/495 918/1/495 1150/1/495 1149/1/495
f 1039/1/754 973/1/754 1217/1/754 1247/1/754
f 916/1/755 917/1/755 1149/1/755 1148/1/755
f 915/1/489 916/1/489 1148/1/489 1147/1/489
f 1037/1/515 1036/1/515 1244/1/515 1245/1/515
f 1056/1/729 903/1/729 1121/1/729 1271/1/729
f 969/1/751 1038/1/751 1246/1/751 1211/1/751
f 910/1/757 1055/1/757 1270/1/757 1134/1/757
f 909/1/487 910/1/487 1134/1/487 1133/1/487
f 1052/1/758 1053/1/758 1264/1/758 1263/1/758
f 908/1/524 909/1/524 1133/1/524 1132/1/524
f 907/1/760 908/1/760 1132/1/760 1131/1/760
f 1035/1/726 964/1/726 1202/1/726 1243/1/726
f 957/1/499 958/1/499 1192/1/499 1191/1/499
f 1054/1/761 1052/1/761 1263/1/761 1267/1/761
f 1032/1/500 1031/1/500 1239/1/500 1240/1/500
f 959/1/501 956/1/501 1189/1/501 1194/1/501
f 1055/1/507 1054/1/507 1267/1/507 1270/1/507
f 960/1/736 1033/1/736 1241/1/736 1196/1/736
f 961/1/504 959/1/504 1194/1/504 1197/1/504
f 962/1/506 960/1/506 1196/1/506 1199/1/506
f 954/1/486 915/1/486 1147/1/486 1186/1/486
f 905/1/497 906/1/497 1124/1/497 1123/1/497
f 1057/1/764 1056/1/764 1271/1/764 1274/1/764
f 953/1/765 954/1/765 1186/1/765 1185/1/765
f 904/1/766 905/1/766 1123/1/766 1122/1/766
f 1029/1/525 1028/1/525 1236/1/525 1237/1/525
f 952/1/520 953/1/520 1185/1/520 1184/1/520
f 903/1/491 904/1/491 1122/1/491 1121/1/491
f 964/1/509 962/1/509 1199/1/509 1202/1/509
f 951/1/517 952/1/517 1184/1/517 1183/1/517
f 1187/1/116 1188/1/116 1143/1/116 1144/1/116
f 1189/1/116 1190/1/116 1130/1/116 1131/1/116
f 1191/1/116 1192/1/116 1117/1/116 1118/1/116
f 1193/1/116 1187/1/116 1144/1/116 1145/1/116
f 1194/1/116 1189/1/116 1131/1/116 1132/1/116
f 1195/1/116 1191/1/116 1118/1/116 1119/1/116
f 1196/1/116 1193/1/116 1145/1/116 1146/1/116
f 1197/1/116 1194/1/116 1132/1/116 1133/1/116
f 1198/1/116 1195/1/116 1119/1/116 1120/1/116
f 1199/1/116 1196/1/116 1146/1/116 1107/1/116
f 1200/1/116 1197/1/116 1133/1/116 1134/1/116
f 1201/1/116 1198/1/116 1120/1/116 1121/1/116
f 1202/1/116 1199/1/116 1107/1/116 1108/1/116
f 1203/1/116 1200/1/116 1134/1/116 1135/1/116
f 1204/1/116 1201/1/116 1121/1/116 1122/1/116
f 1205/1/116 1202/1/116 1108/1/116 1109/1/116
f 1206/1/116 1203/1/116 1135/1/116 1136/1/116
f 1207/1/116 1204/1/116 1122/1/116 1123/1/116
f 1208/1/116 1205/1/116 1109/1/116 1110/1/116
f 1209/1/116 1206/1/116 1136/1/116 1137/1/116
f 1210/1/116 1207/1/116 1123/1/116 1124/1/116
f 1211/1/116 1208/1/116 1110/1/116 1111/1/116
f 1212/1/116 1209/1/116 1137/1/116 1138/1/116
f 1213/1/116 1210/1/116 1124/1/116 1125/1/116
f 1214/1/116 1211/1/116 1111/1/116 1112/1/116
f 1215/1/116 1212/1/116 1138/1/116 1139/1/116
f 1216/1/116 1213/1/116 1125/1/116 1126/1/116
f 1217/1/116 1214/1/116 1112/1/116 1113/1/116
f 1218/1/116 1215/1/116 1139/1/116 1140/1/116
f 1219/1/116 1216/1/116 1126/1/116 1127/1/116
f 1220/1/116 1217/1/116 1113/1/116 1114/1/116
f 1221/1/116 1218/1/116 1140/1/116 1141/1/116
f 1222/1/116 1219/1/116 1127/1/116 1128/1/116
f 1223/1/116 1220/1/116 1114/1/116 1115/1/116
f 1224/1/116 1221/1/116 1141/1/116 1142/1/116
f 1225/1/116 1222/1/116 1128/1/116 1129/1/116
f 1226/1/116 1223/1/116 1115/1/116 1116/1/116
f 1188/1/116 1224/1/116 1142/1/116 1143/1/116
f 1190/1/116 1225/1/116 1129/1/116 1130/1/116
f 1192/1/116 1226/1/116 1116/1/116 1117/1/116
f 1259/1/116 1260/1/116 1157/1/116 1158/1/116
f 1261/1/116 1262/1/116 1184/1/116 1185/1/116
f 1263/1/116 1264/1/116 1171/1/116 1172/1/116
f 1265/1/116 1259/1/116 1158/1/116 1159/1/116
f 1266/1/116 1261/1/116 1185/1/116 1186/1/116
f 1267/1/116 1263/1/116 1172/1/116 1173/1/116
f 1268/1/116 1265/1/116 1159/1/116 1160/1/116
f 1269/1/116 1266/1/116 1186/1/116 1147/1/116
f 1270/1/116 1267/1/116 1173/1/116 1174/1/116
f 1271/1/116 1268/1/116 1160/1/116 1161/1/116
f 1272/1/116 1269/1/116 1147/1/116 1148/1/116
f 1273/1/116 1270/1/116 1174/1/116 1175/1/116
f 1274/1/116 1271/1/116 1161/1/116 1162/1/116
f 1275/1/116 1272/1/116 1148/1/116 1149/1/116
f 1276/1/116 1273/1/116 1175/1/116 1176/1/116
f 1277/1/116 1274/1/116 1162/1/116 1163/1/116
f 1278/1/116 1275/1/116 1149/1/116 1150/1/116
f 1279/1/116 1276/1/116 1176/1/116 1177/1/116
f 1280/1/116 1277/1/116 1163/1/116 1164/1/116
f 1281/1/116 1278/1/116 1150/1/116 1151/1/116
f 1282/1/116 1279/1/116 1177/1/116 1178/1/116
f 1283/1/116 1280/1/116 1164/1/116 1165/1/116
f 1284/1/116 1281/1/116 1151/1/116 1152/1/116
f 1285/1/116 1282/1/116 1178/1/116 1179/1/116
f 1286/1/116 1283/1/116 1165/1/116 1166/1/116
f 1287/1/116 1284/1/116 1152/1/116 1153/1/116
f 1288/1/116 1285/1/116 1179/1/116 1180/1/116
f 1289/1/116 1286/1/116 1166/1/116 1167/1/116
f 1290/1/116 1287/1/116 1153/1/116 1154/1/116
f 1291/1/116 1288/1/116 1180/1/116 1181/1/116
f 1292/1/116 1289/1/116 1167/1/116 1168/1/116
f 1293/1/116 1290/1/116 1154/1/116 1155/1/116
f 1294/1/116 1291/1/116 1181/1/116 1182/1/116
f 1295/1/116 1292/1/116 1168/1/116 1169/1/116
f 1296/1/116 1293/1/116 1155/1/116 1156/1/116
f 1297/1/116 1294/1/116 1182/1/116 1183/1/116
f 1298/1/116 1295/1/116 1169/1/116 1170/1/116
f 1260/1/116 1296/1/116 1156/1/116 1157/1/116
f 1262/1/116 1297/1/116 1183/1/116 1184/1/116
f 1264/1/116 1298/1/116 1170/1/116 1171/1/116
f 1230/1/116 1229/1/116 1225/1/116 1190/1/116
f 1250/1/116 1249/1/116 1223/1/116 1226/1/116
f 1229/1/116 1228/1/116 1222/1/116 1225/1/116
f 1249/1/116 1248/1/116 1220/1/116 1223/1/116
f 1238/1/116 1237/1/116 1218/1/116 1221/1/116
f 1248/1/116 1247/1/116 1217/1/116 1220/1/116
f 1237/1/116 1236/1/116 1215/1/116 1218/1/116
f 1258/1/116 1257/1/116 1213/1/116 1216/1/116
f 1236/1/116 1235/1/116 1212/1/116 1215/1/116
f 1257/1/116 1256/1/116 1210/1/116 1213/1/116
f 1246/1/116 1245/1/116 1208/1/116 1211/1/116
f 1256/1/116 1255/1/116 1207/1/116 1210/1/116
f 1245/1/116 1244/1/116 1205/1/116 1208/1/116
f 1234/1/116 1233/1/116 1203/1/116 1206/1/116
f 1244/1/116 1243/1/116 1202/1/116 1205/1/116
f 1233/1/116 1232/1/116 1200/1/116 1203/1/116
f 1254/1/116 1253/1/116 1198/1/116 1201/1/116
f 1232/1/116 1231/1/116 1197/1/116 1200/1/116
f 1253/1/116 1252/1/116 1195/1/116 1198/1/116
f 1241/1/116 1240/1/116 1193/1/116 1196/1/116
f 1252/1/116 1251/1/116 1191/1/116 1195/1/116
f 1240/1/116 1239/1/116 1187/1/116 1193/1/116
f 1227/1/116 1230/1/116 1190/1/116 1189/1/116
f 1239/1/116 1242/1/116 1188/1/116 1187/1/116
f 1091/1/116 1090/1/116 1230/1/116 1227/1/116
f 1089/1/116 1088/1/116 1228/1/116 1229/1/116
f 1094/1/116 1093/1/116 1231/1/116 1232/1/116
f 1096/1/116 1095/1/116 1233/1/116 1234/1/116
f 1099/1/116 1098/1/116 1235/1/116 1236/1/116
f 1101/1/116 1100/1/116 1237/1/116 1238/1/116
f 1104/1/116 1103/1/116 1242/1/116 1239/1/116
f 1106/1/116 1105/1/116 1240/1/116 1241/1/116
f 1069/1/116 1068/1/116 1243/1/116 1244/1/116
f 1071/1/116 1070/1/116 1245/1/116 1246/1/116
f 1074/1/116 1073/1/116 1247/1/116 1248/1/116
f 1076/1/116 1075/1/116 1249/1/116 1250/1/116
f 1079/1/116 1078/1/116 1251/1/116 1252/1/116
f 1081/1/116 1080/1/116 1253/1/116 1254/1/116
f 1084/1/116 1083/1/116 1255/1/116 1256/1/116
f 1086/1/116 1085/1/116 1257/1/116 1258/1/116
f 1131/1/116 1130/1/116 1298/1/116 1264/1/116
f 1117/1/116 1116/1/116 1296/1/116 1260/1/116
f 1130/1/116 1129/1/116 1295/1/116 1298/1/116
f 1116/1/116 1115/1/116 1293/1/116 1296/1/116
f 1129/1/116 1128/1/116 1292/1/116 1295/1/116
f 1115/1/116 1114/1/116 1290/1/116 1293/1/116
f 1128/1/116 1127/1/116 1289/1/116 1292/1/116
f 1141/1/116 1140/1/116 1288/1/116 1291/1/116
f 1127/1/116 1126/1/116 1286/1/116 1289/1/116
f 1140/1/116 1139/1/116 1285/1/116 1288/1/116
f 1126/1/116 1125/1/116 1283/1/116 1286/1/116
f 1139/1/116 1138/1/116 1282/1/116 1285/1/116
f 1125/1/116 1124/1/116 1280/1/116 1283/1/116
f 1138/1/116 1137/1/116 1279/1/116 1282/1/116
f 1111/1/116 1110/1/116 1278/1/116 1281/1/116
f 1137/1/116 1136/1/116 1276/1/116 1279/1/116
f 1110/1/116 1109/1/116 1275/1/116 1278/1/116
f 1136/1/116 1135/1/116 1273/1/116 1276/1/116
f 1109/1/116 1108/1/116 1272/1/116 1275/1/116
f 1135/1/116 1134/1/116 1270/1/116 1273/1/116
f 1108/1/116 1107/1/116 1269/1/116 1272/1/116
f 1121/1/116 1120/1/116 1268/1/116 1271/1/116
f 1107/1/116 1146/1/116 1266/1/116 1269/1/116
f 1120/1/116 1119/1/116 1265/1/116 1268/1/116
f 1146/1/116 1145/1/116 1261/1/116 1266/1/116
f 1119/1/116 1118/1/116 1259/1/116 1265/1/116
f 1145/1/116 1144/1/116 1262/1/116 1261/1/116
f 1118/1/116 1117/1/116 1260/1/116 1259/1/116
f 900/1/504 901/1/504 1113/1/504 1112/1/504
f 1053/1/743 907/1/743 1131/1/743 1264/1/743
f 943/1/493 944/1/493 1176/1/493 1175/1/493
f 966/1/770 1026/1/770 1234/1/770 1206/1/770
f 1061/1/521 1060/1/521 1281/1/521 1284/1/521
f 901/1/507 902/1/507 1114/1/507 1113/1/507
f 944/1/496 945/1/496 1177/1/496 1176/1/496
f 968/1/516 966/1/516 1206/1/516 1209/1/516
f 945/1/499 946/1/499 1178/1/499 1177/1/499
f 1025/1/510 1024/1/510 1232/1/510 1233/1/510
f 946/1/772 947/1/772 1179/1/772 1178/1/772
f 967/1/514 965/1/514 1204/1/514 1207/1/514
f 947/1/505 948/1/505 1180/1/505 1179/1/505
f 1027/1/768 970/1/768 1212/1/768 1235/1/768
f 1059/1/517 1058/1/517 1277/1/517 1280/1/517
f 948/1/508 949/1/508 1181/1/508 1180/1/508
f 949/1/511 950/1/511 1182/1/511 1181/1/511
f 965/1/511 963/1/511 1201/1/511 1204/1/511
f 950/1/514 951/1/514 1183/1/514 1182/1/514
f 975/1/748 1030/1/748 1238/1/748 1221/1/748
f 1058/1/774 1057/1/774 1274/1/774 1277/1/774
f 1702/1/490 1703/1/490 1935/1/490 1934/1/490
f 1659/1/501 1660/1/501 1872/1/501 1871/1/501
f 1730/1/519 1728/1/519 1969/1/519 1972/1/519
f 1701/1/487 1702/1/487 1934/1/487 1933/1/487
f 1674/1/727 1811/1/727 2022/1/727 1904/1/727
f 1822/1/524 1821/1/524 2044/1/524 2047/1/524
f 1783/1/730 1721/1/730 1957/1/730 1991/1/730
f 1700/1/728 1701/1/728 1933/1/728 1932/1/728
f 1782/1/495 1781/1/495 1989/1/495 1990/1/495
f 1731/1/521 1729/1/521 1971/1/521 1974/1/521
f 1699/1/760 1700/1/760 1932/1/760 1931/1/760
f 1698/1/518 1699/1/518 1931/1/518 1930/1/518
f 1823/1/487 1822/1/487 2047/1/487 2050/1/487
f 1697/1/935 1698/1/935 1930/1/935 1929/1/935
f 1794/1/733 1715/1/733 1948/1/733 2002/1/733
f 1733/1/524 1731/1/524 1974/1/524 1977/1/524
f 1696/1/735 1697/1/735 1929/1/735 1928/1/735
f 1809/1/520 1808/1/520 2016/1/520 2017/1/520
f 1695/1/737 1696/1/737 1928/1/737 1927/1/737
f 1780/1/739 1736/1/739 1982/1/739 1988/1/739
f 1734/1/486 1732/1/486 1976/1/486 1979/1/486
f 1694/1/740 1695/1/740 1927/1/740 1926/1/740
f 1732/1/741 1810/1/741 2018/1/741 1976/1/741
f 1825/1/491 1824/1/491 2051/1/491 2054/1/491
f 1716/1/743 1779/1/743 1987/1/743 1949/1/743
f 1693/1/744 1694/1/744 1926/1/744 1925/1/744
f 1692/1/936 1693/1/936 1925/1/936 1924/1/936
f 1736/1/489 1734/1/489 1979/1/489 1982/1/489
f 1691/1/497 1692/1/497 1924/1/497 1923/1/497
f 1807/1/746 1727/1/746 1967/1/746 2015/1/746
f 1826/1/766 1825/1/766 2054/1/766 2057/1/766
f 1690/1/766 1691/1/766 1923/1/766 1922/1/766
f 1824/1/748 1671/1/748 1901/1/748 2051/1/748
f 1737/1/491 1735/1/491 1981/1/491 1984/1/491
f 1689/1/742 1690/1/742 1922/1/742 1921/1/742
f 1805/1/505 1804/1/505 2012/1/505 2013/1/505
f 1662/1/731 1823/1/731 2050/1/731 1874/1/731
f 1688/1/488 1689/1/488 1921/1/488 1920/1/488
f 1811/1/497 1826/1/497 2057/1/497 2022/1/497
f 1687/1/525 1688/1/525 1920/1/525 1919/1/525
f 1723/1/729 1806/1/729 2014/1/729 1961/1/729
f 1715/1/494 1737/1/494 1984/1/494 1948/1/494
f 1686/1/522 1687/1/522 1919/1/522 1918/1/522
f 1685/1/937 1686/1/937 1918/1/937 1917/1/937
f 1718/1/496 1738/1/496 1986/1/496 1952/1/496
f 1684/1/516 1685/1/516 1917/1/516 1916/1/516
f 1803/1/747 1717/1/747 1951/1/747 2011/1/747
f 1683/1/513 1684/1/513 1916/1/513 1915/1/513
f 1673/1/517 1674/1/517 1904/1/517 1903/1/517
f 1682/1/510 1683/1/510 1915/1/510 1914/1/510
f 1801/1/490 1800/1/490 2008/1/490 2009/1/490
f 1820/1/751 1659/1/751 1871/1/751 2041/1/751
f 1672/1/514 1673/1/514 1903/1/514 1902/1/514
f 1681/1/938 1682/1/938 1914/1/938 1913/1/938
f 1666/1/749 1819/1/749 2040/1/749 1884/1/749
f 1671/1/764 1672/1/764 1902/1/764 1901/1/764
f 1680/1/761 1681/1/761 1913/1/761 1912/1/761
f 1738/1/753 1802/1/753 2010/1/753 1986/1/753
f 1679/1/758 1680/1/758 1912/1/758 1911/1/758
f 1678/1/498 1679/1/498 1911/1/498 1910/1/498
f 1677/1/495 1678/1/495 1910/1/495 1909/1/495
f 1799/1/754 1733/1/754 1977/1/754 2007/1/754
f 1676/1/492 1677/1/492 1909/1/492 1908/1/492
f 1675/1/939 1676/1/939 1908/1/939 1907/1/939
f 1797/1/515 1796/1/515 2004/1/515 2005/1/515
f 1816/1/729 1663/1/729 1881/1/729 2031/1/729
f 1729/1/751 1798/1/751 2006/1/751 1971/1/751
f 1670/1/757 1815/1/757 2030/1/757 1894/1/757
f 1669/1/487 1670/1/487 1894/1/487 1893/1/487
f 1812/1/758 1813/1/758 2024/1/758 2023/1/758
f 1668/1/524 1669/1/524 1893/1/524 1892/1/524
f 1667/1/760 1668/1/760 1892/1/760 1891/1/760
f 1795/1/726 1724/1/726 1962/1/726 2003/1/726
f 1717/1/499 1718/1/499 1952/1/499 1951/1/499
f 1814/1/761 1812/1/761 2023/1/761 2027/1/761
f 1792/1/500 1791/1/500 1999/1/500 2000/1/500
f 1719/1/501 1716/1/501 1949/1/501 1954/1/501
f 1815/1/938 1814/1/938 2027/1/938 2030/1/938
f 1720/1/736 1793/1/736 2001/1/736 1956/1/736
f 1721/1/761 1719/1/761 1954/1/761 1957/1/761
f 1722/1/506 1720/1/506 1956/1/506 1959/1/506
f 1714/1/940 1675/1/940 1907/1/940 1946/1/940
f 1665/1/497 1666/1/497 1884/1/497 1883/1/497
f 1817/1/511 1816/1/511 2031/1/511 2034/1/511
f 1713/1/523 1714/1/523 1946/1/523 1945/1/523
f 1664/1/766 1665/1/766 1883/1/766 1882/1/766
f 1789/1/525 1788/1/525 1996/1/525 1997/1/525
f 1712/1/520 1713/1/520 1945/1/520 1944/1/520
f 1663/1/491 1664/1/491 1882/1/491 1881/1/491
f 1724/1/509 1722/1/509 1959/1/509 1962/1/509
f 1711/1/517 1712/1/517 1944/1/517 1943/1/517
f 1947/1/116 1948/1/116 1903/1/116 1904/1/116
f 1949/1/116 1950/1/116 1890/1/116 1891/1/116
f 1951/1/116 1952/1/116 1877/1/116 1878/1/116
f 1953/1/116 1947/1/116 1904/1/116 1905/1/116
f 1954/1/116 1949/1/116 1891/1/116 1892/1/116
f 1955/1/116 1951/1/116 1878/1/116 1879/1/116
f 1956/1/116 1953/1/116 1905/1/116 1906/1/116
f 1957/1/116 1954/1/116 1892/1/116 1893/1/116
f 1958/1/116 1955/1/116 1879/1/116 1880/1/116
f 1959/1/116 1956/1/116 1906/1/116 1867/1/116
f 1960/1/116 1957/1/116 1893/1/116 1894/1/116
f 1961/1/116 1958/1/116 1880/1/116 1881/1/116
f 1962/1/116 1959/1/116 1867/1/116 1868/1/116
f 1963/1/116 1960/1/116 1894/1/116 1895/1/116
f 1964/1/116 1961/1/116 1881/1/116 1882/1/116
f 1965/1/116 1962/1/116 1868/1/116 1869/1/116
f 1966/1/116 1963/1/116 1895/1/116 1896/1/116
f 1967/1/116 1964/1/116 1882/1/116 1883/1/116
f 1968/1/116 1965/1/116 1869/1/116 1870/1/116
f 1969/1/116 1966/1/116 1896/1/116 1897/1/116
f 1970/1/116 1967/1/116 1883/1/116 1884/1/116
f 1971/1/116 1968/1/116 1870/1/116 1871/1/116
f 1972/1/116 1969/1/116 1897/1/116 1898/1/116
f 1973/1/116 1970/1/116 1884/1/116 1885/1/116
f 1974/1/116 1971/1/116 1871/1/116 1872/1/116
f 1975/1/116 1972/1/116 1898/1/116 1899/1/116
f 1976/1/116 1973/1/116 1885/1/116 1886/1/116
f 1977/1/116 1974/1/116 1872/1/116 1873/1/116
f 1978/1/116 1975/1/116 1899/1/116 1900/1/116
f 1979/1/116 1976/1/116 1886/1/116 1887/1/116
f 1980/1/116 1977/1/116 1873/1/116 1874/1/116
f 1981/1/116 1978/1/116 1900/1/116 1901/1/116
f 1982/1/116 1979/1/116 1887/1/116 1888/1/116
f 1983/1/116 1980/1/116 1874/1/116 1875/1/116
f 1984/1/116 1981/1/116 1901/1/116 1902/1/116
f 1985/1/116 1982/1/116 1888/1/116 1889/1/116
f 1986/1/116 1983/1/116 1875/1/116 1876/1/116
f 1948/1/116 1984/1/116 1902/1/116 1903/1/116
f 1950/1/116 1985/1/116 1889/1/116 1890/1/116
f 1952/1/116 1986/1/116 1876/1/116 1877/1/116
f 2019/1/116 2020/1/116 1917/1/116 1918/1/116
f 2021/1/116 2022/1/116 1944/1/116 1945/1/116
f 2023/1/116 2024/1/116 1931/1/116 1932/1/116
f 2025/1/116 2019/1/116 1918/1/116 1919/1/116
f 2026/1/116 2021/1/116 1945/1/116 1946/1/116
f 2027/1/116 2023/1/116 1932/1/116 1933/1/116
f 2028/1/116 2025/1/116 1919/1/116 1920/1/116
f 2029/1/116 2026/1/116 1946/1/116 1907/1/116
f 2030/1/116 2027/1/116 1933/1/116 1934/1/116
f 2031/1/116 2028/1/116 1920/1/116 1921/1/116
f 2032/1/116 2029/1/116 1907/1/116 1908/1/116
f 2033/1/116 2030/1/116 1934/1/116 1935/1/116
f 2034/1/116 2031/1/116 1921/1/116 1922/1/116
f 2035/1/116 2032/1/116 1908/1/116 1909/1/116
f 2036/1/116 2033/1/116 1935/1/116 1936/1/116
f 2037/1/116 2034/1/116 1922/1/116 1923/1/116
f 2038/1/116 2035/1/116 1909/1/116 1910/1/116
f 2039/1/116 2036/1/116 1936/1/116 1937/1/116
f 2040/1/116 2037/1/116 1923/1/116 1924/1/116
f 2041/1/116 2038/1/116 1910/1/116 1911/1/116
f 2042/1/116 2039/1/116 1937/1/116 1938/1/116
f 2043/1/116 2040/1/116 1924/1/116 1925/1/116
f 2044/1/116 2041/1/116 1911/1/116 1912/1/116
f 2045/1/116 2042/1/116 1938/1/116 1939/1/116
f 2046/1/116 2043/1/116 1925/1/116 1926/1/116
f 2047/1/116 2044/1/116 1912/1/116 1913/1/116
f 2048/1/116 2045/1/116 1939/1/116 1940/1/116
f 2049/1/116 2046/1/116 1926/1/116 1927/1/116
f 2050/1/116 2047/1/116 1913/1/116 1914/1/116
f 2051/1/116 2048/1/116 1940/1/116 1941/1/116
f 2052/1/116 2049/1/116 1927/1/116 1928/1/116
f 2053/1/116 2050/1/116 1914/1/116 1915/1/116
f 2054/1/116 2051/1/116 1941/1/116 1942/1/116
f 2055/1/116 2052/1/116 1928/1/116 1929/1/116
f 2056/1/116 2053/1/116 1915/1/116 1916/1/116
f 2057/1/116 2054/1/116 1942/1/116 1943/1/116
f 2058/1/116 2055/1/116 1929/1/116 1930/1/116
f 2020/1/116 2056/1/116 1916/1/116 1917/1/116
f 2022/1/116 2057/1/116 1943/1/116 1944/1/116
f 2024/1/116 2058/1/116 1930/1/116 1931/1/116
f 1990/1/116 1989/1/116 1985/1/116 1950/1/116
f 2010/1/116 2009/1/116 1983/1/116 1986/1/116
f 1989/1/116 1988/1/116 1982/1/116 1985/1/116
f 2009/1/116 2008/1/116 1980/1/116 1983/1/116
f 1998/1/116 1997/1/116 1978/1/116 1981/1/116
f 2008/1/116 2007/1/116 1977/1/116 1980/1/116
f 1997/1/116 1996/1/116 1975/1/116 1978/1/116
f 2018/1/116 2017/1/116 1973/1/116 1976/1/116
f 1996/1/116 1995/1/116 1972/1/116 1975/1/116
f 2017/1/116 2016/1/116 1970/1/116 1973/1/116
f 2006/1/116 2005/1/116 1968/1/116 1971/1/116
f 2016/1/116 2015/1/116 1967/1/116 1970/1/116
f 2005/1/116 2004/1/116 1965/1/116 1968/1/116
f 1994/1/116 1993/1/116 1963/1/116 1966/1/116
f 2004/1/116 2003/1/116 1962/1/116 1965/1/116
f 1993/1/116 1992/1/116 1960/1/116 1963/1/116
f 2014/1/116 2013/1/116 1958/1/116 1961/1/116
f 1992/1/116 1991/1/116 1957/1/116 1960/1/116
f 2013/1/116 2012/1/116 1955/1/116 1958/1/116
f 2001/1/116 2000/1/116 1953/1/116 1956/1/116
f 2012/1/116 2011/1/116 1951/1/116 1955/1/116
f 2000/1/116 1999/1/116 1947/1/116 1953/1/116
f 1987/1/116 1990/1/116 1950/1/116 1949/1/116
f 1999/1/116 2002/1/116 1948/1/116 1947/1/116
f 1851/1/116 1850/1/116 1990/1/116 1987/1/116
f 1849/1/116 1848/1/116 1988/1/116 1989/1/116
f 1854/1/116 1853/1/116 1991/1/116 1992/1/116
f 1856/1/116 1855/1/116 1993/1/116 1994/1/116
f 1859/1/116 1858/1/116 1995/1/116 1996/1/116
f 1861/1/116 1860/1/116 1997/1/116 1998/1/116
f 1864/1/116 1863/1/116 2002/1/116 1999/1/116
f 1866/1/116 1865/1/116 2000/1/116 2001/1/116
f 1829/1/116 1828/1/116 2003/1/116 2004/1/116
f 1831/1/116 1830/1/116 2005/1/116 2006/1/116
f 1834/1/116 1833/1/116 2007/1/116 2008/1/116
f 1836/1/116 1835/1/116 2009/1/116 2010/1/116
f 1839/1/116 1838/1/116 2011/1/116 2012/1/116
f 1841/1/116 1840/1/116 2013/1/116 2014/1/116
f 1844/1/116 1843/1/116 2015/1/116 2016/1/116
f 1846/1/116 1845/1/116 2017/1/116 2018/1/116
f 1891/1/116 1890/1/116 2058/1/116 2024/1/116
f 1877/1/116 1876/1/116 2056/1/116 2020/1/116
f 1890/1/116 1889/1/116 2055/1/116 2058/1/116
f 1876/1/116 1875/1/116 2053/1/116 2056/1/116
f 1889/1/116 1888/1/116 2052/1/116 2055/1/116
f 1875/1/116 1874/1/116 2050/1/116 2053/1/116
f 1888/1/116 1887/1/116 2049/1/116 2052/1/116
f 1901/1/116 1900/1/116 2048/1/116 2051/1/116
f 1887/1/116 1886/1/116 2046/1/116 2049/1/116
f 1900/1/116 1899/1/116 2045/1/116 2048/1/116
f 1886/1/116 1885/1/116 2043/1/116 2046/1/116
f 1899/1/116 1898/1/116 2042/1/116 2045/1/116
f 1885/1/116 1884/1/116 2040/1/116 2043/1/116
f 1898/1/116 1897/1/116 2039/1/116 2042/1/116
f 1871/1/116 1870/1/116 2038/1/116 2041/1/116
f 1897/1/116 1896/1/116 2036/1/116 2039/1/116
f 1870/1/116 1869/1/116 2035/1/116 2038/1/116
f 1896/1/116 1895/1/116 2033/1/116 2036/1/116
f 1869/1/116 1868/1/116 2032/1/116 2035/1/116
f 1895/1/116 1894/1/116 2030/1/116 2033/1/116
f 1868/1/116 1867/1/116 2029/1/116 2032/1/116
f 1881/1/116 1880/1/116 2028/1/116 2031/1/116
f 1867/1/116 1906/1/116 2026/1/116 2029/1/116
f 1880/1/116 1879/1/116 2025/1/116 2028/1/116
f 1906/1/116 1905/1/116 2021/1/116 2026/1/116
f 1879/1/116 1878/1/116 2019/1/116 2025/1/116
f 1905/1/116 1904/1/116 2022/1/116 2021/1/116
f 1878/1/116 1877/1/116 2020/1/116 2019/1/116
f 1660/1/761 1661/1/761 1873/1/761 1872/1/761
f 1813/1/743 1667/1/743 1891/1/743 2024/1/743
f 1703/1/493 1704/1/493 1936/1/493 1935/1/493
f 1726/1/770 1786/1/770 1994/1/770 1966/1/770
f 1821/1/760 1820/1/760 2041/1/760 2044/1/760
f 1661/1/507 1662/1/507 1874/1/507 1873/1/507
f 1704/1/941 1705/1/941 1937/1/941 1936/1/941
f 1728/1/516 1726/1/516 1966/1/516 1969/1/516
f 1705/1/499 1706/1/499 1938/1/499 1937/1/499
f 1785/1/510 1784/1/510 1992/1/510 1993/1/510
f 1706/1/502 1707/1/502 1939/1/502 1938/1/502
f 1727/1/514 1725/1/514 1964/1/514 1967/1/514
f 1707/1/505 1708/1/505 1940/1/505 1939/1/505
f 1787/1/768 1730/1/768 1972/1/768 1995/1/768
f 1819/1/517 1818/1/517 2037/1/517 2040/1/517
f 1708/1/942 1709/1/942 1941/1/942 1940/1/942
f 1709/1/764 1710/1/764 1942/1/764 1941/1/764
f 1725/1/764 1723/1/764 1961/1/764 1964/1/764
f 1710/1/774 1711/1/774 1943/1/774 1942/1/774
f 1735/1/748 1790/1/748 1998/1/748 1981/1/748
f 1818/1/774 1817/1/774 2034/1/774 2037/1/774
f 4298/1/490 4530/1/490 4531/1/490 4299/1/490
f 4255/1/501 4467/1/501 4468/1/501 4256/1/501
f 4326/1/519 4568/1/519 4565/1/519 4324/1/519
f 4297/1/487 4529/1/487 4530/1/487 4298/1/487
f 4270/1/727 4500/1/727 4618/1/727 4407/1/727
f 4418/1/728 4643/1/728 4640/1/728 4417/1/728
f 4379/1/730 4587/1/730 4553/1/730 4317/1/730
f 4296/1/524 4528/1/524 4529/1/524 4297/1/524
f 4378/1/495 4586/1/495 4585/1/495 4377/1/495
f 4327/1/521 4570/1/521 4567/1/521 4325/1/521
f 4295/1/521 4527/1/521 4528/1/521 4296/1/521
f 4294/1/518 4526/1/518 4527/1/518 4295/1/518
f 4419/1/487 4646/1/487 4643/1/487 4418/1/487
f 4293/1/515 4525/1/515 4526/1/515 4294/1/515
f 4390/1/733 4598/1/733 4544/1/733 4311/1/733
f 4329/1/524 4573/1/524 4570/1/524 4327/1/524
f 4292/1/735 4524/1/735 4525/1/735 4293/1/735
f 4405/1/520 4613/1/520 4612/1/520 4404/1/520
f 4291/1/737 4523/1/737 4524/1/737 4292/1/737
f 4376/1/739 4584/1/739 4578/1/739 4332/1/739
f 4330/1/486 4575/1/486 4572/1/486 4328/1/486
f 4290/1/740 4522/1/740 4523/1/740 4291/1/740
f 4328/1/741 4572/1/741 4614/1/741 4406/1/741
f 4421/1/742 4650/1/742 4647/1/742 4420/1/742
f 4312/1/743 4545/1/743 4583/1/743 4375/1/743
f 4289/1/744 4521/1/744 4522/1/744 4290/1/744
f 4288/1/500 4520/1/500 4521/1/500 4289/1/500
f 4332/1/489 4578/1/489 4575/1/489 4330/1/489
f 4287/1/497 4519/1/497 4520/1/497 4288/1/497
f 4403/1/746 4611/1/746 4563/1/746 4323/1/746
f 4422/1/494 4653/1/494 4650/1/494 4421/1/494
f 4286/1/494 4518/1/494 4519/1/494 4287/1/494
f 4420/1/748 4647/1/748 4497/1/748 4267/1/748
f 4333/1/491 4580/1/491 4577/1/491 4331/1/491
f 4285/1/491 4517/1/491 4518/1/491 4286/1/491
f 4401/1/505 4609/1/505 4608/1/505 4400/1/505
f 4258/1/731 4470/1/731 4646/1/731 4419/1/731
f 4284/1/488 4516/1/488 4517/1/488 4285/1/488
f 4407/1/497 4618/1/497 4653/1/497 4422/1/497
f 4283/1/525 4515/1/525 4516/1/525 4284/1/525
f 4319/1/729 4557/1/729 4610/1/729 4402/1/729
f 4311/1/494 4544/1/494 4580/1/494 4333/1/494
f 4282/1/522 4514/1/522 4515/1/522 4283/1/522
f 4281/1/519 4513/1/519 4514/1/519 4282/1/519
f 4314/1/496 4548/1/496 4582/1/496 4334/1/496
f 4280/1/516 4512/1/516 4513/1/516 4281/1/516
f 4399/1/747 4607/1/747 4547/1/747 4313/1/747
f 4279/1/750 4511/1/750 4512/1/750 4280/1/750
f 4269/1/517 4499/1/517 4500/1/517 4270/1/517
f 4278/1/510 4510/1/510 4511/1/510 4279/1/510
f 4397/1/490 4605/1/490 4604/1/490 4396/1/490
f 4416/1/751 4637/1/751 4467/1/751 4255/1/751
f 4268/1/514 4498/1/514 4499/1/514 4269/1/514
f 4277/1/507 4509/1/507 4510/1/507 4278/1/507
f 4262/1/749 4480/1/749 4636/1/749 4415/1/749
f 4267/1/511 4497/1/511 4498/1/511 4268/1/511
f 4276/1/504 4508/1/504 4509/1/504 4277/1/504
f 4334/1/753 4582/1/753 4606/1/753 4398/1/753
f 4275/1/501 4507/1/501 4508/1/501 4276/1/501
f 4274/1/498 4506/1/498 4507/1/498 4275/1/498
f 4273/1/495 4505/1/495 4506/1/495 4274/1/495
f 4395/1/754 4603/1/754 4573/1/754 4329/1/754
f 4272/1/755 4504/1/755 4505/1/755 4273/1/755
f 4271/1/489 4503/1/489 4504/1/489 4272/1/489
f 4393/1/515 4601/1/515 4600/1/515 4392/1/515
f 4412/1/729 4627/1/729 4477/1/729 4259/1/729
f 4325/1/751 4567/1/751 4602/1/751 4394/1/751
f 4266/1/757 4490/1/757 4626/1/757 4411/1/757
f 4265/1/487 4489/1/487 4490/1/487 4266/1/487
f 4408/1/758 4619/1/758 4620/1/758 4409/1/758
f 4264/1/524 4488/1/524 4489/1/524 4265/1/524
f 4263/1/760 4487/1/760 4488/1/760 4264/1/760
f 4391/1/726 4599/1/726 4558/1/726 4320/1/726
f 4313/1/499 4547/1/499 4548/1/499 4314/1/499
f 4410/1/761 4623/1/761 4619/1/761 4408/1/761
f 4388/1/500 4596/1/500 4595/1/500 4387/1/500
f 4315/1/501 4550/1/501 4545/1/501 4312/1/501
f 4411/1/507 4626/1/507 4623/1/507 4410/1/507
f 4316/1/736 4552/1/736 4597/1/736 4389/1/736
f 4317/1/504 4553/1/504 4550/1/504 4315/1/504
f 4318/1/506 4555/1/506 4552/1/506 4316/1/506
f 4310/1/486 4542/1/486 4503/1/486 4271/1/486
f 4261/1/497 4479/1/497 4480/1/497 4262/1/497
f 4413/1/764 4630/1/764 4627/1/764 4412/1/764
f 4309/1/765 4541/1/765 4542/1/765 4310/1/765
f 4260/1/766 4478/1/766 4479/1/766 4261/1/766
f 4385/1/525 4593/1/525 4592/1/525 4384/1/525
f 4308/1/520 4540/1/520 4541/1/520 4309/1/520
f 4259/1/491 4477/1/491 4478/1/491 4260/1/491
f 4320/1/509 4558/1/509 4555/1/509 4318/1/509
f 4307/1/517 4539/1/517 4540/1/517 4308/1/517
f 4543/1/752 4500/1/752 4499/1/752 4544/1/752
f 4545/1/752 4487/1/752 4486/1/752 4546/1/752
f 4547/1/752 4474/1/752 4473/1/752 4548/1/752
f 4549/1/752 4501/1/752 4500/1/752 4543/1/752
f 4550/1/752 4488/1/752 4487/1/752 4545/1/752
f 4551/1/752 4475/1/752 4474/1/752 4547/1/752
f 4552/1/752 4502/1/752 4501/1/752 4549/1/752
f 4553/1/752 4489/1/752 4488/1/752 4550/1/752
f 4554/1/752 4476/1/752 4475/1/752 4551/1/752
f 4555/1/752 4463/1/752 4502/1/752 4552/1/752
f 4556/1/752 4490/1/752 4489/1/752 4553/1/752
f 4557/1/752 4477/1/752 4476/1/752 4554/1/752
f 4558/1/752 4464/1/752 4463/1/752 4555/1/752
f 4559/1/752 4491/1/752 4490/1/752 4556/1/752
f 4560/1/752 4478/1/752 4477/1/752 4557/1/752
f 4561/1/752 4465/1/752 4464/1/752 4558/1/752
f 4562/1/752 4492/1/752 4491/1/752 4559/1/752
f 4563/1/752 4479/1/752 4478/1/752 4560/1/752
f 4564/1/752 4466/1/752 4465/1/752 4561/1/752
f 4565/1/752 4493/1/752 4492/1/752 4562/1/752
f 4566/1/752 4480/1/752 4479/1/752 4563/1/752
f 4567/1/752 4467/1/752 4466/1/752 4564/1/752
f 4568/1/752 4494/1/752 4493/1/752 4565/1/752
f 4569/1/752 4481/1/752 4480/1/752 4566/1/752
f 4570/1/752 4468/1/752 4467/1/752 4567/1/752
f 4571/1/752 4495/1/752 4494/1/752 4568/1/752
f 4572/1/752 4482/1/752 4481/1/752 4569/1/752
f 4573/1/752 4469/1/752 4468/1/752 4570/1/752
f 4574/1/752 4496/1/752 4495/1/752 4571/1/752
f 4575/1/752 4483/1/752 4482/1/752 4572/1/752
f 4576/1/752 4470/1/752 4469/1/752 4573/1/752
f 4577/1/752 4497/1/752 4496/1/752 4574/1/752
f 4578/1/752 4484/1/752 4483/1/752 4575/1/752
f 4579/1/752 4471/1/752 4470/1/752 4576/1/752
f 4580/1/752 4498/1/752 4497/1/752 4577/1/752
f 4581/1/752 4485/1/752 4484/1/752 4578/1/752
f 4582/1/752 4472/1/752 4471/1/752 4579/1/752
f 4544/1/752 4499/1/752 4498/1/752 4580/1/752
f 4546/1/752 4486/1/752 4485/1/752 4581/1/752
f 4548/1/752 4473/1/752 4472/1/752 4582/1/752
f 4615/1/752 4514/1/752 4513/1/752 4616/1/752
f 4617/1/752 4541/1/752 4540/1/752 4618/1/752
f 4619/1/752 4528/1/752 4527/1/752 4620/1/752
f 4621/1/752 4515/1/752 4514/1/752 4615/1/752
f 4622/1/752 4542/1/752 4541/1/752 4617/1/752
f 4623/1/752 4529/1/752 4528/1/752 4619/1/752
f 4624/1/752 4516/1/752 4515/1/752 4621/1/752
f 4625/1/752 4503/1/752 4542/1/752 4622/1/752
f 4626/1/752 4530/1/752 4529/1/752 4623/1/752
f 4627/1/752 4517/1/752 4516/1/752 4624/1/752
f 4628/1/752 4504/1/752 4503/1/752 4625/1/752
f 4629/1/752 4531/1/752 4530/1/752 4626/1/752
f 4630/1/752 4518/1/752 4517/1/752 4627/1/752
f 4631/1/752 4505/1/752 4504/1/752 4628/1/752
f 4632/1/752 4532/1/752 4531/1/752 4629/1/752
f 4633/1/752 4519/1/752 4518/1/752 4630/1/752
f 4634/1/752 4506/1/752 4505/1/752 4631/1/752
f 4635/1/752 4533/1/752 4532/1/752 4632/1/752
f 4636/1/752 4520/1/752 4519/1/752 4633/1/752
f 4637/1/752 4507/1/752 4506/1/752 4634/1/752
f 4638/1/752 4534/1/752 4533/1/752 4635/1/752
f 4639/1/752 4521/1/752 4520/1/752 4636/1/752
f 4640/1/752 4508/1/752 4507/1/752 4637/1/752
f 4641/1/752 4535/1/752 4534/1/752 4638/1/752
f 4642/1/752 4522/1/752 4521/1/752 4639/1/752
f 4643/1/752 4509/1/752 4508/1/752 4640/1/752
f 4644/1/752 4536/1/752 4535/1/752 4641/1/752
f 4645/1/752 4523/1/752 4522/1/752 4642/1/752
f 4646/1/752 4510/1/752 4509/1/752 4643/1/752
f 4647/1/752 4537/1/752 4536/1/752 4644/1/752
f 4648/1/752 4524/1/752 4523/1/752 4645/1/752
f 4649/1/752 4511/1/752 4510/1/752 4646/1/752
f 4650/1/752 4538/1/752 4537/1/752 4647/1/752
f 4651/1/752 4525/1/752 4524/1/752 4648/1/752
f 4652/1/752 4512/1/752 4511/1/752 4649/1/752
f 4653/1/752 4539/1/752 4538/1/752 4650/1/752
f 4654/1/752 4526/1/752 4525/1/752 4651/1/752
f 4616/1/752 4513/1/752 4512/1/752 4652/1/752
f 4618/1/752 4540/1/752 4539/1/752 4653/1/752
f 4620/1/752 4527/1/752 4526/1/752 4654/1/752
f 4586/1/752 4546/1/752 4581/1/752 4585/1/752
f 4606/1/752 4582/1/752 4579/1/752 4605/1/752
f 4585/1/752 4581/1/752 4578/1/752 4584/1/752
f 4605/1/752 4579/1/752 4576/1/752 4604/1/752
f 4594/1/752 4577/1/752 4574/1/752 4593/1/752
f 4604/1/752 4576/1/752 4573/1/752 4603/1/752
f 4593/1/752 4574/1/752 4571/1/752 4592/1/752
f 4614/1/752 4572/1/752 4569/1/752 4613/1/752
f 4592/1/752 4571/1/752 4568/1/752 4591/1/752
f 4613/1/752 4569/1/752 4566/1/752 4612/1/752
f 4602/1/752 4567/1/752 4564/1/752 4601/1/752
f 4612/1/752 4566/1/752 4563/1/752 4611/1/752
f 4601/1/752 4564/1/752 4561/1/752 4600/1/752
f 4590/1/752 4562/1/752 4559/1/752 4589/1/752
f 4600/1/752 4561/1/752 4558/1/752 4599/1/752
f 4589/1/752 4559/1/752 4556/1/752 4588/1/752
f 4610/1/752 4557/1/752 4554/1/752 4609/1/752
f 4588/1/752 4556/1/752 4553/1/752 4587/1/752
f 4609/1/752 4554/1/752 4551/1/752 4608/1/752
f 4597/1/752 4552/1/752 4549/1/752 4596/1/752
f 4608/1/752 4551/1/752 4547/1/752 4607/1/752
f 4596/1/752 4549/1/752 4543/1/752 4595/1/752
f 4583/1/752 4545/1/752 4546/1/752 4586/1/752
f 4595/1/752 4543/1/752 4544/1/752 4598/1/752
f 4447/1/752 4583/1/752 4586/1/752 4446/1/752
f 4445/1/752 4585/1/752 4584/1/752 4444/1/752
f 4450/1/752 4588/1/752 4587/1/752 4449/1/752
f 4452/1/752 4590/1/752 4589/1/752 4451/1/752
f 4455/1/752 4592/1/752 4591/1/752 4454/1/752
f 4457/1/752 4594/1/752 4593/1/752 4456/1/752
f 4460/1/752 4595/1/752 4598/1/752 4459/1/752
f 4462/1/752 4597/1/752 4596/1/752 4461/1/752
f 4425/1/752 4600/1/752 4599/1/752 4424/1/752
f 4427/1/752 4602/1/752 4601/1/752 4426/1/752
f 4430/1/752 4604/1/752 4603/1/752 4429/1/752
f 4432/1/752 4606/1/752 4605/1/752 4431/1/752
f 4435/1/752 4608/1/752 4607/1/752 4434/1/752
f 4437/1/752 4610/1/752 4609/1/752 4436/1/752
f 4440/1/752 4612/1/752 4611/1/752 4439/1/752
f 4442/1/752 4614/1/752 4613/1/752 4441/1/752
f 4487/1/752 4620/1/752 4654/1/752 4486/1/752
f 4473/1/752 4616/1/752 4652/1/752 4472/1/752
f 4486/1/752 4654/1/752 4651/1/752 4485/1/752
f 4472/1/752 4652/1/752 4649/1/752 4471/1/752
f 4485/1/752 4651/1/752 4648/1/752 4484/1/752
f 4471/1/752 4649/1/752 4646/1/752 4470/1/752
f 4484/1/752 4648/1/752 4645/1/752 4483/1/752
f 4497/1/752 4647/1/752 4644/1/752 4496/1/752
f 4483/1/752 4645/1/752 4642/1/752 4482/1/752
f 4496/1/752 4644/1/752 4641/1/752 4495/1/752
f 4482/1/752 4642/1/752 4639/1/752 4481/1/752
f 4495/1/752 4641/1/752 4638/1/752 4494/1/752
f 4481/1/752 4639/1/752 4636/1/752 4480/1/752
f 4494/1/752 4638/1/752 4635/1/752 4493/1/752
f 4467/1/752 4637/1/752 4634/1/752 4466/1/752
f 4493/1/752 4635/1/752 4632/1/752 4492/1/752
f 4466/1/752 4634/1/752 4631/1/752 4465/1/752
f 4492/1/752 4632/1/752 4629/1/752 4491/1/752
f 4465/1/752 4631/1/752 4628/1/752 4464/1/752
f 4491/1/752 4629/1/752 4626/1/752 4490/1/752
f 4464/1/752 4628/1/752 4625/1/752 4463/1/752
f 4477/1/752 4627/1/752 4624/1/752 4476/1/752
f 4463/1/752 4625/1/752 4622/1/752 4502/1/752
f 4476/1/752 4624/1/752 4621/1/752 4475/1/752
f 4502/1/752 4622/1/752 4617/1/752 4501/1/752
f 4475/1/752 4621/1/752 4615/1/752 4474/1/752
f 4501/1/752 4617/1/752 4618/1/752 4500/1/752
f 4474/1/752 4615/1/752 4616/1/752 4473/1/752
f 4256/1/504 4468/1/504 4469/1/504 4257/1/504
f 4409/1/743 4620/1/743 4487/1/743 4263/1/743
f 4299/1/493 4531/1/493 4532/1/493 4300/1/493
f 4322/1/770 4562/1/770 4590/1/770 4382/1/770
f 4417/1/521 4640/1/521 4637/1/521 4416/1/521
f 4257/1/507 4469/1/507 4470/1/507 4258/1/507
f 4300/1/496 4532/1/496 4533/1/496 4301/1/496
f 4324/1/516 4565/1/516 4562/1/516 4322/1/516
f 4301/1/499 4533/1/499 4534/1/499 4302/1/499
f 4381/1/510 4589/1/510 4588/1/510 4380/1/510
f 4302/1/772 4534/1/772 4535/1/772 4303/1/772
f 4323/1/514 4563/1/514 4560/1/514 4321/1/514
f 4303/1/505 4535/1/505 4536/1/505 4304/1/505
f 4383/1/768 4591/1/768 4568/1/768 4326/1/768
f 4415/1/517 4636/1/517 4633/1/517 4414/1/517
f 4304/1/508 4536/1/508 4537/1/508 4305/1/508
f 4305/1/511 4537/1/511 4538/1/511 4306/1/511
f 4321/1/511 4560/1/511 4557/1/511 4319/1/511
f 4306/1/514 4538/1/514 4539/1/514 4307/1/514
f 4331/1/748 4577/1/748 4594/1/748 4386/1/748
f 4414/1/774 4633/1/774 4630/1/774 4413/1/774
f 5058/1/490 5290/1/490 5291/1/490 5059/1/490
f 5015/1/501 5227/1/501 5228/1/501 5016/1/501
f 5086/1/519 5328/1/519 5325/1/519 5084/1/519
f 5057/1/487 5289/1/487 5290/1/487 5058/1/487
f 5030/1/727 5260/1/727 5378/1/727 5167/1/727
f 5178/1/524 5403/1/524 5400/1/524 5177/1/524
f 5139/1/730 5347/1/730 5313/1/730 5077/1/730
f 5056/1/728 5288/1/728 5289/1/728 5057/1/728
f 5138/1/495 5346/1/495 5345/1/495 5137/1/495
f 5087/1/521 5330/1/521 5327/1/521 5085/1/521
f 5055/1/760 5287/1/760 5288/1/760 5056/1/760
f 5054/1/518 5286/1/518 5287/1/518 5055/1/518
f 5179/1/487 5406/1/487 5403/1/487 5178/1/487
f 5053/1/935 5285/1/935 5286/1/935 5054/1/935
f 5150/1/733 5358/1/733 5304/1/733 5071/1/733
f 5089/1/524 5333/1/524 5330/1/524 5087/1/524
f 5052/1/735 5284/1/735 5285/1/735 5053/1/735
f 5165/1/520 5373/1/520 5372/1/520 5164/1/520
f 5051/1/737 5283/1/737 5284/1/737 5052/1/737
f 5136/1/739 5344/1/739 5338/1/739 5092/1/739
f 5090/1/486 5335/1/486 5332/1/486 5088/1/486
f 5050/1/740 5282/1/740 5283/1/740 5051/1/740
f 5088/1/741 5332/1/741 5374/1/741 5166/1/741
f 5181/1/491 5410/1/491 5407/1/491 5180/1/491
f 5072/1/743 5305/1/743 5343/1/743 5135/1/743
f 5049/1/744 5281/1/744 5282/1/744 5050/1/744
f 5048/1/936 5280/1/936 5281/1/936 5049/1/936
f 5092/1/489 5338/1/489 5335/1/489 5090/1/489
f 5047/1/497 5279/1/497 5280/1/497 5048/1/497
f 5163/1/746 5371/1/746 5323/1/746 5083/1/746
f 5182/1/766 5413/1/766 5410/1/766 5181/1/766
f 5046/1/766 5278/1/766 5279/1/766 5047/1/766
f 5180/1/748 5407/1/748 5257/1/748 5027/1/748
f 5093/1/491 5340/1/491 5337/1/491 5091/1/491
f 5045/1/742 5277/1/742 5278/1/742 5046/1/742
f 5161/1/505 5369/1/505 5368/1/505 5160/1/505
f 5018/1/731 5230/1/731 5406/1/731 5179/1/731
f 5044/1/488 5276/1/488 5277/1/488 5045/1/488
f 5167/1/497 5378/1/497 5413/1/497 5182/1/497
f 5043/1/525 5275/1/525 5276/1/525 5044/1/525
f 5079/1/729 5317/1/729 5370/1/729 5162/1/729
f 5071/1/494 5304/1/494 5340/1/494 5093/1/494
f 5042/1/522 5274/1/522 5275/1/522 5043/1/522
f 5041/1/937 5273/1/937 5274/1/937 5042/1/937
f 5074/1/496 5308/1/496 5342/1/496 5094/1/496
f 5040/1/516 5272/1/516 5273/1/516 5041/1/516
f 5159/1/747 5367/1/747 5307/1/747 5073/1/747
f 5039/1/513 5271/1/513 5272/1/513 5040/1/513
f 5029/1/517 5259/1/517 5260/1/517 5030/1/517
f 5038/1/510 5270/1/510 5271/1/510 5039/1/510
f 5157/1/490 5365/1/490 5364/1/490 5156/1/490
f 5176/1/751 5397/1/751 5227/1/751 5015/1/751
f 5028/1/514 5258/1/514 5259/1/514 5029/1/514
f 5037/1/938 5269/1/938 5270/1/938 5038/1/938
f 5022/1/749 5240/1/749 5396/1/749 5175/1/749
f 5027/1/764 5257/1/764 5258/1/764 5028/1/764
f 5036/1/761 5268/1/761 5269/1/761 5037/1/761
f 5094/1/753 5342/1/753 5366/1/753 5158/1/753
f 5035/1/758 5267/1/758 5268/1/758 5036/1/758
f 5034/1/498 5266/1/498 5267/1/498 5035/1/498
f 5033/1/495 5265/1/495 5266/1/495 5034/1/495
f 5155/1/754 5363/1/754 5333/1/754 5089/1/754
f 5032/1/492 5264/1/492 5265/1/492 5033/1/492
f 5031/1/939 5263/1/939 5264/1/939 5032/1/939
f 5153/1/515 5361/1/515 5360/1/515 5152/1/515
f 5172/1/729 5387/1/729 5237/1/729 5019/1/729
f 5085/1/751 5327/1/751 5362/1/751 5154/1/751
f 5026/1/757 5250/1/757 5386/1/757 5171/1/757
f 5025/1/487 5249/1/487 5250/1/487 5026/1/487
f 5168/1/758 5379/1/758 5380/1/758 5169/1/758
f 5024/1/524 5248/1/524 5249/1/524 5025/1/524
f 5023/1/760 5247/1/760 5248/1/760 5024/1/760
f 5151/1/726 5359/1/726 5318/1/726 5080/1/726
f 5073/1/499 5307/1/499 5308/1/499 5074/1/499
f 5170/1/761 5383/1/761 5379/1/761 5168/1/761
f 5148/1/500 5356/1/500 5355/1/500 5147/1/500
f 5075/1/501 5310/1/501 5305/1/501 5072/1/501
f 5171/1/938 5386/1/938 5383/1/938 5170/1/938
f 5076/1/736 5312/1/736 5357/1/736 5149/1/736
f 5077/1/761 5313/1/761 5310/1/761 5075/1/761
f 5078/1/506 5315/1/506 5312/1/506 5076/1/506
f 5070/1/940 5302/1/940 5263/1/940 5031/1/940
f 5021/1/497 5239/1/497 5240/1/497 5022/1/497
f 5173/1/511 5390/1/511 5387/1/511 5172/1/511
f 5069/1/523 5301/1/523 5302/1/523 5070/1/523
f 5020/1/766 5238/1/766 5239/1/766 5021/1/766
f 5145/1/525 5353/1/525 5352/1/525 5144/1/525
f 5068/1/520 5300/1/520 5301/1/520 5069/1/520
f 5019/1/491 5237/1/491 5238/1/491 5020/1/491
f 5080/1/509 5318/1/509 5315/1/509 5078/1/509
f 5067/1/517 5299/1/517 5300/1/517 5068/1/517
f 5303/1/752 5260/1/752 5259/1/752 5304/1/752
f 5305/1/752 5247/1/752 5246/1/752 5306/1/752
f 5307/1/752 5234/1/752 5233/1/752 5308/1/752
f 5309/1/752 5261/1/752 5260/1/752 5303/1/752
f 5310/1/752 5248/1/752 5247/1/752 5305/1/752
f 5311/1/752 5235/1/752 5234/1/752 5307/1/752
f 5312/1/752 5262/1/752 5261/1/752 5309/1/752
f 5313/1/752 5249/1/752 5248/1/752 5310/1/752
f 5314/1/752 5236/1/752 5235/1/752 5311/1/752
f 5315/1/752 5223/1/752 5262/1/752 5312/1/752
f 5316/1/752 5250/1/752 5249/1/752 5313/1/752
f 5317/1/752 5237/1/752 5236/1/752 5314/1/752
f 5318/1/752 5224/1/752 5223/1/752 5315/1/752
f 5319/1/752 5251/1/752 5250/1/752 5316/1/752
f 5320/1/752 5238/1/752 5237/1/752 5317/1/752
f 5321/1/752 5225/1/752 5224/1/752 5318/1/752
f 5322/1/752 5252/1/752 5251/1/752 5319/1/752
f 5323/1/752 5239/1/752 5238/1/752 5320/1/752
f 5324/1/752 5226/1/752 5225/1/752 5321/1/752
f 5325/1/752 5253/1/752 5252/1/752 5322/1/752
f 5326/1/752 5240/1/752 5239/1/752 5323/1/752
f 5327/1/752 5227/1/752 5226/1/752 5324/1/752
f 5328/1/752 5254/1/752 5253/1/752 5325/1/752
f 5329/1/752 5241/1/752 5240/1/752 5326/1/752
f 5330/1/752 5228/1/752 5227/1/752 5327/1/752
f 5331/1/752 5255/1/752 5254/1/752 5328/1/752
f 5332/1/752 5242/1/752 5241/1/752 5329/1/752
f 5333/1/752 5229/1/752 5228/1/752 5330/1/752
f 5334/1/752 5256/1/752 5255/1/752 5331/1/752
f 5335/1/752 5243/1/752 5242/1/752 5332/1/752
f 5336/1/752 5230/1/752 5229/1/752 5333/1/752
f 5337/1/752 5257/1/752 5256/1/752 5334/1/752
f 5338/1/752 5244/1/752 5243/1/752 5335/1/752
f 5339/1/752 5231/1/752 5230/1/752 5336/1/752
f 5340/1/752 5258/1/752 5257/1/752 5337/1/752
f 5341/1/752 5245/1/752 5244/1/752 5338/1/752
f 5342/1/752 5232/1/752 5231/1/752 5339/1/752
f 5304/1/752 5259/1/752 5258/1/752 5340/1/752
f 5306/1/752 5246/1/752 5245/1/752 5341/1/752
f 5308/1/752 5233/1/752 5232/1/752 5342/1/752
f 5375/1/752 5274/1/752 5273/1/752 5376/1/752
f 5377/1/752 5301/1/752 5300/1/752 5378/1/752
f 5379/1/752 5288/1/752 5287/1/752 5380/1/752
f 5381/1/752 5275/1/752 5274/1/752 5375/1/752
f 5382/1/752 5302/1/752 5301/1/752 5377/1/752
f 5383/1/752 5289/1/752 5288/1/752 5379/1/752
f 5384/1/752 5276/1/752 5275/1/752 5381/1/752
f 5385/1/752 5263/1/752 5302/1/752 5382/1/752
f 5386/1/752 5290/1/752 5289/1/752 5383/1/752
f 5387/1/752 5277/1/752 5276/1/752 5384/1/752
f 5388/1/752 5264/1/752 5263/1/752 5385/1/752
f 5389/1/752 5291/1/752 5290/1/752 5386/1/752
f 5390/1/752 5278/1/752 5277/1/752 5387/1/752
f 5391/1/752 5265/1/752 5264/1/752 5388/1/752
f 5392/1/752 5292/1/752 5291/1/752 5389/1/752
f 5393/1/752 5279/1/752 5278/1/752 5390/1/752
f 5394/1/752 5266/1/752 5265/1/752 5391/1/752
f 5395/1/752 5293/1/752 5292/1/752 5392/1/752
f 5396/1/752 5280/1/752 5279/1/752 5393/1/752
f 5397/1/752 5267/1/752 5266/1/752 5394/1/752
f 5398/1/752 5294/1/752 5293/1/752 5395/1/752
f 5399/1/752 5281/1/752 5280/1/752 5396/1/752
f 5400/1/752 5268/1/752 5267/1/752 5397/1/752
f 5401/1/752 5295/1/752 5294/1/752 5398/1/752
f 5402/1/752 5282/1/752 5281/1/752 5399/1/752
f 5403/1/752 5269/1/752 5268/1/752 5400/1/752
f 5404/1/752 5296/1/752 5295/1/752 5401/1/752
f 5405/1/752 5283/1/752 5282/1/752 5402/1/752
f 5406/1/752 5270/1/752 5269/1/752 5403/1/752
f 5407/1/752 5297/1/752 5296/1/752 5404/1/752
f 5408/1/752 5284/1/752 5283/1/752 5405/1/752
f 5409/1/752 5271/1/752 5270/1/752 5406/1/752
f 5410/1/752 5298/1/752 5297/1/752 5407/1/752
f 5411/1/752 5285/1/752 5284/1/752 5408/1/752
f 5412/1/752 5272/1/752 5271/1/752 5409/1/752
f 5413/1/752 5299/1/752 5298/1/752 5410/1/752
f 5414/1/752 5286/1/752 5285/1/752 5411/1/752
f 5376/1/752 5273/1/752 5272/1/752 5412/1/752
f 5378/1/752 5300/1/752 5299/1/752 5413/1/752
f 5380/1/752 5287/1/752 5286/1/752 5414/1/752
f 5346/1/752 5306/1/752 5341/1/752 5345/1/752
f 5366/1/752 5342/1/752 5339/1/752 5365/1/752
f 5345/1/752 5341/1/752 5338/1/752 5344/1/752
f 5365/1/752 5339/1/752 5336/1/752 5364/1/752
f 5354/1/752 5337/1/752 5334/1/752 5353/1/752
f 5364/1/752 5336/1/752 5333/1/752 5363/1/752
f 5353/1/752 5334/1/752 5331/1/752 5352/1/752
f 5374/1/752 5332/1/752 5329/1/752 5373/1/752
f 5352/1/752 5331/1/752 5328/1/752 5351/1/752
f 5373/1/752 5329/1/752 5326/1/752 5372/1/752
f 5362/1/752 5327/1/752 5324/1/752 5361/1/752
f 5372/1/752 5326/1/752 5323/1/752 5371/1/752
f 5361/1/752 5324/1/752 5321/1/752 5360/1/752
f 5350/1/752 5322/1/752 5319/1/752 5349/1/752
f 5360/1/752 5321/1/752 5318/1/752 5359/1/752
f 5349/1/752 5319/1/752 5316/1/752 5348/1/752
f 5370/1/752 5317/1/752 5314/1/752 5369/1/752
f 5348/1/752 5316/1/752 5313/1/752 5347/1/752
f 5369/1/752 5314/1/752 5311/1/752 5368/1/752
f 5357/1/752 5312/1/752 5309/1/752 5356/1/752
f 5368/1/752 5311/1/752 5307/1/752 5367/1/752
f 5356/1/752 5309/1/752 5303/1/752 5355/1/752
f 5343/1/752 5305/1/752 5306/1/752 5346/1/752
f 5355/1/752 5303/1/752 5304/1/752 5358/1/752
f 5207/1/752 5343/1/752 5346/1/752 5206/1/752
f 5205/1/752 5345/1/752 5344/1/752 5204/1/752
f 5210/1/752 5348/1/752 5347/1/752 5209/1/752
f 5212/1/752 5350/1/752 5349/1/752 5211/1/752
f 5215/1/752 5352/1/752 5351/1/752 5214/1/752
f 5217/1/752 5354/1/752 5353/1/752 5216/1/752
f 5220/1/752 5355/1/752 5358/1/752 5219/1/752
f 5222/1/752 5357/1/752 5356/1/752 5221/1/752
f 5185/1/752 5360/1/752 5359/1/752 5184/1/752
f 5187/1/752 5362/1/752 5361/1/752 5186/1/752
f 5190/1/752 5364/1/752 5363/1/752 5189/1/752
f 5192/1/752 5366/1/752 5365/1/752 5191/1/752
f 5195/1/752 5368/1/752 5367/1/752 5194/1/752
f 5197/1/752 5370/1/752 5369/1/752 5196/1/752
f 5200/1/752 5372/1/752 5371/1/752 5199/1/752
f 5202/1/752 5374/1/752 5373/1/752 5201/1/752
f 5247/1/752 5380/1/752 5414/1/752 5246/1/752
f 5233/1/752 5376/1/752 5412/1/752 5232/1/752
f 5246/1/752 5414/1/752 5411/1/752 5245/1/752
f 5232/1/752 5412/1/752 5409/1/752 5231/1/752
f 5245/1/752 5411/1/752 5408/1/752 5244/1/752
f 5231/1/752 5409/1/752 5406/1/752 5230/1/752
f 5244/1/752 5408/1/752 5405/1/752 5243/1/752
f 5257/1/752 5407/1/752 5404/1/752 5256/1/752
f 5243/1/752 5405/1/752 5402/1/752 5242/1/752
f 5256/1/752 5404/1/752 5401/1/752 5255/1/752
f 5242/1/752 5402/1/752 5399/1/752 5241/1/752
f 5255/1/752 5401/1/752 5398/1/752 5254/1/752
f 5241/1/752 5399/1/752 5396/1/752 5240/1/752
f 5254/1/752 5398/1/752 5395/1/752 5253/1/752
f 5227/1/752 5397/1/752 5394/1/752 5226/1/752
f 5253/1/752 5395/1/752 5392/1/752 5252/1/752
f 5226/1/752 5394/1/752 5391/1/752 5225/1/752
f 5252/1/752 5392/1/752 5389/1/752 5251/1/752
f 5225/1/752 5391/1/752 5388/1/752 5224/1/752
f 5251/1/752 5389/1/752 5386/1/752 5250/1/752
f 5224/1/752 5388/1/752 5385/1/752 5223/1/752
f 5237/1/752 5387/1/752 5384/1/752 5236/1/752
f 5223/1/752 5385/1/752 5382/1/752 5262/1/752
f 5236/1/752 5384/1/752 5381/1/752 5235/1/752
f 5262/1/752 5382/1/752 5377/1/752 5261/1/752
f 5235/1/752 5381/1/752 5375/1/752 5234/1/752
f 5261/1/752 5377/1/752 5378/1/752 5260/1/752
f 5234/1/752 5375/1/752 5376/1/752 5233/1/752
f 5016/1/761 5228/1/761 5229/1/761 5017/1/761
f 5169/1/743 5380/1/743 5247/1/743 5023/1/743
f 5059/1/493 5291/1/493 5292/1/493 5060/1/493
f 5082/1/770 5322/1/770 5350/1/770 5142/1/770
f 5177/1/760 5400/1/760 5397/1/760 5176/1/760
f 5017/1/507 5229/1/507 5230/1/507 5018/1/507
f 5060/1/941 5292/1/941 5293/1/941 5061/1/941
f 5084/1/516 5325/1/516 5322/1/516 5082/1/516
f 5061/1/499 5293/1/499 5294/1/499 5062/1/499
f 5141/1/510 5349/1/510 5348/1/510 5140/1/510
f 5062/1/502 5294/1/502 5295/1/502 5063/1/502
f 5083/1/514 5323/1/514 5320/1/514 5081/1/514
f 5063/1/505 5295/1/505 5296/1/505 5064/1/505
f 5143/1/768 5351/1/768 5328/1/768 5086/1/768
f 5175/1/517 5396/1/517 5393/1/517 5174/1/517
f 5064/1/942 5296/1/942 5297/1/942 5065/1/942
f 5065/1/764 5297/1/764 5298/1/764 5066/1/764
f 5081/1/764 5320/1/764 5317/1/764 5079/1/764
f 5066/1/774 5298/1/774 5299/1/774 5067/1/774
f 5091/1/748 5337/1/748 5354/1/748 5146/1/748
f 5174/1/774 5393/1/774 5390/1/774 5173/1/774
