# Blender 5.1.0
# www.blender.org
mtllib macerie.mtl
o Cube.072_cell.027_cell.005_cell.003
v -2.604341 -0.696879 -6.807280
v -2.609052 -0.643253 -6.852905
v -2.594707 -0.649132 -6.804092
v -2.634451 -0.517866 -6.505575
v -3.096073 -0.085259 -7.158103
v -2.663969 -0.763300 -6.958178
v -2.662757 -0.803519 -6.931313
v -2.668630 -0.618578 -7.054668
v -3.048668 -0.870840 -6.647532
v -3.054852 -0.791029 -6.502908
v -3.059494 -0.721340 -6.485862
v -3.022166 -0.749340 -6.464614
v -3.105555 0.022424 -6.798796
v -3.063174 -0.661968 -6.510736
v -2.998778 -0.735043 -6.464114
v -2.640020 -0.499558 -6.464068
v -2.646111 -0.519760 -6.457521
v -3.096073 -0.085259 -7.158103
v -2.668630 -0.618578 -7.054668
v -3.105555 0.022424 -6.798796
v -2.640020 -0.499558 -6.464068
v -2.609052 -0.643253 -6.852905
v -2.594707 -0.649132 -6.804092
v -2.634451 -0.517866 -6.505575
v -1.056163 -0.014474 -1.077811
v 0.514432 1.030572 1.011016
v 1.201481 0.641618 1.225496
v 0.561758 1.042646 0.927297
v 1.150436 0.687344 1.167994
v -1.059288 0.558054 -1.085926
v 1.548568 0.131529 1.041553
v -0.437857 -0.010107 -1.007783
v 1.556191 0.055480 0.978990
v 0.868018 0.015233 0.277139
v -1.276978 1.265721 0.792033
v -1.152375 1.486252 -0.321897
v 1.507945 0.305047 1.389414
v 1.558849 0.028642 0.957192
v 1.496033 0.036154 1.511359
v 1.499942 0.128229 1.471102
v -1.330035 0.018278 1.338288
v 1.506865 0.290399 1.399859
v -1.152375 1.486252 -0.321897
v -1.276978 1.265721 0.792033
v -1.059288 0.558054 -1.085926
v -0.437857 -0.010107 -1.007783
v 1.548568 0.131529 1.041553
v 1.556191 0.055480 0.978990
v 0.868018 0.015233 0.277139
v 1.507945 0.305047 1.389414
v 1.558849 0.028642 0.957192
v 1.506865 0.290399 1.399859
v 1.496033 0.036154 1.511359
v 1.499942 0.128229 1.471102
v -1.330035 0.018278 1.338288
v -1.891677 1.409803 -1.257348
v -2.697718 0.045591 -2.682697
v -1.874581 0.933157 -3.778033
v -2.090529 0.004208 -3.080528
v -1.352621 1.740939 -4.218489
v -1.231929 2.280591 -3.952623
v -1.393241 1.548710 -4.313097
v -1.005141 2.134217 -4.014256
v 0.476718 0.540463 -3.180281
v -1.380798 1.546076 -4.313869
v -2.925774 0.133159 -2.030517
v -1.834707 2.092171 -2.668271
v 0.056268 0.005043 -3.455804
v 0.032105 -0.004754 -3.521444
v -2.891994 0.147082 -1.939287
v -1.882976 0.185724 -1.849000
v -0.088515 0.246002 -1.747391
v -2.879150 0.152639 -1.905225
v 0.445410 0.165465 -2.404904
v 0.476718 0.540463 -3.180281
v 0.032105 -0.004754 -3.521444
v -1.352621 1.740939 -4.218489
v -1.393241 1.548710 -4.313097
v -1.231929 2.280591 -3.952623
v -1.005141 2.134217 -4.014256
v -1.380798 1.546076 -4.313869
v -1.834707 2.092171 -2.668271
v -2.925774 0.133159 -2.030517
v 0.056268 0.005043 -3.455804
v -2.891994 0.147082 -1.939287
v -1.882976 0.185724 -1.849000
v -0.088515 0.246002 -1.747391
v -2.879150 0.152639 -1.905225
v 0.445410 0.165465 -2.404904
v 0.360833 0.611347 -3.002646
v -0.086883 1.179386 -3.325356
v -0.097226 1.179136 -3.314620
v 1.561683 0.669325 -3.090966
v 1.567193 0.683930 -2.392590
v 1.559609 0.707444 -2.191783
v 1.551758 0.659957 -2.196987
v 1.551509 0.724299 -2.197307
v 1.351539 1.126927 -2.333662
v 1.531017 0.625168 -2.210949
v 1.490502 0.557564 -2.238222
v 1.512722 0.584421 -3.576813
v 1.468890 0.521583 -2.252770
v 1.322871 1.153846 -2.353137
v 1.500828 0.596095 -3.583145
v 1.236824 0.853291 -3.723176
v 0.764546 1.673151 -2.732361
v 0.996038 0.125662 -2.572055
v 1.017301 0.091642 -2.753279
v 1.157324 0.223335 -2.463018
v 1.048086 0.157224 -2.536693
v 1.053684 0.060761 -2.950072
v 1.038033 0.058388 -2.930885
v 1.365284 0.349430 -2.322515
v 1.125506 0.071837 -3.037333
v 1.209230 0.084867 -3.138559
v 1.335501 0.291059 -3.543034
v 1.271587 0.186689 -3.338591
v 0.843816 0.826035 -3.776539
v 0.895617 0.805128 -3.799806
v -0.032480 1.180795 -3.381583
v 0.226523 1.401116 -3.095964
v 1.512722 0.584421 -3.576813
v 1.500828 0.596095 -3.583145
v 1.236824 0.853291 -3.723176
v 1.335501 0.291059 -3.543034
v -0.032480 1.180795 -3.381583
v 0.226523 1.401116 -3.095964
v 0.895617 0.805128 -3.799806
v -0.086883 1.179386 -3.325356
v -0.097226 1.179136 -3.314620
v 1.542554 -0.001192 -1.900829
v 1.448806 -0.008817 -1.926932
v 1.848237 1.225043 -0.929085
v 1.710915 0.324419 -0.119299
v 1.913492 1.028980 -0.404871
v 2.215124 0.580565 -0.641761
v 2.342687 0.542925 -1.624742
v 2.056049 1.011748 -1.648376
v 0.923432 0.429287 -1.474566
v 1.120221 0.348596 -1.895290
v 1.153768 0.334964 -1.966744
v 2.156242 0.598497 -0.190947
v 1.077129 0.202110 -0.692729
v 0.973878 0.168784 -0.860382
v 1.979658 0.883253 -0.181651
v 1.622923 0.323841 -0.107746
v 2.156242 0.598497 -0.190947
v 1.979658 0.883253 -0.181651
v 1.622923 0.323841 -0.107746
v 1.710915 0.324419 -0.119299
v 1.931047 1.746469 -0.819021
v 1.822790 1.321969 -1.171457
v 0.179658 0.956502 -0.943256
v 0.451701 0.824199 -0.498600
v 0.461099 0.819966 -0.483802
v 1.535352 2.033088 -1.621071
v 1.355066 0.924335 0.078672
v 1.395857 0.929034 0.104287
v 1.561721 2.053984 -1.634271
v 1.522241 1.016676 0.061873
v 1.530811 1.342486 -1.865762
v 0.860043 0.451911 -1.659054
v 1.449160 0.813654 0.040175
v 1.453908 0.833881 0.058960
v 1.338208 0.350469 -0.391177
v 0.933876 0.096974 -0.811104
v 0.827918 0.030653 -0.921358
v 0.763901 0.130300 -1.256557
v 0.787549 0.007240 -0.966793
v 0.790899 0.007529 -0.959840
v 0.725581 0.002692 -1.096930
v 0.153970 0.350996 -1.024841
v 0.129867 0.543579 -1.052584
v 0.243404 0.192796 -1.123943
v 0.229020 0.203760 -1.102746
v 0.216891 0.227475 -1.090126
v 0.426296 0.147716 -1.427720
v 0.394729 0.079965 -1.347859
v 0.179658 0.956502 -0.943256
v 1.535352 2.033088 -1.621071
v 1.561721 2.053984 -1.634271
v 1.530811 1.342486 -1.865762
v 0.860043 0.451911 -1.659054
v 0.129867 0.543579 -1.052584
v 0.426296 0.147716 -1.427720
v 0.139500 0.085859 -2.125239
v 1.279933 1.184989 -1.700739
v 0.582570 0.264465 -2.647154
v 0.782305 1.358243 -2.271575
v 0.533224 0.296594 -2.701877
v 0.871142 0.077431 -2.327041
v 0.782243 1.471575 -1.211900
v 0.006419 0.056685 -1.875190
v 0.093419 0.016699 -1.952814
v -0.005512 0.084868 -1.847175
v 0.098831 0.014270 -1.957598
v 0.301682 0.030656 -2.054707
v 0.032219 0.658215 -1.428841
v -0.006930 0.062839 -1.863308
v 0.702550 1.418148 -2.067085
v 0.447764 1.607563 -1.415250
v 0.782243 1.471575 -1.211900
v 0.032219 0.658215 -1.428841
v 0.447764 1.607563 -1.415250
v 3.958147 0.874073 7.636773
v 3.140285 0.907545 6.623782
v 4.528340 0.026993 6.456810
v 3.984980 0.872660 7.668975
v 4.611547 0.203759 6.334482
v 4.121385 0.177879 5.576643
v 4.031950 0.028161 5.648713
v 4.723965 0.209731 6.508409
v 4.026272 0.018687 5.653290
v 4.368439 0.119789 7.503882
v 4.730640 0.238866 6.613166
v 4.764576 0.389216 7.153061
v 4.225208 0.022585 7.630692
v 4.096373 0.020566 7.730100
v 2.676376 -0.001972 6.983238
v 3.024947 0.003643 7.394974
v 3.036906 0.003835 7.408540
v 4.121385 0.177879 5.576643
v 4.031950 0.028161 5.648713
v 4.611547 0.203759 6.334482
v 4.723965 0.209731 6.508409
v 4.026272 0.018687 5.653290
v 4.730640 0.238866 6.613166
v 4.764576 0.389216 7.153061
v 2.676376 -0.001972 6.983238
v 3.958147 0.874073 7.636773
v 3.140285 0.907545 6.623782
v 3.984980 0.872660 7.668975
v 4.629588 -0.000457 -0.656354
v 2.615455 1.013754 -0.765426
v 3.449542 1.392192 -1.333671
v 4.431362 -0.002912 -0.316046
v 3.191104 0.006487 -0.954923
v 2.262851 0.295820 -1.296132
v 2.356686 0.729924 -1.565684
v 2.244484 0.326923 -1.290609
v 2.736643 0.275787 -1.756981
v 2.593605 0.818812 -1.836382
v 2.403018 0.837401 -1.089696
v 4.539764 0.704618 -0.492228
v 4.536707 0.702234 -0.487013
v 3.289370 1.177796 -0.627262
v 3.205810 1.123700 -0.502072
v 2.417914 0.871821 -0.936715
v 3.670852 1.426177 -1.204514
v 3.696831 1.408597 -1.189508
v 4.554499 0.716017 -0.517367
v 4.631893 0.775497 -0.649412
v 2.499425 0.012008 -1.342328
v 3.066579 0.012330 -1.566698
v 2.747985 0.249331 -1.750565
v 2.465667 0.011986 -1.328699
v 2.416188 0.037515 -1.341905
v 2.742588 0.253405 -1.753679
v 2.413339 0.042296 -1.341048
v 4.364147 0.316035 -0.196163
v 4.327775 0.338857 -0.203958
v 4.438347 0.482204 -0.321225
v 3.124135 1.090806 -0.463952
v 2.736643 0.275787 -1.756981
v 2.593605 0.818812 -1.836382
v 4.539764 0.704618 -0.492228
v 4.536707 0.702234 -0.487013
v 3.670852 1.426177 -1.204514
v 3.696831 1.408597 -1.189508
v 4.554499 0.716017 -0.517367
v 4.631893 0.775497 -0.649412
v 3.066579 0.012330 -1.566698
v 2.747985 0.249331 -1.750565
v 2.499425 0.012008 -1.342328
v 2.465667 0.011986 -1.328699
v 2.742588 0.253405 -1.753679
v 4.364147 0.316035 -0.196163
v 4.438347 0.482204 -0.321225
v 3.449542 1.392192 -1.333671
v 4.431362 -0.002912 -0.316046
v 3.191104 0.006487 -0.954923
v -0.709485 -0.101223 6.999264
v -0.624605 0.016742 6.955548
v -0.709108 -0.097191 6.993838
v -0.546496 -0.105031 6.927295
v -0.506181 -0.125796 6.982155
v -0.621244 -0.037098 6.874142
v -0.585481 0.019723 7.046935
v -0.708157 -0.066040 7.002959
v -0.705092 -0.046610 6.949176
v -0.708680 -0.069557 7.012775
v -0.489175 -0.157216 6.968173
v -0.704940 -0.054977 6.936917
v -0.546496 -0.105031 6.927295
v -0.621244 -0.037098 6.874142
v -0.489175 -0.157216 6.968173
v -0.704940 -0.054977 6.936917
v -0.709485 -0.101223 6.999264
v -0.709108 -0.097191 6.993838
v -1.569970 0.211323 1.153355
v -1.383235 0.166999 0.914236
v -1.653952 -0.005987 1.018370
v -1.141908 -0.013213 0.803485
v -1.425381 -0.015831 1.100042
v -1.561647 -0.011227 0.959665
v -1.441619 -0.011330 0.885751
v -1.620616 -0.012525 1.076855
v -1.649600 -0.011161 1.026221
v -1.652139 -0.010925 1.015471
v -1.531505 0.047752 1.229331
v -1.550511 0.034904 1.196829
v -1.525718 0.052157 1.239199
v -1.100631 0.069638 0.718030
v -1.072047 0.047983 0.761631
v -1.228135 -0.011206 0.754303
v -1.106086 0.073718 0.709777
v -1.227396 0.087471 0.945601
v -1.095894 0.054016 0.790028
v -1.436862 0.140978 1.192243
v -1.445856 0.143285 1.202780
v -1.504204 0.158148 1.271073
v -1.124310 -0.082495 1.335247
v -1.052619 -0.083209 1.331931
v -1.147568 -0.042408 1.367647
v -1.259057 -0.081018 1.341261
v -1.365921 0.015858 1.193760
v -1.377117 0.026303 1.177837
v -1.119823 -0.033064 1.374005
v -1.008840 -0.067077 1.342983
v -1.090952 -0.041907 1.366003
v -1.119891 -0.040714 1.268495
v -1.259057 -0.081018 1.341261
v -1.365921 0.015858 1.193760
v -1.377117 0.026303 1.177837
v -1.119891 -0.040714 1.268495
v -1.124310 -0.082495 1.335247
v -1.052619 -0.083209 1.331931
v -2.100249 0.210840 0.612148
v -2.465105 0.291132 0.700837
v -2.504009 0.261812 0.650265
v -2.303238 -0.005217 0.248329
v -2.472481 0.002033 0.581217
v -2.855420 -0.003222 0.193156
v -2.736177 0.000847 0.442192
v -2.655830 0.003581 0.609565
v -2.279618 -0.005281 0.250724
v -2.183477 -0.000182 0.536608
v -2.303238 -0.005217 0.248329
v -2.855420 -0.003222 0.193156
v -2.279618 -0.005281 0.250724
v -2.183477 -0.000182 0.536608
v -2.465105 0.291132 0.700837
v -2.504009 0.261812 0.650265
v -2.100249 0.210840 0.612148
v -2.469661 0.021783 1.095404
v -2.448884 0.027614 1.298479
v -3.023928 0.067547 1.026158
v -2.730879 0.149370 0.753112
v -2.696136 0.175724 1.260300
v -2.340112 0.104965 1.356093
v -2.512952 0.096993 0.672376
v -2.560867 0.105674 0.646809
v -2.368468 0.095232 1.117069
v -2.710120 0.178483 1.256532
v -2.599130 0.112550 0.626391
v -2.582198 0.109507 0.635416
v -2.993523 0.082484 1.136647
v -2.505545 0.095592 0.676310
v -2.383347 0.090027 0.993767
v -2.647933 0.002254 0.665576
v -2.658670 0.001915 0.675694
v -2.580797 0.004484 0.602316
v -2.560047 0.005908 0.615041
v -2.519183 0.073200 0.660935
v -2.504685 0.012036 0.751329
v -2.996608 -0.008757 0.994763
v -3.073436 -0.011174 1.067695
v -3.023347 0.072279 1.124001
v -3.073596 -0.010808 1.083821
v -2.696136 0.175724 1.260300
v -2.340112 0.104965 1.356093
v -2.368468 0.095232 1.117069
v -2.710120 0.178483 1.256532
v -2.993523 0.082484 1.136647
v -2.383347 0.090027 0.993767
v -2.504685 0.012036 0.751329
v -3.023347 0.072279 1.124001
v -3.073596 -0.010808 1.083821
v -2.469661 0.021783 1.095404
v -2.448884 0.027614 1.298479
v -4.296348 0.268372 -0.006737
v -4.056975 0.008671 0.174716
v -4.121696 0.067560 -0.056299
v -4.040577 0.014890 0.005506
v -3.899713 -0.008858 0.500538
v -3.636009 0.122259 0.745837
v -3.924696 0.008281 0.086341
v -3.839900 0.052336 0.140184
v -3.610604 0.148421 0.590523
v -3.891948 -0.015535 0.663395
v -3.641860 0.116656 0.780168
v -4.062515 0.006129 0.243025
v -4.150527 0.086834 -0.078325
v -4.217920 0.171651 -0.134120
v -4.214558 0.159929 -0.130519
v -4.046234 -0.000737 0.404310
v -4.205945 0.150096 -0.123510
v -4.224524 0.196873 -0.141435
v -4.263091 0.344099 -0.184088
v -3.709764 0.120042 0.222806
v -3.565619 0.195021 0.314532
v -4.025754 -0.009206 0.602942
v -4.269824 0.277570 0.499905
v -4.265841 0.284805 0.501900
v -4.252329 0.363650 -0.178771
v -4.123078 0.541925 0.573333
v -4.249890 0.368043 -0.177561
v -4.068952 0.694004 -0.087246
v -4.056975 0.008671 0.174716
v -4.040577 0.014890 0.005506
v -3.899713 -0.008858 0.500538
v -3.924696 0.008281 0.086341
v -3.891948 -0.015535 0.663395
v -3.641860 0.116656 0.780168
v -4.062515 0.006129 0.243025
v -4.046234 -0.000737 0.404310
v -4.025754 -0.009206 0.602942
v -4.269824 0.277570 0.499905
v -4.265841 0.284805 0.501900
v -4.123078 0.541925 0.573333
v -1.521228 -0.009915 0.230438
v -1.220981 0.142033 0.448622
v -1.430414 0.298322 0.895000
v -1.026193 0.241036 0.590316
v -1.693001 0.056177 0.697456
v -1.666924 -0.045812 0.499306
v -1.650260 -0.032468 0.559954
v -1.762727 0.078480 0.630056
v -1.775319 0.301870 0.582777
v -1.782158 0.425915 0.556252
v -1.632832 0.452501 0.283861
v -1.461661 0.405007 0.373477
v -1.627104 -0.013996 0.643509
v -1.609606 -0.000063 0.706399
v -1.565400 0.021683 0.732192
v -1.226333 0.222274 0.942386
v -1.215054 0.193713 0.935165
v -1.218720 0.208572 0.939761
v -1.244387 0.254829 0.948568
v -1.231821 0.257015 0.925782
v -1.047431 0.289337 0.590188
v -1.666924 -0.045812 0.499306
v -1.762727 0.078480 0.630056
v -1.775319 0.301870 0.582777
v -1.782158 0.425915 0.556252
v -1.632832 0.452501 0.283861
v -1.521228 -0.009915 0.230438
v -1.097972 -0.012370 0.695351
v -1.072020 0.004905 0.722456
v -1.066358 -0.013606 0.744500
v -1.094355 -0.011453 0.636760
v -1.070285 0.004474 0.657884
v -1.064808 -0.012307 0.664377
v -1.094355 -0.011453 0.636760
v -1.064808 -0.012307 0.664377
v -1.066358 -0.013606 0.744500
v -1.097972 -0.012370 0.695351
v -2.399082 -0.001347 -0.802656
v -2.388353 -0.001365 -0.804037
v -2.429275 -0.000954 -0.830896
v -2.343660 -0.001331 -0.820126
v -2.379610 -0.001359 -0.807183
v -2.388175 0.020745 -0.819351
v -2.399082 -0.001347 -0.802656
v -2.388353 -0.001365 -0.804037
v -2.429275 -0.000954 -0.830896
v -2.343660 -0.001331 -0.820126
v -2.379610 -0.001359 -0.807183
v -3.303244 0.194275 1.039908
v -3.366233 0.220102 0.983654
v -3.472500 0.095302 1.124301
v -3.094579 0.137769 1.381197
v -3.289394 0.188601 1.052304
v -3.351123 0.335345 1.667335
v -3.436839 0.349897 1.458390
v -3.355097 0.335185 1.631677
v -3.468504 0.361931 1.588527
v -3.340968 0.332515 1.660949
v -3.302769 0.307683 1.646165
v -3.342256 0.310235 1.676492
v -3.353276 0.009022 1.283274
v -3.258947 0.003231 1.410029
v -3.426954 0.012044 1.255374
v -3.574913 0.008755 1.642646
v -3.653010 0.012350 1.594508
v -3.615360 0.013778 1.467983
v -3.539305 0.016920 1.212852
v -3.516006 0.015914 1.221468
v -3.415997 0.218346 1.668226
v -3.485819 0.329223 1.589265
v -3.436839 0.349897 1.458390
v -3.355097 0.335185 1.631677
v -3.468504 0.361931 1.588527
v -3.340968 0.332515 1.660949
v -3.302769 0.307683 1.646165
v -3.653010 0.012350 1.594508
v -3.615360 0.013778 1.467983
v -3.539305 0.016920 1.212852
v -3.485819 0.329223 1.589265
v -3.472500 0.095302 1.124301
v -3.094579 0.137769 1.381197
v -3.289394 0.188601 1.052304
v -3.366233 0.220102 0.983654
v -3.303244 0.194275 1.039908
v -3.385025 -0.086726 -0.109470
v -3.192760 -0.086684 -0.107242
v -3.292031 -0.044515 -0.039323
v -3.272533 -0.016612 -0.046635
v -3.173035 -0.074341 -0.096181
v -3.168396 -0.086577 -0.106870
v -3.167228 -0.077725 -0.099086
v -3.385025 -0.086726 -0.109470
v -3.292031 -0.044515 -0.039323
v -3.192760 -0.086684 -0.107242
v -3.272533 -0.016612 -0.046635
v -3.173035 -0.074341 -0.096181
v -3.168396 -0.086577 -0.106870
v -3.167228 -0.077725 -0.099086
v -1.711036 0.071208 1.360339
v -1.886827 0.212058 1.572552
v -1.707927 -0.025169 1.312504
v -2.051180 -0.002748 1.604892
v -2.051591 -0.011013 1.601347
v -1.827897 0.192325 1.687730
v -1.950410 0.273849 1.723207
v -2.041450 0.157395 1.673586
v -2.052294 -0.026012 1.594877
v -1.655134 -0.018363 1.595717
v -1.633234 0.062762 1.630597
v -1.627043 0.057381 1.620254
v -1.575275 0.012236 1.533282
v -1.580257 -0.018544 1.516524
v -1.560268 -0.000874 1.508015
v -1.567534 -0.018575 1.503035
v -1.575616 -0.000862 1.443639
v -1.587369 -0.020598 1.422760
v -2.052294 -0.026012 1.594877
v -1.655134 -0.018363 1.595717
v -1.580257 -0.018544 1.516524
v -1.567534 -0.018575 1.503035
v -1.587369 -0.020598 1.422760
v -1.707927 -0.025169 1.312504
v -2.274116 -0.017095 1.414413
v -2.443926 -0.008699 1.535021
v -2.543475 0.019638 1.271607
v -2.555514 -0.003139 1.281512
v -2.538065 0.021288 1.270858
v -2.505244 -0.005629 1.282249
v -2.791754 0.008543 1.704853
v -2.797631 0.037478 1.734039
v -2.798015 0.008887 1.747952
v -2.800096 0.026924 1.755215
v -2.775476 0.007702 1.594228
v -2.786680 0.083091 1.642276
v -2.783922 0.008114 1.651638
v -2.623886 0.000231 1.376342
v -2.570817 0.142290 1.361815
v -2.548331 0.148350 1.332794
v -2.515273 0.135361 1.317498
v -2.518791 0.141624 1.321395
v -2.514203 0.140568 1.319645
v -2.763502 0.007202 1.761820
v -2.538065 0.021288 1.270858
v -2.505244 -0.005629 1.282249
v -2.797631 0.037478 1.734039
v -2.800096 0.026924 1.755215
v -2.786680 0.083091 1.642276
v -2.570817 0.142290 1.361815
v -2.548331 0.148350 1.332794
v -2.515273 0.135361 1.317498
v -2.518791 0.141624 1.321395
v -2.514203 0.140568 1.319645
v -2.763502 0.007202 1.761820
v -2.443926 -0.008699 1.535021
v -2.274116 -0.017095 1.414413
v -1.695352 0.348130 1.168371
v -1.635028 -0.021788 1.048909
v -1.721415 0.361303 1.131690
v -1.831074 -0.008311 0.653588
v -2.146924 0.243514 0.995238
v -1.630929 -0.022402 1.080500
v -1.616532 -0.013173 1.179390
v -1.618390 -0.024093 1.176927
v -1.641823 0.153723 1.223572
v -1.591529 0.154046 1.191093
v -1.593732 0.123851 1.206427
v -1.773440 0.235158 1.270422
v -1.797084 0.048511 0.707879
v -1.622204 0.065219 1.053599
v -1.803077 0.047818 0.696059
v -1.815511 0.046347 0.671550
v -2.004584 0.105245 1.289216
v -2.188428 0.001713 1.304115
v -2.209106 -0.002261 1.295099
v -2.196713 -0.002869 1.304668
v -1.978226 -0.001836 0.614698
v -1.859169 -0.006370 0.597081
v -1.833797 0.024229 0.640304
v -2.146884 0.004553 0.639807
v -2.236861 -0.000899 1.273542
v -2.332224 0.003982 1.199195
v -5.154396 0.019440 0.843244
v -4.500421 0.240509 0.439015
v -4.653661 0.577641 0.538882
v -4.968378 0.578539 0.448254
v -4.804706 0.002843 0.249605
v -4.933535 0.006204 0.213831
v -4.686644 0.000904 0.387847
v -4.420848 -0.003465 0.699722
v -4.454360 0.001187 1.038441
v -4.456217 0.001443 1.057123
v -4.968378 0.578539 0.448254
v -4.933535 0.006204 0.213831
v -4.653661 0.577641 0.538882
v -4.456217 0.001443 1.057123
v -5.154396 0.019440 0.843244
v -5.971385 -0.016267 1.586957
v -6.572786 0.002805 1.440533
v -6.494136 0.003816 1.564141
v -6.465778 0.004219 1.608659
v -6.208313 0.288371 1.656224
v -6.143855 0.377050 1.645831
v -5.891332 0.724686 1.604832
v -5.662272 0.004061 1.358718
v -5.852381 0.341056 1.105530
v -6.208398 0.166982 1.049618
v -6.232224 -0.021282 1.138042
v -5.734447 -0.033850 1.348874
v -6.422729 0.411952 1.158611
v -6.235224 0.234060 1.050364
v -5.973890 0.786323 1.368220
v -5.982157 0.793773 1.372762
v -5.891365 0.711977 1.323156
v -6.203763 0.204103 1.032241
v -5.823770 0.659494 1.472172
v -5.777890 0.623908 1.573983
v -5.750638 0.522421 1.562953
v -5.762021 0.564904 1.567641
v -5.728505 0.280397 1.546026
v -5.678380 -0.033049 1.436068
v -5.664232 -0.035586 1.378839
v -5.672961 -0.035376 1.374961
v -5.700450 -0.029175 1.524412
v -6.208398 0.166982 1.049618
v -6.232224 -0.021282 1.138042
v -6.422729 0.411952 1.158611
v -5.982157 0.793773 1.372762
v -6.235224 0.234060 1.050364
v -6.203763 0.204103 1.032241
v -6.572786 0.002805 1.440533
v -6.494136 0.003816 1.564141
v -6.208313 0.288371 1.656224
v -6.143855 0.377050 1.645831
v -6.465778 0.004219 1.608659
v -5.891332 0.724686 1.604832
v -1.793067 -0.010203 0.668628
v -1.797935 0.142737 0.641467
v -1.841529 0.135689 0.651107
v -1.571131 -0.004034 0.176665
v -1.909963 -0.002562 0.381004
v -1.987963 0.038925 0.520519
v -1.548360 -0.004135 0.163077
v -1.595405 -0.005984 0.294505
v -1.777531 0.075533 0.679450
v -1.801036 0.121953 0.678987
v -1.734132 -0.011378 0.680248
v -1.837275 0.118108 0.671420
v -1.947588 0.032295 0.583510
v -1.905167 0.025554 0.649511
v -1.832827 0.124065 0.672847
v 1.321081 -0.003010 -0.547780
v 1.240440 0.082712 -0.660691
v 1.233501 0.034383 -0.731146
v 1.319622 0.013250 -0.535710
v 1.310739 0.008527 -0.527483
v 1.400860 0.056701 -0.611397
v 1.425843 -0.002992 -0.680591
v 1.240806 0.036391 -0.578346
v 1.223138 0.002720 -0.743911
v 1.218895 0.023736 -0.674502
v 1.214409 0.046936 -0.597545
v 1.281117 0.001206 -0.751684
v 1.229251 0.003045 -0.776699
v -3.111874 0.366086 1.696972
v -2.416036 0.502976 1.560118
v -2.483794 0.500618 1.696986
v -2.153232 -0.008741 1.585908
v -2.569025 0.128217 1.354918
v -2.163663 0.005373 1.542829
v -2.198012 0.019310 1.692182
v -2.254123 -0.004482 1.692077
v -2.161072 0.008247 1.632003
v -2.121943 0.012031 1.550205
v -2.123706 0.019549 1.544938
v -2.136017 0.071411 1.508901
v -2.442632 0.463394 1.178546
v -2.240409 0.509079 1.205242
v -2.227475 0.455115 1.242700
v -2.582135 0.439657 1.247725
v -2.482320 0.454432 1.173353
v -2.969122 0.213393 1.599135
v -2.868978 0.115820 1.566468
v -3.119641 0.360120 1.648530
v -2.129382 -0.001173 1.580293
v -2.285928 -0.017897 1.692017
v -2.770215 0.061972 1.693504
v -2.760944 0.060404 1.693604
v -2.778407 0.066418 1.682969
v -2.312859 -0.013568 1.692106
v -2.799675 0.077986 1.655722
v -2.442632 0.463394 1.178546
v -2.240409 0.509079 1.205242
v -2.582135 0.439657 1.247725
v -2.482320 0.454432 1.173353
v -3.119641 0.360120 1.648530
v -2.416036 0.502976 1.560118
v -2.483794 0.500618 1.696986
v -3.111874 0.366086 1.696972
v 0.635091 1.230811 -0.150280
v 0.637586 1.296857 -0.066384
v 0.686197 1.344883 0.273155
v 0.697419 1.364398 0.251836
v 0.729105 1.420919 0.174971
v 0.732610 1.425615 0.184708
v 0.664648 1.333768 0.005263
v 0.605797 1.166526 -0.164283
v 0.759277 1.274826 0.273746
v 0.747775 1.275784 0.280773
v 0.602830 1.227754 0.105353
v 0.577039 1.197783 -0.019959
v 0.572041 1.191880 -0.044658
v 0.608575 1.164476 -0.173990
v 0.699992 1.173121 -0.158848
v 0.793596 1.272007 0.252753
v 0.858013 1.266686 0.213212
v 0.885108 1.244176 0.107400
v 0.779961 1.385717 0.181193
v 0.796566 1.363431 0.169122
v 0.634429 1.211861 -0.174298
v 0.674589 1.163487 -0.195241
v 2.028519 0.138430 3.528117
v 1.942732 0.142661 3.461880
v 1.982065 0.173140 3.283000
v 1.984758 0.175183 3.270792
v 2.219982 0.071382 3.548649
v 2.204215 -0.012599 3.540039
v 2.231290 0.026827 3.319417
v 2.225803 -0.005088 3.310370
v 2.223350 0.089312 3.550462
v 2.226417 0.105821 3.552128
v 2.236248 0.056005 3.327669
v 2.233900 0.146686 3.556235
v 2.246546 0.117506 3.345011
v 2.249637 0.168532 3.422540
v 2.136506 -0.012271 3.531116
v 1.997641 -0.011592 3.512579
v 1.972038 -0.010933 3.492845
v 2.034334 -0.002919 3.247036
v 2.182859 0.177416 3.337332
v 2.245822 0.128299 3.347212
v 2.251256 0.171107 3.406424
v 1.972038 -0.010933 3.492845
v 2.034334 -0.002919 3.247036
v 1.942732 0.142661 3.461880
v 1.982065 0.173140 3.283000
v 1.984758 0.175183 3.270792
v -1.160171 -0.008237 0.493577
v -1.133012 -0.008549 0.522112
v -1.241585 0.265771 0.342091
v -1.308807 0.179563 0.307556
v -1.254213 0.266181 0.350924
v -1.421137 0.000942 0.218391
v -1.387856 0.000808 0.196521
v -1.207772 0.220792 0.406913
v -1.104783 0.182718 0.403868
v -1.105939 0.234037 0.300765
v -1.103489 0.118663 0.532672
v -1.174834 -0.001428 0.161872
v -1.123709 0.172982 0.264736
v -1.194767 -0.001701 0.164809
v -1.308807 0.179563 0.307556
v -1.254213 0.266181 0.350924
v -1.421137 0.000942 0.218391
v -1.207772 0.220792 0.406913
v -1.103489 0.118663 0.532672
v -1.160171 -0.008237 0.493577
v -1.133012 -0.008549 0.522112
v 0.658858 1.129057 -0.109894
v 0.660896 1.118297 -0.108287
v 0.652710 1.125278 -0.106520
v 0.692247 1.091686 -0.114988
v 0.706890 1.152114 -0.134594
v 0.663929 1.141278 -0.095559
v 0.699827 1.192112 -0.060674
v 0.708272 1.160327 -0.134101
v 0.721377 0.044113 -0.945232
v 0.733203 0.037782 -0.926309
v 0.860358 0.010230 -0.926675
v 0.784570 0.011476 -0.850125
v 0.963670 0.057064 -0.842317
v 0.934040 0.049624 -0.843212
v -1.116758 0.088364 0.569282
v -0.972581 0.008472 0.508511
v -0.660891 0.043829 1.436939
v -0.717053 0.052194 1.466784
v -0.782249 0.043163 1.323525
v -1.053430 0.006663 0.727416
v -0.840293 -0.021081 0.643582
v -0.530578 0.000703 1.128469
v -0.602455 0.191454 1.378006
v -0.632742 0.186144 1.442368
v -0.515290 0.187511 1.183642
v -0.513997 0.206614 1.189860
v -0.671270 0.192072 1.465607
v -0.697575 0.196512 1.479669
v -1.088980 0.017347 0.646026
v -0.858818 -0.016429 0.615579
v -1.095114 0.019194 0.631930
v -1.118631 0.026496 0.577846
v -0.911674 -0.002830 0.535741
v -0.917047 -0.001338 0.527644
v -0.998632 0.012327 0.511409
v -0.987022 0.010954 0.505019
v -0.911490 0.035723 0.542513
v -0.919815 0.005224 0.524447
v -1.004053 0.035253 0.511709
v -1.068569 0.144747 0.545968
v -1.064745 0.121961 0.535668
v -1.087481 0.259775 0.598095
v -1.014818 0.451191 0.719263
v -0.963823 0.434838 0.727805
v -0.893747 0.412259 0.739488
v -0.832543 0.320360 0.713050
v -0.772430 0.361467 0.814106
v -0.783198 0.353343 0.795269
v -0.993506 0.020168 0.507547
v -0.388345 -0.017056 1.893847
v -0.319172 -0.016159 1.917515
v 0.365906 0.007543 2.080482
v -0.416416 0.109612 1.870932
v -0.442232 0.010260 1.872474
v -0.353888 -0.016940 1.645300
v -0.443395 -0.017790 1.858298
v -0.407365 0.144194 1.870418
v -0.389455 0.212437 1.869293
v -0.308257 0.178616 1.655607
v -0.344869 -0.016854 1.623899
v 0.207413 0.037162 1.764356
v 0.293571 0.030381 2.121669
v 0.229337 -0.009484 1.764238
v 0.234341 0.029716 1.770028
v 0.320651 -0.008070 1.977185
v 0.364075 -0.007398 2.078845
v 0.353352 -0.007483 2.117701
v 0.346120 -0.007540 2.143621
v 0.349767 0.015290 2.142445
v -0.353888 -0.016940 1.645300
v -0.443395 -0.017790 1.858298
v -0.344869 -0.016854 1.623899
v 0.229337 -0.009484 1.764238
v 0.320651 -0.008070 1.977185
v 0.364075 -0.007398 2.078845
v 0.353352 -0.007483 2.117701
v 0.346120 -0.007540 2.143621
v -0.388345 -0.017056 1.893847
v -0.319172 -0.016159 1.917515
v -0.441579 0.023744 1.417427
v -0.680624 -0.074907 1.381584
v -0.507233 0.164724 1.360876
v -0.724065 -0.022855 1.373471
v -0.709293 -0.041691 1.382262
v -0.715390 -0.028946 1.352214
v -0.684852 -0.072610 1.396733
v -0.599566 -0.062233 1.411130
v -0.617436 -0.056137 1.245289
v -0.633442 -0.034523 1.230925
v -0.595128 -0.085987 1.265319
v -0.511469 -0.064506 1.346463
v -0.412602 -0.039086 1.442571
v -0.724065 -0.022855 1.373471
v -0.709293 -0.041691 1.382262
v -0.684852 -0.072610 1.396733
v -0.599566 -0.062233 1.411130
v -0.412602 -0.039086 1.442571
v -0.507233 0.164724 1.360876
v -0.441579 0.023744 1.417427
v 2.100997 0.143839 1.352112
v 2.221071 -0.071381 1.194704
v 2.188350 0.242217 1.481206
v 2.439111 0.156788 1.366370
v 2.378475 0.029086 1.553574
v 2.387156 0.183286 1.380708
v 2.133874 0.074113 1.287781
v 2.150481 -0.071358 1.189607
v 2.131441 0.093925 1.301263
v 2.120153 0.195667 1.370585
v 2.174647 0.290992 1.440081
v 2.094049 -0.057047 1.235004
v 2.080616 -0.053521 1.246224
v 2.120938 0.000316 1.435542
v 2.240778 0.056283 1.637818
v 2.150043 0.013929 1.484785
v -1.096981 -0.010094 1.548416
v -1.465772 -0.019102 1.234091
v -1.456067 0.284222 1.555223
v -1.387867 0.342063 1.425439
v -1.482308 -0.018915 1.281912
v -1.581258 -0.017745 1.573047
v -1.472691 0.269851 1.587306
v -1.471724 0.255312 1.610758
v -1.548168 -0.016026 1.694623
v -1.545890 -0.015911 1.702162
v -1.470423 0.242277 1.631565
v -1.500365 -0.015219 1.696597
v -1.461592 0.239845 1.631099
v -1.095398 0.140556 1.609179
v -1.199605 -0.010663 1.658111
v -1.063358 0.099253 1.614819
v -1.160587 -0.010073 1.652990
v -1.086770 0.138241 1.608623
v -1.456067 0.284222 1.555223
v -1.387867 0.342063 1.425439
v -1.465772 -0.019102 1.234091
v -1.472691 0.269851 1.587306
v -1.471724 0.255312 1.610758
v -1.470423 0.242277 1.631565
v -1.461592 0.239845 1.631099
v -1.095398 0.140556 1.609179
v -1.063358 0.099253 1.614819
v -1.086770 0.138241 1.608623
v -1.160587 -0.010073 1.652990
v -1.096981 -0.010094 1.548416
v 1.352550 0.007052 0.711139
v 1.348435 0.005926 0.685684
v 0.978831 0.024169 0.950743
v 0.950483 -0.015519 0.914819
v 0.947989 -0.014564 0.939692
v 0.951444 -0.015857 0.905890
v 0.944795 -0.013322 0.972114
v 1.303174 0.184771 0.950843
v 1.308540 0.155690 0.896947
v 1.096618 -0.009457 0.794628
v 1.118267 -0.008490 0.778292
v 1.216532 -0.003407 0.705319
v 1.330448 0.038575 0.681508
v 1.290609 0.020810 1.114054
v 1.422921 0.033850 1.168024
v 1.351113 0.124390 1.037896
v -0.939412 0.024660 1.414643
v -1.221639 0.139968 1.378663
v -1.459046 0.198413 1.275503
v -1.267625 0.223628 1.324407
v -1.015811 -0.073997 1.301272
v -1.417367 0.061427 1.248212
v -1.446979 0.100097 1.325885
v -1.310499 0.067919 1.384508
v -0.997442 -0.058595 1.365593
v -1.030347 -0.025318 1.424970
v -1.079364 -0.003318 1.434335
v -1.038192 -0.017613 1.438470
v -1.229426 0.048925 1.419201
v -1.394239 0.031388 1.187384
v -1.281302 0.061090 1.397034
v -0.824514 0.232458 1.239654
v -0.851706 0.201423 1.123006
v -0.807175 0.090309 1.342432
v -0.805020 0.059803 1.357484
v -0.803999 0.064020 1.361322
v -0.859920 0.195195 1.100343
v -0.807554 0.053882 1.352876
v -1.397445 0.153354 1.078758
v -0.945583 -0.078177 1.307638
v -0.848867 -0.040873 1.279543
v -0.869182 0.188266 1.075164
v -0.960402 -0.083555 1.312308
v -0.824514 0.232458 1.239654
v -0.851706 0.201423 1.123006
v -0.859920 0.195195 1.100343
v -1.397445 0.153354 1.078758
v -0.869182 0.188266 1.075164
v -1.267625 0.223628 1.324407
v -1.459046 0.198413 1.275503
v 1.860637 -0.012584 4.883871
v 2.235543 -0.013382 5.473059
v 2.372684 0.394914 4.969660
v 2.084143 0.367487 5.184895
v 1.970277 0.449929 4.995097
v 2.437968 0.375701 4.948491
v 2.428590 0.383321 4.959584
v 2.441599 0.372643 4.944251
v 1.954101 0.436453 4.971458
v 1.916419 0.403519 4.916597
v 2.112472 0.282326 4.761946
v 2.499509 0.322675 4.877254
v 2.330615 0.190653 4.654819
v 1.886428 0.377163 4.872951
v 2.269503 0.260478 5.277686
v 2.208270 0.212760 5.400356
v 2.133453 0.306178 5.270468
v 2.396189 0.358622 5.024194
v 2.091944 0.357887 5.198420
v 2.504861 0.140174 4.962687
v 2.325174 0.163277 4.657362
v 2.391218 -0.001051 4.835363
v 2.292400 -0.000735 4.672681
v 2.507672 0.042033 5.008737
v 2.508809 -0.001433 5.029305
v 2.112472 0.282326 4.761946
v 2.330615 0.190653 4.654819
v 1.886428 0.377163 4.872951
v 2.325174 0.163277 4.657362
v 2.391218 -0.001051 4.835363
v 2.292400 -0.000735 4.672681
v 2.508809 -0.001433 5.029305
v 2.235543 -0.013382 5.473059
v 1.860637 -0.012584 4.883871
v -1.502630 0.006068 0.781904
v -1.420325 0.049947 0.591316
v -1.404073 0.088839 0.686457
v -1.431849 0.089972 0.689772
v -1.504972 -0.008166 0.767141
v -1.457299 -0.005943 0.620695
v -1.462974 -0.009332 0.790462
v -1.471714 -0.009215 0.791736
v -1.425662 -0.006160 0.606050
v -1.435698 -0.009663 0.786454
v -1.307405 -0.006836 0.551278
v -1.075036 -0.013262 0.732701
v -1.105919 -0.007643 0.457882
v -1.086370 0.075472 0.648939
v -1.103026 0.010018 0.487214
v -1.106152 -0.002382 0.456841
v -1.504972 -0.008166 0.767141
v -1.457299 -0.005943 0.620695
v -1.462974 -0.009332 0.790462
v -1.471714 -0.009215 0.791736
v -1.435698 -0.009663 0.786454
v -1.075036 -0.013262 0.732701
v -1.086370 0.075472 0.648939
v -1.404073 0.088839 0.686457
v -1.420325 0.049947 0.591316
v -1.431849 0.089972 0.689772
v 0.012553 0.022055 -4.101961
v 0.044356 -0.011479 -4.094395
v -0.151688 -0.015753 -4.055586
v 0.065491 -0.011305 -4.049682
v -0.119112 -0.015316 -4.015430
v 0.016970 0.021664 -4.093371
v 0.065491 -0.011305 -4.049682
v -0.119112 -0.015316 -4.015430
v 0.044356 -0.011479 -4.094395
v -0.151688 -0.015753 -4.055586
v -1.102831 -0.843431 -6.379750
v -1.195098 -0.809358 -6.220782
v -1.225394 -0.845000 -6.276351
v -0.998416 -0.839633 -6.033850
v -1.008163 -0.818451 -6.030040
v -0.928492 -0.838715 -6.088965
v -1.102831 -0.843431 -6.379750
v -1.195098 -0.809358 -6.220782
v -1.008163 -0.818451 -6.030040
v -0.928492 -0.838715 -6.088965
v -0.311559 -0.015110 -4.382017
v 0.079596 -0.011422 -4.236689
v 0.041748 -0.012107 -4.156564
v 0.086008 0.009905 -4.244267
v 0.041748 -0.012107 -4.156564
v 0.086008 0.009905 -4.244267
v -0.311559 -0.015110 -4.382017
v 0.291842 0.276422 -4.888833
v 0.058240 0.148419 -4.798555
v -0.098931 0.014641 -5.418159
v -0.138711 0.027028 -5.420684
v 0.140963 0.112181 -5.508266
v 0.108654 0.184227 -5.548227
v 0.141417 0.130328 -5.519421
v 0.137706 0.020756 -5.451939
v 0.290637 0.148176 -5.155605
v 0.178611 0.192832 -5.469409
v 0.191157 0.187602 -5.434732
v 0.153515 0.225985 -5.492612
v 0.219344 0.359108 -4.984006
v -0.160727 0.013045 -5.409289
v 0.321405 0.135651 -5.069043
v 0.324527 0.134396 -5.060227
v 0.227098 0.374901 -4.923425
v 0.196279 0.028693 -5.045834
v 0.316046 0.117114 -5.069492
v 0.273112 0.029757 -5.116262
v 0.082606 0.027114 -4.941927
v -0.148079 0.018649 -5.070482
v -0.161868 0.013093 -5.404104
v -0.186783 0.055978 -5.042283
v 0.152804 0.326639 -4.891352
v -0.018772 0.215132 -4.817578
v 0.018446 0.026216 -4.883712
v -0.189192 0.060558 -5.004724
v -0.144266 0.019934 -4.994512
v -0.138711 0.027028 -5.420684
v 0.108654 0.184227 -5.548227
v 0.153515 0.225985 -5.492612
v 0.219344 0.359108 -4.984006
v -0.160727 0.013045 -5.409289
v 0.227098 0.374901 -4.923425
v -0.161868 0.013093 -5.404104
v -0.186783 0.055978 -5.042283
v 0.152804 0.326639 -4.891352
v -0.018772 0.215132 -4.817578
v -0.189192 0.060558 -5.004724
v -0.435120 -0.029741 -4.404699
v -0.702442 0.020646 -4.479645
v -0.564616 0.245143 -4.265345
v -0.329774 -0.040974 -4.317647
v -0.697882 0.097409 -4.547799
v -0.790433 0.212314 -4.410159
v -0.487317 0.070773 -4.500620
v -0.527520 0.021045 -4.210466
v -0.758374 0.050673 -4.367090
v -0.395346 0.059167 -4.479971
v -0.267960 0.072659 -4.405995
v -0.366719 0.062187 -4.463366
v -0.240522 0.092901 -4.363455
v -0.257162 0.044882 -4.292484
v -0.307696 -0.036007 -4.251991
v -0.272829 0.000299 -4.226403
v -0.399170 0.004790 -4.123378
v -0.336047 -0.014557 -4.154655
v -0.697882 0.097409 -4.547799
v -0.790433 0.212314 -4.410159
v -0.487317 0.070773 -4.500620
v -0.395346 0.059167 -4.479971
v -0.267960 0.072659 -4.405995
v -0.366719 0.062187 -4.463366
v -0.240522 0.092901 -4.363455
v -0.564616 0.245143 -4.265345
v -0.362999 -0.052576 -4.083743
v -0.295725 -0.024784 -4.044126
v -0.336940 0.002395 -4.077350
v -0.384894 -0.061620 -4.096669
v -0.081652 0.064885 -4.369184
v -0.336940 0.002395 -4.077350
v -0.384894 -0.061620 -4.096669
v -0.081652 0.064885 -4.369184
v -0.888956 -0.014667 -3.992137
v -0.813717 0.079530 -4.410928
v -0.932537 0.125975 -4.392412
v -0.919032 0.141703 -4.376490
v -0.878519 0.188680 -4.328351
v -0.772471 0.163176 -4.330903
v -0.971234 0.037638 -4.359160
v -0.801983 -0.021052 -4.387247
v -0.997427 -0.022239 -4.336503
v -0.699685 0.145549 -4.332454
v -0.644806 -0.017118 -4.267489
v -0.566302 -0.015148 -4.207383
v -0.571756 0.043892 -4.219837
v -0.576036 -0.013708 -4.124051
v -0.801983 -0.021052 -4.387247
v -0.997427 -0.022239 -4.336503
v -0.644806 -0.017118 -4.267489
v -0.566302 -0.015148 -4.207383
v -0.576036 -0.013708 -4.124051
v -0.888956 -0.014667 -3.992137
v 0.016088 0.077471 -4.379283
v 0.024363 0.072385 -4.377195
v 0.100596 -0.020487 -4.335946
v 0.124963 -0.068534 -4.347820
v 0.135811 -0.094965 -4.301786
v -0.216440 -0.095834 -4.286688
v -0.196898 -0.045894 -4.311393
v -0.202503 -0.084721 -4.306757
v -0.065829 0.113551 -4.493746
v -0.036220 0.047220 -4.545049
v -0.055743 0.104510 -4.509883
v -0.116788 0.158117 -4.412324
v -0.216440 -0.095834 -4.286688
v -0.202503 -0.084721 -4.306757
v -0.036220 0.047220 -4.545049
v 0.124963 -0.068534 -4.347820
v 0.135811 -0.094965 -4.301786
v 0.930000 0.165411 -5.253047
v 1.057225 0.095015 -5.148278
v 0.620626 -0.008406 -5.325616
v 0.573034 0.118893 -5.332023
v 0.602484 0.107974 -5.270844
v 0.582044 0.131130 -5.300430
v 0.701201 -0.003204 -5.128654
v 0.706372 -0.008761 -5.121489
v 0.706055 0.178059 -5.320317
v 0.766516 0.200824 -5.329890
v 0.713270 0.154140 -5.421218
v 0.825226 0.222902 -5.339292
v 0.682267 0.135019 -5.443900
v 0.703089 0.024473 -5.418972
v 0.709075 -0.006891 -5.411840
v 0.807444 -0.007803 -5.098252
v 0.718002 -0.008651 -5.118789
v 0.758586 -0.006593 -5.373243
v 1.134248 -0.003006 -5.025388
v 1.097432 -0.003549 -5.033260
v 1.174079 -0.002181 -5.049491
v 0.713270 0.154140 -5.421218
v 0.825226 0.222902 -5.339292
v 0.682267 0.135019 -5.443900
v 0.703089 0.024473 -5.418972
v 0.709075 -0.006891 -5.411840
v 0.758586 -0.006593 -5.373243
v 1.174079 -0.002181 -5.049491
v 0.930000 0.165411 -5.253047
v 1.057225 0.095015 -5.148278
v 0.086822 0.224391 -4.084299
v 0.016853 -0.011021 -3.905002
v -0.015596 0.272751 -3.821350
v 0.057259 0.022601 -3.602863
v -0.251296 -0.021215 -3.816332
v -0.068054 0.244503 -3.814904
v 0.123359 0.039184 -3.976616
v -0.331599 0.102113 -3.782176
v -0.292099 0.027755 -3.711872
v -0.306131 0.076646 -3.879806
v -0.265114 -0.022743 -3.664078
v -0.181948 -0.019923 -3.641309
v 0.001297 -0.013274 -3.591482
v 0.102360 -0.008782 -3.699696
v 0.094345 -0.009243 -3.671139
v 0.066913 -0.010821 -3.573697
v 0.103917 -0.007012 -3.708403
v 0.118965 0.010640 -3.793575
v -0.153145 0.130049 -3.969249
v 0.057111 0.203956 -4.091142
v 0.131142 0.123463 -4.047713
v 0.115083 0.170937 -4.081465
v 0.144445 0.083805 -4.019131
v 0.146514 0.044078 -3.951605
v 0.126972 0.020117 -3.839051
v 0.145617 0.061909 -3.982023
v 0.227191 -0.042763 -4.364738
v 0.014917 0.007200 -4.457491
v -0.016768 -0.037939 -4.402037
v 0.245392 0.005009 -4.466888
v 0.183197 0.038941 -4.433026
v 0.256607 -0.032628 -4.422610
v 0.235945 -0.056715 -4.392824
v 0.113610 0.076608 -4.395419
v 0.104705 0.053931 -4.346879
v -0.013850 -0.075557 -4.357277
v -0.043026 -0.075413 -4.355864
v 0.219066 -0.076307 -4.368590
v 0.018552 -0.075709 -4.358857
v 0.113610 0.076608 -4.395419
v 0.104705 0.053931 -4.346879
v -0.043026 -0.075413 -4.355864
v 0.014917 0.007200 -4.457491
v -0.016768 -0.037939 -4.402037
v -0.686755 -0.007420 -3.881885
v -0.640678 0.021644 -3.821723
v -0.930426 0.006728 -3.787593
v -0.968856 -0.017294 -3.837233
v -0.748331 0.126515 -4.217779
v -0.753178 0.119566 -4.218351
v -1.330530 0.222680 -4.458027
v -1.316986 0.326675 -4.472007
v -0.688328 0.213611 -4.210887
v -0.778202 0.618381 -3.761131
v -0.590712 0.271221 -4.076128
v -0.564113 0.287014 -4.039288
v -0.746893 0.080871 -3.651432
v -0.780899 0.217289 -3.633024
v -0.818319 0.077233 -3.642923
v -1.316986 0.326675 -4.472007
v -0.688328 0.213611 -4.210887
v -0.748331 0.126515 -4.217779
v -0.753178 0.119566 -4.218351
v -1.330530 0.222680 -4.458027
v -1.422407 0.379316 -4.538660
v -1.412787 0.377862 -4.530595
v -1.732545 -0.031651 -4.926847
v -1.710586 0.000113 -4.961004
v -1.704815 -0.000562 -4.956086
v -1.741076 -0.031515 -4.932791
v -1.394495 -0.036892 -4.689633
v -2.210045 0.063332 -4.285400
v -1.732055 0.417452 -4.779975
v -1.721846 0.407781 -4.796864
v -1.732055 0.417452 -4.779975
v -2.210045 0.063332 -4.285400
v -1.412787 0.377862 -4.530595
v -1.394495 -0.036892 -4.689633
v -1.422407 0.379316 -4.538660
v 0.994909 -0.061218 -4.449104
v 0.992166 -0.025652 -4.505265
v 1.114081 -0.066256 -4.455459
v 0.990383 0.000256 -4.440332
v -1.085945 0.033087 -3.448633
v -1.068402 -0.005105 -3.502946
v -1.039890 -0.006558 -3.463279
v -0.949391 -0.006153 -3.563017
v -0.927123 -0.007153 -3.537447
v -0.701766 -0.006865 -3.686255
v -1.062096 -0.005218 -3.506196
v -1.035464 -0.006626 -3.466172
v -0.660307 -0.019719 -5.580554
v -0.659994 -0.012650 -5.575600
v -0.567213 0.004056 -5.631076
v -0.634087 0.079134 -5.645985
v -0.633443 0.071402 -5.657489
v -0.575914 0.030076 -5.606010
v -0.570539 0.014151 -5.621250
v -0.634448 0.083090 -5.639906
v -0.580249 0.042278 -5.594178
v -0.659730 -0.007165 -5.571882
v -0.565075 -0.002511 -5.637450
v -0.625946 -0.020683 -5.793417
v -0.634087 0.079134 -5.645985
v -0.633443 0.071402 -5.657489
v -0.634448 0.083090 -5.639906
v -0.659730 -0.007165 -5.571882
v -0.625946 -0.020683 -5.793417
v -0.660307 -0.019719 -5.580554
v -0.659994 -0.012650 -5.575600
v -1.394406 -0.827157 -6.843070
v -1.357947 -0.826729 -6.671664
v -1.401984 -0.774868 -6.887922
v -1.431576 -0.802615 -6.856526
v -1.014082 -0.825719 -6.669525
v -1.023964 -0.686514 -6.537755
v -1.030747 -0.683077 -6.558216
v -0.989347 -0.825450 -6.579498
v -1.085777 -0.819025 -6.920044
v -1.081736 -0.826429 -6.914363
v -1.046185 -0.675328 -6.604581
v -1.139889 -0.719783 -6.995377
v -1.093426 -0.805051 -6.930759
v -1.161700 -0.617570 -6.950861
v -1.152141 -0.825577 -6.348475
v -1.062687 -0.728601 -6.480360
v -1.091349 -0.825527 -6.434310
v -1.169695 -0.613811 -6.974156
v -1.166870 -0.671336 -7.031960
v -1.220914 -0.606064 -7.077267
v -1.023964 -0.686514 -6.537755
v -1.030747 -0.683077 -6.558216
v -1.046185 -0.675328 -6.604581
v -1.161700 -0.617570 -6.950861
v -1.152141 -0.825577 -6.348475
v -1.062687 -0.728601 -6.480360
v -1.169695 -0.613811 -6.974156
v -1.220914 -0.606064 -7.077267
v -1.357947 -0.826729 -6.671664
v -1.401984 -0.774868 -6.887922
v -1.431576 -0.802615 -6.856526
v -0.511529 -0.674913 -8.229291
v -0.537349 -0.722880 -8.168931
v -0.656919 -0.312331 -8.289649
v -0.774828 -0.405047 -8.093356
v -0.805877 -0.272226 -8.141367
v -0.945306 -0.616247 -8.200858
v -0.750766 -0.507356 -8.056544
v -0.999696 -0.750662 -8.224177
v -0.906806 -0.833145 -8.133245
v -0.913308 -0.838359 -8.137809
v -0.631382 -0.697713 -8.075404
v -0.740305 -0.523999 -8.058190
v -0.681157 -0.618276 -8.067528
v -0.534001 -0.696636 -8.477735
v -0.545795 -0.716206 -8.485331
v -0.566257 -0.749286 -8.498325
v -0.592727 -0.536899 -8.461270
v -0.639714 -0.711901 -8.512015
v -0.583879 -0.782719 -8.433835
v -0.894282 -0.739354 -8.308487
v -0.598890 -0.811209 -8.378732
v -0.887046 -0.838834 -8.153534
v -0.609172 -0.830733 -8.340867
v -0.616159 -0.843671 -8.315665
v -0.805877 -0.272226 -8.141367
v -0.945306 -0.616247 -8.200858
v -0.999696 -0.750662 -8.224177
v -0.592727 -0.536899 -8.461270
v -0.639714 -0.711901 -8.512015
v -0.894282 -0.739354 -8.308487
v -0.656919 -0.312331 -8.289649
v 0.468757 -0.886319 -6.543210
v 0.386192 -0.819546 -6.683048
v 0.399561 -0.814832 -6.692884
v 0.137115 -0.907492 -6.499512
v 0.325899 -0.836627 -6.486936
v 0.466410 -0.878850 -6.501240
v 0.485103 -0.903223 -6.507818
v 0.480258 -0.896890 -6.506109
v 0.409809 -0.805136 -6.481449
v 0.137115 -0.907492 -6.499512
v 0.485103 -0.903223 -6.507818
v 0.386192 -0.819546 -6.683048
v 0.399561 -0.814832 -6.692884
v 0.468757 -0.886319 -6.543210
v 1.767521 -0.003568 -5.479096
v 1.777701 -0.003480 -5.478166
v 1.955366 0.006916 -5.791790
v 1.842064 -0.002920 -5.472374
v 2.000044 -0.001485 -5.458359
v 2.021249 -0.000189 -5.497661
v 2.030479 -0.001054 -5.455752
v 1.949538 0.013831 -5.783998
v 1.788642 0.104250 -5.542354
v 1.804775 0.185652 -5.590163
v 1.787423 0.098087 -5.538738
v 1.770096 0.009618 -5.486822
v 1.084736 -0.734153 -6.296495
v 1.138535 -0.759987 -6.270507
v 0.883794 -0.855816 -5.969267
v 0.946636 -0.746192 -5.868475
v 0.438919 -0.521845 -5.990882
v 0.430273 -0.536417 -6.004431
v 1.098606 -0.790843 -6.320312
v 0.923796 -0.885451 -6.123780
v 1.046672 -0.790581 -6.348319
v 1.060943 -0.788246 -6.347953
v 0.834615 -0.824766 -6.353213
v 0.965575 -0.754535 -5.864064
v 0.914848 -0.877691 -5.967174
v 1.084012 -0.798055 -5.891166
v 0.924525 -0.884558 -5.972067
v 1.086340 -0.797091 -5.903185
v 0.924865 -0.885083 -6.003294
v 0.924416 -0.885423 -6.074027
v 1.139431 -0.768708 -6.275133
v 1.106351 -0.786756 -6.311810
v 1.146492 -0.764846 -6.260108
v 0.883794 -0.855816 -5.969267
v 0.430273 -0.536417 -6.004431
v 0.914848 -0.877691 -5.967174
v 0.924525 -0.884558 -5.972067
v 0.924865 -0.885083 -6.003294
v 0.924416 -0.885423 -6.074027
v 0.923796 -0.885451 -6.123780
v 0.834615 -0.824766 -6.353213
v 0.243164 -0.784281 -6.921515
v 0.248373 -0.772401 -6.897814
v 0.485062 -0.842257 -6.699850
v 0.469746 -0.842377 -6.702602
v 0.495467 -0.842174 -6.698013
v 0.273180 -0.763421 -6.912554
v 0.291844 -0.838041 -7.030508
v 0.268878 -0.784457 -6.962213
v 0.269743 -0.780419 -6.952735
v 0.415103 -0.840530 -6.829868
v 0.200510 -0.799338 -6.863179
v 0.172888 -0.842982 -6.845668
v 0.377508 -0.842934 -6.728078
v 0.206283 -0.790549 -6.867021
v 0.400797 -0.842915 -6.715408
v 0.216302 -0.784062 -6.878897
v 0.485062 -0.842257 -6.699850
v 0.469746 -0.842377 -6.702602
v 0.495467 -0.842174 -6.698013
v 0.291844 -0.838041 -7.030508
v 0.415103 -0.840530 -6.829868
v 0.172888 -0.842982 -6.845668
v 0.377508 -0.842934 -6.728078
v 0.400797 -0.842915 -6.715408
v 1.375155 -0.793110 -7.393554
v 1.349758 -0.794286 -7.435642
v 1.281329 -0.709541 -7.383568
v 1.265832 -0.656006 -7.389297
v 1.435537 -0.713563 -7.424738
v 1.432535 -0.696731 -7.427048
v 1.366646 -0.798307 -7.858793
v 1.329956 -0.653151 -7.935978
v 1.425666 -0.793483 -7.541780
v 1.427800 -0.793291 -7.530303
v 1.239909 -0.801235 -7.832532
v 1.317457 -0.650017 -7.935376
v 1.166958 -0.802079 -7.737341
v 1.088898 -0.683562 -7.636799
v 1.284405 -0.643173 -7.892328
v 1.145464 -0.621051 -7.520522
v 1.098894 -0.663947 -7.584185
v 1.449247 -0.791354 -7.414020
v 1.432535 -0.696731 -7.427048
v 1.329956 -0.653151 -7.935978
v 1.317457 -0.650017 -7.935376
v 1.284405 -0.643173 -7.892328
v 1.145464 -0.621051 -7.520522
v 1.265832 -0.656006 -7.389297
v 1.385576 -0.802705 -8.299357
v 1.439770 -0.738633 -8.351862
v 1.345296 -0.755407 -8.210711
v 1.360326 -0.736702 -8.224784
v 1.333225 -0.770495 -8.199444
v 1.465430 -0.674716 -8.169837
v 1.471777 -0.670121 -8.168416
v 1.325847 -0.804019 -8.205261
v 1.803787 -0.784994 -8.146594
v 1.773485 -0.786884 -8.216439
v 1.523811 -0.747489 -8.489856
v 1.514359 -0.740709 -8.471270
v 1.720926 -0.790175 -8.337375
v 1.452940 -0.669816 -8.203701
v 1.490961 -0.713814 -8.369952
v 1.518039 -0.757089 -8.485714
v 1.492057 -0.800361 -8.467017
v 1.325847 -0.804019 -8.205261
v 1.803787 -0.784994 -8.146594
v 1.773485 -0.786884 -8.216439
v 1.720926 -0.790175 -8.337375
v 1.492057 -0.800361 -8.467017
v 1.385576 -0.802705 -8.299357
v 0.881105 0.172681 -5.405517
v 0.934071 0.145392 -5.744469
v 0.967611 0.146185 -5.689031
v 0.875535 0.174378 -5.387405
v 0.962266 0.052941 -5.298879
v 0.782266 0.177504 -5.461912
v 0.704840 0.023415 -5.498323
v 0.665545 0.031521 -5.530815
v 0.974567 0.041056 -5.307144
v 0.754653 0.007285 -5.488963
v 0.772236 0.001551 -5.485880
v 0.995373 0.021041 -5.321464
v 1.009876 0.007151 -5.331686
v 0.795811 -0.006188 -5.482026
v 1.014900 -0.001274 -5.340209
v 1.022590 -0.001074 -5.356053
v 1.028881 -0.000892 -5.384694
v 0.723130 -0.007687 -5.631750
v 1.061190 0.002872 -5.673649
v 0.705635 -0.007873 -5.666820
v 1.045937 0.000401 -5.465456
v 1.082215 0.003170 -5.639088
v 1.012099 0.027410 -5.729895
v 0.700085 -0.006492 -5.670119
v 0.689099 -0.003737 -5.676544
v 0.859934 0.091722 -5.875415
v 0.908020 0.080187 -5.848416
v 0.680852 0.008376 -5.626799
v 0.864835 0.100150 -5.867462
v 0.670199 0.024337 -5.560815
v 0.870346 0.109467 -5.858605
v 0.884814 0.133260 -5.835715
v 0.888988 0.144364 -5.818438
v 0.704840 0.023415 -5.498323
v 0.665545 0.031521 -5.530815
v 0.754653 0.007285 -5.488963
v 0.772236 0.001551 -5.485880
v 0.795811 -0.006188 -5.482026
v 0.723130 -0.007687 -5.631750
v 0.705635 -0.007873 -5.666820
v 0.700085 -0.006492 -5.670119
v 0.689099 -0.003737 -5.676544
v 0.680852 0.008376 -5.626799
v 0.670199 0.024337 -5.560815
v 0.660654 0.015911 -3.446926
v 0.555455 0.013770 -3.328734
v 0.679615 0.019343 -3.335982
v 0.685268 0.031688 -3.352912
v 0.687631 0.017096 -3.449626
v 0.695822 0.050111 -3.405535
v 0.675858 0.058879 -3.390272
v 0.348128 0.039351 -3.364523
v 0.328356 0.001738 -3.413079
v 0.351610 0.004873 -3.317181
v 0.687631 0.017096 -3.449626
v 0.695822 0.050111 -3.405535
v 0.675858 0.058879 -3.390272
v 0.348128 0.039351 -3.364523
v 0.328356 0.001738 -3.413079
v 0.660654 0.015911 -3.446926
v 0.291924 -0.005535 -4.396278
v 0.299743 -0.054046 -4.417850
v 0.269561 -0.011155 -4.346588
v 0.602824 -0.053359 -4.431826
v 0.620230 -0.000900 -4.361251
v 0.617826 -0.009156 -4.360686
v 0.620281 0.003826 -4.407654
v 0.620142 -0.002114 -4.349349
v 0.602824 -0.053359 -4.431826
v 0.620281 0.003826 -4.407654
v 0.291924 -0.005535 -4.396278
v 0.299743 -0.054046 -4.417850
v 0.703171 0.011720 -3.241761
v 0.712083 0.015815 -3.248547
v 0.740688 -0.022222 -3.131542
v 0.733243 -0.027072 -3.147223
v 0.746301 -0.001440 -3.243479
v 0.719886 -0.031466 -3.206486
v 0.720365 -0.012634 -3.134414
v 0.678048 0.000050 -3.222513
v 0.701885 -0.007075 -3.172808
v 0.746301 -0.001440 -3.243479
v 0.719886 -0.031466 -3.206486
v 0.678048 0.000050 -3.222513
v 0.703171 0.011720 -3.241761
v 0.712083 0.015815 -3.248547
v 0.759393 -0.017784 -3.566365
v 0.703529 -0.020204 -3.523320
v 0.758030 -0.016992 -3.600073
v 0.775599 -0.017080 -3.578932
v 0.695865 0.009182 -3.539430
v 0.746712 -0.007557 -3.564577
v 0.709051 -0.004087 -3.592714
v 0.716665 -0.017749 -3.610450
v 0.695865 0.009182 -3.539430
v 0.709051 -0.004087 -3.592714
v 0.716665 -0.017749 -3.610450
v 0.703529 -0.020204 -3.523320
v -0.330293 0.162920 -3.942952
v -0.404870 0.195406 -3.946701
v -0.262716 0.086011 -4.445410
v -0.578883 0.205034 -4.664299
v -0.572322 0.201308 -4.673433
v -0.499801 0.160150 -4.774006
v -0.142115 0.048412 -4.278545
v -0.438420 0.426324 -3.795660
v -0.681259 0.679085 -3.972802
v -0.692126 0.690376 -3.980748
v -0.390844 0.405784 -3.793137
v -0.137284 0.297082 -3.780545
v -0.097944 0.298178 -3.798536
v 0.095476 0.362504 -4.927211
v -0.136216 0.046582 -4.270406
v 0.147880 0.117312 -4.278450
v 0.244136 0.308023 -3.955340
v 0.277287 0.165837 -4.250228
v 0.167153 0.613605 -4.261858
v 0.266900 0.203758 -4.424878
v 0.280867 0.150476 -4.282353
v 0.144934 0.701621 -4.350474
v 0.240913 0.303900 -4.648921
v -0.456950 0.211650 -4.018688
v -0.724687 0.288432 -4.460608
v -0.737053 0.392582 -4.322070
v 0.100410 0.776060 -4.414440
v 0.102207 0.759836 -4.436169
v 0.144309 0.390274 -4.925878
v 0.128344 0.529717 -4.741459
v 0.177259 0.360792 -4.831455
v 0.266900 0.203758 -4.424878
v 0.280867 0.150476 -4.282353
v -0.262716 0.086011 -4.445410
v -0.499801 0.160150 -4.774006
v -0.142115 0.048412 -4.278545
v 0.095476 0.362504 -4.927211
v -0.136216 0.046582 -4.270406
v 0.147880 0.117312 -4.278450
v -0.362235 -0.032770 -3.887361
v -0.450555 0.000557 -4.081200
v -0.361430 -0.062182 -3.986973
v -0.345222 -0.072308 -3.879305
v -0.466156 0.013732 -3.943071
v -0.417214 -0.026707 -4.355253
v 0.650636 -0.008099 -4.511506
v 0.635359 -0.008080 -4.558925
v 0.626239 -0.008019 -4.562220
v 0.582880 -0.007732 -4.577776
v 0.615053 0.001162 -4.563550
v 0.623371 0.003451 -4.559847
v 0.656260 -0.008105 -4.493959
v 1.736600 -0.047193 -4.306851
v 1.676908 -0.007819 -4.250049
v 1.596188 0.072765 -4.178004
v 1.620191 0.032062 -4.134400
v 1.694975 -0.013283 -4.080884
v 1.742561 -0.041931 -4.047040
v 1.740372 -0.046818 -4.311047
v 1.726108 -0.004942 -4.304341
v 1.665067 0.174594 -4.273843
v 1.713664 0.031644 -4.298196
v 1.755515 -0.040395 -4.047260
v 1.353829 0.179798 -4.682861
v 1.339400 0.144942 -4.706821
v 1.277900 -0.007113 -4.809652
v 1.466549 -0.012442 -4.590585
v 1.479915 0.002890 -4.571856
v 1.326528 0.113262 -4.728313
v 0.696087 -0.007392 -4.623908
v 0.740786 0.220863 -4.732840
v 0.732511 0.187130 -4.755056
v 0.686026 -0.002428 -4.879447
v 0.690276 -0.004559 -4.771321
v 0.815121 0.521693 -4.534482
v 0.809628 0.499488 -4.549275
v 0.807363 0.466920 -4.442551
v 0.698093 -0.008334 -4.574900
v 1.366992 0.038386 -4.486344
v 0.802953 -0.009251 -4.563096
v 1.061086 -0.011268 -4.533975
v 1.491313 -0.013143 -4.561760
v 1.435719 -0.014194 -4.491795
v 0.891196 0.010934 -4.280240
v 0.227767 -0.008163 -4.115789
v 0.575361 0.036617 -3.940263
v 0.604042 0.008101 -3.953170
v 0.610561 0.001651 -3.956115
v 0.656188 0.003036 -3.993102
v 0.676129 0.003670 -4.009276
v 0.213170 0.261450 -3.892225
v 0.222045 0.284014 -3.908473
v 0.213992 0.273360 -3.881779
v 0.197367 0.027080 -4.097641
v 0.195569 -0.000052 -4.121572
v 0.332770 0.430009 -4.274735
v 0.366835 0.474746 -4.387631
v 0.273916 -0.005380 -4.511830
v 0.222682 -0.007732 -4.263670
v 0.942421 0.063665 -4.426724
v 1.010536 0.014968 -4.431272
v 0.642792 0.004760 -4.471546
v 0.380296 -0.002527 -4.500230
v 0.195569 -0.000052 -4.121572
v 0.222682 -0.007732 -4.263670
v 0.227767 -0.008163 -4.115789
v -2.012029 0.301840 -5.258044
v -1.905801 0.007829 -5.621094
v -2.052995 -0.009746 -5.224300
v -1.303393 -0.014681 -4.828271
v -1.010135 -0.018744 -4.886571
v -1.065037 -0.016022 -4.702239
v -1.327655 0.395726 -4.638190
v -0.973654 -0.020392 -5.009521
v -1.766157 0.313069 -4.912138
v -1.451378 0.416880 -4.693473
v -2.151232 0.185508 -5.179970
v -2.154456 0.166687 -5.190994
v -2.004038 0.033692 -5.481197
v -1.838964 -0.016119 -5.609682
v -1.943903 -0.014718 -5.592765
v -1.949698 -0.014577 -5.585615
v -1.764538 -0.016489 -5.558251
v -2.154456 0.166687 -5.190994
v -2.004038 0.033692 -5.481197
v -1.949698 -0.014577 -5.585615
v -2.052995 -0.009746 -5.224300
v -1.109463 0.087043 -5.705493
v -1.364953 0.043423 -5.221305
v -0.482735 0.413220 -5.336491
v -0.491206 0.406698 -5.356486
v -0.952235 0.265506 -4.926814
v -0.958848 0.241029 -4.928873
v -1.215213 0.004253 -5.099236
v -1.372733 0.022454 -5.224723
v -1.028296 -0.017493 -4.951013
v -0.401080 0.177291 -5.500118
v -0.421476 0.015559 -5.535703
v -0.722897 0.009466 -5.617225
v -1.136650 0.001086 -5.728859
v -0.418175 0.197297 -5.500910
v -0.554499 0.357412 -5.506540
v -1.160142 -0.000898 -5.682660
v -1.331493 -0.015431 -5.344424
v -1.028296 -0.017493 -4.951013
v -0.421476 0.015559 -5.535703
v -0.482735 0.413220 -5.336491
v -0.491206 0.406698 -5.356486
v -0.952235 0.265506 -4.926814
v -0.958848 0.241029 -4.928873
v -0.401080 0.177291 -5.500118
v -0.418175 0.197297 -5.500910
v -0.554499 0.357412 -5.506540
v 0.344588 -0.722296 -8.037890
v 0.658815 -0.809961 -7.337723
v 0.463789 -0.625244 -7.597560
v 0.356615 -0.667483 -7.972626
v 0.536074 -0.597029 -7.344716
v 0.585233 -0.808771 -7.279662
v 0.733634 -0.622882 -7.326128
v 0.700216 -0.613481 -7.296435
v 0.582997 -0.704216 -7.238688
v 0.763788 -0.631375 -7.352986
v 0.604666 -0.812618 -8.032218
v 0.395553 -0.810095 -8.003375
v 0.515117 -0.811546 -8.067258
v 0.739926 -0.813911 -7.978932
v 0.371118 -0.809755 -7.990352
v 0.773199 -0.670152 -7.597303
v 0.782690 -0.710045 -7.847183
v 0.395553 -0.810095 -8.003375
v 0.515117 -0.811546 -8.067258
v 0.604666 -0.812618 -8.032218
v 0.371118 -0.809755 -7.990352
v 0.739926 -0.813911 -7.978932
v 0.782690 -0.710045 -7.847183
v 0.356615 -0.667483 -7.972626
v 0.344588 -0.722296 -8.037890
v -0.372645 0.028946 -3.484101
v 0.213597 -0.003180 -3.374871
v -0.187895 0.130812 -3.105238
v -0.439912 0.410273 -3.506915
v 0.042441 -0.010386 -3.594142
v -0.334192 -0.028314 -3.481664
v -0.350473 -0.029089 -3.476774
v -0.393577 0.413126 -3.568655
v -0.372627 0.423286 -3.577077
v -0.323666 0.413329 -3.588802
v -0.002722 0.047851 -3.058255
v -0.279830 0.404342 -3.599283
v 0.286555 0.107173 -3.367850
v 0.279536 0.118550 -3.386318
v 0.063374 0.048263 -3.613975
v 0.193591 0.090490 -3.476926
v -0.452089 0.384763 -3.545073
v -0.458292 0.397937 -3.507002
v -0.453935 0.388459 -3.534235
v -0.443134 0.303343 -3.413401
v -0.335085 0.165958 -3.225502
v -0.217986 -0.024252 -3.065027
v -0.261754 0.072584 -3.098078
v -0.057904 -0.016864 -3.046837
v -0.800672 -0.003919 -3.416715
v -0.784785 -0.000871 -3.375444
v -0.810368 -0.003209 -3.379276
v -0.822780 -0.003499 -3.382452
v -0.779009 -0.003555 -3.404058
v -0.775860 -0.003827 -3.421631
v -0.780824 0.025557 -3.441879
v -0.792087 0.050519 -3.457703
v -0.841515 -0.003717 -3.387589
v -0.775860 -0.003827 -3.421631
v -0.780824 0.025557 -3.441879
v -0.779009 -0.003555 -3.404058
v -0.784785 -0.000871 -3.375444
v -1.110983 0.160374 -3.864010
v -1.077911 0.204573 -4.071846
v -1.405877 -0.026477 -4.426811
v -1.057986 0.188088 -4.049262
v -1.579681 0.060224 -3.409988
v -1.393430 -0.072159 -4.423500
v -1.414399 -0.084577 -4.376681
v -1.424055 -0.090271 -4.355135
v -1.386750 -0.068201 -4.438373
v -1.394799 -0.029269 -4.446008
v -1.389020 -0.056997 -4.440657
v -1.454658 -0.102868 -4.189355
v -1.508388 -0.091777 -3.305765
v -1.441683 -0.097535 -4.259777
v -1.525762 0.290748 -3.604696
v -1.544820 0.271593 -3.506581
v -1.438908 0.377353 -4.049485
v -1.280680 0.370885 -4.296734
v -1.270814 0.077558 -3.307952
v -1.487367 -0.076792 -3.305922
v -1.526210 0.258404 -3.493056
v -1.525762 0.290748 -3.604696
v -1.544820 0.271593 -3.506581
v -1.438908 0.377353 -4.049485
v -1.280680 0.370885 -4.296734
v -1.270814 0.077558 -3.307952
v -1.526210 0.258404 -3.493056
v -1.110983 0.160374 -3.864010
v -1.077911 0.204573 -4.071846
v -1.057986 0.188088 -4.049262
v -1.731380 0.102405 -4.367645
v -1.718013 0.092845 -3.690556
v -1.483073 0.123613 -3.923585
v -1.423994 -0.083273 -4.352999
v -1.689152 0.129752 -3.670110
v -1.530122 -0.031415 -3.812187
v -1.538061 0.337550 -3.928288
v -1.514669 -0.062863 -3.837025
v -1.515342 -0.046442 -3.825425
v -1.455776 -0.107091 -4.185780
v -1.527095 0.352633 -3.947065
v -1.433358 -0.028925 -4.375383
v -1.515015 0.385224 -4.367923
v -1.448181 -0.112410 -4.376268
v -1.437149 -0.120986 -4.329319
v -1.425190 -0.071492 -4.376144
v -1.434417 -0.123129 -4.313286
v -1.689152 0.129752 -3.670110
v -1.538061 0.337550 -3.928288
v -1.514669 -0.062863 -3.837025
v -1.455776 -0.107091 -4.185780
v -1.527095 0.352633 -3.947065
v -1.433358 -0.028925 -4.375383
v -1.515015 0.385224 -4.367923
v -1.448181 -0.112410 -4.376268
v -1.425190 -0.071492 -4.376144
v -1.437149 -0.120986 -4.329319
v -1.434417 -0.123129 -4.313286
v -1.718013 0.092845 -3.690556
v 1.144458 -0.007690 -3.237856
v 1.265225 0.024689 -3.112691
v 1.159862 -0.006779 -3.001221
v 1.100050 -0.010141 -3.084674
v 1.104522 -0.006196 -3.097813
v 1.100221 -0.010130 -3.073529
v 1.152735 -0.007165 -3.253510
v 1.259614 0.028629 -3.118833
v 1.152918 0.022726 -3.248517
v 1.265241 0.028241 -3.106412
v 1.160618 -0.006787 -3.243928
v 1.275943 -0.000242 -3.103599
v 1.279504 -0.000030 -3.086217
v 1.241857 -0.002062 -2.902765
v 1.307696 0.001653 -2.945799
v 1.302154 0.016059 -2.947676
v 1.338130 -0.038885 -2.965806
v 1.252875 -0.042734 -2.963935
v 1.286777 -0.041325 -2.964831
v 1.293619 0.007295 -2.904634
v 1.239487 -0.043160 -2.963334
v 1.369591 0.005153 -2.885319
v 1.330776 0.041876 -2.864348
v 1.338607 0.016519 -2.860478
v 1.385095 -0.001570 -2.899856
v 1.388681 0.009932 -2.908756
v 1.394372 -0.036150 -2.966754
v 1.330776 0.041876 -2.864348
v 1.338607 0.016519 -2.860478
v 1.293619 0.007295 -2.904634
v 1.239487 -0.043160 -2.963334
v 1.276536 -0.000423 -3.066474
v 1.370086 0.045838 -3.298600
v 1.372531 0.059903 -3.299756
v 1.508918 0.011161 -3.200842
v 1.560012 0.043331 -3.162432
v 1.371561 0.071379 -3.288835
v 1.375705 0.077925 -3.301236
v 1.365447 0.061631 -3.270345
v 1.390578 0.007001 -3.294839
v 1.381551 0.008049 -3.295118
v 1.379115 0.016846 -3.250410
v 1.497283 0.009513 -3.216556
v 1.465819 0.025291 -3.153342
v 1.463884 0.007745 -3.246188
v 1.376031 0.027977 -3.194138
v 1.409317 0.004920 -3.294270
v 1.493413 0.024516 -3.140913
v 1.520399 0.103948 -3.300448
v 1.554815 0.059301 -3.191440
v 1.456354 0.021853 -3.294741
v 1.481255 0.014228 -3.247026
v 1.563256 0.047366 -3.162594
v 1.556085 0.043492 -3.157095
v 1.501979 0.026919 -3.142717
v 1.390578 0.007001 -3.294839
v 1.381551 0.008049 -3.295118
v 1.379115 0.016846 -3.250410
v 1.376031 0.027977 -3.194138
v 1.409317 0.004920 -3.294270
v 1.520399 0.103948 -3.300448
v 1.456354 0.021853 -3.294741
v 1.370086 0.045838 -3.298600
v 1.372531 0.059903 -3.299756
v 1.365447 0.061631 -3.270345
v 1.375705 0.077925 -3.301236
v 1.260379 0.023713 -3.140343
v 1.291904 0.001063 -3.023873
v 1.296236 0.016805 -2.975430
v 1.286551 0.019609 -3.017918
v 1.301836 0.002207 -2.973341
v 1.271140 -0.001350 -3.130922
v 1.305247 -0.000212 -3.193300
v 1.321693 0.003327 -2.970353
v 1.371918 0.031213 -2.964894
v 1.362537 0.005753 -2.964219
v 1.263879 0.028042 -3.133908
v 1.354605 0.002340 -3.205352
v 1.369225 0.003141 -3.208636
v 1.407577 0.005252 -3.216508
v 1.410324 0.053706 -3.133516
v 1.410536 0.057489 -3.127025
v 1.371918 0.031213 -2.964894
v 1.362537 0.005753 -2.964219
v 1.407577 0.005252 -3.216508
v 1.410324 0.053706 -3.133516
v 1.410536 0.057489 -3.127025
v 1.090163 -0.008759 -3.451882
v 1.108397 0.012684 -3.482676
v 1.105236 -0.008007 -3.485088
v 1.111562 0.033228 -3.480271
v 1.174369 0.019439 -3.268765
v 1.203717 -0.004313 -3.286366
v 1.183103 -0.005129 -3.258757
v 1.079691 -0.009282 -3.428768
v 1.089136 -0.008995 -3.413256
v 1.224785 -0.003487 -3.314785
v 1.168911 0.024497 -3.278422
v 1.174936 0.032160 -3.341274
v 1.081947 0.020923 -3.419888
v 1.147016 0.035466 -3.430284
v 1.193522 -0.004832 -3.436254
v 1.188265 -0.004934 -3.456136
v 1.133782 0.037019 -3.472334
v 1.188265 -0.004934 -3.456136
v 1.133782 0.037019 -3.472334
v 1.108397 0.012684 -3.482676
v 1.105236 -0.008007 -3.485088
v 1.111562 0.033228 -3.480271
v 1.771119 -0.070690 -4.446939
v 1.735561 -0.090802 -4.411544
v 1.826321 -0.039245 -4.501771
v 1.792414 -0.003906 -4.438964
v 1.761102 -0.045759 -4.420662
v 1.779037 0.009270 -4.475621
v 1.836545 0.034940 -4.544075
v 1.752466 0.036253 -4.550656
v 1.717574 -0.075564 -4.436394
v 1.767677 0.020643 -4.507250
v 1.712736 -0.046394 -4.485260
v 1.732707 -0.083843 -4.404133
v 1.718951 -0.083363 -4.423333
v 1.708060 -0.013794 -4.539628
v 1.831260 -0.024199 -4.527147
v 1.850052 -0.025627 -4.525290
v 1.885980 0.034110 -4.540048
v 1.792414 -0.003906 -4.438964
v 1.761102 -0.045759 -4.420662
v 1.732707 -0.083843 -4.404133
v 1.718951 -0.083363 -4.423333
v 1.850052 -0.025627 -4.525290
v 1.885980 0.034110 -4.540048
v 1.771119 -0.070690 -4.446939
v 1.826321 -0.039245 -4.501771
v 1.735561 -0.090802 -4.411544
v 2.428791 0.408490 4.354811
v 2.556929 0.486762 5.000073
v 2.938080 0.002813 4.701810
v 2.555226 0.088083 5.151167
v 2.755013 0.005033 5.070493
v 2.528759 0.004939 5.044826
v 2.934916 0.004394 4.969924
v 2.498575 0.004010 4.885847
v 2.966569 0.381500 4.810170
v 2.966450 0.329621 4.481279
v 2.437273 0.001895 4.430241
v 2.411478 0.001898 4.426748
v 2.846563 0.002442 4.485562
v 2.934628 0.284119 4.446026
v 2.951555 0.327141 4.448214
v 2.947838 0.326538 4.440065
v 2.966569 0.381500 4.810170
v 2.966450 0.329621 4.481279
v 2.437273 0.001895 4.430241
v 2.411478 0.001898 4.426748
v 2.846563 0.002442 4.485562
v 2.951555 0.327141 4.448214
v 2.934628 0.284119 4.446026
v 2.947838 0.326538 4.440065
v 2.428791 0.408490 4.354811
v 2.556929 0.486762 5.000073
v 2.048701 -0.003918 0.308593
v 1.428222 0.444278 0.412205
v 1.341154 0.233137 0.443130
v 1.465977 0.398734 0.535831
v 1.346606 0.159928 0.446362
v 1.357822 0.011502 0.452879
v 1.772532 0.001163 0.754930
v 1.795832 0.119336 0.773225
v 1.793875 0.000632 0.770350
v 1.811795 0.106057 0.782993
v 1.961333 -0.003193 0.766793
v 2.542222 0.062761 1.561434
v 2.651959 0.419698 2.023532
v 2.494800 0.157885 1.817509
v 2.809865 0.408605 1.726926
v 2.845327 0.233493 1.344688
v 2.714147 0.108424 1.344564
v 2.470452 0.117216 1.785549
v 2.946784 0.398794 1.470248
v 2.698135 0.093051 1.344555
v 2.464403 0.107021 1.777573
v 2.521323 0.019817 1.646356
v 2.518457 0.019722 1.655162
v 2.485458 0.018993 1.756371
v 2.551708 0.020809 1.553740
v 2.554899 0.020819 1.548265
v 3.040188 -0.008015 2.092828
v 3.035022 -0.008023 2.103154
v 3.035567 0.040446 2.122723
v 3.042113 0.292364 1.584077
v 2.849092 0.161781 1.348115
v 2.652698 0.020391 1.414026
v 2.700848 0.020180 1.347988
v 2.856354 0.014629 1.355127
v 3.184767 -0.005560 1.753629
v 3.203775 0.111522 1.778145
v 3.213452 0.100631 1.789955
v 3.206772 0.100680 1.803742
v 3.190873 -0.006579 1.790158
v 3.199701 -0.006484 1.772007
v 3.036252 0.104352 2.148503
v 3.042873 -0.008010 2.087425
v 2.651959 0.419698 2.023532
v 2.494800 0.157885 1.817509
v 2.470452 0.117216 1.785549
v 2.464403 0.107021 1.777573
v 2.485458 0.018993 1.756371
v 3.035022 -0.008023 2.103154
v 3.035567 0.040446 2.122723
v 3.036252 0.104352 2.148503
v 1.674743 0.071516 0.785200
v 1.641694 0.067804 0.766866
v 1.528227 -0.209503 0.694200
v 1.594342 -0.221999 0.607059
v 1.524997 0.037323 0.701492
v 1.524808 0.054693 0.701956
v 1.592947 0.097424 0.612833
v 1.529408 -0.293118 0.691777
v 1.594655 -0.285494 0.605989
v 1.672171 -0.353222 0.768174
v 1.595621 -0.302562 0.607568
v 1.529805 -0.314568 0.691208
v 1.524808 0.054693 0.701956
v 1.592947 0.097424 0.612833
v 1.674743 0.071516 0.785200
v 1.641694 0.067804 0.766866
v 2.322422 -0.042964 2.774273
v 2.430242 0.125611 2.723179
v 2.364122 0.052361 2.763823
v 2.477712 0.085858 2.667238
v 2.482766 0.081526 2.661063
v 2.359751 -0.002910 2.392953
v 2.314056 -0.036962 2.379523
v 2.339937 -0.016954 2.364003
v 2.345046 -0.012989 2.360935
v 2.298087 -0.021169 2.804208
v 2.280752 -0.007122 2.760463
v 2.265020 0.006269 2.719715
v 2.237999 0.028494 2.380957
v 2.168159 0.088858 2.467398
v 2.244844 0.023473 2.667404
v 2.430242 0.125611 2.723179
v 2.477712 0.085858 2.667238
v 2.482766 0.081526 2.661063
v 2.314056 -0.036962 2.379523
v 2.339937 -0.016954 2.364003
v 2.359751 -0.002910 2.392953
v 2.345046 -0.012989 2.360935
v 2.237999 0.028494 2.380957
v 2.168159 0.088858 2.467398
v 1.754924 -0.006156 2.224933
v 1.791502 -0.006624 2.214756
v 1.950029 -0.008084 2.170330
v 1.704797 -0.004182 1.787589
v 1.718864 0.036929 1.791837
v 1.698649 -0.004857 1.787662
v 1.650354 0.270510 2.101645
v 1.503146 0.120881 1.875352
v 1.933155 0.207470 2.055842
v 1.454447 0.071233 1.800475
v 1.454334 0.057324 1.798952
v 1.454482 -0.001649 1.793397
v 1.970362 0.195905 2.051626
v 1.982880 0.105360 2.098169
v 1.942297 -0.007913 2.086092
v 1.802109 -0.006375 1.910124
v 1.650354 0.270510 2.101645
v 1.933155 0.207470 2.055842
v 1.970362 0.195905 2.051626
v 1.982880 0.105360 2.098169
v 1.942297 -0.007913 2.086092
v 1.754924 -0.006156 2.224933
v 1.791502 -0.006624 2.214756
v 1.950029 -0.008084 2.170330
v 0.750370 0.019989 -3.398520
v 0.820607 0.093155 -2.884146
v 0.854421 0.125000 -2.915927
v 0.791924 0.067827 -2.861721
v 0.918289 0.003334 -3.209269
v 0.779292 0.065509 -3.416245
v 0.821423 0.016539 -3.348093
v 0.773149 0.023511 -3.417347
v 0.677728 0.098195 -3.209566
v 0.664398 0.107955 -3.165446
v 0.792894 0.195979 -3.144536
v 0.791152 0.185024 -3.168737
v 0.674993 0.129018 -3.129895
v 0.727120 0.061753 -3.372475
v 0.774113 0.075197 -3.410385
v 0.768046 -0.031468 -3.000789
v 0.720415 -0.027849 -3.047061
v 0.701039 -0.026256 -3.065746
v 0.683196 0.006391 -3.046988
v 0.835988 -0.036617 -2.934940
v 0.673294 0.024538 -3.036638
v 0.678926 0.035789 -3.017789
v 0.693924 0.065554 -2.967822
v 0.690375 0.077918 -2.998655
v 0.686897 0.089655 -3.028499
v 0.676989 0.122383 -3.112814
v 0.847215 0.180367 -3.047652
v 0.891527 0.167299 -2.968589
v 0.859763 0.176711 -3.025363
v 0.893400 -0.025423 -2.998497
v 0.957545 0.035629 -3.059010
v 0.977781 -0.008715 -3.093864
v 0.850002 -0.034001 -2.949563
v 0.945696 0.061509 -3.038757
v 0.911412 0.136045 -2.980241
v 0.843348 -0.035311 -2.942100
v 0.903926 0.152195 -2.967695
v 0.727120 0.061753 -3.372475
v 0.774113 0.075197 -3.410385
v 0.779292 0.065509 -3.416245
v 0.773149 0.023511 -3.417347
v 0.750370 0.019989 -3.398520
v 1.450767 0.290160 -2.988052
v 1.425649 0.327763 -3.069842
v 1.438996 0.053667 -3.033019
v 1.425472 0.048748 -2.985741
v 1.306562 0.238561 -3.163907
v 1.409435 0.042472 -2.943389
v 1.436834 0.055125 -2.991728
v 1.433139 0.067799 -2.899349
v 1.274696 0.027035 -2.983372
v 1.430670 0.110975 -2.823755
v 1.443353 0.118217 -2.811233
v 1.447646 0.128985 -2.816096
v 1.449788 0.134354 -2.818538
v 1.460132 0.161789 -2.831985
v 1.455967 0.084906 -3.105384
v 1.487384 0.234520 -2.867911
v 1.469155 0.141329 -3.032759
v 1.461934 0.104603 -3.097259
v 1.179761 0.024876 -3.134089
v 1.180867 0.030067 -3.137974
v 1.271055 0.055965 -3.226379
v 1.277381 0.044588 -3.224996
v 1.187625 0.061642 -3.161635
v 1.186455 0.025028 -3.123449
v 1.443754 0.059608 -3.118649
v 1.392756 0.055013 -3.151402
v 1.448220 0.060341 -3.115705
v 1.201147 0.124307 -3.208416
v 1.210196 0.165956 -3.239560
v 1.106563 0.072318 -2.783903
v 0.860268 -0.002259 -2.792258
v 1.109014 0.060360 -2.789105
v 0.854706 -0.002441 -2.797709
v 1.090786 0.049595 -2.819873
v 0.850497 0.006250 -2.805704
v 0.956016 0.068390 -2.727995
v 1.066428 0.004497 -2.793546
v 0.915680 -0.000279 -2.738020
v 1.054066 0.003984 -2.829272
v 0.981739 0.112327 -2.721668
v 1.043969 0.003642 -2.858651
v 0.854910 0.051744 -2.821251
v 0.878035 0.035550 -2.846877
v 0.833613 0.041493 -2.837942
v 1.043845 0.013120 -2.879626
v 1.040690 0.003531 -2.868125
v 0.964685 0.104214 -2.735072
v 1.038727 0.013978 -2.878799
v 0.922842 0.029502 -2.855831
v 0.262513 0.047977 -2.444710
v 0.453983 0.024708 -2.372335
v 0.458300 0.037485 -2.374571
v 0.436196 -0.010902 -2.392464
v 0.425724 -0.012386 -2.445418
v 0.309321 0.119257 -2.254779
v 0.337705 0.018031 -2.279133
v 0.432741 0.100669 -2.353141
v 0.399294 0.079133 -2.403548
v 0.246230 -0.019223 -2.633080
v 0.334577 0.037658 -2.500513
v 0.223808 -0.019612 -2.610077
v 0.327542 -0.013536 -2.335906
v 0.340101 -0.012615 -2.302533
v 0.344106 -0.005132 -2.284947
v 0.218167 -0.019917 -2.624969
v 0.343820 -0.012271 -2.292583
v 0.185031 0.129034 -2.372028
v 0.373551 0.049839 -1.892370
v 0.277304 -0.014753 -2.353217
v 0.309134 -0.013486 -2.306076
v 0.392597 0.032015 -1.960187
v 0.291827 -0.010096 -2.030359
v 0.162114 -0.017596 -2.314404
v 0.316596 -0.009616 -2.044154
v 0.372923 0.021455 -2.234232
v 0.363413 0.026011 -2.251762
v 0.147579 -0.018262 -2.346363
v 0.142548 -0.018279 -2.357583
v 0.124219 0.109231 -2.493459
v 0.187225 0.117024 -2.497758
v 0.194690 0.112724 -2.492761
v 0.126664 0.091143 -2.474237
v 0.250803 0.080339 -2.454890
v 0.203916 0.107414 -2.486549
v 1.428893 0.084392 -2.309841
v 1.231638 0.038440 -2.307650
v 1.535337 0.064996 -2.525557
v 1.450733 0.087765 -2.484883
v 1.576766 0.053439 -2.539674
v 1.301647 -0.004949 -2.429660
v 1.555744 0.000696 -2.541695
v 1.383282 -0.003214 -2.465662
v 1.593040 0.004080 -2.552978
v 1.603797 0.005090 -2.556227
v 1.632552 0.007815 -2.564865
v 1.638714 0.016604 -2.565467
v 1.398599 0.107520 -2.394510
v 1.601546 0.054915 -2.453813
v 1.611433 0.051688 -2.465249
v 1.476770 0.095568 -2.310440
v 1.648659 0.039320 -2.508750
v 1.157653 0.018382 -2.312561
v 1.229779 -0.006334 -2.397676
v 1.650392 0.034931 -2.555305
v 1.385347 0.109328 -2.408201
v 1.393592 0.108204 -2.399667
v 1.152860 0.020053 -2.306846
v 1.340024 0.001163 -3.258856
v 1.361570 0.002011 -3.382326
v 1.398165 0.003451 -3.314783
v 1.390852 0.003150 -3.328307
v 1.193603 -0.004749 -3.344035
v 1.241294 0.100542 -3.401546
v 1.187137 -0.005004 -3.338539
v 1.322042 0.001425 -3.453382
v 1.283551 -0.001092 -3.420504
v 1.217070 0.017636 -3.263325
v 1.196279 -0.004610 -3.295466
v 1.249541 0.105569 -3.377093
v 1.268353 0.072326 -3.184271
v 1.303989 0.138545 -3.216052
v 1.332366 0.155625 -3.132330
v 1.298341 0.104224 -3.138146
v 1.332366 0.155625 -3.132330
v 1.298341 0.104224 -3.138146
v 1.398165 0.003451 -3.314783
v 1.340024 0.001163 -3.258856
v 1.984004 0.085600 -1.108685
v 2.017895 0.121932 -0.539931
v 2.029702 -0.013960 -0.541975
v 1.934556 -0.012650 -0.500212
v 1.990225 0.260964 -0.779693
v 1.993779 0.284652 -0.692264
v 2.019960 -0.010936 -0.688980
v 1.746899 0.291148 -0.678642
v 1.716340 0.291941 -0.676999
v 1.850089 0.056437 -0.464920
v 1.872721 -0.011797 -0.473175
v 1.979864 0.193770 -1.027450
v 1.994837 -0.003253 -1.061993
v 1.978866 0.188856 -1.045539
v 1.662999 0.184674 -1.074462
v 1.880516 0.178752 -1.086878
v 1.720020 0.003738 -1.109291
v 1.944090 -0.000985 -1.121838
v 1.988110 0.030101 -1.118613
v 1.969217 -0.001516 -1.123198
v 1.992007 -0.002415 -1.102522
v 1.403964 -0.045281 -0.476005
v 1.319136 0.026082 -0.481694
v 1.379877 0.070982 -0.464953
v 1.393793 -0.067922 -0.480804
v 1.317481 -0.006576 -0.486297
v 1.297133 0.009780 -0.487726
v 1.449148 0.051501 -0.387759
v 1.395139 -0.073761 -0.332496
v 1.393970 -0.068647 -0.462628
v 0.928634 -0.004903 0.839966
v 0.956037 -0.004830 0.876809
v 0.922972 0.008492 0.848622
v 0.862206 -0.013422 1.065331
v 0.629086 -0.012331 1.403289
v 0.687308 -0.029416 1.415878
v 0.625758 -0.031682 1.412381
v 0.956037 -0.004830 0.876809
v 0.862206 -0.013422 1.065331
v 0.687308 -0.029416 1.415878
v 0.625758 -0.031682 1.412381
v 0.928634 -0.004903 0.839966
v 1.576748 0.116593 -1.237099
v 1.598851 0.023793 -0.877203
v 1.626505 0.049226 -1.281681
v 1.262712 0.045117 -0.907921
v 1.468379 0.168516 -0.938027
v 1.534845 0.126202 -0.914965
v 1.504340 0.175787 -0.937655
v 1.248522 0.089642 -0.927003
v 1.246733 0.051549 -0.924026
v 1.385350 -0.018525 -0.871059
v 1.525013 0.008852 -0.868897
v 1.261544 0.126611 -0.940525
v 1.379818 0.150595 -0.939013
v 1.598211 0.023215 -0.867903
v 1.345425 -0.019289 -1.014585
v 1.364325 -0.018948 -0.946230
v 1.303106 0.010992 -0.975750
v 1.535729 0.552211 1.280952
v 1.706872 0.269959 1.506187
v 1.483863 0.500533 1.586618
v 1.402131 0.004765 1.386979
v 1.970687 -0.005935 1.321190
v 1.305632 0.263340 1.218248
v 1.405929 0.145612 1.209435
v 1.272437 0.257948 1.275260
v 1.297561 0.284899 1.220750
v 1.523071 0.008479 1.199198
v 1.273651 0.259887 1.303706
v 1.375842 0.128558 1.552176
v 1.305703 0.301622 1.592731
v 1.379785 0.118825 1.549886
v 1.613623 0.005973 1.206638
v 1.572686 -0.003201 1.491871
v 1.428460 -0.000698 1.521698
v 1.943403 0.089001 1.247574
v 1.927805 0.063173 1.242372
v 1.953300 0.070335 1.266985
v 1.835530 0.000234 1.224969
v 1.925614 -0.008885 1.418952
v 1.948792 -0.009194 1.414173
v 1.785584 0.001438 1.220800
v 1.889037 -0.000891 1.229464
v 1.977256 -0.009469 1.408321
v 1.988426 -0.008132 1.369177
v 1.987078 0.006582 1.333365
v 1.272437 0.257948 1.275260
v 1.297561 0.284899 1.220750
v 1.273651 0.259887 1.303706
v 1.305703 0.301622 1.592731
v 1.483863 0.500533 1.586618
v 1.535729 0.552211 1.280952
v 1.022852 -0.000182 0.658360
v 1.028463 0.000856 0.592893
v 0.960113 -0.002279 0.654138
v 1.068019 0.001318 0.661427
v 1.034337 0.031248 0.579265
v 1.028463 0.000856 0.592893
v 1.068019 0.001318 0.661427
v 1.034337 0.031248 0.579265
v 1.013285 -0.031657 1.684391
v 1.003561 -0.031109 1.761333
v 0.756717 0.237091 2.019015
v 0.803590 -0.032285 1.621378
v 0.832135 0.005260 1.638092
v 0.860141 -0.032227 1.622954
v 0.776395 -0.032312 1.620765
v 0.795391 0.055895 1.658972
v 0.643517 -0.028897 2.108866
v 0.764251 -0.032001 1.665152
v 0.828107 0.312926 1.852338
v 0.888181 0.262463 2.045829
v 0.892922 0.319530 1.882803
v 0.726268 -0.028652 2.133262
v 0.921993 0.099041 2.131502
v 0.948195 -0.028003 2.197884
v 0.666888 -0.028827 2.115919
v 0.913963 0.138014 2.111081
v 0.803590 -0.032285 1.621378
v 0.860141 -0.032227 1.622954
v 0.776395 -0.032312 1.620765
v 0.643517 -0.028897 2.108866
v 0.764251 -0.032001 1.665152
v 0.726268 -0.028652 2.133262
v 0.948195 -0.028003 2.197884
v 0.666888 -0.028827 2.115919
v 1.013285 -0.031657 1.684391
v 1.003561 -0.031109 1.761333
v 1.502393 0.037809 -0.448237
v 1.479299 0.244533 -0.450416
v 1.622980 0.005210 0.081039
v 1.874809 -0.010615 -0.086690
v 1.578391 0.122020 -0.070549
v 1.530374 0.170629 -0.226995
v 1.491776 0.151236 -0.346335
v 1.550349 0.086471 -0.154897
v 1.635603 0.064578 0.114635
v 1.772336 0.118188 0.066993
v 1.931080 0.180509 0.011474
v 1.456645 0.189756 -0.461592
v 1.459601 0.242642 -0.458529
v 1.522477 -0.008848 -0.415441
v 1.706785 -0.014369 -0.365834
v 1.618439 -0.012153 -0.402174
v 1.531354 -0.007699 -0.371698
v 1.888880 -0.018783 -0.290926
v 1.918736 -0.019457 -0.278643
v 1.967791 0.220822 -0.067880
v 1.946900 0.055694 -0.264363
v 2.037064 0.297279 -0.218616
v 1.511776 0.006662 -0.445476
v 1.491776 0.151236 -0.346335
v 1.550349 0.086471 -0.154897
v 1.456645 0.189756 -0.461592
v 1.522477 -0.008848 -0.415441
v 1.531354 -0.007699 -0.371698
v 1.511776 0.006662 -0.445476
v 1.502393 0.037809 -0.448237
v 1.622980 0.005210 0.081039
v 3.200276 -0.020849 -3.066741
v 3.075583 -0.039469 -2.811030
v 3.232726 -0.013522 -2.614103
v 3.226357 0.223579 -2.779849
v 3.239774 0.187207 -2.729620
v 3.229745 0.210187 -2.758656
v 3.238230 -0.012613 -2.607230
v 3.260837 -0.008998 -2.603501
v 3.659433 0.052724 -2.960787
v 3.209414 0.125971 -3.132525
v 3.124274 0.144320 -2.967971
v 3.406873 0.192260 -3.103143
v 3.499474 0.223171 -3.089283
v 3.502594 0.219967 -3.086833
v 3.333231 0.002578 -2.591784
v 3.443981 0.019895 -2.656009
v 3.260648 0.065237 -2.621022
v 3.246438 0.077564 -2.626805
v 3.105027 0.041505 -2.754590
v 3.158254 0.051699 -2.687526
v 3.062458 0.033224 -2.808258
v 3.088642 0.148080 -2.897838
v 3.164830 0.052404 -2.679384
v 3.197139 0.044074 -2.642404
v 3.212489 0.040164 -2.624876
v 3.124274 0.144320 -2.967971
v 3.088642 0.148080 -2.897838
v 3.209414 0.125971 -3.132525
v 3.333231 0.002578 -2.591784
v 3.443981 0.019895 -2.656009
v 3.062458 0.033224 -2.808258
v 3.075583 -0.039469 -2.811030
v 3.232726 -0.013522 -2.614103
v 3.238230 -0.012613 -2.607230
v 3.260837 -0.008998 -2.603501
v 3.200276 -0.020849 -3.066741
v 3.659433 0.052724 -2.960787
v 1.718464 0.077582 -2.451081
v 1.717877 0.065871 -2.299273
v 1.860775 -0.002285 -2.200546
v 1.688254 0.077831 -2.333420
v 1.965721 0.008213 -2.534103
v 1.961494 0.022269 -2.515413
v 1.659215 0.047164 -2.364422
v 1.662716 0.019153 -2.358834
v 1.666422 0.015603 -2.354443
v 1.837126 0.019908 -2.162516
v 1.842082 0.003986 -2.156066
v 1.796249 0.183506 -2.257163
v 1.896600 0.201063 -2.562293
v 1.684175 -0.001367 -2.333518
v 1.740761 0.002684 -2.452674
v 1.880877 0.009641 -2.634267
v 1.843931 -0.001913 -2.153661
v 1.918150 0.102516 -2.714871
v 1.895721 0.168707 -2.709769
v 1.948018 0.012996 -2.721174
v 1.796249 0.183506 -2.257163
v 1.896600 0.201063 -2.562293
v 1.895721 0.168707 -2.709769
v 1.718464 0.077582 -2.451081
v 1.659215 0.047164 -2.364422
v 1.688254 0.077831 -2.333420
v 1.223319 0.027125 -2.938226
v 1.269933 0.028913 -2.885239
v 1.254349 -0.002240 -2.880304
v 1.250438 -0.002556 -2.884629
v 1.388809 0.042573 -3.016771
v 1.172444 -0.003949 -3.002533
v 1.223645 -0.004362 -2.914515
v 1.135882 0.013396 -3.201801
v 1.222495 0.037824 -3.253945
v 1.158810 0.003758 -3.031558
v 1.122195 0.025186 -3.110043
v 1.115373 0.027242 -3.185770
v 1.135882 0.013396 -3.201801
v 1.222495 0.037824 -3.253945
v 1.115373 0.027242 -3.185770
v 2.609635 -0.009869 -1.741741
v 2.533953 0.108510 -2.187402
v 3.017346 0.137430 -2.056576
v 2.509907 0.103294 -2.162774
v 3.217310 0.118344 -1.746496
v 2.519043 -0.014792 -2.203808
v 2.503032 -0.014738 -2.186450
v 2.720168 -0.013461 -2.186780
v 3.123010 -0.008474 -1.880000
v 2.963440 -0.011507 -2.125653
v 2.474716 -0.014592 -2.155740
v 3.188359 -0.007153 -1.779372
v 2.658203 0.050774 -1.616895
v 2.493223 0.099611 -2.145673
v 2.542750 0.002042 -2.225030
v 2.859513 -0.007333 -1.625893
v 2.769199 0.054312 -1.560934
v 2.692667 0.051870 -1.599260
v 2.675278 0.051335 -1.608129
v 3.188359 -0.007153 -1.779372
v 2.859513 -0.007333 -1.625893
v 2.769199 0.054312 -1.560934
v 3.217310 0.118344 -1.746496
v 1.993313 0.291404 -3.029106
v 1.752469 0.009305 -3.084760
v 1.641022 0.020949 -3.434226
v 1.927142 -0.023068 -3.464517
v 1.911344 -0.020559 -3.468779
v 1.889793 -0.017136 -3.474527
v 1.677550 0.012852 -3.251318
v 1.642067 0.019994 -3.374225
v 1.642077 0.079511 -3.438189
v 1.632935 0.048581 -3.434620
v 1.804116 0.296964 -3.446823
v 1.756902 0.248453 -3.468838
v 1.731739 0.002655 -3.117277
v 1.849262 0.343274 -3.425785
v 1.869859 0.364361 -3.416117
v 2.101225 0.250239 -3.366755
v 2.159294 0.212711 -3.097109
v 2.141768 0.230157 -3.358119
v 1.747948 0.003494 -3.085954
v 1.757794 0.000527 -3.088779
v 1.822323 -0.011552 -3.108034
v 1.772174 -0.003943 -3.093760
v 2.093752 0.132915 -3.113269
v 1.958161 -0.032135 -3.146903
v 1.642077 0.079511 -3.438189
v 1.632935 0.048581 -3.434620
v 1.756902 0.248453 -3.468838
v 2.159294 0.212711 -3.097109
v 2.141768 0.230157 -3.358119
v 2.093752 0.132915 -3.113269
v 1.958161 -0.032135 -3.146903
v 1.641022 0.020949 -3.434226
v 1.889793 -0.017136 -3.474527
v 1.927142 -0.023068 -3.464517
v 3.182773 0.125727 -2.583449
v 3.195990 0.254160 -2.319910
v 3.142960 0.113913 -2.724929
v 3.134773 0.111450 -2.753932
v 3.168155 0.225281 -2.315109
v 2.620797 0.151786 -2.409220
v 2.632047 0.107158 -2.450980
v 2.654904 0.071749 -2.790430
v 2.625732 0.124609 -2.434802
v 3.130993 0.110302 -2.767289
v 3.126130 0.121073 -2.763412
v 3.102898 0.172346 -2.744975
v 3.029416 -0.037224 -2.812926
v 3.067211 -0.034270 -2.656432
v 3.034076 -0.013124 -2.522063
v 3.026898 -0.008570 -2.493273
v 3.108589 0.163766 -2.304826
v 2.776490 0.299486 -2.230896
v 2.658168 0.067370 -2.831345
v 2.692437 0.056438 -2.844788
v 2.815517 0.018643 -2.875607
v 3.019110 -0.037922 -2.855888
v 2.657179 0.074836 -2.833265
v 2.736916 0.072446 -2.871968
v 3.083723 0.050461 -2.812198
v 2.769832 0.302394 -2.229407
v 3.057696 0.499099 -2.282590
v 2.856174 0.232108 -2.792461
v 2.709177 0.100776 -2.867379
v 2.705193 0.104805 -2.866707
v 3.011564 0.373393 -2.672692
v 3.064750 0.503916 -2.283893
v 2.776490 0.299486 -2.230896
v 2.769832 0.302394 -2.229407
v 3.029416 -0.037224 -2.812926
v 3.067211 -0.034270 -2.656432
v 3.108589 0.163766 -2.304826
v 3.019110 -0.037922 -2.855888
v 3.083723 0.050461 -2.812198
v 3.057696 0.499099 -2.282590
v 3.064750 0.503916 -2.283893
v 3.130993 0.110302 -2.767289
v 3.195990 0.254160 -2.319910
v 3.182773 0.125727 -2.583449
v 3.142960 0.113913 -2.724929
v 3.134773 0.111450 -2.753932
v 3.168155 0.225281 -2.315109
v 1.288591 -0.052147 -1.620325
v 1.679061 -0.075825 -1.583802
v 1.710139 -0.056723 -1.587429
v 1.298809 0.074791 -1.613263
v 1.284794 -0.004282 -1.621239
v 1.669777 0.023046 -1.584644
v 1.282156 -0.019377 -1.622684
v 1.846509 -0.001670 -1.570830
v 1.278691 -0.039747 -1.624440
v 1.286869 -0.048296 -1.605350
v 1.278890 -0.051441 -1.620943
v 1.386378 -0.008555 -1.411005
v 1.785944 -0.060220 -1.483925
v 1.744507 -0.054068 -1.473153
v 1.529441 -0.022171 -1.417391
v 1.844415 -0.068851 -1.499151
v 1.850428 -0.060196 -1.505297
v 1.866938 -0.035800 -1.522479
v 1.878686 -0.018373 -1.534777
v 1.278695 -0.045698 -1.622860
v 1.797502 -0.016647 -1.642739
v 1.904872 -0.017465 -1.684507
v 1.908825 -0.017735 -1.675078
v 1.845010 0.038557 -1.647718
v 1.810151 -0.016984 -1.636605
v 1.675545 0.066990 -1.988651
v 1.685246 0.069495 -1.955349
v 1.689233 -0.012496 -1.753019
v 1.648035 -0.007996 -1.928843
v 1.717494 -0.004884 -2.122761
v 1.737002 0.082490 -1.778913
v 1.704632 -0.014164 -1.687941
v 1.730022 0.035839 -1.700605
v 1.755941 0.086980 -1.713752
v 1.908825 -0.017735 -1.675078
v 1.810151 -0.016984 -1.636605
v 1.689233 -0.012496 -1.753019
v 1.648035 -0.007996 -1.928843
v 1.717494 -0.004884 -2.122761
v 1.704632 -0.014164 -1.687941
v 1.797502 -0.016647 -1.642739
v 1.904872 -0.017465 -1.684507
v 2.208183 -0.002086 -2.187835
v 2.101448 0.004158 -2.363878
v 2.190691 0.001645 -2.281974
v 2.031131 -0.005769 -2.118821
v 2.170909 -0.003122 -2.166620
v 2.070059 0.005099 -2.392629
v 2.038905 0.002634 -2.333742
v 2.016168 -0.005900 -2.113779
v 1.970349 -0.002120 -2.204767
v 2.219361 0.006347 -2.187359
v 2.206290 0.003690 -2.181715
v 2.237990 0.025122 -2.214214
v 2.237647 0.022674 -2.201408
v 2.243596 0.027998 -2.206051
v 1.967116 0.015625 -2.214843
v 2.010569 0.040331 -2.134468
v 1.987180 0.240080 -2.224446
v 1.955710 0.079257 -2.251317
v 1.993065 0.190710 -2.202001
v 1.933055 0.206466 -2.324501
v 1.959569 0.229403 -2.276922
v 1.985791 0.251889 -2.229822
v 2.070059 0.005099 -2.392629
v 2.038905 0.002634 -2.333742
v 1.970349 -0.002120 -2.204767
v 1.967116 0.015625 -2.214843
v 1.955710 0.079257 -2.251317
v 1.933055 0.206466 -2.324501
v 3.304735 -0.037672 -2.010067
v 3.302471 -0.031849 -2.400793
v 3.373075 0.019978 -2.068811
v 3.359123 0.007856 -2.155217
v 3.300517 -0.000487 -2.070156
v 3.292067 -0.002886 -2.070287
v 3.292195 -0.027783 -2.328599
v 3.324141 -0.022519 -2.367547
v 3.292238 -0.034292 -2.395815
v 3.295128 -0.045139 -2.412799
v 3.305279 -0.038648 -2.412152
v 3.310524 -0.034163 -2.399886
v 3.373075 0.019978 -2.068811
v 3.300517 -0.000487 -2.070156
v 3.292067 -0.002886 -2.070287
v 3.292195 -0.027783 -2.328599
v 3.292238 -0.034292 -2.395815
v 3.295128 -0.045139 -2.412799
v 3.304735 -0.037672 -2.010067
v 2.565392 -0.015184 -2.272620
v 2.638445 -0.008273 -2.507099
v 2.614210 -0.018345 -2.469465
v 2.580861 -0.017478 -2.427765
v 2.570901 0.015975 -2.311985
v 2.567597 0.026536 -2.273841
v 2.678625 0.019209 -2.495312
v 2.753338 0.114323 -2.339137
v 2.792629 0.107090 -2.431656
v 2.954979 0.049937 -2.408275
v 2.955727 0.068541 -2.408738
v 2.707639 -0.019356 -2.484384
v 2.951211 -0.020362 -2.406200
v 2.642856 -0.019088 -2.505109
v 2.947306 0.080109 -2.405948
v 2.614210 -0.018345 -2.469465
v 2.580861 -0.017478 -2.427765
v 2.567597 0.026536 -2.273841
v 2.753338 0.114323 -2.339137
v 2.954979 0.049937 -2.408275
v 2.955727 0.068541 -2.408738
v 2.707639 -0.019356 -2.484384
v 2.951211 -0.020362 -2.406200
v 2.642856 -0.019088 -2.505109
v 2.947306 0.080109 -2.405948
v 2.565392 -0.015184 -2.272620
v 1.354016 0.023586 -2.367981
v 1.355451 -0.003490 -2.365519
v 1.371438 -0.002693 -2.416508
v 1.396188 -0.002346 -2.430188
v 1.437352 0.062093 -2.359289
v 1.439327 -0.003106 -2.353572
v 1.396188 -0.002346 -2.430188
v 1.437352 0.062093 -2.359289
v 1.354016 0.023586 -2.367981
v 1.371438 -0.002693 -2.416508
v 3.290251 -0.039465 -2.110553
v 3.297030 -0.044734 -2.111704
v 3.291881 -0.029450 -2.061390
v 3.297049 -0.044822 -2.104402
v 3.218211 0.016711 -2.098104
v 3.285734 -0.036478 -2.057415
v 3.296981 -0.045020 -2.079254
v 3.299982 -0.033854 -2.075930
v 3.291734 -0.027632 -2.109202
v 3.300209 -0.033067 -2.101533
v 3.300238 -0.032762 -2.110462
v 3.285734 -0.036478 -2.057415
v 3.296981 -0.045020 -2.079254
v 3.290251 -0.039465 -2.110553
v 3.297030 -0.044734 -2.111704
v 3.297049 -0.044822 -2.104402
v 3.218211 0.016711 -2.098104
v 1.970553 0.129985 -1.861977
v 1.142877 0.616099 -2.369248
v 0.872037 -0.011393 -2.378421
v 1.434496 0.014053 -1.932156
v 1.504749 0.026791 -1.913444
v 1.956244 0.108995 -1.794508
v 1.819594 0.650329 -1.767561
v 1.631790 0.712078 -1.806381
v 1.883707 0.586075 -1.963470
v 1.869604 0.598969 -1.926382
v 1.436218 0.687120 -2.279254
v 1.606376 0.705927 -1.813249
v 1.345633 0.667100 -2.339449
v 1.105049 0.583390 -1.948868
v 1.115484 0.585939 -1.946015
v 0.884183 0.002412 -2.420183
v 1.055062 0.061238 -2.482643
v 1.077856 0.131937 -2.473545
v 1.243125 0.644224 -2.407547
v 1.017429 0.564791 -2.024523
v 0.866745 -0.011628 -2.382627
v 0.867962 -0.006964 -2.379723
v 1.883707 0.586075 -1.963470
v 1.436218 0.687120 -2.279254
v 1.345633 0.667100 -2.339449
v 1.055062 0.061238 -2.482643
v 1.077856 0.131937 -2.473545
v 1.243125 0.644224 -2.407547
v 1.970553 0.129985 -1.861977
v 2.569561 0.347292 -0.151898
v 2.346631 0.309066 0.235605
v 2.087307 -0.019256 -0.269759
v 2.086294 -0.021125 -0.293140
v 2.074624 0.005626 -0.379826
v 2.057799 0.184105 0.024665
v 2.142534 0.137419 -0.697975
v 2.038495 0.101281 -0.687378
v 2.033571 0.099837 -0.684378
v 2.241507 0.171529 -0.708132
v 2.258700 0.132490 -0.718055
v 2.253890 0.133672 -0.723166
v 2.723589 0.018763 -0.223090
v 2.240246 0.037153 0.415951
v 2.335105 0.036335 0.406265
v 2.117157 0.038200 0.428346
v 2.067957 0.219195 0.321020
v 2.421474 0.025149 0.270599
v 2.687621 -0.008721 -0.148640
v 2.561162 0.007023 0.050754
v 2.057799 0.184105 0.024665
v 2.033571 0.099837 -0.684378
v 2.117157 0.038200 0.428346
v 2.067957 0.219195 0.321020
v 2.087307 -0.019256 -0.269759
v 2.086294 -0.021125 -0.293140
v 2.074624 0.005626 -0.379826
v 2.971563 0.097919 0.166054
v 3.247288 0.564789 0.322696
v 3.323720 0.821440 0.375706
v 3.052403 -0.005038 0.822307
v 2.730132 -0.011432 0.510743
v 3.148628 1.067229 0.317236
v 2.929048 0.482314 0.780780
v 3.071084 0.594565 0.883206
v 2.601669 0.558995 0.038155
v 2.586071 0.262071 0.456713
v 3.067608 0.573021 0.908939
v 3.082375 0.561920 0.904069
v 3.039965 0.452882 0.896598
v 2.959578 0.077414 0.856083
v 3.446874 0.291760 0.779981
v 3.426475 0.206990 0.771334
v 2.644357 0.479864 0.050958
v 2.591831 0.246948 0.464215
v 2.662882 0.445706 0.056527
v 2.627922 0.152647 0.511172
v 3.368397 -0.010580 0.750327
v 3.382750 0.026136 0.752860
v 2.662393 0.062758 0.556002
v 2.972190 -0.023235 0.222267
v 2.896530 -0.023793 0.178800
v 3.115047 -0.018702 0.411903
v 2.861536 0.080449 0.116322
v 2.866712 0.070909 0.117912
v 3.067608 0.573021 0.908939
v 3.067608 0.573021 0.908939
v 3.067608 0.573021 0.908939
v 3.039965 0.452882 0.896598
v 2.929048 0.482314 0.780780
v 2.586071 0.262071 0.456713
v 3.148628 1.067229 0.317236
v 3.071084 0.594565 0.883206
v 3.082375 0.561920 0.904069
v 2.959578 0.077414 0.856083
v 3.446874 0.291760 0.779981
v 2.591831 0.246948 0.464215
v 2.627922 0.152647 0.511172
v 2.662393 0.062758 0.556002
v 3.323720 0.821440 0.375706
v 4.203386 -0.006914 1.921647
v 4.073717 0.423905 1.942571
v 3.955421 0.257581 1.273032
v 4.101505 0.284352 1.155753
v 4.518530 -0.012187 1.158813
v 4.099819 0.432095 1.939626
v 4.225018 0.339929 1.923747
v 4.696490 -0.024430 1.771532
v 4.722149 -0.026202 1.860693
v 3.925113 0.213905 1.095946
v 3.976312 0.009540 1.046149
v 3.968316 0.049136 1.056219
v 4.099819 0.432095 1.939626
v 4.225018 0.339929 1.923747
v 4.518530 -0.012187 1.158813
v 4.696490 -0.024430 1.771532
v 4.722149 -0.026202 1.860693
v 3.976312 0.009540 1.046149
v 4.073717 0.423905 1.942571
v 4.203386 -0.006914 1.921647
v 3.428543 0.161762 0.764009
v 3.831089 -0.005800 0.158972
v 4.240058 0.005330 0.341384
v 3.410612 0.113314 0.396830
v 3.845888 0.069396 0.081821
v 3.312347 -0.005475 0.580383
v 3.347802 0.119660 0.442351
v 3.341306 -0.001963 0.725806
v 3.361056 -0.000065 0.796849
v 3.355687 -0.000139 0.797780
v 4.354730 0.013831 0.624358
v 4.394371 0.135248 0.601607
v 4.365483 0.126821 0.536718
v 4.234913 0.088913 0.244814
v 4.082827 0.081262 0.180934
v 3.410612 0.113314 0.396830
v 3.845888 0.069396 0.081821
v 3.347802 0.119660 0.442351
v 3.361056 -0.000065 0.796849
v 3.355687 -0.000139 0.797780
v 4.354730 0.013831 0.624358
v 4.394371 0.135248 0.601607
v 4.365483 0.126821 0.536718
v 4.234913 0.088913 0.244814
v 4.082827 0.081262 0.180934
v 3.428543 0.161762 0.764009
v 5.580421 -0.362487 3.487978
v 5.807460 -0.604337 3.412923
v 5.820045 -0.513523 3.509312
v 5.761103 -0.655738 3.639728
v 5.401804 -0.822553 3.516512
v 5.427349 -0.585834 3.626078
v 5.299479 -0.815300 3.437788
v 5.455394 -0.535514 3.667321
v 5.542247 -0.626040 3.702116
v 5.750445 -0.670640 3.655131
v 5.725195 -0.827399 3.505206
v 5.779238 -0.807461 3.197276
v 5.765729 -0.813157 3.283022
v 5.382084 -0.782653 2.944339
v 5.306074 -0.811965 3.387331
v 5.350275 -0.789424 3.050442
v 5.365678 -0.781420 2.934090
v 5.750745 -0.819391 3.377674
v 5.736482 -0.825139 3.468143
v 5.427349 -0.585834 3.626078
v 5.299479 -0.815300 3.437788
v 5.455394 -0.535514 3.667321
v 5.542247 -0.626040 3.702116
v 5.750445 -0.670640 3.655131
v 5.350275 -0.789424 3.050442
v 5.365678 -0.781420 2.934090
v 5.779238 -0.807461 3.197276
v 5.382084 -0.782653 2.944339
v 5.306074 -0.811965 3.387331
v 5.807460 -0.604337 3.412923
v 5.820045 -0.513523 3.509312
v 5.761103 -0.655738 3.639728
v 0.257355 0.094710 -1.981164
v 0.281055 0.092801 -1.995843
v 0.308180 0.082849 -1.997877
v 0.323447 0.077227 -1.998982
v 0.308451 0.065739 -2.004578
v 0.318894 0.055743 -1.954623
v 0.257073 0.016864 -1.999394
v 0.290453 0.051932 -2.011244
v 0.270072 0.030562 -2.004115
v 0.127737 0.042951 -1.782641
v 0.105096 0.035529 -1.813369
v 0.128631 0.034371 -1.781571
v 0.067685 0.104022 -1.862838
v 0.209626 0.021503 -1.805124
v 0.201156 0.017138 -1.801760
v 0.302060 -0.006877 -1.830183
v 0.305287 -0.003360 -1.831753
v 0.230696 -0.010670 -1.989755
v 0.060476 0.037671 -1.874110
v 0.105096 0.035529 -1.813369
v 0.128631 0.034371 -1.781571
v 0.201156 0.017138 -1.801760
v 0.302060 -0.006877 -1.830183
v 0.230696 -0.010670 -1.989755
v 0.060476 0.037671 -1.874110
v -0.001790 -0.013308 -3.836990
v -0.010150 -0.013361 -3.834934
v 0.125244 -0.004809 -3.975170
v 0.120340 -0.010047 -3.976902
v 0.116721 -0.004037 -3.984540
v -0.001790 -0.013308 -3.836990
v 0.120340 -0.010047 -3.976902
v -0.010150 -0.013361 -3.834934
v 0.116721 -0.004037 -3.984540
v 1.102494 0.041202 -1.250292
v 1.151761 0.043017 -1.261667
v 1.135326 0.045248 -1.263830
v 1.100072 0.003767 -1.098687
v 1.082664 -0.031622 -1.094253
v 1.091055 -0.038056 -1.072715
v 1.125222 0.117458 -1.169381
v 1.047140 0.034160 -1.227001
v 1.098273 0.100029 -1.200899
v 1.080422 0.077157 -1.210137
v 1.112194 0.109050 -1.184637
v 1.212569 0.069462 -1.207883
v 1.213384 0.049139 -1.141802
v 1.197347 0.100945 -1.170047
v 1.229780 0.021929 -1.207047
v 1.233721 0.010951 -1.206881
v 1.242175 -0.045137 -1.090344
v 1.099466 -0.044268 -1.070264
v 1.082664 -0.031622 -1.094253
v 1.047140 0.034160 -1.227001
v 1.233721 0.010951 -1.206881
v 1.242175 -0.045137 -1.090344
v 1.091055 -0.038056 -1.072715
v 1.099466 -0.044268 -1.070264
v 1.102494 0.041202 -1.250292
v 1.151761 0.043017 -1.261667
v 1.135326 0.045248 -1.263830
v 0.212660 -0.018651 -3.054447
v 0.184212 -0.069724 -2.969652
v 0.200247 0.024153 -3.014355
v 0.315172 -0.049714 -2.969203
v 0.317988 -0.056603 -2.972185
v 0.282269 -0.004394 -3.068731
v 0.264741 0.046329 -3.020166
v 0.313794 -0.062087 -2.963254
v 0.317988 -0.056603 -2.972185
v 0.282269 -0.004394 -3.068731
v 0.313794 -0.062087 -2.963254
v 0.184212 -0.069724 -2.969652
v 0.212660 -0.018651 -3.054447
v 0.462422 -0.005199 -1.915696
v 0.461764 -0.007306 -1.723287
v 0.486603 0.040360 -1.940532
v 0.500700 0.066599 -1.884196
v 0.570933 -0.004335 -1.804355
v 0.504535 -0.004026 -1.946317
v 0.498083 -0.003996 -1.960101
v 0.500700 0.066599 -1.884196
v 0.570933 -0.004335 -1.804355
v 0.461764 -0.007306 -1.723287
v 1.533776 -0.826030 -6.071697
v 1.708929 -0.787419 -6.057577
v 1.717878 -0.822947 -6.074763
v 1.713018 -0.776618 -6.077361
v 1.721411 -0.822989 -6.087717
v 1.702024 -0.804526 -6.026466
v 1.705008 -0.822810 -6.029613
v 1.612049 -0.825926 -6.226827
v 1.613341 -0.819148 -6.222181
v 1.627276 -0.825518 -6.207493
v 1.626191 -0.751033 -6.175239
v 1.696404 -0.810237 -6.017832
v 1.699776 -0.822839 -6.021933
v 1.683885 -0.822924 -5.998671
v 1.717878 -0.822947 -6.074763
v 1.721411 -0.822989 -6.087717
v 1.705008 -0.822810 -6.029613
v 1.612049 -0.825926 -6.226827
v 1.627276 -0.825518 -6.207493
v 1.699776 -0.822839 -6.021933
v 1.683885 -0.822924 -5.998671
v 1.533776 -0.826030 -6.071697
v 1.472921 0.066032 -3.888004
v 1.506149 0.080171 -3.792816
v 1.434044 -0.000787 -3.825743
v 1.509016 0.033176 -3.941492
v 1.512977 -0.001190 -3.925849
v 1.505430 -0.001482 -3.934450
v 1.541551 0.030191 -3.903050
v 1.627828 0.022434 -3.800582
v 1.624002 0.003114 -3.798676
v 1.613584 0.033340 -3.786180
v 1.613789 0.003106 -3.789042
v 1.518799 0.085495 -3.756764
v 1.535909 0.077142 -3.758621
v 1.468771 0.001365 -3.741611
v 1.455481 0.001163 -3.739569
v 1.502738 0.064191 -3.752411
v 1.591335 0.049949 -3.765065
v 1.580157 0.003042 -3.759357
v 1.474506 0.001451 -3.742508
v 1.545335 0.072527 -3.759683
v 1.512977 -0.001190 -3.925849
v 1.505430 -0.001482 -3.934450
v 1.509016 0.033176 -3.941492
v 1.624002 0.003114 -3.798676
v 1.613789 0.003106 -3.789042
v 1.468771 0.001365 -3.741611
v 1.455481 0.001163 -3.739569
v 1.580157 0.003042 -3.759357
v 1.474506 0.001451 -3.742508
v 1.434044 -0.000787 -3.825743
v 1.472921 0.066032 -3.888004
v 1.836035 -0.038365 -4.087983
v 1.711167 -0.015443 -4.105756
v 1.823970 -0.048370 -4.014073
v 1.717009 -0.013573 -4.124132
v 1.825122 -0.047502 -4.020928
v 1.748584 0.077449 -4.220594
v 1.780076 0.042151 -4.039041
v 1.709832 0.036888 -4.099683
v 1.753784 -0.000671 -4.239786
v 1.752659 0.017009 -4.235607
v 1.851958 -0.008473 -4.224176
v 1.858327 -0.019368 -4.225737
v 1.781464 -0.005674 -4.236079
v 1.749189 0.070610 -4.222748
v 1.797188 0.085105 -4.210479
v 1.851958 -0.008473 -4.224176
v 1.858327 -0.019368 -4.225737
v 1.797188 0.085105 -4.210479
v 1.836035 -0.038365 -4.087983
v 1.823970 -0.048370 -4.014073
v 1.780076 0.042151 -4.039041
v 1.825122 -0.047502 -4.020928
v 1.420430 -0.013888 -4.621148
v 1.535979 -0.013601 -4.801076
v 1.530050 -0.013501 -4.805280
v 1.532634 0.004551 -4.803224
v 1.525900 0.000205 -4.808053
v 1.509344 0.012186 -4.709679
v 1.521740 -0.013972 -4.739278
v 1.487662 0.019063 -4.623715
v 1.494793 -0.014658 -4.624320
v 1.504447 -0.013096 -4.820783
v 1.535979 -0.013601 -4.801076
v 1.530050 -0.013501 -4.805280
v 1.521740 -0.013972 -4.739278
v 1.487662 0.019063 -4.623715
v 1.494793 -0.014658 -4.624320
v 1.504447 -0.013096 -4.820783
v 1.420430 -0.013888 -4.621148
v 1.290457 0.112696 -3.425024
v 1.242843 -0.003213 -3.413258
v 1.172865 -0.005393 -3.480329
v 1.174992 0.016359 -3.472326
v 1.176676 0.030964 -3.466924
v 1.235003 0.037339 -3.410056
v 1.258394 0.115685 -3.427542
v 1.268529 0.118106 -3.418358
v 1.363650 0.001101 -3.456679
v 1.228866 -0.003679 -3.473456
v 1.329189 -0.000148 -3.438989
v 1.250212 -0.002990 -3.415455
v 1.349813 0.040121 -3.444296
v 1.235003 0.037339 -3.410056
v 1.268529 0.118106 -3.418358
v 1.329189 -0.000148 -3.438989
v 1.250212 -0.002990 -3.415455
v 1.242843 -0.003213 -3.413258
v 1.349813 0.040121 -3.444296
v 1.290457 0.112696 -3.425024
v 2.124364 -0.043133 -3.687910
v 2.169316 0.107327 -3.613351
v 2.166392 0.108167 -3.608009
v 2.132287 -0.040814 -3.697976
v 2.223551 0.090928 -3.707803
v 2.158754 -0.030576 -3.726957
v 2.255903 0.063898 -3.665750
v 2.300976 0.026124 -3.606508
v 2.177279 -0.040852 -3.704593
v 2.171793 -0.041945 -3.699585
v 2.292754 0.027324 -3.584852
v 2.289099 0.027959 -3.575803
v 2.140456 -0.047637 -3.673093
v 2.268858 0.031491 -3.525791
v 2.177279 -0.040852 -3.704593
v 2.171793 -0.041945 -3.699585
v 2.140456 -0.047637 -3.673093
v 2.132287 -0.040814 -3.697976
v 2.158754 -0.030576 -3.726957
v 2.124364 -0.043133 -3.687910
v 1.590360 0.008335 -3.499336
v 1.526799 0.062195 -3.527096
v 1.572122 0.015315 -3.503405
v 1.579319 0.007871 -3.499651
v 1.655335 0.010961 -3.503032
v 1.628569 0.063806 -3.615946
v 1.587682 0.083986 -3.534241
v 1.653945 0.011006 -3.497563
v 1.617265 0.006700 -3.645721
v 1.584431 0.004829 -3.672776
v 1.577798 0.011799 -3.684733
v 1.631958 0.043014 -3.664954
v 1.649661 0.053270 -3.658372
v 1.678331 0.010192 -3.594694
v 1.643943 0.049936 -3.660547
v 1.650942 0.008621 -3.617819
v 1.628569 0.063806 -3.615946
v 1.587682 0.083986 -3.534241
v 1.577798 0.011799 -3.684733
v 1.631958 0.043014 -3.664954
v 1.649661 0.053270 -3.658372
v 1.643943 0.049936 -3.660547
v 1.526799 0.062195 -3.527096
v 2.011760 0.023088 -5.334332
v 2.038884 0.054199 -5.297741
v 1.994525 0.132243 -5.448529
v 2.007069 0.017755 -5.340523
v 1.985942 0.147240 -5.477440
v 1.968717 0.110312 -5.487849
v 1.965570 0.103702 -5.489371
v 1.995587 0.005090 -5.354597
v 1.984168 -0.001180 -5.350866
v 1.909902 0.085456 -5.240101
v 2.008891 0.049680 -5.254453
v 1.881704 -0.001742 -5.331984
v 1.998272 0.037539 -5.268666
v 1.879180 -0.009587 -5.340321
v 1.960180 -0.006173 -5.320110
v 1.969254 -0.004398 -5.332062
v 1.888144 -0.005400 -5.376962
v 1.985942 0.147240 -5.477440
v 1.968717 0.110312 -5.487849
v 1.965570 0.103702 -5.489371
v 1.888144 -0.005400 -5.376962
v 1.909902 0.085456 -5.240101
v 1.881704 -0.001742 -5.331984
v 1.879180 -0.009587 -5.340321
v 1.707834 0.029705 -3.605651
v 1.699860 0.032679 -3.604244
v 1.808777 0.126298 -3.562429
v 1.812195 -0.058589 -3.493727
v 1.828923 0.112197 -3.547108
v 1.830955 0.103935 -3.537794
v 1.788151 -0.018645 -3.571250
v 1.814794 0.100761 -3.573797
v 1.825462 0.125923 -3.562576
v 1.773940 0.004797 -3.616631
v 1.803201 -0.059962 -3.479662
v 1.757135 0.001291 -3.418685
v 1.736279 0.000830 -3.417444
v 1.701759 -0.029301 -3.442855
v 1.607295 0.004609 -3.422721
v 1.666592 -0.000533 -3.413502
v 1.626995 -0.006550 -3.416132
v 1.614860 0.010153 -3.423858
v 1.828923 0.112197 -3.547108
v 1.830955 0.103935 -3.537794
v 1.825462 0.125923 -3.562576
v 1.757135 0.001291 -3.418685
v 1.736279 0.000830 -3.417444
v 1.666592 -0.000533 -3.413502
v 1.614860 0.010153 -3.423858
v 1.808777 0.126298 -3.562429
v 1.759914 -0.037239 -3.343814
v 1.735467 -0.020055 -3.390382
v 1.765804 -0.043660 -3.398088
v 1.761765 -0.031809 -3.367101
v 1.765175 -0.038062 -3.345245
v 1.767148 -0.043002 -3.349537
v 1.735467 -0.020055 -3.390382
v 1.765804 -0.043660 -3.398088
v 1.767148 -0.043002 -3.349537
v 1.759914 -0.037239 -3.343814
v 3.201665 -0.018722 -4.389344
v 3.204437 -0.007948 -4.427250
v 3.284936 0.008032 -4.488176
v 3.282721 0.022633 -4.478470
v 3.224142 0.010124 -4.491763
v 3.300257 0.007402 -4.486912
v 3.300451 0.025410 -4.474617
v 3.305548 0.024885 -4.468581
v 3.307584 0.005092 -4.479274
v 3.344263 -0.006595 -4.440597
v 3.353004 0.019837 -4.411783
v 3.365664 -0.020660 -4.392651
v 3.365343 0.014827 -4.383247
v 3.282721 0.022633 -4.478470
v 3.300451 0.025410 -4.474617
v 3.305548 0.024885 -4.468581
v 3.353004 0.019837 -4.411783
v 3.365343 0.014827 -4.383247
v 3.365664 -0.020660 -4.392651
v 3.201665 -0.018722 -4.389344
v 3.204437 -0.007948 -4.427250
v 3.224142 0.010124 -4.491763
v 6.053979 -0.794747 -4.254693
v 6.053225 -0.788363 -4.257803
v 6.055028 -0.794673 -4.191787
v 6.058947 -0.786313 -4.188921
v 6.037785 -0.794910 -4.192552
v 6.094269 -0.777795 -4.185265
v 6.096893 -0.794099 -4.190614
v 6.112989 -0.793878 -4.190432
v 6.112753 -0.773340 -4.183673
v 6.112342 -0.793932 -4.237610
v 6.111901 -0.774162 -4.246676
v 6.058947 -0.786313 -4.188921
v 6.094269 -0.777795 -4.185265
v 6.112753 -0.773340 -4.183673
v 6.111901 -0.774162 -4.246676
v 6.053225 -0.788363 -4.257803
v 6.037785 -0.794910 -4.192552
v 2.094138 0.044865 -3.852406
v 2.058316 0.020140 -3.826597
v 2.057122 0.048573 -3.811642
v 2.059459 -0.005741 -3.840173
v 2.129380 0.041326 -3.891120
v 2.103209 -0.004297 -3.885443
v 2.133910 -0.005569 -3.808042
v 2.124435 -0.005877 -3.798473
v 2.088159 0.040828 -3.795970
v 2.150610 0.033415 -3.852312
v 2.135867 -0.003222 -3.919108
v 2.150095 0.039238 -3.913792
v 2.173109 -0.002989 -3.910047
v 2.173443 0.027089 -3.908649
v 2.181025 -0.004028 -3.856133
v 2.173505 0.033987 -3.908332
v 2.178010 0.030194 -3.877363
v 2.094138 0.044865 -3.852406
v 2.057122 0.048573 -3.811642
v 2.129380 0.041326 -3.891120
v 2.088159 0.040828 -3.795970
v 2.150610 0.033415 -3.852312
v 2.150095 0.039238 -3.913792
v 2.135867 -0.003222 -3.919108
v 2.173109 -0.002989 -3.910047
v 2.173443 0.027089 -3.908649
v 2.173505 0.033987 -3.908332
v 2.178010 0.030194 -3.877363
v 3.218712 0.005414 -4.926020
v 3.203140 0.006049 -4.814685
v 3.163611 0.072094 -4.828592
v 3.174959 0.075535 -4.847690
v 3.173805 0.074403 -4.835389
v 3.181397 0.081722 -4.915856
v 3.128446 0.064065 -4.805112
v 3.053221 0.010878 -4.872812
v 3.076372 0.058659 -4.858116
v 3.135691 0.030483 -4.791033
v 3.113096 0.008994 -4.810291
v 3.140620 0.008127 -4.781718
v 3.045130 0.011132 -4.881279
v 3.052199 0.056153 -4.882771
v 3.053221 0.010878 -4.872812
v 3.113096 0.008994 -4.810291
v 3.140620 0.008127 -4.781718
v 3.045130 0.011132 -4.881279
v 3.052199 0.056153 -4.882771
v 3.181397 0.081722 -4.915856
v 3.218712 0.005414 -4.926020
v 3.203140 0.006049 -4.814685
v 4.836584 0.025534 -3.311631
v 4.842826 0.018193 -3.390282
v 4.867075 -0.012766 -3.279488
v 4.867249 -0.012283 -3.399009
v 4.789781 -0.012646 -3.377874
v 4.776678 -0.012772 -3.358063
v 4.763636 0.007197 -3.346550
v 4.781880 0.007800 -3.374307
v 4.755663 0.006936 -3.334389
v 4.754527 -0.012986 -3.324482
v 4.791817 0.009487 -3.376977
v 4.797090 -0.012611 -3.379918
v 4.867075 -0.012766 -3.279488
v 4.867249 -0.012283 -3.399009
v 4.789781 -0.012646 -3.377874
v 4.776678 -0.012772 -3.358063
v 4.754527 -0.012986 -3.324482
v 4.797090 -0.012611 -3.379918
v 0.645500 0.052522 -3.382558
v 0.691461 -0.034345 -3.405646
v 0.840120 0.063317 -3.343671
v 0.817649 0.069347 -3.408431
v 0.808604 -0.081610 -3.401643
v 0.799374 -0.065278 -3.431224
v 0.750959 0.072609 -3.479414
v 0.756934 0.020836 -3.474325
v 0.738017 -0.034828 -3.446536
v 0.799374 -0.065278 -3.431224
v 0.738017 -0.034828 -3.446536
v 0.840120 0.063317 -3.343671
v 0.808604 -0.081610 -3.401643
v 0.691461 -0.034345 -3.405646
v 0.645500 0.052522 -3.382558
v 1.961591 0.040362 -3.483212
v 1.976394 0.035779 -3.475775
v 2.011330 -0.010747 -3.595739
v 2.005347 -0.012973 -3.599383
v 1.991091 -0.017668 -3.459286
v 2.012240 -0.009816 -3.451343
v 2.031599 -0.002922 -3.544388
v 2.034302 -0.001866 -3.534591
v 2.018571 -0.008007 -3.591311
v 1.875836 -0.012041 -3.659193
v 1.870463 0.056039 -3.584034
v 1.890069 0.036580 -3.633706
v 1.834356 -0.019621 -3.528621
v 1.914926 -0.014246 -3.641887
v 1.885427 -0.014556 -3.655713
v 1.940057 -0.018430 -3.481838
v 1.828850 -0.019452 -3.531101
v 1.858314 0.072193 -3.535066
v 2.011330 -0.010747 -3.595739
v 2.005347 -0.012973 -3.599383
v 2.018571 -0.008007 -3.591311
v 1.875836 -0.012041 -3.659193
v 1.890069 0.036580 -3.633706
v 1.914926 -0.014246 -3.641887
v 1.885427 -0.014556 -3.655713
v 3.117489 -0.072601 -2.969854
v 2.921301 -0.015990 -3.080181
v 3.074246 0.034141 -3.088456
v 2.937433 0.050427 -3.075826
v 2.945040 0.110002 -2.996066
v 2.950934 0.156466 -2.933424
v 3.082052 0.119473 -2.973641
v 3.079829 -0.000570 -3.091833
v 2.902607 -0.014365 -2.869122
v 3.078479 -0.079643 -2.961969
v 2.903928 -0.060356 -3.010188
v 2.934101 0.142311 -2.786325
v 3.107732 0.096940 -2.866724
v 2.902607 -0.014365 -2.869122
v 3.078479 -0.079643 -2.961969
v 2.903928 -0.060356 -3.010188
v 3.074246 0.034141 -3.088456
v 3.082052 0.119473 -2.973641
v 2.934101 0.142311 -2.786325
v 3.107732 0.096940 -2.866724
v 2.921301 -0.015990 -3.080181
v 3.079829 -0.000570 -3.091833
v 2.859575 -0.021366 -3.045814
v 2.908081 -0.061183 -2.951866
v 2.708630 -0.029454 -2.916006
v 2.805770 -0.109668 -3.042562
v 2.708630 -0.029454 -2.916006
v 2.805770 -0.109668 -3.042562
v 2.908081 -0.061183 -2.951866
v 2.859575 -0.021366 -3.045814
v 3.469059 0.008070 -5.294011
v 3.467744 0.005687 -5.286750
v 3.620426 0.029955 -5.326164
v 3.640754 0.032937 -5.331483
v 3.470249 0.008483 -5.299932
v 3.638718 0.033162 -5.343235
v 3.629756 0.030553 -5.405508
v 3.629328 0.033337 -5.399981
v 3.499298 -0.005832 -5.435225
v 3.638892 -0.006484 -5.457950
v 3.495595 0.015309 -5.425215
v 3.592257 0.024239 -5.436775
v 3.583378 0.027801 -5.433762
v 3.633284 0.007699 -5.450733
v 3.469204 -0.004218 -5.290110
v 3.656449 -0.005334 -5.347531
v 3.638892 -0.006484 -5.457950
v 3.633284 0.007699 -5.450733
v 3.656449 -0.005334 -5.347531
v 3.469204 -0.004218 -5.290110
v 3.467744 0.005687 -5.286750
v 3.620426 0.029955 -5.326164
v 3.629756 0.030553 -5.405508
v 3.640754 0.032937 -5.331483
v 3.638718 0.033162 -5.343235
v 3.629328 0.033337 -5.399981
v 1.848600 0.021145 -3.566530
v 1.852509 0.006637 -3.583681
v 1.828487 -0.016853 -3.624845
v 1.802475 -0.016938 -3.636437
v 1.857580 -0.016808 -3.610565
v 1.825490 -0.018202 -3.590601
v 1.828487 -0.016853 -3.624845
v 1.802475 -0.016938 -3.636437
v 1.857580 -0.016808 -3.610565
v 1.825490 -0.018202 -3.590601
v 5.757785 -0.798045 -3.879594
v 5.519833 -0.800623 -3.831903
v 5.411033 -0.610717 -3.848097
v 5.997885 -0.795766 -4.378555
v 5.997152 -0.795692 -4.339835
v 5.733734 -0.429662 -4.080003
v 5.990246 -0.794720 -3.973957
v 6.019792 -0.528162 -4.137180
v 5.983674 -0.515669 -4.129911
v 5.209325 -0.806547 -4.250265
v 5.394731 -0.804385 -4.451194
v 5.213306 -0.641792 -4.325505
v 5.214991 -0.806306 -4.177302
v 5.214602 -0.631812 -4.316451
v 5.257569 -0.309684 -4.024110
v 5.252792 -0.676650 -3.803849
v 5.251464 -0.687193 -3.812333
v 5.236570 -0.804721 -3.908085
v 5.257078 -0.567745 -3.833165
v 5.257045 -0.580791 -3.823683
v 5.230832 -0.805339 -3.978977
v 5.394731 -0.804385 -4.451194
v 5.213306 -0.641792 -4.325505
v 5.214602 -0.631812 -4.316451
v 5.257569 -0.309684 -4.024110
v 5.997885 -0.795766 -4.378555
v 5.997152 -0.795692 -4.339835
v 5.990246 -0.794720 -3.973957
v 5.733734 -0.429662 -4.080003
v 5.983674 -0.515669 -4.129911
v 6.019792 -0.528162 -4.137180
v 4.691412 0.038092 -3.420434
v 4.632424 0.005752 -3.438529
v 4.641461 0.068870 -3.433414
v 4.757885 -0.016376 -3.212944
v 4.579002 -0.042087 -3.416743
v 4.511284 0.140770 -3.350210
v 4.757885 -0.016376 -3.212944
v 4.511284 0.140770 -3.350210
v 4.641461 0.068870 -3.433414
v 4.691412 0.038092 -3.420434
v 5.307997 -0.788026 -2.846138
v 5.364104 -0.784013 -2.878311
v 4.587089 -0.836019 -2.686749
v 4.558136 -0.841042 -2.416797
v 4.615504 -0.670871 -2.621433
v 5.173835 -0.794381 -3.007369
v 4.624230 -0.670355 -2.626325
v 4.624571 -0.833377 -2.707554
v 4.735754 -0.825550 -2.768287
v 5.246013 -0.637140 -2.971220
v 4.558136 -0.841042 -2.416797
v 4.615504 -0.670871 -2.621433
v 4.624230 -0.670355 -2.626325
v 5.246013 -0.637140 -2.971220
v 5.307997 -0.788026 -2.846138
v 5.364104 -0.784013 -2.878311
v 3.054956 0.142111 -3.889243
v 3.470563 0.006666 -4.163163
v 3.451218 -0.003667 -4.151252
v 3.013568 0.156332 -4.090648
v 2.995959 0.162889 -4.088272
v 2.994817 0.194532 -4.104677
v 3.677233 0.118063 -4.290948
v 3.657051 0.276941 -4.368515
v 3.652931 0.180549 -3.791777
v 3.646993 0.195790 -3.670608
v 3.621098 0.377418 -3.665267
v 3.240910 0.406997 -4.299176
v 2.990137 0.359208 -4.190471
v 3.053895 0.494297 -4.042579
v 3.192690 0.510363 -3.601267
v 3.586081 0.166329 -3.610730
v 3.620539 0.378848 -3.655370
v 3.644701 0.201064 -3.627716
v 3.378161 0.043768 -3.550762
v 3.171776 0.225122 -3.545928
v 3.417933 0.067042 -3.562201
v 3.202501 0.089370 -3.527172
v 3.215271 0.084618 -3.528629
v 3.358510 0.032263 -3.545149
v 3.169623 0.196122 -3.540345
v 3.168580 0.180129 -3.537292
v 3.657051 0.276941 -4.368515
v 3.621098 0.377418 -3.665267
v 3.240910 0.406997 -4.299176
v 3.053895 0.494297 -4.042579
v 3.620539 0.378848 -3.655370
v 3.192690 0.510363 -3.601267
v 1.374813 0.295893 -3.476562
v 1.433348 0.208469 -3.673001
v 1.756311 0.576125 -3.224207
v 1.552549 0.153501 -3.692071
v 1.618597 -0.020894 -3.405765
v 1.756743 0.607576 -3.212204
v 1.752018 0.604289 -3.211785
v 1.228274 0.105518 -3.232334
v 1.267739 0.092554 -3.249921
v 1.615960 0.508973 -3.204129
v 1.233255 0.152428 -3.216175
v 1.267247 0.184268 -3.215040
v 1.482801 0.279056 -3.750993
v 1.486309 0.253928 -3.755087
v 1.548660 0.157773 -3.696555
v 1.491214 0.219754 -3.760452
v 1.741733 0.592503 -3.240883
v 1.486219 0.336846 -3.724159
v 1.974843 -0.553894 -7.647816
v 1.315857 -0.417017 -7.804014
v 1.322505 -0.381953 -7.783971
v 1.314804 -0.384624 -7.784619
v 2.149667 -0.777321 -7.779256
v 2.039428 -0.779415 -7.664626
v 2.032849 -0.779540 -7.657876
v 1.295565 -0.388168 -7.765995
v 1.289721 -0.389987 -7.767313
v 1.290239 -0.396815 -7.767854
v 1.331578 -0.474102 -7.766988
v 1.313607 -0.389421 -7.762563
v 1.633747 -0.417740 -7.702232
v 1.998808 -0.395410 -7.786186
v 1.987306 -0.381665 -7.823944
v 2.104622 -0.779787 -8.063569
v 1.614886 -0.791451 -8.040631
v 1.442002 -0.680273 -7.764560
v 1.502344 -0.792809 -7.763403
v 1.995496 -0.427568 -7.696474
v 2.018379 -0.418857 -7.722088
v 1.924197 -0.443645 -7.647468
v 1.978511 -0.433938 -7.677728
v 2.104622 -0.779787 -8.063569
v 1.614886 -0.791451 -8.040631
v 1.502344 -0.792809 -7.763403
v 2.149667 -0.777321 -7.779256
v 2.039428 -0.779415 -7.664626
v 2.032849 -0.779540 -7.657876
v 1.103218 0.067666 -3.644279
v 0.939654 0.198568 -3.227001
v 0.971431 0.287299 -3.266055
v 0.902363 0.113967 -3.212470
v 0.892914 0.092620 -3.208932
v 1.010146 0.395565 -3.313894
v 1.229369 0.218093 -3.349049
v 0.878095 0.285126 -3.565602
v 0.708925 -0.037645 -3.597484
v 0.785398 -0.039255 -3.346621
v 0.925746 -0.016854 -3.185343
v 0.946078 -0.011657 -3.184997
v 0.964152 -0.007025 -3.184838
v 0.982982 -0.002174 -3.184678
v 1.095511 0.031539 -3.239652
v 1.360927 0.111112 -3.369979
v 0.840159 0.253271 -3.637708
v 0.843546 0.206622 -3.692947
v 0.776395 0.142645 -3.667409
v 2.320500 -0.006323 -5.269361
v 1.788810 0.025290 -4.527475
v 2.305277 -0.004489 -5.307131
v 2.297792 -0.004585 -5.305344
v 2.049960 0.300466 -5.170852
v 1.871316 0.438846 -4.735264
v 1.864903 0.406973 -4.719212
v 1.830689 0.235464 -4.632897
v 1.771326 -0.021556 -4.552419
v 2.271019 0.244826 -4.726747
v 2.303396 0.215036 -4.719594
v 1.980165 0.511418 -4.790908
v 2.143880 0.361412 -4.754652
v 1.975093 0.512238 -4.802358
v 1.696133 -0.005712 -5.025627
v 1.697900 -0.006172 -5.014361
v 2.221125 -0.021383 -4.747238
v 2.307821 0.210824 -4.718552
v 2.262590 0.119634 -4.667309
v 1.964097 0.513982 -4.827071
v 1.846348 0.502879 -4.992152
v 1.822557 0.473202 -5.082965
v 1.767986 0.312175 -5.135425
v 1.795412 0.393475 -5.109687
v 1.771326 -0.021556 -4.552419
v 2.221125 -0.021383 -4.747238
v 2.262590 0.119634 -4.667309
v 1.788810 0.025290 -4.527475
v 1.669134 0.543570 -2.456920
v 2.159148 0.306133 -3.064702
v 1.742724 0.291692 -3.074028
v 1.452483 0.226225 -2.557285
v 2.163529 0.300474 -3.065283
v 1.483238 0.096387 -2.588001
v 1.508064 0.292802 -2.471834
v 1.611369 0.416047 -2.313242
v 1.626762 0.434133 -2.289741
v 1.698590 0.308246 -2.278485
v 1.648301 0.396506 -2.286309
v 1.947546 0.024281 -2.901486
v 2.261449 0.129904 -2.956370
v 2.204134 0.270575 -3.045391
v 2.272115 0.079485 -2.924800
v 1.503760 -0.011098 -2.795301
v 1.465657 0.375785 -3.062078
v 1.448315 0.349557 -3.066926
v 1.422632 0.297128 -3.021457
v 2.193902 0.294861 -3.059871
v 2.186436 0.302808 -3.053721
v 2.125704 0.352677 -2.978435
v 2.094802 0.378027 -2.940085
v 1.546121 0.496462 -3.035588
v 1.677708 0.612813 -2.673829
v 1.740279 0.613500 -2.629716
v 1.771976 0.592527 -2.657280
v 1.692716 0.625861 -2.633089
v 1.925173 0.023207 -4.123205
v 1.841805 0.021527 -4.087840
v 1.771898 0.342445 -3.583862
v 2.191305 0.376516 -3.574649
v 2.189531 0.364436 -3.537942
v 1.503466 0.346063 -3.920158
v 1.536166 0.241837 -3.941962
v 1.550466 0.196147 -3.951322
v 2.342497 0.116799 -3.548655
v 2.245622 0.098428 -4.251654
v 2.261926 0.101658 -4.193470
v 2.284761 0.106370 -4.111408
v 2.410183 0.133108 -3.658087
v 1.493768 0.357078 -3.882936
v 1.891402 0.012537 -3.671010
v 1.676521 -0.010170 -3.925709
v 1.555198 0.171195 -3.939217
v 1.719429 -0.026065 -3.888546
v 1.691866 -0.015945 -3.912480
v 1.799423 -0.008254 -3.787413
v 1.479282 0.417652 -3.895543
v 1.480060 0.420585 -3.904428
v 1.889344 0.509631 -4.069415
v 1.684895 0.465208 -3.987179
v 2.223002 0.358173 -3.535621
v 2.185024 0.080059 -3.528144
v 2.204070 0.084479 -3.526192
v 2.224103 0.352380 -3.533672
v 2.309860 0.109035 -3.515556
v 2.297370 0.165186 -3.518942
v 2.412835 0.133675 -3.648473
v 1.988606 0.034468 -3.548463
v 1.476846 0.408360 -3.867552
v 1.394137 0.004555 -3.904648
v 1.402258 -0.002567 -3.906252
v 1.388189 -0.002874 -3.903764
v 1.385685 -0.003208 -3.924927
v 1.388189 -0.002874 -3.903764
v 1.385685 -0.003208 -3.924927
v 1.402258 -0.002567 -3.906252
v 1.394137 0.004555 -3.904648
v 2.513029 0.188733 -3.812050
v 2.643712 0.138202 -4.009483
v 2.222747 0.039761 -4.466955
v 2.396134 0.546412 -4.383764
v 2.445613 0.498935 -4.559990
v 2.128683 0.607680 -3.455217
v 2.157712 0.637475 -3.360565
v 2.187892 0.640830 -3.410277
v 2.032797 0.508990 -3.769360
v 2.364316 0.659875 -3.703294
v 2.407065 0.664453 -3.774470
v 2.737422 0.487382 -4.263365
v 2.701896 0.506599 -4.210840
v 2.383698 0.420216 -4.583076
v 2.042428 0.371598 -4.029927
v 2.044041 0.349499 -4.071955
v 2.241418 0.270983 -4.580205
v 2.643517 0.537965 -4.124465
v 2.054339 0.214447 -4.328272
v 2.054629 0.211485 -4.334013
v 2.140653 0.164577 -4.577791
v 2.494317 -0.022568 -4.253458
v 2.420081 -0.015258 -4.331203
v 2.525463 -0.025542 -4.220886
v 2.721394 0.281419 -4.177731
v 2.709823 0.135155 -4.116640
v 2.672627 0.081516 -4.127134
v 2.594175 0.011403 -4.170636
v 2.397393 0.268781 -4.494925
v 2.550146 -0.027842 -4.195100
v 2.393992 0.308994 -4.518206
v 2.732582 0.424448 -4.237293
v 2.383698 0.420216 -4.583076
v 2.241418 0.270983 -4.580205
v 2.140653 0.164577 -4.577791
v 2.420081 -0.015258 -4.331203
v 2.397393 0.268781 -4.494925
v 2.393992 0.308994 -4.518206
v 2.222747 0.039761 -4.466955
v 2.913674 0.484669 -5.579739
v 3.082106 0.461462 -5.662408
v 3.005398 0.002776 -6.021819
v 3.070879 0.460881 -5.862192
v 3.020607 0.464036 -6.143717
v 2.866328 0.484938 -6.118218
v 3.092499 0.459378 -5.741055
v 2.836800 0.488874 -6.113321
v 3.099680 0.458777 -5.700774
v 3.101064 0.364163 -5.650678
v 3.088812 0.033476 -5.570800
v 2.845936 0.029221 -5.444087
v 2.851449 0.026532 -5.446348
v 3.088259 0.018673 -5.567246
v 2.563617 0.171397 -5.329282
v 2.317776 0.295729 -5.229428
v 1.956942 0.031112 -5.658680
v 1.954026 0.042386 -5.644270
v 1.917373 0.191929 -5.460607
v 2.039246 0.248190 -5.891642
v 1.938415 0.105873 -5.566114
v 2.001836 0.024187 -5.826434
v 2.291504 0.289047 -5.244431
v 3.020607 0.464036 -6.143717
v 2.866328 0.484938 -6.118218
v 3.070879 0.460881 -5.862192
v 2.836800 0.488874 -6.113321
v 3.092499 0.459378 -5.741055
v 3.099680 0.458777 -5.700774
v 3.101064 0.364163 -5.650678
v 3.088812 0.033476 -5.570800
v 3.088259 0.018673 -5.567246
v 2.039246 0.248190 -5.891642
v 2.001836 0.024187 -5.826434
v 3.005398 0.002776 -6.021819
v 4.345591 0.143513 -5.131255
v 4.384251 -0.006797 -4.538391
v 4.533170 0.034817 -4.648466
v 4.387054 0.032996 -5.112096
v 4.408918 0.033858 -5.052855
v 4.214946 -0.009809 -5.050781
v 3.529118 -0.001154 -4.179051
v 3.520902 -0.001134 -4.180884
v 3.858416 -0.007710 -4.949252
v 4.528702 0.039142 -4.727837
v 3.962616 -0.001984 -4.082675
v 4.335538 0.193957 -4.247628
v 3.886192 -0.001868 -4.099623
v 4.543048 0.039809 -4.688877
v 4.470756 0.265201 -4.307691
v 4.492951 0.328568 -4.382681
v 4.522561 0.317017 -4.513391
v 4.477091 0.283074 -4.328825
v 4.537052 0.122186 -4.636483
v 4.387054 0.032996 -5.112096
v 4.408918 0.033858 -5.052855
v 4.214946 -0.009809 -5.050781
v 3.858416 -0.007710 -4.949252
v 3.520902 -0.001134 -4.180884
v 4.528702 0.039142 -4.727837
v 4.543048 0.039809 -4.688877
v 4.522561 0.317017 -4.513391
v 4.537052 0.122186 -4.636483
v 4.492951 0.328568 -4.382681
v 2.352162 0.026160 -3.232373
v 2.356954 -0.016233 -3.240832
v 2.348062 -0.014028 -3.217778
v 2.234941 0.039232 -2.760376
v 3.411135 0.483078 -2.960632
v 2.168905 0.033170 -2.753596
v 2.151203 0.735099 -2.774922
v 2.290834 0.564911 -3.123858
v 2.305164 0.567155 -3.127209
v 2.524346 0.830803 -2.800828
v 2.815569 0.072569 -2.960736
v 2.955680 0.073047 -3.061580
v 2.585603 0.071646 -2.796235
v 2.035937 0.468139 -2.447582
v 2.035854 0.486993 -2.449182
v 2.062329 0.486235 -2.440045
v 3.025399 0.699240 -2.457468
v 3.359089 0.836040 -2.555103
v 2.786431 0.363752 -3.287633
v 2.407077 0.570563 -3.153198
v 2.535337 0.833610 -2.801575
v 2.389010 0.580093 -3.146851
v 2.533031 -0.003640 -3.284536
v 2.591336 0.081045 -3.285313
v 2.883542 0.059844 -3.099586
v 2.583545 0.005324 -3.257803
v 2.151203 0.735099 -2.774922
v 2.524346 0.830803 -2.800828
v 2.035854 0.486993 -2.449182
v 2.062329 0.486235 -2.440045
v 2.035937 0.468139 -2.447582
v 3.025399 0.699240 -2.457468
v 3.359089 0.836040 -2.555103
v 2.585603 0.071646 -2.796235
v 2.535337 0.833610 -2.801575
v 2.234941 0.039232 -2.760376
v 2.168905 0.033170 -2.753596
v 2.333478 -0.012946 -2.197880
v 2.316977 -0.012408 -2.183330
v 2.392066 -0.013460 -2.248266
v 2.284653 0.030358 -2.116747
v 2.475014 0.255061 -2.073786
v 2.541429 -0.014405 -2.376382
v 2.475468 -0.013989 -2.453995
v 2.185941 0.310736 -2.337718
v 2.244351 -0.011940 -2.338701
v 2.260963 -0.012427 -2.346958
v 2.351819 -0.013207 -2.392284
v 2.117071 0.091361 -2.284135
v 2.475014 0.255061 -2.073786
v 2.185941 0.310736 -2.337718
v 2.117071 0.091361 -2.284135
v 2.284653 0.030358 -2.116747
v 2.369222 -0.172328 -4.848629
v 2.347349 -0.153782 -4.848641
v 2.912670 -0.059012 -4.568190
v 2.333649 -0.142134 -4.848633
v 2.323078 0.008777 -4.772543
v 2.332094 -0.120543 -4.837766
v 2.353512 0.106444 -4.706336
v 2.665538 0.251603 -4.486510
v 2.878146 0.024724 -4.511373
v 2.698666 0.276420 -4.537632
v 2.775582 0.205932 -4.460910
v 2.665496 0.270295 -4.634678
v 2.781641 -0.172206 -4.660863
v 2.892514 -0.145926 -4.596316
v 2.612692 0.245231 -4.667924
v 2.392911 -0.168097 -4.866463
v 2.455628 -0.245369 -4.848460
v 2.365575 -0.134285 -4.874283
v 2.364713 0.127363 -4.822937
v 2.345277 0.067125 -4.845184
v 2.344367 -0.046219 -4.868107
v 2.343968 -0.107480 -4.880449
v 2.934379 -0.074956 -4.539217
v 2.878146 0.024724 -4.511373
v 2.775582 0.205932 -4.460910
v 2.698666 0.276420 -4.537632
v 2.781641 -0.172206 -4.660863
v 2.892514 -0.145926 -4.596316
v 2.455628 -0.245369 -4.848460
v 2.934379 -0.074956 -4.539217
v 2.369222 -0.172328 -4.848629
v 2.347349 -0.153782 -4.848641
v 2.333649 -0.142134 -4.848633
v 2.323078 0.008777 -4.772543
v 2.332094 -0.120543 -4.837766
v 2.353512 0.106444 -4.706336
v 2.665538 0.251603 -4.486510
v 3.185124 -0.000336 -4.628515
v 3.519841 0.061724 -4.885088
v 3.391836 -0.040992 -4.821768
v 3.198129 -0.034332 -4.697906
v 3.197073 0.022124 -4.687631
v 3.486496 0.129789 -4.852685
v 3.445436 -0.042692 -4.855784
v 3.521091 0.142620 -4.872303
v 3.453800 -0.042930 -4.861041
v 3.604342 0.096105 -4.694819
v 3.598202 0.099566 -4.707996
v 3.538114 -0.011656 -4.852744
v 3.535772 -0.015407 -4.858222
v 3.197073 0.022124 -4.687631
v 3.486496 0.129789 -4.852685
v 3.521091 0.142620 -4.872303
v 3.604342 0.096105 -4.694819
v 3.598202 0.099566 -4.707996
v 3.185124 -0.000336 -4.628515
v 2.502216 0.080058 -3.499639
v 2.765835 0.324313 -3.756600
v 2.727633 0.426360 -3.762949
v 2.702757 0.407424 -3.740319
v 2.865472 0.425070 -3.695828
v 3.119159 0.272748 -3.300921
v 3.184117 0.184820 -3.358468
v 3.140364 0.159544 -3.593866
v 2.470324 0.171736 -3.507397
v 2.854559 0.089328 -3.741822
v 2.637068 0.026021 -3.574000
v 2.567110 0.303119 -3.615021
v 2.447574 0.140838 -3.481998
v 2.616007 0.019877 -3.557701
v 2.448302 0.128643 -3.396036
v 2.642311 0.015043 -3.536710
v 2.457623 0.134329 -3.360552
v 2.486377 0.129071 -3.337508
v 2.654483 0.012845 -3.527124
v 2.540741 0.119348 -3.294335
v 3.211747 0.147254 -3.383015
v 3.148992 0.151168 -3.590678
v 3.160141 0.062826 -3.595984
v 3.199331 0.030243 -3.480810
v 3.213529 0.041449 -3.428007
v 3.213782 0.018092 -3.437888
v 2.635934 0.102503 -3.219066
v 2.879595 -0.027477 -3.350941
v 2.854559 0.089328 -3.741822
v 2.637068 0.026021 -3.574000
v 2.616007 0.019877 -3.557701
v 2.642311 0.015043 -3.536710
v 2.654483 0.012845 -3.527124
v 3.160141 0.062826 -3.595984
v 3.199331 0.030243 -3.480810
v 3.213782 0.018092 -3.437888
v 2.879595 -0.027477 -3.350941
v 2.842860 0.055813 -3.998287
v 2.865577 -0.008444 -3.650954
v 2.760398 -0.024071 -3.565982
v 2.815932 -0.067451 -3.630174
v 2.733354 -0.003158 -3.571075
v 2.915996 0.055608 -3.752810
v 2.905685 0.082725 -3.775440
v 2.877218 0.104959 -3.781041
v 2.728522 0.220765 -3.811213
v 2.496221 0.180200 -3.617753
v 2.804455 -0.060848 -4.020926
v 2.841938 -0.016453 -4.033339
v 2.913532 0.053234 -3.762132
v 2.760398 -0.024071 -3.565982
v 2.815932 -0.067451 -3.630174
v 2.733354 -0.003158 -3.571075
v 2.496221 0.180200 -3.617753
v 2.804455 -0.060848 -4.020926
v 2.205622 -0.012289 -3.403339
v 2.116287 0.064989 -3.124384
v 2.223159 0.213359 -3.296081
v 2.150767 0.144005 -3.107914
v 2.230798 0.231923 -3.289990
v 2.078551 -0.022291 -3.142466
v 2.123320 -0.017003 -3.342645
v 2.135895 -0.001451 -3.367147
v 2.214596 -0.016839 -3.099142
v 2.327209 -0.008825 -3.278207
v 2.379380 0.092473 -3.426227
v 2.472874 0.001789 -3.509992
v 2.475881 0.002009 -3.514827
v 2.488186 0.199364 -2.742016
v 2.463964 0.196731 -2.747447
v 2.528529 0.203718 -2.732981
v 2.717843 0.070421 -2.546459
v 2.733632 -0.020176 -2.699601
v 2.742663 0.033191 -2.563934
v 2.416663 0.018147 -2.766913
v 2.550034 -0.018064 -2.739602
v 2.433768 -0.014767 -2.558939
v 2.360468 0.009495 -2.605537
v 2.637811 -0.019575 -2.720503
v 2.453990 -0.015100 -2.552053
v 2.729728 -0.020880 -2.675477
v 2.618381 -0.017612 -2.496254
v 2.704936 -0.019069 -2.499047
v 2.684335 -0.018527 -2.473853
v 2.416663 0.018147 -2.766913
v 2.360468 0.009495 -2.605537
v 2.463964 0.196731 -2.747447
v 5.553217 -0.771467 -5.918329
v 5.717033 -0.411195 -5.737549
v 5.911654 -0.836619 -5.601512
v 5.985340 -0.654148 -5.602501
v 5.888200 -0.798057 -5.534252
v 5.993572 -0.641937 -5.608293
v 5.953841 -0.836566 -5.674629
v 5.914917 -0.837709 -5.699872
v 5.773170 -0.838653 -5.519019
v 5.801080 -0.838035 -5.518051
v 5.632822 -0.842700 -5.848610
v 5.746569 -0.840811 -5.808660
v 5.502277 -0.843620 -5.690357
v 5.510914 -0.844295 -5.820971
v 5.515568 -0.844444 -5.889909
v 5.491489 -0.842758 -5.529864
v 5.985340 -0.654148 -5.602501
v 5.888200 -0.798057 -5.534252
v 5.993572 -0.641937 -5.608293
v 5.773170 -0.838653 -5.519019
v 5.801080 -0.838035 -5.518051
v 5.491489 -0.842758 -5.529864
v 5.717033 -0.411195 -5.737549
v 2.401459 0.134404 -5.061822
v 2.368727 0.038586 -5.010266
v 2.469492 0.027816 -5.012742
v 2.503417 0.084057 -5.044168
v 2.438381 -0.012585 -5.074183
v 2.440539 -0.014138 -5.034748
v 2.410455 -0.013970 -5.035546
v 2.427992 -0.004939 -5.265615
v 2.471785 0.068585 -5.313712
v 2.275287 -0.007754 -5.174355
v 2.330372 0.148324 -5.254029
v 2.328191 -0.013452 -5.037697
v 2.275287 -0.007754 -5.174355
v 2.330372 0.148324 -5.254029
v 2.471785 0.068585 -5.313712
v 2.328191 -0.013452 -5.037697
v 2.503417 0.084057 -5.044168
v 2.401459 0.134404 -5.061822
v 2.368727 0.038586 -5.010266
v 2.098768 -0.769358 -7.134479
v 1.996055 -0.802871 -7.253764
v 2.039703 -0.834094 -7.464823
v 2.198090 -0.786433 -7.516613
v 2.199968 -0.786167 -7.527040
v 1.965943 -0.712675 -7.496749
v 2.029808 -0.633176 -7.544587
v 2.125271 -0.794813 -7.122916
v 2.015602 -0.833845 -7.252115
v 2.039703 -0.834094 -7.464823
v 1.965943 -0.712675 -7.496749
v 2.015602 -0.833845 -7.252115
v 1.996055 -0.802871 -7.253764
v 3.140211 -0.752325 -6.594357
v 3.254758 -0.844696 -6.542372
v 3.274203 -0.485181 -6.662360
v 3.448187 -0.600858 -6.899976
v 3.420566 -0.833690 -6.868805
v 3.382948 -0.830662 -6.899235
v 3.480112 -0.780038 -6.836802
v 3.392391 -0.800153 -6.900243
v 3.604795 -0.728701 -6.636721
v 3.566292 -0.769765 -6.643542
v 3.501218 -0.657405 -6.544145
v 3.493184 -0.847651 -6.656668
v 3.416378 -0.599004 -6.468411
v 3.480428 -0.845314 -6.693680
v 3.149867 -0.836302 -6.632543
v 3.160761 -0.836071 -6.645018
v 3.168267 -0.840230 -6.568105
v 3.435410 -0.659159 -6.904133
v 3.572199 -0.697363 -6.786635
v 3.453995 -0.604912 -6.904035
v 3.398123 -0.585421 -6.472555
v 3.361176 -0.557908 -6.481372
v 3.233144 -0.685962 -6.532747
v 3.151535 -0.767313 -6.565743
v 3.604795 -0.728701 -6.636721
v 3.501218 -0.657405 -6.544145
v 3.416378 -0.599004 -6.468411
v 3.572199 -0.697363 -6.786635
v 3.453995 -0.604912 -6.904035
v 3.398123 -0.585421 -6.472555
v 3.361176 -0.557908 -6.481372
v 3.233144 -0.685962 -6.532747
v 3.151535 -0.767313 -6.565743
v 3.140211 -0.752325 -6.594357
v 3.274203 -0.485181 -6.662360
v 3.448187 -0.600858 -6.899976
v 2.808635 0.038308 -4.500817
v 3.010643 0.113401 -4.580256
v 3.008667 0.110186 -4.584769
v 2.806693 0.025889 -4.524997
v 2.808597 0.024291 -4.500884
v 2.803573 0.035973 -4.499793
v 2.811816 0.017266 -4.501582
v 2.809571 0.017523 -4.545563
v 2.863191 0.016124 -4.610092
v 2.842624 0.016332 -4.507918
v 2.973336 0.012640 -4.534825
v 2.951568 0.013963 -4.716128
v 3.042492 0.010699 -4.552234
v 2.951568 0.013963 -4.716128
v 3.042492 0.010699 -4.552234
v 3.010643 0.113401 -4.580256
v 3.008667 0.110186 -4.584769
v 3.901805 -0.715119 -8.007726
v 4.004762 -0.477454 -7.957839
v 3.996262 -0.481490 -7.969657
v 3.924194 -0.517369 -8.075732
v 3.849949 -0.752215 -8.077950
v 3.806124 -0.686172 -8.189992
v 3.852148 -0.755470 -8.072568
v 3.926758 -0.809128 -8.116094
v 4.196468 -0.732997 -7.940314
v 4.203788 -0.747242 -7.955660
v 3.988643 -0.803594 -8.090480
v 4.162576 -0.453238 -7.917900
v 4.116008 -0.460370 -7.929636
v 3.751693 -0.603659 -8.331093
v 4.222103 -0.782715 -7.994097
v 3.929315 -0.678204 -8.646573
v 4.061608 -0.792042 -8.649345
v 4.271007 -0.773067 -8.591995
v 4.320471 -0.613310 -8.530335
v 4.389905 -0.588956 -8.464266
v 4.406391 -0.761550 -8.466859
v 4.196468 -0.732997 -7.940314
v 4.203788 -0.747242 -7.955660
v 3.926758 -0.809128 -8.116094
v 3.988643 -0.803594 -8.090480
v 4.162576 -0.453238 -7.917900
v 4.222103 -0.782715 -7.994097
v 4.061608 -0.792042 -8.649345
v 4.271007 -0.773067 -8.591995
v 4.406391 -0.761550 -8.466859
v 4.389905 -0.588956 -8.464266
v 3.063415 0.326639 -4.386443
v 2.925242 0.016701 -4.202803
v 3.035782 0.014191 -4.224424
v 3.014048 0.014974 -4.195813
v 3.055570 0.013526 -4.250493
v 2.991130 0.013143 -4.428502
v 2.910110 0.019329 -4.583839
v 2.934931 0.012905 -4.583790
v 2.933581 0.017751 -4.589965
v 2.892432 0.013958 -4.570220
v 2.931421 0.025590 -4.599886
v 2.744870 0.018814 -4.395483
v 2.770085 0.124621 -4.295944
v 2.894784 0.199223 -4.110942
v 2.825185 0.354184 -4.080431
v 2.747366 0.029619 -4.385229
v 2.950308 0.075932 -4.135417
v 2.952861 0.070285 -4.136551
v 2.984414 -0.002351 -3.777722
v 3.258229 -0.003170 -3.643330
v 3.281366 -0.001900 -3.681494
v 3.145882 -0.000130 -3.803301
v 3.246272 -0.003795 -3.623592
v 3.052036 0.001138 -3.887621
v 2.981223 -0.000100 -3.866181
v 2.933064 0.064653 -3.805934
v 2.989028 0.140621 -3.770679
v 3.258861 0.068491 -3.613972
v 3.281366 -0.001900 -3.681494
v 3.145882 -0.000130 -3.803301
v 3.258229 -0.003170 -3.643330
v 3.052036 0.001138 -3.887621
v 3.246272 -0.003795 -3.623592
v 3.258861 0.068491 -3.613972
v 2.989028 0.140621 -3.770679
v 1.635134 0.016941 -5.142645
v 1.681196 0.123048 -5.123887
v 1.296179 0.278906 -5.279952
v 1.635485 -0.011647 -4.979982
v 1.451272 0.005375 -5.132338
v 1.623420 -0.014112 -5.125077
v 1.628454 -0.013094 -5.064962
v 1.686245 0.000232 -4.374421
v 1.619989 0.008030 -4.372213
v 1.358779 0.016053 -5.136354
v 1.418986 0.758230 -4.847498
v 1.860183 0.535741 -5.050411
v 1.298897 0.328354 -5.278753
v 1.294953 0.331759 -5.275536
v 1.906586 0.629169 -4.955891
v 1.692139 0.148249 -5.119395
v 1.293709 0.320577 -5.280875
v 1.830306 0.333817 -4.323031
v 1.840647 0.357767 -4.319369
v 1.771670 0.380944 -4.314628
v 1.621253 0.431513 -4.304347
v 1.619989 0.008030 -4.372213
v 1.358779 0.016053 -5.136354
v 1.296179 0.278906 -5.279952
v 1.418986 0.758230 -4.847498
v 1.294953 0.331759 -5.275536
v 1.298897 0.328354 -5.278753
v 1.293709 0.320577 -5.280875
v 1.621253 0.431513 -4.304347
v 0.903179 0.064387 -4.109746
v 0.874745 -0.006879 -4.074941
v 1.145344 -0.007907 -3.711671
v 1.162017 0.014879 -3.712652
v 1.089042 -0.008808 -3.694961
v 1.098919 0.051470 -3.687298
v 1.077394 -0.008994 -3.691549
v 1.094181 0.054213 -3.685416
v 0.716344 0.218495 -3.806716
v 0.702766 -0.012172 -3.813581
v 1.162017 0.014879 -3.712652
v 1.098919 0.051470 -3.687298
v 1.094181 0.054213 -3.685416
v 0.716344 0.218495 -3.806716
v 0.903179 0.064387 -4.109746
v 1.330336 0.084882 -4.068314
v 1.490443 -0.003561 -4.086497
v 1.502726 0.000528 -3.623793
v 1.459506 0.029545 -3.399434
v 1.462613 0.002143 -3.404612
v 1.397533 0.063824 -3.390445
v 1.379193 0.001590 -3.401109
v 0.970779 -0.007290 -4.096941
v 1.053404 0.237792 -4.036879
v 1.080792 0.224007 -3.985442
v 1.462613 0.002143 -3.404612
v 1.379193 0.001590 -3.401109
v 0.970779 -0.007290 -4.096941
v 1.490443 -0.003561 -4.086497
v 1.502726 0.000528 -3.623793
v 1.214325 0.026034 -5.393353
v 1.046643 0.009125 -4.909565
v 1.317307 -0.006975 -4.764829
v 1.179994 -0.007249 -4.831925
v 1.108327 -0.003210 -5.101235
v 1.039546 -0.007524 -4.900763
v 1.136159 -0.001465 -5.182317
v 1.227151 0.002839 -5.368904
v 1.350881 -0.006743 -4.748546
v 1.229707 0.002978 -5.374183
v 1.219208 0.046915 -5.392391
v 1.226588 0.010525 -5.384193
v 1.214971 0.402556 -5.117267
v 1.249949 0.297268 -5.022343
v 1.136159 -0.001465 -5.182317
v 1.227151 0.002839 -5.368904
v 1.229707 0.002978 -5.374183
v 1.219208 0.046915 -5.392391
v 1.226588 0.010525 -5.384193
v 1.214325 0.026034 -5.393353
v 1.460445 -0.866664 -6.290715
v 1.801248 -0.518716 -6.404091
v 1.726993 -0.774739 -6.312049
v 1.179372 -0.363885 -6.492310
v 1.820081 -0.453625 -6.427495
v 1.206374 -0.881079 -6.285664
v 1.170339 -0.301902 -6.289800
v 1.472073 -0.323496 -6.190029
v 1.650772 -0.476786 -6.133292
v 1.215691 -0.918930 -6.283135
v 1.208401 -0.913651 -6.285463
v 1.659792 -0.337036 -6.128311
v 1.657993 -0.517301 -6.152028
v 1.657019 -0.512043 -6.149532
v 1.221693 -0.917799 -6.283264
v 1.247745 -0.912627 -6.283925
v 1.682667 -0.647946 -6.214887
v 1.484344 -0.859442 -6.287994
v 1.708798 -0.787323 -6.281925
v 1.441033 -0.873352 -6.289163
v 1.206374 -0.881079 -6.285664
v 1.170339 -0.301902 -6.289800
v 1.208401 -0.913651 -6.285463
v 1.215691 -0.918930 -6.283135
v 1.221693 -0.917799 -6.283264
v 1.247745 -0.912627 -6.283925
v 1.441033 -0.873352 -6.289163
v 1.801248 -0.518716 -6.404091
v 1.726993 -0.774739 -6.312049
v 1.179372 -0.363885 -6.492310
v 1.820081 -0.453625 -6.427495
v 1.460445 -0.866664 -6.290715
v 0.723076 0.008762 -3.022021
v 0.766584 -0.007707 -3.007730
v 0.511503 0.041535 -2.597696
v 0.402996 -0.006030 -2.911711
v 0.400647 -0.018997 -2.890525
v 0.410080 0.032449 -2.973959
v 0.607812 0.047357 -3.051149
v 0.619375 0.048235 -3.055661
v 0.478201 0.173399 -2.964729
v 0.852453 -0.003483 -2.909221
v 0.880423 0.069046 -2.740927
v 0.862047 -0.000914 -2.730289
v 0.574866 -0.009539 -2.619446
v 0.453731 -0.000580 -2.641137
v 0.476535 -0.013285 -2.644914
v 0.481457 0.043845 -2.603013
v 0.445036 -0.014485 -2.653107
v 0.629366 0.252688 -2.653763
v 0.577914 0.273213 -2.668656
v 1.524241 0.001168 -2.321717
v 1.521486 0.137247 -2.299774
v 1.673086 0.015313 -1.876101
v 1.583449 -0.009541 -1.898926
v 1.526634 0.154397 -2.257540
v 1.540942 0.156915 -2.280143
v 1.583371 0.040130 -1.885213
v 1.789662 0.044961 -2.093883
v 1.574588 0.057676 -1.942186
v 1.810868 -0.006743 -2.085507
v 1.679265 -0.011107 -1.864118
v 1.588702 -0.010466 -1.862098
v 1.350407 0.010332 -2.606263
v 1.275162 -0.033611 -2.562059
v 1.236595 0.112610 -2.748389
v 1.174407 0.071459 -2.359764
v 1.115180 0.056492 -2.739932
v 1.107325 0.051377 -2.734384
v 1.096324 0.056678 -2.727441
v 1.122130 0.121992 -2.748883
v 1.162850 0.088184 -2.773643
v 1.169033 0.099705 -2.778507
v 1.142551 0.029497 -2.424762
v 1.194315 0.212967 -2.591869
v 1.241540 0.271881 -2.490126
v 1.381086 0.074791 -2.489352
v 1.518472 0.143476 -2.605208
v 1.343312 0.234497 -2.536656
v 1.524346 0.167851 -2.619664
v 1.232127 -0.007805 -2.388005
v 1.228659 -0.013225 -2.395881
v 1.239904 0.004245 -2.370641
v 1.248808 0.008687 -2.378086
v 1.284278 0.026333 -2.407886
v 0.917580 -0.000056 -2.693465
v 1.003197 0.041045 -2.703232
v 0.985278 0.013880 -2.620003
v 0.982512 0.018154 -2.613086
v 0.887533 0.040800 -2.629729
v 0.992634 0.002706 -2.638522
v 0.896390 0.076653 -2.756129
v 0.913682 0.026954 -2.733974
v 0.921524 0.004512 -2.723962
v 0.931114 0.005274 -2.720438
v 1.006098 0.011631 -2.693008
v 1.302998 -0.014343 -2.837695
v 1.317538 -0.000986 -2.745651
v 1.321061 0.002253 -2.722712
v 1.288646 -0.011378 -2.854313
v 1.291674 -0.024512 -2.853096
v 1.295157 -0.021429 -2.859138
v 1.235507 0.015672 -2.791489
v 1.241706 0.021318 -2.802507
v 1.248388 0.016737 -2.809919
v 1.268263 -0.045230 -2.811743
v 1.266278 -0.046242 -2.628726
v 0.665142 0.001657 -4.034490
v 0.783966 -0.005122 -4.087802
v 0.816021 0.000607 -4.099082
v 0.772224 0.167284 -4.014413
v 0.767348 0.185837 -4.004977
v 0.787129 0.091923 -3.977809
v 0.818033 -0.007068 -4.102978
v 0.808197 -0.008737 -3.948767
v -0.709485 -0.101223 6.999264
v -0.624605 0.016742 6.955548
v -0.709108 -0.097191 6.993838
v -0.546496 -0.105031 6.927295
v -0.506181 -0.125796 6.982155
v -0.621244 -0.037098 6.874142
v -0.585481 0.019723 7.046935
v -0.708157 -0.066040 7.002959
v -0.705092 -0.046610 6.949176
v -0.708680 -0.069557 7.012775
v -0.489175 -0.157216 6.968173
v -0.704940 -0.054977 6.936917
v -0.546496 -0.105031 6.927295
v -0.621244 -0.037098 6.874142
v -0.489175 -0.157216 6.968173
v -0.704940 -0.054977 6.936917
v -0.709485 -0.101223 6.999264
v -0.709108 -0.097191 6.993838
v -1.569970 0.211323 1.153355
v -1.383235 0.166999 0.914236
v -1.653952 -0.005987 1.018370
v -1.141908 -0.013213 0.803485
v -1.425381 -0.015831 1.100042
v -1.561647 -0.011227 0.959665
v -1.441619 -0.011330 0.885751
v -1.620616 -0.012525 1.076855
v -1.649600 -0.011161 1.026221
v -1.652139 -0.010925 1.015471
v -1.531505 0.047752 1.229331
v -1.550511 0.034904 1.196829
v -1.525718 0.052157 1.239199
v -1.100631 0.069638 0.718030
v -1.072047 0.047983 0.761631
v -1.228135 -0.011206 0.754303
v -1.106086 0.073718 0.709777
v -1.227396 0.087471 0.945601
v -1.095894 0.054016 0.790028
v -1.436862 0.140978 1.192243
v -1.445856 0.143285 1.202780
v -1.504204 0.158148 1.271073
v -1.124310 -0.082495 1.335247
v -1.052619 -0.083209 1.331931
v -1.147568 -0.042408 1.367647
v -1.259057 -0.081018 1.341261
v -1.365921 0.015858 1.193760
v -1.377117 0.026303 1.177837
v -1.119823 -0.033064 1.374005
v -1.008840 -0.067077 1.342983
v -1.090952 -0.041907 1.366003
v -1.119891 -0.040714 1.268495
v -1.259057 -0.081018 1.341261
v -1.365921 0.015858 1.193760
v -1.377117 0.026303 1.177837
v -1.119891 -0.040714 1.268495
v -1.124310 -0.082495 1.335247
v -1.052619 -0.083209 1.331931
v -2.100249 0.210840 0.612148
v -2.465105 0.291132 0.700837
v -2.504009 0.261812 0.650265
v -2.303238 -0.005217 0.248329
v -2.472481 0.002033 0.581217
v -2.855420 -0.003222 0.193156
v -2.736177 0.000847 0.442192
v -2.655830 0.003581 0.609565
v -2.279618 -0.005281 0.250724
v -2.183477 -0.000182 0.536608
v -2.303238 -0.005217 0.248329
v -2.855420 -0.003222 0.193156
v -2.279618 -0.005281 0.250724
v -2.183477 -0.000182 0.536608
v -2.465105 0.291132 0.700837
v -2.504009 0.261812 0.650265
v -2.100249 0.210840 0.612148
v -2.469661 0.021783 1.095404
v -2.448884 0.027614 1.298479
v -3.023928 0.067547 1.026158
v -2.730879 0.149370 0.753112
v -2.696136 0.175724 1.260300
v -2.340112 0.104965 1.356093
v -2.512952 0.096993 0.672376
v -2.560867 0.105674 0.646809
v -2.368468 0.095232 1.117069
v -2.710120 0.178483 1.256532
v -2.599130 0.112550 0.626391
v -2.582198 0.109507 0.635416
v -2.993523 0.082484 1.136647
v -2.505545 0.095592 0.676310
v -2.383347 0.090027 0.993767
v -2.647933 0.002254 0.665576
v -2.658670 0.001915 0.675694
v -2.580797 0.004484 0.602316
v -2.560047 0.005908 0.615041
v -2.519183 0.073200 0.660935
v -2.504685 0.012036 0.751329
v -2.996608 -0.008757 0.994763
v -3.073436 -0.011174 1.067695
v -3.023347 0.072279 1.124001
v -3.073596 -0.010808 1.083821
v -2.696136 0.175724 1.260300
v -2.340112 0.104965 1.356093
v -2.368468 0.095232 1.117069
v -2.710120 0.178483 1.256532
v -2.993523 0.082484 1.136647
v -2.383347 0.090027 0.993767
v -2.504685 0.012036 0.751329
v -3.023347 0.072279 1.124001
v -3.073596 -0.010808 1.083821
v -2.469661 0.021783 1.095404
v -2.448884 0.027614 1.298479
v -4.296348 0.268372 -0.006737
v -4.056975 0.008671 0.174716
v -4.121696 0.067560 -0.056299
v -4.040577 0.014890 0.005506
v -3.899713 -0.008858 0.500538
v -3.636009 0.122259 0.745837
v -3.924696 0.008281 0.086341
v -3.839900 0.052336 0.140184
v -3.610604 0.148421 0.590523
v -3.891948 -0.015535 0.663395
v -3.641860 0.116656 0.780168
v -4.062515 0.006129 0.243025
v -4.150527 0.086834 -0.078325
v -4.217920 0.171651 -0.134120
v -4.214558 0.159929 -0.130519
v -4.046234 -0.000737 0.404310
v -4.205945 0.150096 -0.123510
v -4.224524 0.196873 -0.141435
v -4.263091 0.344099 -0.184088
v -3.709764 0.120042 0.222806
v -3.565619 0.195021 0.314532
v -4.025754 -0.009206 0.602942
v -4.269824 0.277570 0.499905
v -4.265841 0.284805 0.501900
v -4.252329 0.363650 -0.178771
v -4.123078 0.541925 0.573333
v -4.249890 0.368043 -0.177561
v -4.068952 0.694004 -0.087246
v -4.056975 0.008671 0.174716
v -4.040577 0.014890 0.005506
v -3.899713 -0.008858 0.500538
v -3.924696 0.008281 0.086341
v -3.891948 -0.015535 0.663395
v -3.641860 0.116656 0.780168
v -4.062515 0.006129 0.243025
v -4.046234 -0.000737 0.404310
v -4.025754 -0.009206 0.602942
v -4.269824 0.277570 0.499905
v -4.265841 0.284805 0.501900
v -4.123078 0.541925 0.573333
v -1.521228 -0.009915 0.230438
v -1.220981 0.142033 0.448622
v -1.430414 0.298322 0.895000
v -1.026193 0.241036 0.590316
v -1.693001 0.056177 0.697456
v -1.666924 -0.045812 0.499306
v -1.650260 -0.032468 0.559954
v -1.762727 0.078480 0.630056
v -1.775319 0.301870 0.582777
v -1.782158 0.425915 0.556252
v -1.632832 0.452501 0.283861
v -1.461661 0.405007 0.373477
v -1.627104 -0.013996 0.643509
v -1.609606 -0.000063 0.706399
v -1.565400 0.021683 0.732192
v -1.226333 0.222274 0.942386
v -1.215054 0.193713 0.935165
v -1.218720 0.208572 0.939761
v -1.244387 0.254829 0.948568
v -1.231821 0.257015 0.925782
v -1.047431 0.289337 0.590188
v -1.666924 -0.045812 0.499306
v -1.762727 0.078480 0.630056
v -1.775319 0.301870 0.582777
v -1.782158 0.425915 0.556252
v -1.632832 0.452501 0.283861
v -1.521228 -0.009915 0.230438
v -1.097972 -0.012370 0.695351
v -1.072020 0.004905 0.722456
v -1.066358 -0.013606 0.744500
v -1.094355 -0.011453 0.636760
v -1.070285 0.004474 0.657884
v -1.064808 -0.012307 0.664377
v -1.094355 -0.011453 0.636760
v -1.064808 -0.012307 0.664377
v -1.066358 -0.013606 0.744500
v -1.097972 -0.012370 0.695351
v -2.399082 -0.001347 -0.802656
v -2.388353 -0.001365 -0.804037
v -2.429275 -0.000954 -0.830896
v -2.343660 -0.001331 -0.820126
v -2.379610 -0.001359 -0.807183
v -2.388175 0.020745 -0.819351
v -2.399082 -0.001347 -0.802656
v -2.388353 -0.001365 -0.804037
v -2.429275 -0.000954 -0.830896
v -2.343660 -0.001331 -0.820126
v -2.379610 -0.001359 -0.807183
v -3.303244 0.194275 1.039908
v -3.366233 0.220102 0.983654
v -3.472500 0.095302 1.124301
v -3.094579 0.137769 1.381197
v -3.289394 0.188601 1.052304
v -3.351123 0.335345 1.667335
v -3.436839 0.349897 1.458390
v -3.355097 0.335185 1.631677
v -3.468504 0.361931 1.588527
v -3.340968 0.332515 1.660949
v -3.302769 0.307683 1.646165
v -3.342256 0.310235 1.676492
v -3.353276 0.009022 1.283274
v -3.258947 0.003231 1.410029
v -3.426954 0.012044 1.255374
v -3.574913 0.008755 1.642646
v -3.653010 0.012350 1.594508
v -3.615360 0.013778 1.467983
v -3.539305 0.016920 1.212852
v -3.516006 0.015914 1.221468
v -3.415997 0.218346 1.668226
v -3.485819 0.329223 1.589265
v -3.436839 0.349897 1.458390
v -3.355097 0.335185 1.631677
v -3.468504 0.361931 1.588527
v -3.340968 0.332515 1.660949
v -3.302769 0.307683 1.646165
v -3.653010 0.012350 1.594508
v -3.615360 0.013778 1.467983
v -3.539305 0.016920 1.212852
v -3.485819 0.329223 1.589265
v -3.472500 0.095302 1.124301
v -3.094579 0.137769 1.381197
v -3.289394 0.188601 1.052304
v -3.366233 0.220102 0.983654
v -3.303244 0.194275 1.039908
v -3.385025 -0.086726 -0.109470
v -3.192760 -0.086684 -0.107242
v -3.292031 -0.044515 -0.039323
v -3.272533 -0.016612 -0.046635
v -3.173035 -0.074341 -0.096181
v -3.168396 -0.086577 -0.106870
v -3.167228 -0.077725 -0.099086
v -3.385025 -0.086726 -0.109470
v -3.292031 -0.044515 -0.039323
v -3.192760 -0.086684 -0.107242
v -3.272533 -0.016612 -0.046635
v -3.173035 -0.074341 -0.096181
v -3.168396 -0.086577 -0.106870
v -3.167228 -0.077725 -0.099086
v -1.711036 0.071208 1.360339
v -1.886827 0.212058 1.572552
v -1.707927 -0.025169 1.312504
v -2.051180 -0.002748 1.604892
v -2.051591 -0.011013 1.601347
v -1.827897 0.192325 1.687730
v -1.950410 0.273849 1.723207
v -2.041450 0.157395 1.673586
v -2.052294 -0.026012 1.594877
v -1.655134 -0.018363 1.595717
v -1.633234 0.062762 1.630597
v -1.627043 0.057381 1.620254
v -1.575275 0.012236 1.533282
v -1.580257 -0.018544 1.516524
v -1.560268 -0.000874 1.508015
v -1.567534 -0.018575 1.503035
v -1.575616 -0.000862 1.443639
v -1.587369 -0.020598 1.422760
v -2.052294 -0.026012 1.594877
v -1.655134 -0.018363 1.595717
v -1.580257 -0.018544 1.516524
v -1.567534 -0.018575 1.503035
v -1.587369 -0.020598 1.422760
v -1.707927 -0.025169 1.312504
v -2.274116 -0.017095 1.414413
v -2.443926 -0.008699 1.535021
v -2.543475 0.019638 1.271607
v -2.555514 -0.003139 1.281512
v -2.538065 0.021288 1.270858
v -2.505244 -0.005629 1.282249
v -2.791754 0.008543 1.704853
v -2.797631 0.037478 1.734039
v -2.798015 0.008887 1.747952
v -2.800096 0.026924 1.755215
v -2.775476 0.007702 1.594228
v -2.786680 0.083091 1.642276
v -2.783922 0.008114 1.651638
v -2.623886 0.000231 1.376342
v -2.570817 0.142290 1.361815
v -2.548331 0.148350 1.332794
v -2.515273 0.135361 1.317498
v -2.518791 0.141624 1.321395
v -2.514203 0.140568 1.319645
v -2.763502 0.007202 1.761820
v -2.538065 0.021288 1.270858
v -2.505244 -0.005629 1.282249
v -2.797631 0.037478 1.734039
v -2.800096 0.026924 1.755215
v -2.786680 0.083091 1.642276
v -2.570817 0.142290 1.361815
v -2.548331 0.148350 1.332794
v -2.515273 0.135361 1.317498
v -2.518791 0.141624 1.321395
v -2.514203 0.140568 1.319645
v -2.763502 0.007202 1.761820
v -2.443926 -0.008699 1.535021
v -2.274116 -0.017095 1.414413
v -1.695352 0.348130 1.168371
v -1.635028 -0.021788 1.048909
v -1.721415 0.361303 1.131690
v -1.831074 -0.008311 0.653588
v -2.146924 0.243514 0.995238
v -1.630929 -0.022402 1.080500
v -1.616532 -0.013173 1.179390
v -1.618390 -0.024093 1.176927
v -1.641823 0.153723 1.223572
v -1.591529 0.154046 1.191093
v -1.593732 0.123851 1.206427
v -1.773440 0.235158 1.270422
v -1.797084 0.048511 0.707879
v -1.622204 0.065219 1.053599
v -1.803077 0.047818 0.696059
v -1.815511 0.046347 0.671550
v -2.004584 0.105245 1.289216
v -2.188428 0.001713 1.304115
v -2.209106 -0.002261 1.295099
v -2.196713 -0.002869 1.304668
v -1.978226 -0.001836 0.614698
v -1.859169 -0.006370 0.597081
v -1.833797 0.024229 0.640304
v -2.146884 0.004553 0.639807
v -2.236861 -0.000899 1.273542
v -2.332224 0.003982 1.199195
v -5.154396 0.019440 0.843244
v -4.500421 0.240509 0.439015
v -4.653661 0.577641 0.538882
v -4.968378 0.578539 0.448254
v -4.804706 0.002843 0.249605
v -4.933535 0.006204 0.213831
v -4.686644 0.000904 0.387847
v -4.420848 -0.003465 0.699722
v -4.454360 0.001187 1.038441
v -4.456217 0.001443 1.057123
v -4.968378 0.578539 0.448254
v -4.933535 0.006204 0.213831
v -4.653661 0.577641 0.538882
v -4.456217 0.001443 1.057123
v -5.154396 0.019440 0.843244
v -5.971385 -0.016267 1.586957
v -6.572786 0.002805 1.440533
v -6.494136 0.003816 1.564141
v -6.465778 0.004219 1.608659
v -6.208313 0.288371 1.656224
v -6.143855 0.377050 1.645831
v -5.891332 0.724686 1.604832
v -5.662272 0.004061 1.358718
v -5.852381 0.341056 1.105530
v -6.208398 0.166982 1.049618
v -6.232224 -0.021282 1.138042
v -5.734447 -0.033850 1.348874
v -6.422729 0.411952 1.158611
v -6.235224 0.234060 1.050364
v -5.973890 0.786323 1.368220
v -5.982157 0.793773 1.372762
v -5.891365 0.711977 1.323156
v -6.203763 0.204103 1.032241
v -5.823770 0.659494 1.472172
v -5.777890 0.623908 1.573983
v -5.750638 0.522421 1.562953
v -5.762021 0.564904 1.567641
v -5.728505 0.280397 1.546026
v -5.678380 -0.033049 1.436068
v -5.664232 -0.035586 1.378839
v -5.672961 -0.035376 1.374961
v -5.700450 -0.029175 1.524412
v -6.208398 0.166982 1.049618
v -6.232224 -0.021282 1.138042
v -6.422729 0.411952 1.158611
v -5.982157 0.793773 1.372762
v -6.235224 0.234060 1.050364
v -6.203763 0.204103 1.032241
v -6.572786 0.002805 1.440533
v -6.494136 0.003816 1.564141
v -6.208313 0.288371 1.656224
v -6.143855 0.377050 1.645831
v -6.465778 0.004219 1.608659
v -5.891332 0.724686 1.604832
v -1.793067 -0.010203 0.668628
v -1.797935 0.142737 0.641467
v -1.841529 0.135689 0.651107
v -1.571131 -0.004034 0.176665
v -1.909963 -0.002562 0.381004
v -1.987963 0.038925 0.520519
v -1.548360 -0.004135 0.163077
v -1.595405 -0.005984 0.294505
v -1.777531 0.075533 0.679450
v -1.801036 0.121953 0.678987
v -1.734132 -0.011378 0.680248
v -1.837275 0.118108 0.671420
v -1.947588 0.032295 0.583510
v -1.905167 0.025554 0.649511
v -1.832827 0.124065 0.672847
v 1.321081 -0.003010 -0.547780
v 1.240440 0.082712 -0.660691
v 1.233501 0.034383 -0.731146
v 1.319622 0.013250 -0.535710
v 1.310739 0.008527 -0.527483
v 1.400860 0.056701 -0.611397
v 1.425843 -0.002992 -0.680591
v 1.240806 0.036391 -0.578346
v 1.223138 0.002720 -0.743911
v 1.218895 0.023736 -0.674502
v 1.214409 0.046936 -0.597545
v 1.281117 0.001206 -0.751684
v 1.229251 0.003045 -0.776699
v -3.111874 0.366086 1.696972
v -2.416036 0.502976 1.560118
v -2.483794 0.500618 1.696986
v -2.153232 -0.008741 1.585908
v -2.569025 0.128217 1.354918
v -2.163663 0.005373 1.542829
v -2.198012 0.019310 1.692182
v -2.254123 -0.004482 1.692077
v -2.161072 0.008247 1.632003
v -2.121943 0.012031 1.550205
v -2.123706 0.019549 1.544938
v -2.136017 0.071411 1.508901
v -2.442632 0.463394 1.178546
v -2.240409 0.509079 1.205242
v -2.227475 0.455115 1.242700
v -2.582135 0.439657 1.247725
v -2.482320 0.454432 1.173353
v -2.969122 0.213393 1.599135
v -2.868978 0.115820 1.566468
v -3.119641 0.360120 1.648530
v -2.129382 -0.001173 1.580293
v -2.285928 -0.017897 1.692017
v -2.770215 0.061972 1.693504
v -2.760944 0.060404 1.693604
v -2.778407 0.066418 1.682969
v -2.312859 -0.013568 1.692106
v -2.799675 0.077986 1.655722
v -2.442632 0.463394 1.178546
v -2.240409 0.509079 1.205242
v -2.582135 0.439657 1.247725
v -2.482320 0.454432 1.173353
v -3.119641 0.360120 1.648530
v -2.416036 0.502976 1.560118
v -2.483794 0.500618 1.696986
v -3.111874 0.366086 1.696972
v 1.051669 -0.259277 8.083915
v 1.047810 -0.138058 8.062387
v 1.013259 -0.143645 8.070028
v 1.227571 -0.254387 7.693992
v 0.959018 -0.253220 7.855949
v 0.897198 -0.220338 7.966525
v 1.245619 -0.254467 7.683222
v 1.208332 -0.255932 7.787390
v 1.063982 -0.191323 8.092492
v 1.045353 -0.154531 8.092125
v 1.098380 -0.260207 8.093125
v 1.016630 -0.157579 8.086127
v 0.929198 -0.225593 8.016453
v 0.962821 -0.230936 8.068763
v 1.020155 -0.152857 8.087258
v 3.519892 -0.253576 7.119815
v 3.455977 -0.185634 7.030323
v 3.450477 -0.223939 6.974482
v 3.518735 -0.240688 7.129382
v 3.511695 -0.244432 7.135901
v 3.583123 -0.206250 7.069393
v 3.602924 -0.253561 7.014551
v 3.456267 -0.222347 7.095589
v 3.442263 -0.249034 6.964365
v 3.438901 -0.232377 7.019376
v 3.435345 -0.213990 7.080372
v 3.488217 -0.250234 6.958204
v 3.447109 -0.248776 6.938377
v 0.006406 0.038963 8.898968
v 0.557915 0.147461 8.790500
v 0.504211 0.145591 8.898979
v 0.766209 -0.258118 8.810941
v 0.436659 -0.149568 8.627861
v 0.757942 -0.246932 8.776795
v 0.730718 -0.235885 8.895171
v 0.686245 -0.254743 8.895087
v 0.759996 -0.244654 8.847474
v 0.791009 -0.241654 8.782643
v 0.789611 -0.235696 8.778468
v 0.779854 -0.194591 8.749906
v 0.536836 0.116088 8.488072
v 0.697115 0.152298 8.509231
v 0.707366 0.109527 8.538918
v 0.426268 0.097274 8.542902
v 0.505380 0.108984 8.483955
v 0.119549 -0.082058 8.821424
v 0.198921 -0.159393 8.795532
v 0.000249 0.034235 8.860573
v 0.785113 -0.252120 8.806490
v 0.661037 -0.265375 8.895041
v 0.277199 -0.202071 8.896218
v 0.284547 -0.203315 8.896297
v 0.270706 -0.198548 8.887869
v 0.639692 -0.261944 8.895111
v 0.253849 -0.189379 8.866273
v 0.536836 0.116088 8.488072
v 0.697115 0.152298 8.509231
v 0.426268 0.097274 8.542902
v 0.505380 0.108984 8.483955
v 0.000249 0.034235 8.860573
v 0.557915 0.147461 8.790500
v 0.504211 0.145591 8.898979
v 0.006406 0.038963 8.898968
v 2.976188 0.724331 7.434866
v 2.978165 0.776679 7.501361
v 3.016693 0.814744 7.770474
v 3.025588 0.830210 7.753577
v 3.050702 0.875008 7.692656
v 3.053480 0.878730 7.700373
v 2.999614 0.805934 7.558148
v 2.952970 0.673381 7.423768
v 3.074615 0.759218 7.770942
v 3.065499 0.759977 7.776512
v 2.950618 0.721909 7.637477
v 2.930177 0.698154 7.538157
v 2.926216 0.693475 7.518581
v 2.955172 0.671756 7.416075
v 3.027627 0.678607 7.428076
v 3.101817 0.756984 7.754304
v 3.152872 0.752765 7.722965
v 3.174348 0.734925 7.639100
v 3.091009 0.847107 7.697587
v 3.104170 0.829444 7.688019
v 2.975663 0.709313 7.415830
v 3.007493 0.670971 7.399231
v 0.180435 -0.141473 6.474368
v 0.112441 -0.138120 6.421870
v 0.143616 -0.113963 6.280093
v 0.145751 -0.112344 6.270418
v 0.332185 -0.194614 6.490641
v 0.319688 -0.261176 6.483817
v 0.341148 -0.229929 6.308956
v 0.336800 -0.255224 6.301786
v 0.334855 -0.180403 6.492078
v 0.337285 -0.167318 6.493399
v 0.345077 -0.206802 6.315497
v 0.343217 -0.134931 6.496655
v 0.353239 -0.158058 6.329241
v 0.355689 -0.117615 6.390689
v 0.266024 -0.260917 6.476746
v 0.155962 -0.260379 6.462053
v 0.135668 -0.259856 6.446412
v 0.185044 -0.253504 6.251588
v 0.302762 -0.110574 6.323155
v 0.352666 -0.149504 6.330986
v 0.356973 -0.115574 6.377917
v 0.135668 -0.259856 6.446412
v 0.185044 -0.253504 6.251588
v 0.112441 -0.138120 6.421870
v 0.143616 -0.113963 6.280093
v 0.145751 -0.112344 6.270418
v 1.553294 -0.257718 7.945179
v 1.574820 -0.257965 7.967796
v 1.488766 -0.040544 7.825114
v 1.435487 -0.108871 7.797742
v 1.478758 -0.040219 7.832115
v 1.346457 -0.250444 7.727071
v 1.372835 -0.250549 7.709738
v 1.515566 -0.076194 7.876491
v 1.597194 -0.106371 7.874077
v 1.596277 -0.065696 7.792360
v 1.598219 -0.157139 7.976165
v 1.541672 -0.252322 7.682276
v 1.582194 -0.114088 7.763804
v 1.525874 -0.252538 7.684603
v 1.435487 -0.108871 7.797742
v 1.478758 -0.040219 7.832115
v 1.346457 -0.250444 7.727071
v 1.515566 -0.076194 7.876491
v 1.598219 -0.157139 7.976165
v 1.553294 -0.257718 7.945179
v 1.574820 -0.257965 7.967796
v 2.995028 0.643681 7.466876
v 2.996642 0.635153 7.468148
v 2.990155 0.640686 7.469549
v 3.021491 0.614061 7.462838
v 3.033097 0.661956 7.447299
v 2.999047 0.653368 7.478237
v 3.027499 0.693657 7.505886
v 3.034192 0.668466 7.447689
v 3.044576 -0.216227 6.804801
v 3.053949 -0.221245 6.819800
v 3.154731 -0.243082 6.819509
v 3.094661 -0.242094 6.880181
v 3.236614 -0.205962 6.886370
v 3.213129 -0.211859 6.885661
v 1.587701 -0.181155 8.005177
v 1.701973 -0.244476 7.957011
v 1.949013 -0.216453 8.692869
v 1.904500 -0.209823 8.716523
v 1.852827 -0.216981 8.602979
v 1.637894 -0.245910 8.130512
v 1.806823 -0.267900 8.064066
v 2.052298 -0.250634 8.448380
v 1.995328 -0.099448 8.646160
v 1.971324 -0.103656 8.697171
v 2.064414 -0.102573 8.492109
v 2.065439 -0.087432 8.497038
v 1.940788 -0.098958 8.715590
v 1.919938 -0.095439 8.726735
v 1.609717 -0.237442 8.066004
v 1.792139 -0.264212 8.041873
v 1.604856 -0.235979 8.054832
v 1.586216 -0.230191 8.011966
v 1.750247 -0.253435 7.978594
v 1.745988 -0.252252 7.972176
v 1.681325 -0.241421 7.959308
v 1.690527 -0.242509 7.954243
v 1.750393 -0.222878 7.983961
v 1.743794 -0.247050 7.969642
v 1.677029 -0.223250 7.959546
v 1.625895 -0.136467 7.986699
v 1.628925 -0.154527 7.978535
v 1.610906 -0.045298 8.028015
v 1.668497 0.106415 8.124051
v 1.708915 0.093454 8.130820
v 1.764456 0.075559 8.140080
v 1.812965 0.002721 8.119126
v 1.860609 0.035302 8.199222
v 1.852075 0.028862 8.184291
v 1.685388 -0.235206 7.956247
v 2.165031 -0.264709 9.055008
v 2.219857 -0.264000 9.073767
v 2.762838 -0.245213 9.202933
v 2.142782 -0.164315 9.036846
v 2.122321 -0.243059 9.038068
v 2.192341 -0.264617 8.858015
v 2.121399 -0.265292 9.026833
v 2.149957 -0.136906 9.036439
v 2.164151 -0.082817 9.035547
v 2.228508 -0.109623 8.866183
v 2.199489 -0.264549 8.841053
v 2.637219 -0.221737 8.952376
v 2.705507 -0.227112 9.235578
v 2.654596 -0.258708 8.952282
v 2.658562 -0.227639 8.956872
v 2.726969 -0.257588 9.121061
v 2.761386 -0.257055 9.201635
v 2.752887 -0.257122 9.232431
v 2.747156 -0.257168 9.252975
v 2.750046 -0.239072 9.252043
v 2.192341 -0.264617 8.858015
v 2.121399 -0.265292 9.026833
v 2.199489 -0.264549 8.841053
v 2.654596 -0.258708 8.952282
v 2.726969 -0.257588 9.121061
v 2.761386 -0.257055 9.201635
v 2.752887 -0.257122 9.232431
v 2.747156 -0.257168 9.252975
v 2.165031 -0.264709 9.055008
v 2.219857 -0.264000 9.073767
v 2.122836 -0.232370 8.677403
v 1.933372 -0.310559 8.648995
v 2.070800 -0.120632 8.632583
v 1.898942 -0.269303 8.642565
v 1.910650 -0.284232 8.649533
v 1.905818 -0.274131 8.625717
v 1.930022 -0.308739 8.661001
v 1.997618 -0.300514 8.672414
v 1.983454 -0.295683 8.540970
v 1.970768 -0.278551 8.529586
v 2.001135 -0.319341 8.556846
v 2.067442 -0.302316 8.621159
v 2.145802 -0.282168 8.697331
v 1.898942 -0.269303 8.642565
v 1.910650 -0.284232 8.649533
v 1.930022 -0.308739 8.661001
v 1.997618 -0.300514 8.672414
v 2.145802 -0.282168 8.697331
v 2.070800 -0.120632 8.632583
v 2.122836 -0.232370 8.677403
v 4.138042 -0.137186 8.625640
v 4.233210 -0.307766 8.500881
v 4.207277 -0.059214 8.727960
v 4.406026 -0.126924 8.636942
v 4.357966 -0.228138 8.785316
v 4.364847 -0.105922 8.648307
v 4.164100 -0.192451 8.574654
v 4.177263 -0.307748 8.496842
v 4.162171 -0.176748 8.585339
v 4.153225 -0.096108 8.640283
v 4.196416 -0.020555 8.695363
v 4.132535 -0.296406 8.532823
v 4.121889 -0.293611 8.541717
v 4.153847 -0.250941 8.691767
v 4.248830 -0.206582 8.852086
v 4.176915 -0.240151 8.730795
v 1.603376 -0.259191 8.781225
v 1.311078 -0.266331 8.532096
v 1.318770 -0.025921 8.786620
v 1.372825 0.019923 8.683755
v 1.297972 -0.266183 8.569999
v 1.219546 -0.265255 8.800747
v 1.305594 -0.037311 8.812048
v 1.306361 -0.048835 8.830637
v 1.245773 -0.263892 8.897106
v 1.247578 -0.263802 8.903082
v 1.307392 -0.059167 8.847127
v 1.283660 -0.263253 8.898671
v 1.314391 -0.061094 8.846758
v 1.604631 -0.139789 8.829385
v 1.522038 -0.259642 8.868168
v 1.630026 -0.172525 8.833855
v 1.552963 -0.259175 8.864109
v 1.611469 -0.141623 8.828944
v 1.318770 -0.025921 8.786620
v 1.372825 0.019923 8.683755
v 1.311078 -0.266331 8.532096
v 1.305594 -0.037311 8.812048
v 1.306361 -0.048835 8.830637
v 1.307392 -0.059167 8.847127
v 1.314391 -0.061094 8.846758
v 1.604631 -0.139789 8.829385
v 1.630026 -0.172525 8.833855
v 1.611469 -0.141623 8.828944
v 1.552963 -0.259175 8.864109
v 1.603376 -0.259191 8.781225
v 3.544833 -0.245600 8.117614
v 3.541572 -0.246493 8.097438
v 3.248630 -0.232034 8.307521
v 3.226162 -0.263490 8.279047
v 3.224185 -0.262733 8.298760
v 3.226924 -0.263758 8.271971
v 3.221654 -0.261749 8.324458
v 3.505698 -0.104744 8.307599
v 3.509952 -0.127793 8.264882
v 3.341986 -0.258686 8.183786
v 3.359145 -0.257919 8.170838
v 3.437028 -0.253890 8.113002
v 3.527315 -0.220616 8.094130
v 3.495741 -0.234697 8.436958
v 3.600608 -0.224361 8.479733
v 3.543694 -0.152601 8.376596
v 1.728265 -0.231647 8.675201
v 1.504576 -0.140256 8.646686
v 1.316411 -0.093933 8.564921
v 1.468127 -0.073947 8.603683
v 1.667712 -0.309841 8.585345
v 1.349445 -0.202506 8.543292
v 1.325975 -0.171857 8.604854
v 1.434147 -0.197361 8.651318
v 1.682271 -0.297633 8.636327
v 1.656191 -0.271259 8.683387
v 1.617341 -0.253821 8.690809
v 1.649973 -0.265152 8.694087
v 1.498404 -0.212415 8.678815
v 1.367775 -0.226314 8.495081
v 1.457288 -0.202773 8.661246
v 1.819330 -0.066949 8.536510
v 1.797778 -0.091547 8.444056
v 1.833073 -0.179613 8.617969
v 1.834781 -0.203793 8.629898
v 1.835590 -0.200450 8.632940
v 1.791269 -0.096483 8.426093
v 1.832772 -0.208485 8.626246
v 1.365235 -0.129647 8.408985
v 1.723373 -0.313153 8.590392
v 1.800029 -0.283587 8.568124
v 1.783927 -0.101974 8.406137
v 1.711628 -0.317416 8.594093
v 1.819330 -0.066949 8.536510
v 1.797778 -0.091547 8.444056
v 1.791269 -0.096483 8.426093
v 1.365235 -0.129647 8.408985
v 1.783927 -0.101974 8.406137
v 1.468127 -0.073947 8.603683
v 1.316411 -0.093933 8.564921
v 0.047377 -0.261163 7.548920
v 0.344521 -0.261796 8.015900
v 0.453216 0.061814 7.616914
v 0.224524 0.040076 7.787506
v 0.134276 0.105418 7.637075
v 0.504960 0.046586 7.600136
v 0.497527 0.052625 7.608928
v 0.507837 0.044162 7.596776
v 0.121455 0.094737 7.618340
v 0.091589 0.068634 7.574858
v 0.246977 -0.027422 7.452283
v 0.553737 0.004558 7.543675
v 0.419874 -0.100080 7.367378
v 0.067819 0.047745 7.540265
v 0.371437 -0.044739 7.861051
v 0.322905 -0.082559 7.958277
v 0.263607 -0.008517 7.855330
v 0.471847 0.033049 7.660138
v 0.230707 0.032467 7.798226
v 0.557978 -0.140089 7.611388
v 0.415561 -0.121778 7.369392
v 0.467906 -0.252021 7.510473
v 0.389586 -0.251771 7.381535
v 0.560207 -0.217874 7.647886
v 0.561108 -0.252324 7.664188
v 0.246977 -0.027422 7.452283
v 0.419874 -0.100080 7.367378
v 0.067819 0.047745 7.540265
v 0.415561 -0.121778 7.369392
v 0.467906 -0.252021 7.510473
v 0.389586 -0.251771 7.381535
v 0.561108 -0.252324 7.664188
v 0.344521 -0.261796 8.015900
v 0.047377 -0.261163 7.548920
v 1.281865 -0.246379 8.173703
v 1.347098 -0.211602 8.022646
v 1.359979 -0.180777 8.098053
v 1.337964 -0.179878 8.100679
v 1.280009 -0.257662 8.162002
v 1.317794 -0.255899 8.045931
v 1.313295 -0.258585 8.180486
v 1.306368 -0.258493 8.181495
v 1.342868 -0.256071 8.034324
v 1.334914 -0.258848 8.177308
v 1.436596 -0.256608 7.990912
v 1.620768 -0.261700 8.134706
v 1.596292 -0.257247 7.916888
v 1.611785 -0.191371 8.068316
v 1.598584 -0.243249 7.940135
v 1.596107 -0.253077 7.916063
v 1.280009 -0.257662 8.162002
v 1.317794 -0.255899 8.045931
v 1.313295 -0.258585 8.180486
v 1.306368 -0.258493 8.181495
v 1.334914 -0.258848 8.177308
v 1.620768 -0.261700 8.134706
v 1.611785 -0.191371 8.068316
v 1.359979 -0.180777 8.098053
v 1.347098 -0.211602 8.022646
v 1.337964 -0.179878 8.100679
v 2.482773 -0.233709 4.302831
v 2.507979 -0.260288 4.308827
v 2.352598 -0.263675 4.339587
v 2.524730 -0.260150 4.344266
v 2.378417 -0.263329 4.371413
v 2.486274 -0.234018 4.309639
v 2.524730 -0.260150 4.344266
v 2.378417 -0.263329 4.371413
v 2.507979 -0.260288 4.308827
v 2.352598 -0.263675 4.339587
v 1.598740 -0.919680 2.497492
v 1.525611 -0.892675 2.623488
v 1.501598 -0.920923 2.579444
v 1.681497 -0.916669 2.771646
v 1.673772 -0.899881 2.774666
v 1.736918 -0.915942 2.727963
v 1.598740 -0.919680 2.497492
v 1.525611 -0.892675 2.623488
v 1.673772 -0.899881 2.774666
v 1.736918 -0.915942 2.727963
v 2.225886 -0.263165 4.080862
v 2.535909 -0.260241 4.196045
v 2.505912 -0.260784 4.259551
v 2.540992 -0.243338 4.190039
v 2.505912 -0.260784 4.259551
v 2.540992 -0.243338 4.190039
v 2.225886 -0.263165 4.080862
v 2.704134 -0.032103 3.679169
v 2.518986 -0.133556 3.750722
v 2.394414 -0.239586 3.259634
v 2.362885 -0.229768 3.257632
v 2.584550 -0.162277 3.188216
v 2.558943 -0.105175 3.156544
v 2.584910 -0.147895 3.179375
v 2.581969 -0.234739 3.232861
v 2.703180 -0.133749 3.467730
v 2.614389 -0.098355 3.219013
v 2.624333 -0.102500 3.246498
v 2.594499 -0.072078 3.200624
v 2.646674 0.033432 3.603736
v 2.345436 -0.240851 3.266664
v 2.727566 -0.143675 3.536337
v 2.730040 -0.144670 3.543324
v 2.652819 0.045950 3.651752
v 2.628393 -0.228448 3.554732
v 2.723318 -0.158368 3.535982
v 2.689289 -0.227605 3.498912
v 2.538297 -0.229700 3.637087
v 2.355460 -0.236409 3.535197
v 2.344532 -0.240813 3.270773
v 2.324784 -0.206823 3.557547
v 2.593935 0.007698 3.677172
v 2.457947 -0.080680 3.735645
v 2.487445 -0.230412 3.683228
v 2.322875 -0.203193 3.587315
v 2.358482 -0.235391 3.595409
v 2.362885 -0.229768 3.257632
v 2.558943 -0.105175 3.156544
v 2.594499 -0.072078 3.200624
v 2.646674 0.033432 3.603736
v 2.345436 -0.240851 3.266664
v 2.652819 0.045950 3.651752
v 2.344532 -0.240813 3.270773
v 2.324784 -0.206823 3.557547
v 2.593935 0.007698 3.677172
v 2.457947 -0.080680 3.735645
v 2.322875 -0.203193 3.587315
v 2.127956 -0.274761 4.062886
v 1.916081 -0.234825 4.003485
v 2.025320 -0.056893 4.173336
v 2.211452 -0.283664 4.131882
v 1.919695 -0.173984 3.949468
v 1.846340 -0.082912 4.058558
v 2.086586 -0.195095 3.986861
v 2.054721 -0.234509 4.216831
v 1.871750 -0.211026 4.092695
v 2.159480 -0.204294 4.003227
v 2.260444 -0.193601 4.061859
v 2.182169 -0.201900 4.016388
v 2.282191 -0.177557 4.095574
v 2.269002 -0.215616 4.151825
v 2.228950 -0.279727 4.183920
v 2.256585 -0.250952 4.204200
v 2.156449 -0.247392 4.285856
v 2.206479 -0.262727 4.261066
v 1.919695 -0.173984 3.949468
v 1.846340 -0.082912 4.058558
v 2.086586 -0.195095 3.986861
v 2.159480 -0.204294 4.003227
v 2.260444 -0.193601 4.061859
v 2.182169 -0.201900 4.016388
v 2.282191 -0.177557 4.095574
v 2.025320 -0.056893 4.173336
v 2.185117 -0.292860 4.317269
v 2.238437 -0.270833 4.348669
v 2.205771 -0.249292 4.322335
v 2.167763 -0.300029 4.307023
v 2.408108 -0.199763 4.091033
v 2.205771 -0.249292 4.322335
v 2.167763 -0.300029 4.307023
v 2.408108 -0.199763 4.091033
v 1.768253 -0.262816 4.389875
v 1.827887 -0.188156 4.057949
v 1.733712 -0.151345 4.072624
v 1.744416 -0.138879 4.085244
v 1.776525 -0.101645 4.123398
v 1.860578 -0.121860 4.121376
v 1.703041 -0.221360 4.098979
v 1.837187 -0.267876 4.076718
v 1.682281 -0.268817 4.116937
v 1.918266 -0.135830 4.120146
v 1.961763 -0.264758 4.171636
v 2.023984 -0.263196 4.219275
v 2.019661 -0.216402 4.209404
v 2.016269 -0.262055 4.285323
v 1.837187 -0.267876 4.076718
v 1.682281 -0.268817 4.116937
v 1.961763 -0.264758 4.171636
v 2.023984 -0.263196 4.219275
v 2.016269 -0.262055 4.285323
v 1.768253 -0.262816 4.389875
v 2.485576 -0.189788 4.083030
v 2.492135 -0.193819 4.084685
v 2.552556 -0.267427 4.117379
v 2.571869 -0.305509 4.107967
v 2.580466 -0.326458 4.144453
v 2.301278 -0.327147 4.156420
v 2.316766 -0.287565 4.136839
v 2.312325 -0.318338 4.140513
v 2.420650 -0.161192 3.992308
v 2.444117 -0.213764 3.951647
v 2.428644 -0.168357 3.979519
v 2.380261 -0.125869 4.056842
v 2.301278 -0.327147 4.156420
v 2.312325 -0.318338 4.140513
v 2.444117 -0.213764 3.951647
v 2.571869 -0.305509 4.107967
v 2.580466 -0.326458 4.144453
v 3.209927 -0.120087 3.390499
v 3.310762 -0.175882 3.473536
v 2.964721 -0.257852 3.332981
v 2.927001 -0.156957 3.327904
v 2.950342 -0.165612 3.376393
v 2.934142 -0.147259 3.352944
v 3.028584 -0.253730 3.489091
v 3.032683 -0.258134 3.494769
v 3.032431 -0.110063 3.337182
v 3.080351 -0.092019 3.329594
v 3.038150 -0.129021 3.257209
v 3.126884 -0.074521 3.322142
v 3.013578 -0.144176 3.239232
v 3.030081 -0.231793 3.258989
v 3.034825 -0.256651 3.264642
v 3.112790 -0.257374 3.513186
v 3.041900 -0.258047 3.496909
v 3.074066 -0.256416 3.295233
v 3.371809 -0.253572 3.570937
v 3.342630 -0.254002 3.564698
v 3.403379 -0.252919 3.551833
v 3.038150 -0.129021 3.257209
v 3.126884 -0.074521 3.322142
v 3.013578 -0.144176 3.239232
v 3.030081 -0.231793 3.258989
v 3.034825 -0.256651 3.264642
v 3.074066 -0.256416 3.295233
v 3.403379 -0.252919 3.551833
v 3.209927 -0.120087 3.390499
v 3.310762 -0.175882 3.473536
v 2.541638 -0.073340 4.316829
v 2.486182 -0.259923 4.458936
v 2.460463 -0.035010 4.525237
v 2.518207 -0.233275 4.698406
v 2.273652 -0.268003 4.529214
v 2.418886 -0.057400 4.530346
v 2.570597 -0.220132 4.402176
v 2.210004 -0.170255 4.556285
v 2.241312 -0.229190 4.612008
v 2.230191 -0.190440 4.478906
v 2.262699 -0.269214 4.649889
v 2.328615 -0.266978 4.667935
v 2.473852 -0.261709 4.707427
v 2.553953 -0.258148 4.621658
v 2.547601 -0.258514 4.644292
v 2.525858 -0.259765 4.721523
v 2.555187 -0.256746 4.614758
v 2.567114 -0.242755 4.547251
v 2.351444 -0.148113 4.408014
v 2.518090 -0.089537 4.311405
v 2.576766 -0.153334 4.345825
v 2.564037 -0.115707 4.319075
v 2.587310 -0.184766 4.368479
v 2.588949 -0.216253 4.421999
v 2.573461 -0.235244 4.511208
v 2.588238 -0.202120 4.397891
v 2.652892 -0.285083 4.094556
v 2.484647 -0.245483 4.021042
v 2.459534 -0.281259 4.064993
v 2.667317 -0.247219 4.013594
v 2.618023 -0.220325 4.040432
v 2.676207 -0.277050 4.048688
v 2.659830 -0.296140 4.072296
v 2.562869 -0.190471 4.070240
v 2.555812 -0.208445 4.108712
v 2.461846 -0.311074 4.100470
v 2.438722 -0.310960 4.101591
v 2.646452 -0.311670 4.091504
v 2.487528 -0.311195 4.099218
v 2.562869 -0.190471 4.070240
v 2.555812 -0.208445 4.108712
v 2.438722 -0.310960 4.101591
v 2.484647 -0.245483 4.021042
v 2.459534 -0.281259 4.064993
v 1.928514 -0.257072 4.477259
v 1.965034 -0.234036 4.524942
v 1.735384 -0.245858 4.551993
v 1.704926 -0.264898 4.512650
v 1.879710 -0.150917 4.211036
v 1.875869 -0.156425 4.210582
v 1.418268 -0.074698 4.020618
v 1.429004 0.007726 4.009538
v 1.927267 -0.081886 4.216497
v 1.856035 0.238928 4.572966
v 2.004636 -0.036226 4.323304
v 2.025718 -0.023708 4.352504
v 1.880850 -0.187094 4.659912
v 1.853897 -0.078971 4.674502
v 1.824239 -0.189977 4.666656
v 1.429004 0.007726 4.009538
v 1.927267 -0.081886 4.216497
v 1.879710 -0.150917 4.211036
v 1.875869 -0.156425 4.210582
v 1.418268 -0.074698 4.020618
v 1.345451 0.049448 3.956713
v 1.353076 0.048295 3.963104
v 1.099641 -0.276278 3.649042
v 1.117045 -0.251102 3.621969
v 1.121619 -0.251637 3.625867
v 1.092879 -0.276170 3.644331
v 1.367573 -0.280432 3.837053
v 0.721182 -0.200996 4.157442
v 1.100029 0.079674 3.765450
v 1.108121 0.072009 3.752065
v 1.100029 0.079674 3.765450
v 0.721182 -0.200996 4.157442
v 1.353076 0.048295 3.963104
v 1.367573 -0.280432 3.837053
v 1.345451 0.049448 3.956713
v 0.408668 -0.803524 2.158639
v 0.404934 -0.761021 2.122478
v 0.416303 -0.765680 2.161166
v 0.384803 -0.661641 2.397765
v 0.018928 -0.318763 1.880583
v 0.361407 -0.856169 2.039041
v 0.362368 -0.888044 2.060333
v 0.357713 -0.741464 1.962564
v 0.056502 -0.941403 2.285253
v 0.051600 -0.878146 2.399879
v 0.047921 -0.822911 2.413390
v 0.077506 -0.845103 2.430230
v 0.011413 -0.233416 2.165364
v 0.045004 -0.775854 2.393675
v 0.096043 -0.833772 2.430627
v 0.380389 -0.647130 2.430662
v 0.375562 -0.663142 2.435853
v 0.018928 -0.318763 1.880583
v 0.357713 -0.741464 1.962564
v 0.011413 -0.233416 2.165364
v 0.380389 -0.647130 2.430662
v 0.404934 -0.761021 2.122478
v 0.416303 -0.765680 2.161166
v 0.384803 -0.661641 2.397765
v 3.261373 -0.299708 4.027689
v 3.259200 -0.271520 3.983177
v 3.355827 -0.303701 4.022652
v 3.257786 -0.250985 4.034641
v 1.612123 -0.224967 4.820647
v 1.626027 -0.255237 4.777598
v 1.648626 -0.256389 4.809038
v 1.720353 -0.256068 4.729988
v 1.738002 -0.256860 4.750253
v 1.916617 -0.256632 4.632311
v 1.631026 -0.255326 4.775023
v 1.652133 -0.256442 4.806745
v 1.949475 -0.266818 3.130922
v 1.949723 -0.261215 3.134848
v 2.023260 -0.247974 3.090878
v 1.970257 -0.188469 3.079062
v 1.970767 -0.194597 3.069944
v 2.016364 -0.227352 3.110746
v 2.020624 -0.239974 3.098667
v 1.969970 -0.185334 3.083880
v 2.012928 -0.217681 3.120124
v 1.949932 -0.256868 3.137795
v 2.024954 -0.253179 3.085827
v 1.976709 -0.267582 2.962209
v 1.970257 -0.188469 3.079062
v 1.970767 -0.194597 3.069944
v 1.969970 -0.185334 3.083880
v 1.949932 -0.256868 3.137795
v 1.976709 -0.267582 2.962209
v 1.949475 -0.266818 3.130922
v 1.949723 -0.261215 3.134848
v 1.367641 -0.906780 2.130272
v 1.396538 -0.906441 2.266125
v 1.361635 -0.865337 2.094723
v 1.338181 -0.887329 2.119606
v 1.669080 -0.905641 2.267821
v 1.661247 -0.795309 2.372259
v 1.655871 -0.792585 2.356042
v 1.688684 -0.905428 2.339174
v 1.612255 -0.900335 2.069263
v 1.615458 -0.906204 2.073767
v 1.643635 -0.786443 2.319294
v 1.569367 -0.821678 2.009556
v 1.606193 -0.889260 2.060771
v 1.552080 -0.740665 2.044837
v 1.559657 -0.905528 2.522280
v 1.630556 -0.828667 2.417750
v 1.607839 -0.905489 2.454248
v 1.545743 -0.737686 2.026374
v 1.547982 -0.783279 1.980561
v 1.505148 -0.731546 1.944650
v 1.661247 -0.795309 2.372259
v 1.655871 -0.792585 2.356042
v 1.643635 -0.786443 2.319294
v 1.552080 -0.740665 2.044837
v 1.559657 -0.905528 2.522280
v 1.630556 -0.828667 2.417750
v 1.545743 -0.737686 2.026374
v 1.505148 -0.731546 1.944650
v 1.396538 -0.906441 2.266125
v 1.361635 -0.865337 2.094723
v 1.338181 -0.887329 2.119606
v 2.067395 -0.786114 1.031576
v 2.046931 -0.824132 1.079417
v 1.952162 -0.498738 0.983738
v 1.858709 -0.572223 1.139317
v 1.834100 -0.466952 1.101264
v 1.723591 -0.739617 1.054113
v 1.877780 -0.653311 1.168494
v 1.680482 -0.846152 1.035631
v 1.754105 -0.911526 1.107702
v 1.748952 -0.915658 1.104084
v 1.972402 -0.804185 1.153545
v 1.886071 -0.666503 1.167189
v 1.932951 -0.741225 1.159787
v 2.049584 -0.803332 0.834665
v 2.040237 -0.818842 0.828644
v 2.024018 -0.845061 0.818345
v 2.003039 -0.676727 0.847713
v 1.965798 -0.815430 0.807494
v 2.010052 -0.871559 0.869459
v 1.764031 -0.837189 0.968807
v 1.998154 -0.894140 0.913133
v 1.769766 -0.916035 1.091620
v 1.990005 -0.909614 0.943144
v 1.984468 -0.919869 0.963118
v 1.834100 -0.466952 1.101264
v 1.723591 -0.739617 1.054113
v 1.680482 -0.846152 1.035631
v 2.003039 -0.676727 0.847713
v 1.965798 -0.815430 0.807494
v 1.764031 -0.837189 0.968807
v 1.952162 -0.498738 0.983738
v 2.844354 -0.953672 2.367936
v 2.778914 -0.900748 2.257103
v 2.789510 -0.897013 2.249307
v 2.581500 -0.970453 2.402571
v 2.731127 -0.914286 2.412539
v 2.842494 -0.947752 2.401201
v 2.857310 -0.967070 2.395988
v 2.853469 -0.962050 2.397342
v 2.797633 -0.889328 2.416888
v 2.581500 -0.970453 2.402571
v 2.857310 -0.967070 2.395988
v 2.778914 -0.900748 2.257103
v 2.789510 -0.897013 2.249307
v 2.844354 -0.953672 2.367936
v 3.873734 -0.254018 3.211337
v 3.881803 -0.253948 3.212074
v 4.022616 -0.245709 2.963501
v 3.932815 -0.253505 3.216664
v 4.058028 -0.252367 3.227772
v 4.074834 -0.251340 3.196622
v 4.082150 -0.252026 3.229839
v 4.017997 -0.240228 2.969677
v 3.890474 -0.168563 3.161200
v 3.903261 -0.104045 3.123307
v 3.889508 -0.173448 3.164065
v 3.875775 -0.243567 3.205214
v 4.533438 1.409804 3.624539
v 3.074895 0.045592 4.368834
v 2.015795 0.933158 3.499569
v 2.703418 0.004209 3.745174
v 1.598084 1.740940 2.959235
v 1.868873 2.280592 2.850033
v 1.501824 1.548711 2.995768
v 1.817002 2.134218 2.620814
v 2.713640 0.540464 1.176010
v 1.501586 1.546077 2.983303
v 3.716717 0.133160 4.624596
v 3.126247 2.092172 3.507231
v 2.420373 0.005044 1.584282
v 2.353760 -0.004754 1.605613
v 3.809308 0.147083 4.594751
v 3.942701 0.185725 3.590523
v 4.121023 0.246004 1.802054
v 3.843889 0.152640 4.583377
v 3.486966 0.165467 1.240477
v 2.713640 0.540464 1.176010
v 2.353760 -0.004754 1.605613
v 1.598084 1.740940 2.959235
v 1.501824 1.548711 2.995768
v 1.868873 2.280592 2.850033
v 1.817002 2.134218 2.620814
v 1.501586 1.546077 2.983303
v 3.126247 2.092172 3.507231
v 3.716717 0.133160 4.624596
v 2.420373 0.005044 1.584282
v 3.809308 0.147083 4.594751
v 3.942701 0.185725 3.590523
v 4.121023 0.246004 1.802054
v 3.843889 0.152640 4.583377
v 3.486966 0.165467 1.240477
v 3.703912 0.611347 5.093030
v 4.131814 1.179385 4.744474
v 4.124132 1.179135 4.731699
v 3.477367 0.669324 6.275620
v 2.801518 0.683929 6.099587
v 2.609569 0.707443 6.040118
v 2.616633 0.659956 6.033888
v 2.617007 0.724298 6.033731
v 2.800612 1.126926 5.876030
v 2.635502 0.625168 6.017484
v 2.672360 0.557564 5.985442
v 3.959260 0.584420 6.354504
v 2.692021 0.521583 5.968349
v 2.826863 1.153845 5.853403
v 3.968464 0.596095 6.344661
v 4.172248 0.853291 6.126077
v 3.338063 1.673149 5.412707
v 3.123143 0.125661 5.594630
v 3.292628 0.091641 5.662224
v 2.975964 0.223334 5.722068
v 3.075478 0.157223 5.635710
v 3.473223 0.060760 5.748460
v 3.458758 0.058388 5.728364
v 2.786278 0.349429 5.886409
v 3.538839 0.071836 5.840479
v 3.614852 0.084866 5.947618
v 3.972661 0.291058 6.174590
v 3.791829 0.186688 6.059779
v 4.325836 0.826034 5.760409
v 4.334853 0.805128 5.816474
v 4.171984 1.180794 4.811612
v 3.828906 1.401116 4.987561
v 3.959260 0.584420 6.354504
v 3.968464 0.596095 6.344661
v 4.172248 0.853291 6.126077
v 3.972661 0.291058 6.174590
v 4.171984 1.180794 4.811612
v 3.828906 1.401116 4.987561
v 4.334853 0.805128 5.816474
v 4.131814 1.179385 4.744474
v 4.124132 1.179135 4.731699
v 1.187446 1.746469 6.042336
v 1.555903 1.321969 6.029314
v 1.762218 0.956501 4.383290
v 1.262172 0.824199 4.530533
v 1.245441 0.819966 4.535766
v 2.064735 2.033087 5.868491
v 0.470118 0.924334 5.253003
v 0.434789 0.929034 5.285743
v 2.070635 2.053984 5.897383
v 0.442930 1.016675 5.418806
v 2.302212 1.342486 5.927647
v 2.276778 0.451910 5.226212
v 0.482860 0.813654 5.353865
v 0.463487 0.833880 5.353572
v 0.928227 0.350469 5.358733
v 1.438745 0.096973 5.077316
v 1.572732 0.030652 5.003624
v 1.913055 0.130300 5.028848
v 1.627091 0.007240 4.976439
v 1.619507 0.007528 4.977869
v 1.768856 0.002692 4.950391
v 1.847675 0.350995 4.379669
v 1.880725 0.543578 4.363596
v 1.920153 0.192796 4.491770
v 1.903418 0.203760 4.472375
v 1.894381 0.227475 4.457384
v 2.166015 0.147715 4.747272
v 2.097091 0.079964 4.696050
v 1.762218 0.956501 4.383290
v 2.064735 2.033087 5.868491
v 2.070635 2.053984 5.897383
v 2.302212 1.342486 5.927647
v 2.276778 0.451910 5.226212
v 1.880725 0.543578 4.363596
v 2.166015 0.147715 4.747272
v -4.433766 -0.019717 4.500916
v -4.429397 -0.012648 4.503268
v -4.427428 0.004058 4.395185
v -4.475441 0.079135 4.444065
v -4.484864 0.071404 4.437435
v -4.410753 0.030077 4.415823
v -4.420846 0.014152 4.403204
v -4.470471 0.083091 4.447585
v -4.403002 0.042279 4.425759
v -4.426102 -0.007163 4.505011
v -4.431708 -0.002509 4.390001
v -4.596277 -0.020681 4.359204
v -4.475441 0.079135 4.444065
v -4.484864 0.071404 4.437435
v -4.470471 0.083091 4.447585
v -4.426102 -0.007163 4.505011
v -4.596277 -0.020681 4.359204
v -4.433766 -0.019717 4.500916
v -4.429397 -0.012648 4.503268
v -5.893519 -0.827156 4.456484
v -5.728753 -0.826729 4.516164
v -5.935594 -0.774868 4.439202
v -5.924592 -0.802614 4.480918
v -5.545126 -0.825719 4.225426
v -5.438507 -0.686513 4.303483
v -5.459459 -0.683076 4.298423
v -5.455635 -0.825450 4.252030
v -5.795672 -0.819024 4.153823
v -5.788714 -0.826428 4.153398
v -5.506977 -0.675327 4.287012
v -5.888225 -0.719783 4.159923
v -5.808811 -0.805051 4.154651
v -5.861972 -0.617568 4.201972
v -5.345617 -0.825576 4.512358
v -5.410263 -0.728600 4.366698
v -5.386332 -0.825527 4.415373
v -5.885973 -0.613811 4.196442
v -5.933541 -0.671336 4.163482
v -6.000573 -0.606063 4.185399
v -5.438507 -0.686513 4.303483
v -5.459459 -0.683076 4.298423
v -5.506977 -0.675327 4.287012
v -5.861972 -0.617568 4.201972
v -5.345617 -0.825576 4.512358
v -5.410263 -0.728600 4.366698
v -5.885973 -0.613811 4.196442
v -6.000573 -0.606063 4.185399
v -5.728753 -0.826729 4.516164
v -5.935594 -0.774868 4.439202
v -5.924592 -0.802614 4.480918
v -6.603331 -0.674913 2.974171
v -6.565749 -0.722880 3.028001
v -6.731433 -0.312331 3.065664
v -6.627163 -0.405047 3.269530
v -6.684330 -0.272227 3.270499
v -6.808546 -0.616248 3.357391
v -6.583195 -0.507355 3.268570
v -6.857096 -0.750662 3.391228
v -6.730800 -0.833144 3.360462
v -6.738112 -0.838359 3.363567
v -6.536081 -0.697713 3.157265
v -6.579062 -0.524000 3.258820
v -6.555714 -0.618276 3.203678
v -6.826088 -0.696636 2.861886
v -6.838772 -0.716206 2.867880
v -6.860620 -0.749285 2.878379
v -6.843164 -0.536899 2.920437
v -6.911079 -0.711900 2.933489
v -6.815199 -0.782718 2.927433
v -6.872923 -0.739354 3.257175
v -6.776364 -0.811209 2.969309
v -6.737574 -0.838833 3.332961
v -6.749661 -0.830732 2.998057
v -6.731964 -0.843671 3.017312
v -6.684330 -0.272227 3.270499
v -6.808546 -0.616248 3.357391
v -6.857096 -0.750662 3.391228
v -6.843164 -0.536899 2.920437
v -6.911079 -0.711900 2.933489
v -6.872923 -0.739354 3.257175
v -6.731433 -0.312331 3.065664
v -4.653893 -0.886320 3.033593
v -4.816240 -0.819547 3.029737
v -4.817521 -0.814833 3.013189
v -4.792149 -0.907493 3.338192
v -4.681660 -0.836628 3.184603
v -4.619510 -0.878851 3.057775
v -4.615210 -0.903224 3.038432
v -4.616321 -0.896891 3.043448
v -4.632637 -0.805137 3.116282
v -4.792149 -0.907493 3.338192
v -4.615210 -0.903224 3.038432
v -4.816240 -0.819547 3.029737
v -4.817521 -0.814833 3.013189
v -4.653893 -0.886320 3.033593
v -3.063991 -0.003566 2.493836
v -3.057819 -0.003478 2.485687
v -3.230084 0.006918 2.169066
v -3.018872 -0.002918 2.434119
v -2.923448 -0.001483 2.307437
v -2.945596 -0.000187 2.268658
v -2.905143 -0.001053 2.282982
v -3.226551 0.013834 2.178132
v -3.106515 0.104252 2.442463
v -3.138566 0.185654 2.403492
v -3.104091 0.098090 2.445410
v -3.069186 0.009620 2.487567
v -4.118797 -0.734152 2.641198
v -4.068294 -0.759986 2.609275
v -3.947293 -0.855816 2.984771
v -3.828515 -0.746191 2.984722
v -4.200858 -0.521844 3.350949
v -4.216928 -0.536417 3.351123
v -4.131680 -0.790842 2.616832
v -4.057292 -0.885450 2.869122
v -4.182910 -0.790581 2.646107
v -4.175056 -0.788245 2.634186
v -4.299185 -0.824765 2.823510
v -3.814758 -0.754535 2.970979
v -3.929096 -0.877690 2.959519
v -3.775140 -0.798054 2.856122
v -3.928133 -0.884557 2.948718
v -3.784112 -0.797091 2.847791
v -3.954458 -0.885082 2.931918
v -4.014733 -0.885423 2.894902
v -4.071746 -0.768708 2.606069
v -4.120368 -0.786755 2.614754
v -4.055261 -0.764846 2.608020
v -3.947293 -0.855816 2.984771
v -4.216928 -0.536417 3.351123
v -3.929096 -0.877690 2.959519
v -3.928133 -0.884557 2.948718
v -3.954458 -0.885082 2.931918
v -4.014733 -0.885423 2.894902
v -4.057292 -0.885450 2.869122
v -4.299185 -0.824765 2.823510
v -5.094271 -0.784282 3.025052
v -5.071402 -0.772402 3.033163
v -4.778226 -0.842257 2.936933
v -4.788660 -0.842378 2.948478
v -4.771165 -0.842174 2.929073
v -5.070795 -0.763421 3.004313
v -5.161045 -0.838041 2.926106
v -5.115221 -0.784459 2.981709
v -5.106718 -0.780419 2.985986
v -4.925573 -0.840531 2.927569
v -5.067309 -0.799338 3.092102
v -5.067050 -0.842983 3.124806
v -4.859053 -0.842934 3.013299
v -5.067517 -0.790550 3.085170
v -4.835984 -0.842915 3.000231
v -5.072300 -0.784063 3.070388
v -4.778226 -0.842257 2.936933
v -4.788660 -0.842378 2.948478
v -4.771165 -0.842174 2.929073
v -5.161045 -0.838041 2.926106
v -4.925573 -0.840531 2.927569
v -5.067050 -0.842983 3.124806
v -4.859053 -0.842934 3.013299
v -4.835984 -0.842915 3.000231
v -4.896420 -0.793111 1.814646
v -4.945571 -0.794287 1.813951
v -4.937551 -0.709541 1.899565
v -4.950608 -0.656007 1.909690
v -4.890962 -0.713564 1.746907
v -4.894511 -0.696732 1.748234
v -5.295809 -0.798308 1.575885
v -5.380723 -0.653151 1.566217
v -4.995525 -0.793483 1.693403
v -4.984656 -0.793292 1.697659
v -5.340528 -0.801236 1.697342
v -5.386820 -0.650017 1.577144
v -5.298302 -0.802080 1.809592
v -5.254235 -0.683563 1.929008
v -5.367756 -0.643174 1.627959
v -5.125632 -0.621052 1.942476
v -5.204291 -0.663947 1.948343
v -4.874615 -0.791355 1.740937
v -4.894511 -0.696732 1.748234
v -5.380723 -0.653151 1.566217
v -5.386820 -0.650017 1.577144
v -5.367756 -0.643174 1.627959
v -5.125632 -0.621052 1.942476
v -4.950608 -0.656007 1.909690
v -5.659748 -0.802704 1.326880
v -5.675660 -0.738633 1.253120
v -5.605804 -0.755407 1.407939
v -5.609802 -0.736702 1.387742
v -5.602622 -0.770495 1.424143
v -5.507590 -0.674715 1.327582
v -5.503029 -0.670121 1.322946
v -5.611461 -0.804018 1.427329
v -5.308964 -0.784994 1.052677
v -5.384269 -0.786883 1.041468
v -5.748353 -0.747489 1.108826
v -5.737574 -0.740709 1.126675
v -5.514707 -0.790175 1.022137
v -5.542938 -0.669816 1.320278
v -5.663948 -0.713814 1.200105
v -5.747889 -0.757088 1.115915
v -5.745756 -0.800361 1.147854
v -5.611461 -0.804018 1.427329
v -5.308964 -0.784994 1.052677
v -5.384269 -0.786883 1.041468
v -5.514707 -0.790175 1.022137
v -5.745756 -0.800361 1.147854
v -5.659748 -0.802704 1.326880
v -3.470208 0.172680 3.285124
v -3.729904 0.145392 3.060954
v -3.665114 0.146183 3.061797
v -3.457780 0.174377 3.299428
v -3.336784 0.052940 3.272618
v -3.570335 0.177503 3.339201
v -3.642177 0.023414 3.385668
v -3.690533 0.031520 3.401842
v -3.337295 0.041055 3.257807
v -3.607896 0.007285 3.348336
v -3.595982 0.001550 3.335042
v -3.338448 0.021040 3.232576
v -3.339456 0.007150 3.214862
v -3.580245 -0.006189 3.317069
v -3.344035 -0.001274 3.206090
v -3.353417 -0.001076 3.191187
v -3.374401 -0.000893 3.170703
v -3.745759 -0.007688 3.299597
v -3.602580 0.002871 2.990501
v -3.784776 -0.007874 3.295904
v -3.433933 0.000401 3.113525
v -3.562129 0.003169 2.990928
v -3.676277 0.027409 3.002430
v -3.790510 -0.006493 3.298871
v -3.801772 -0.003739 3.304798
v -3.880247 0.091721 3.054645
v -3.831907 0.080186 3.028106
v -3.763910 0.008375 3.338100
v -3.870905 0.100149 3.054691
v -3.713536 0.024335 3.382029
v -3.860473 0.109466 3.054696
v -3.833395 0.133259 3.054519
v -3.816524 0.144362 3.060111
v -3.642177 0.023414 3.385668
v -3.690533 0.031520 3.401842
v -3.607896 0.007285 3.348336
v -3.595982 0.001550 3.335042
v -3.580245 -0.006189 3.317069
v -3.745759 -0.007688 3.299597
v -3.784776 -0.007874 3.295904
v -3.790510 -0.006493 3.298871
v -3.801772 -0.003739 3.304798
v -3.763910 0.008375 3.338100
v -3.713536 0.024335 3.382029
v -1.924330 0.015911 4.507804
v -1.879633 0.013771 4.659587
v -1.820137 0.019344 4.550369
v -1.831519 0.031689 4.536620
v -1.912359 0.017097 4.483477
v -1.870604 0.050111 4.499838
v -1.868204 0.058879 4.524853
v -2.019629 0.039351 4.816643
v -2.071297 0.001739 4.807750
v -1.977604 0.004874 4.838718
v -1.912359 0.017097 4.483477
v -1.870604 0.050111 4.499838
v -1.868204 0.058879 4.524853
v -2.019629 0.039351 4.816643
v -2.071297 0.001739 4.807750
v -1.924330 0.015911 4.507804
v -2.925091 -0.005535 4.318827
v -2.939266 -0.054046 4.300786
v -2.894738 -0.011155 4.364081
v -2.790882 -0.053358 4.036143
v -2.721776 -0.000900 4.058683
v -2.722568 -0.009156 4.061023
v -2.761135 0.003826 4.034106
v -2.711719 -0.002114 4.065052
v -2.790882 -0.053358 4.036143
v -2.761135 0.003826 4.034106
v -2.925091 -0.005535 4.318827
v -2.939266 -0.054046 4.300786
v -1.727710 0.011722 4.580190
v -1.728758 0.015817 4.569038
v -1.614321 -0.022220 4.606623
v -1.631568 -0.027071 4.604651
v -1.706365 -0.001438 4.542674
v -1.688932 -0.031465 4.584653
v -1.627505 -0.012633 4.622354
v -1.724656 0.000052 4.611692
v -1.669864 -0.007073 4.617739
v -1.706365 -0.001438 4.542674
v -1.688932 -0.031465 4.584653
v -1.724656 0.000052 4.611692
v -1.727710 0.011722 4.580190
v -1.728758 0.015817 4.569038
v -1.973505 -0.017784 4.360842
v -1.966506 -0.020204 4.431019
v -2.002838 -0.016991 4.344177
v -1.975604 -0.017080 4.340443
v -1.984233 0.009182 4.429006
v -1.978693 -0.007557 4.372551
v -2.022488 -0.004087 4.389640
v -2.033515 -0.017749 4.373800
v -1.984233 0.009182 4.429006
v -2.022488 -0.004087 4.389640
v -2.033515 -0.017749 4.373800
v -1.966506 -0.020204 4.431019
v -2.869294 0.162920 5.086648
v -2.911908 0.195406 5.147966
v -3.260048 0.086011 4.763626
v -3.613005 0.205034 4.916253
v -3.617289 0.201307 4.905855
v -3.664310 0.160150 4.791122
v -3.054650 0.048412 4.749486
v -2.801445 0.426324 5.256303
v -3.080196 0.679085 5.368762
v -3.092687 0.690375 5.373785
v -2.774148 0.405783 5.217254
v -2.629397 0.297083 5.008692
v -2.623867 0.298178 4.965789
v -3.479611 0.362503 4.204854
v -3.044622 0.046581 4.748783
v -2.901240 0.117312 4.503392
v -2.576094 0.308022 4.592527
v -2.808865 0.165837 4.408473
v -2.876967 0.613605 4.495806
v -2.962598 0.203759 4.324948
v -2.834239 0.150476 4.388450
v -2.963931 0.701621 4.467810
v -3.166503 0.303900 4.228548
v -3.000547 0.211650 5.154109
v -3.517205 0.288431 5.147707
v -3.406152 0.392582 5.231453
v -3.041765 0.776060 4.471782
v -3.059259 0.759836 4.458769
v -3.452658 0.390274 4.164110
v -3.304568 0.529718 4.275168
v -3.355092 0.360790 4.186066
v -2.962598 0.203759 4.324948
v -2.834239 0.150476 4.388450
v -3.260048 0.086011 4.763626
v -3.664310 0.160150 4.791122
v -3.054650 0.048412 4.749486
v -3.479611 0.362503 4.204854
v -3.044622 0.046581 4.748783
v -2.901240 0.117312 4.503392
v -2.839001 -0.032771 5.143150
v -3.050226 0.000556 5.115628
v -2.923125 -0.062184 5.089799
v -2.823166 -0.072309 5.132969
v -2.941231 0.013731 5.201901
v -3.265211 -0.026707 4.942428
v -2.833237 -0.008098 3.953432
v -2.881562 -0.008079 3.941326
v -2.889181 -0.008019 3.947325
v -2.925311 -0.007731 3.975903
v -2.896226 0.001163 3.956115
v -2.888684 0.003451 3.951014
v -2.815370 -0.008103 3.957934
v -2.085343 -0.047193 3.139881
v -2.068692 -0.007820 3.220580
v -2.050220 0.072764 3.327187
v -2.000517 0.032062 3.329868
v -1.915553 -0.013283 3.294687
v -1.861667 -0.041931 3.272191
v -2.086910 -0.046818 3.134461
v -2.088761 -0.004942 3.150114
v -2.095148 0.174594 3.218050
v -2.090124 0.031644 3.163925
v -1.855005 -0.040396 3.261080
v -2.606883 0.179798 3.265968
v -2.634849 0.144941 3.265547
v -2.754647 -0.007113 3.263377
v -2.468961 -0.012442 3.219081
v -2.445997 0.002890 3.217639
v -2.659896 0.113262 3.265109
v -2.904610 -0.007392 3.855423
v -2.973437 0.220862 3.759888
v -2.996669 0.187130 3.755166
v -3.126829 -0.002428 3.728855
v -3.032806 -0.004560 3.782415
v -2.765769 0.521693 3.801670
v -2.781230 0.499488 3.798512
v -2.691841 0.466920 3.856862
v -2.861952 -0.008334 3.879632
v -2.433121 0.038385 3.358700
v -2.796490 -0.009251 3.796870
v -2.635290 -0.011268 3.593166
v -2.431401 -0.013143 3.213303
v -2.401409 -0.014194 3.297482
v -2.509748 0.010934 3.871521
v -2.720937 -0.008162 4.521585
v -2.388168 0.036618 4.319355
v -2.383960 0.008101 4.288187
v -2.383012 0.001651 4.281097
v -2.390282 0.003036 4.222813
v -2.393467 0.003671 4.197336
v -2.538895 0.261451 4.652178
v -2.547994 0.284015 4.636055
v -2.529595 0.273361 4.657004
v -2.721606 0.027081 4.556983
v -2.742869 -0.000051 4.545855
v -2.800329 0.430009 4.348419
v -2.878144 0.474746 4.259814
v -3.032693 -0.005379 4.273015
v -2.849145 -0.007731 4.447711
v -2.606998 0.063666 3.750592
v -2.574843 0.014968 3.690373
v -2.803464 0.004760 3.981215
v -2.966599 -0.002527 4.188855
v -2.742869 -0.000051 4.545855
v -2.849145 -0.007731 4.447711
v -2.720937 -0.008162 4.521585
v -4.874716 0.301840 5.818763
v -5.126705 0.007830 5.536643
v -4.867735 -0.009746 5.871377
v -4.135253 -0.014681 5.444512
v -4.029685 -0.018743 5.164772
v -3.902253 -0.016021 5.308834
v -3.986742 0.395725 5.565607
v -4.114754 -0.020391 5.068801
v -4.451116 0.313069 5.792958
v -4.099082 0.416881 5.641392
v -4.882049 0.185508 5.978198
v -4.893109 0.166687 5.975106
v -5.059902 0.033692 5.693993
v -5.081679 -0.016119 5.485945
v -5.122805 -0.014717 5.583961
v -5.119800 -0.014576 5.592661
v -4.998673 -0.016488 5.449966
v -4.893109 0.166687 5.975106
v -5.059902 0.033692 5.693993
v -5.119800 -0.014576 5.592661
v -4.867735 -0.009746 5.871377
v -4.777295 0.087045 4.816094
v -4.501405 0.043424 5.288956
v -4.132720 0.413222 4.479236
v -4.154171 0.406699 4.475853
v -4.033227 0.265506 5.094350
v -4.038472 0.241030 5.098875
v -4.318621 0.004254 5.226397
v -4.508419 0.022454 5.293753
v -4.093984 -0.017492 5.146115
v -4.228432 0.177292 4.323412
v -4.269421 0.015560 4.321909
v -4.497985 0.009467 4.534649
v -4.811502 0.001088 4.826815
v -4.238144 0.197298 4.337504
v -4.315001 0.357413 4.450237
v -4.784709 -0.000897 4.871183
v -4.588216 -0.015429 5.195457
v -4.093984 -0.017492 5.146115
v -4.269421 0.015560 4.321909
v -4.132720 0.413222 4.479236
v -4.154171 0.406699 4.475853
v -4.033227 0.265506 5.094350
v -4.038472 0.241030 5.098875
v -4.228432 0.177292 4.323412
v -4.238144 0.197298 4.337504
v -4.315001 0.357413 4.450237
v -5.988215 -0.722296 2.348705
v -5.227779 -0.809961 2.452190
v -5.551442 -0.625244 2.480343
v -5.926463 -0.667483 2.373004
v -5.298611 -0.597028 2.552674
v -5.217401 -0.808771 2.545344
v -5.178380 -0.622883 2.394814
v -5.170845 -0.613481 2.438879
v -5.183806 -0.704216 2.568906
v -5.185232 -0.631375 2.355020
v -5.845890 -0.812618 2.130952
v -5.931973 -0.810095 2.323695
v -5.922979 -0.811546 2.188433
v -5.729146 -0.813911 2.044318
v -5.933839 -0.809754 2.351321
v -5.387630 -0.670152 2.217855
v -5.594707 -0.710045 2.077680
v -5.931973 -0.810095 2.323695
v -5.922979 -0.811546 2.188433
v -5.845890 -0.812618 2.130952
v -5.933839 -0.809754 2.351321
v -5.729146 -0.813911 2.044318
v -5.594707 -0.710045 2.077680
v -5.926463 -0.667483 2.373004
v -5.988215 -0.722296 2.348705
v -2.502220 0.028945 5.365202
v -2.099544 -0.003180 4.925358
v -2.082961 0.130812 5.408705
v -2.557149 0.410272 5.410236
v -2.376154 -0.010386 4.954699
v -2.479820 -0.028315 5.333853
v -2.484277 -0.029089 5.350258
v -2.585055 0.413126 5.338264
v -2.581126 0.423284 5.316030
v -2.565192 0.413329 5.268272
v -1.945176 0.047851 5.276372
v -2.550911 0.404341 5.225523
v -2.055009 0.107172 4.867144
v -2.074396 0.118549 4.863338
v -2.381920 0.048262 4.926447
v -2.196744 0.090489 4.888381
v -2.595976 0.384762 5.400396
v -2.566941 0.397937 5.425790
v -2.587753 0.388458 5.407693
v -2.479480 0.303342 5.462415
v -2.262864 0.165957 5.470051
v -2.064740 -0.024253 5.455505
v -2.115935 0.072583 5.475181
v -1.964661 -0.016866 5.329248
v -2.671332 -0.003918 5.764135
v -2.627902 -0.000869 5.772471
v -2.644681 -0.003209 5.792160
v -2.653940 -0.003499 5.801016
v -2.649135 -0.003554 5.752441
v -2.662387 -0.003826 5.740475
v -2.682197 0.025557 5.733984
v -2.701584 0.050520 5.735177
v -2.668207 -0.003715 5.814202
v -2.662387 -0.003826 5.740475
v -2.682197 0.025557 5.733984
v -2.649135 -0.003554 5.752441
v -2.627902 -0.000869 5.772471
v -3.215064 0.160373 5.791027
v -3.373987 0.204572 5.653068
v -3.848684 -0.026478 5.743762
v -3.344283 0.188088 5.648097
v -3.077508 0.060224 6.428909
v -3.839292 -0.072158 5.734948
v -3.810639 -0.084578 5.777501
v -3.797457 -0.090272 5.797089
v -3.848384 -0.068202 5.721415
v -3.859120 -0.029270 5.724210
v -3.851522 -0.056999 5.722134
v -3.672924 -0.102868 5.910717
v -2.951349 -0.091778 6.423502
v -3.725837 -0.097535 5.862470
v -3.214266 0.290746 6.280196
v -3.141063 0.271593 6.348247
v -3.545877 0.377352 5.971302
v -3.672080 0.370885 5.706272
v -2.827595 0.077557 6.220695
v -2.940368 -0.076793 6.405576
v -3.119744 0.258404 6.339603
v -3.214266 0.290746 6.280196
v -3.141063 0.271593 6.348247
v -3.545877 0.377352 5.971302
v -3.672080 0.370885 5.706272
v -2.827595 0.077557 6.220695
v -3.119744 0.258404 6.339603
v -3.215064 0.160373 5.791027
v -3.373987 0.204572 5.653068
v -3.344283 0.188088 5.648097
v -3.970566 0.102404 6.051331
v -3.388792 0.092845 6.397980
v -3.462365 0.123612 6.075357
v -3.795612 -0.083273 5.798167
v -3.356178 0.129752 6.384294
v -3.392688 -0.031415 6.174191
v -3.495430 0.337550 6.119545
v -3.405600 -0.062863 6.147941
v -3.396109 -0.046442 6.154646
v -3.670481 -0.107091 5.913558
v -3.505571 0.352632 6.100307
v -3.819561 -0.028925 5.794280
v -3.856405 0.385223 5.867534
v -3.828151 -0.112410 5.806394
v -3.782467 -0.120986 5.821854
v -3.815890 -0.071493 5.786945
v -3.767414 -0.123129 5.828013
v -3.356178 0.129752 6.384294
v -3.495430 0.337550 6.119545
v -3.405600 -0.062863 6.147941
v -3.670481 -0.107091 5.913558
v -3.505571 0.352632 6.100307
v -3.819561 -0.028925 5.794280
v -3.856405 0.385223 5.867534
v -3.828151 -0.112410 5.806394
v -3.815890 -0.071493 5.786945
v -3.782467 -0.120986 5.821854
v -3.767414 -0.123129 5.828013
v -3.388792 0.092845 6.397980
v -1.491073 -0.007691 4.207695
v -1.320981 0.024689 4.171366
v -1.282075 -0.006779 4.319735
v -1.384533 -0.010142 4.326379
v -1.393320 -0.006197 4.315636
v -1.374983 -0.010129 4.332126
v -1.499984 -0.007165 4.192393
v -1.329161 0.028628 4.172881
v -1.495648 0.022726 4.194877
v -1.315644 0.028241 4.174672
v -1.487683 -0.006787 4.190768
v -1.307596 -0.000243 4.167077
v -1.290961 -0.000030 4.173244
v -1.155153 -0.002063 4.302194
v -1.156870 0.001653 4.223557
v -1.161393 0.016059 4.227270
v -1.157758 -0.038886 4.187149
v -1.201247 -0.042736 4.260502
v -1.184084 -0.041325 4.231251
v -1.129371 0.007294 4.257272
v -1.207816 -0.043161 4.272184
v -1.072809 0.005152 4.203001
v -1.075531 0.041875 4.247034
v -1.068105 0.016518 4.242433
v -1.076950 -0.001571 4.182155
v -1.082607 0.009931 4.174405
v -1.128828 -0.036151 4.138909
v -1.075531 0.041875 4.247034
v -1.068105 0.016518 4.242433
v -1.129371 0.007294 4.257272
v -1.207816 -0.043161 4.272184
v -1.275776 -0.000423 4.186204
v -1.423337 0.045838 3.984065
v -1.423025 0.059904 3.981379
v -1.266957 0.011162 3.917913
v -1.207339 0.043331 3.894854
v -1.414268 0.071379 3.987978
v -1.422603 0.077926 3.977901
v -1.401807 0.061632 4.002943
v -1.409311 0.007002 3.968659
v -1.414320 0.008050 3.976175
v -1.377660 0.016845 4.001881
v -1.286447 0.009514 3.919480
v -1.249427 0.025291 3.979609
v -1.329257 0.007746 3.932162
v -1.331527 0.027978 4.034252
v -1.398919 0.004921 3.953055
v -1.224287 0.024517 3.962759
v -1.345431 0.103949 3.855504
v -1.234710 0.059303 3.883926
v -1.374449 0.021854 3.912883
v -1.320783 0.014229 3.916975
v -1.205762 0.047367 3.892015
v -1.204885 0.043493 3.901010
v -1.221289 0.026919 3.954535
v -1.409311 0.007002 3.968659
v -1.414320 0.008050 3.976175
v -1.377660 0.016845 4.001881
v -1.331527 0.027978 4.034252
v -1.398919 0.004921 3.953055
v -1.345431 0.103949 3.855504
v -1.374449 0.021854 3.912883
v -1.423337 0.045838 3.984065
v -1.423025 0.059904 3.981379
v -1.401807 0.061632 4.002943
v -1.422603 0.077926 3.977901
v -1.347017 0.023714 4.160859
v -1.231489 0.001063 4.195683
v -1.188082 0.016805 4.217617
v -1.229265 0.019609 4.203375
v -1.183347 0.002209 4.213970
v -1.333331 -0.001349 4.156706
v -1.368243 -0.000211 4.094776
v -1.170312 0.003328 4.198694
v -1.139123 0.031213 4.158951
v -1.143511 0.005754 4.167270
v -1.339704 0.028042 4.161292
v -1.352376 0.002341 4.046508
v -1.347433 0.003142 4.032362
v -1.333837 0.005252 3.995649
v -1.261942 0.053707 4.037196
v -1.256320 0.057490 4.040448
v -1.139123 0.031213 4.158951
v -1.143511 0.005754 4.167270
v -1.333837 0.005252 3.995649
v -1.261942 0.053707 4.037196
v -1.256320 0.057490 4.040448
v -1.701447 -0.008759 4.140620
v -1.717943 0.012684 4.108860
v -1.721663 -0.008007 4.110269
v -1.714229 0.033229 4.107446
v -1.501497 0.019439 4.165965
v -1.500919 -0.004313 4.131750
v -1.488384 -0.005129 4.163844
v -1.687365 -0.009282 4.161728
v -1.669205 -0.008994 4.161913
v -1.513902 -0.003486 4.098841
v -1.512579 0.024496 4.165492
v -1.562742 0.032161 4.127146
v -1.678635 0.020923 4.164510
v -1.653055 0.035466 4.103783
v -1.633533 -0.004831 4.061152
v -1.653189 -0.004934 4.055101
v -1.695744 0.037019 4.092782
v -1.653189 -0.004934 4.055101
v -1.695744 0.037019 4.092782
v -1.717943 0.012684 4.108860
v -1.721663 -0.008007 4.110269
v -1.714229 0.033229 4.107446
v -2.186000 -0.070689 3.036516
v -2.174756 -0.090802 3.085411
v -2.203354 -0.039244 2.960669
v -2.167971 -0.003905 3.022656
v -2.168993 -0.045758 3.058911
v -2.206157 0.009271 3.014629
v -2.233856 0.034940 2.929624
v -2.283896 0.036254 2.997510
v -2.205360 -0.075563 3.087539
v -2.239011 0.020643 3.007549
v -2.249394 -0.046393 3.065810
v -2.169976 -0.083843 3.091752
v -2.193545 -0.083362 3.093277
v -2.298014 -0.013794 3.041033
v -2.222281 -0.024199 2.943059
v -2.210769 -0.025626 2.928091
v -2.204300 0.034111 2.889792
v -2.167971 -0.003905 3.022656
v -2.168993 -0.045758 3.058911
v -2.169976 -0.083843 3.091752
v -2.193545 -0.083362 3.093277
v -2.210769 -0.025626 2.928091
v -2.204300 0.034111 2.889792
v -2.186000 -0.070689 3.036516
v -2.203354 -0.039244 2.960669
v -2.174756 -0.090802 3.085411
v -1.110632 0.408489 -0.906340
v -0.452997 0.486761 -0.923608
v -0.682569 0.002812 -1.349675
v -0.304362 0.088082 -0.896400
v -0.350120 0.005032 -1.106945
v -0.413646 0.004938 -0.888282
v -0.418845 0.004393 -1.301255
v -0.575440 0.004009 -0.885393
v -0.570954 0.381499 -1.359446
v -0.895135 0.329620 -1.414899
v -1.034853 0.001894 -0.901954
v -1.042655 0.001897 -0.877120
v -0.911172 0.002441 -1.296013
v -0.935259 0.284118 -1.389491
v -0.930243 0.327140 -1.405805
v -0.938902 0.326537 -1.403519
v -0.570954 0.381499 -1.359446
v -0.895135 0.329620 -1.414899
v -1.034853 0.001894 -0.901954
v -1.042655 0.001897 -0.877120
v -0.911172 0.002441 -1.296013
v -0.930243 0.327140 -1.405805
v -0.935259 0.284118 -1.389491
v -0.938902 0.326537 -1.403519
v -1.110632 0.408489 -0.906340
v -0.452997 0.486761 -0.923608
v -5.162896 -0.003918 -1.215389
v -5.165613 0.444279 -0.586324
v -5.149844 0.233137 -0.495283
v -5.037385 0.398734 -0.602647
v -5.145738 0.159929 -0.500111
v -5.137419 0.011503 -0.510064
v -4.769639 0.001164 -0.867774
v -4.747671 0.119336 -0.887648
v -4.750835 0.000632 -0.886205
v -4.735346 0.106057 -0.901731
v -4.726047 -0.003193 -1.051856
v -3.844680 0.062761 -1.490123
v -3.370683 0.419697 -1.520205
v -3.600299 0.157884 -1.400116
v -3.636345 0.408604 -1.725956
v -4.007095 0.233492 -1.825493
v -4.029381 0.108424 -1.696220
v -3.635914 0.117216 -1.381518
v -3.866197 0.398794 -1.904277
v -4.032096 0.093050 -1.680441
v -3.644798 0.107021 -1.376904
v -3.764510 0.019817 -1.455176
v -3.756315 0.019722 -1.450864
v -3.662135 0.018993 -1.401238
v -3.850660 0.020808 -1.500773
v -3.855517 0.020818 -1.504844
v -3.236788 -0.008015 -1.891143
v -3.227482 -0.008023 -1.884306
v -3.208102 0.040446 -1.881537
v -3.737898 0.292363 -1.979001
v -4.003081 0.161780 -1.828625
v -3.971301 0.020391 -1.623919
v -4.028254 0.020179 -1.682534
v -3.994942 0.014628 -1.834598
v -3.546680 -0.005561 -2.090956
v -3.519305 0.111522 -2.105548
v -3.506029 0.100631 -2.113091
v -3.493569 0.100679 -2.104177
v -3.509645 -0.006579 -2.090802
v -3.526043 -0.006485 -2.102570
v -3.182577 0.104351 -1.877856
v -3.241658 -0.008010 -1.894701
v -3.370683 0.419697 -1.520205
v -3.600299 0.157884 -1.400116
v -3.635914 0.117216 -1.381518
v -3.644798 0.107021 -1.376904
v -3.662135 0.018993 -1.401238
v -3.227482 -0.008023 -1.884306
v -3.208102 0.040446 -1.881537
v -3.182577 0.104351 -1.877856
v -4.756328 0.071516 -0.766278
v -4.779983 0.067803 -0.736801
v -4.870775 -0.209503 -0.637244
v -4.945492 -0.222000 -0.717132
v -4.864133 0.037323 -0.632829
v -4.863708 0.054692 -0.632563
v -4.940037 0.097423 -0.714782
v -4.872963 -0.293119 -0.638817
v -4.946495 -0.285494 -0.717621
v -4.773543 -0.353223 -0.766619
v -4.944774 -0.302563 -0.718307
v -4.873458 -0.314569 -0.639305
v -4.863708 0.054692 -0.632563
v -4.940037 0.097423 -0.714782
v -4.756328 0.071516 -0.766278
v -4.779983 0.067803 -0.736801
v -2.686418 -0.042964 -1.068558
v -2.718558 0.125610 -1.183460
v -2.689671 0.052360 -1.111423
v -2.765674 0.085857 -1.239700
v -2.770907 0.081526 -1.245724
v -3.055947 -0.002911 -1.169780
v -3.076905 -0.036962 -1.127011
v -3.087827 -0.016955 -1.155142
v -3.089989 -0.012990 -1.160696
v -2.661023 -0.021170 -1.039514
v -2.707068 -0.007123 -1.029820
v -2.749889 0.006268 -1.021200
v -3.088342 0.028494 -1.051805
v -3.014944 0.088857 -0.968364
v -2.804857 0.023472 -1.010152
v -2.718558 0.125610 -1.183460
v -2.765674 0.085857 -1.239700
v -2.770907 0.081526 -1.245724
v -3.076905 -0.036962 -1.127011
v -3.087827 -0.016955 -1.155142
v -3.055947 -0.002911 -1.169780
v -3.089989 -0.012990 -1.160696
v -3.088342 0.028494 -1.051805
v -3.014944 0.088857 -0.968364
v -3.323745 -0.006157 -0.602038
v -3.327596 -0.006625 -0.639809
v -3.344598 -0.008085 -0.803564
v -3.763273 -0.004183 -0.626528
v -3.756707 0.036928 -0.639675
v -3.764239 -0.004858 -0.620456
v -3.462930 0.270509 -0.519804
v -3.710842 0.120879 -0.412948
v -3.460291 0.207470 -0.806278
v -3.792872 0.071232 -0.377600
v -3.794392 0.057322 -0.377746
v -3.799842 -0.001650 -0.378831
v -3.458160 0.195904 -0.843662
v -3.410171 0.105359 -0.848135
v -3.428931 -0.007914 -0.810176
v -3.626055 -0.006377 -0.701737
v -3.462930 0.270509 -0.519804
v -3.460291 0.207470 -0.806278
v -3.458160 0.195904 -0.843662
v -3.410171 0.105359 -0.848135
v -3.428931 -0.007914 -0.810176
v -3.323745 -0.006157 -0.602038
v -3.327596 -0.006625 -0.639809
v -3.344598 -0.008085 -0.803564
v -1.835809 0.019990 4.457244
v -1.362077 0.093156 4.669591
v -1.371174 0.125001 4.624087
v -1.358208 0.067827 4.705795
v -1.586392 0.003334 4.414779
v -1.835562 0.065509 4.423324
v -1.755439 0.016540 4.423597
v -1.839746 0.023512 4.427955
v -1.713834 0.098195 4.618808
v -1.683434 0.107956 4.653449
v -1.597747 0.195980 4.555439
v -1.619209 0.185025 4.544121
v -1.647656 0.129018 4.663254
v -1.825995 0.061753 4.490750
v -1.833326 0.075197 4.430819
v -1.488872 -0.031468 4.652533
v -1.553333 -0.027849 4.668496
v -1.579436 -0.026256 4.675064
v -1.572948 0.006391 4.700125
v -1.397058 -0.036616 4.629681
v -1.569399 0.024539 4.714003
v -1.550422 0.035790 4.719188
v -1.500080 0.065554 4.732877
v -1.528128 0.077919 4.719588
v -1.555299 0.089656 4.706760
v -1.632104 0.122383 4.670590
v -1.486791 0.180368 4.560557
v -1.396254 0.167300 4.564748
v -1.461237 0.176712 4.561691
v -1.420649 -0.025422 4.547346
v -1.438097 0.035630 4.460905
v -1.456981 -0.008714 4.425300
v -1.402060 -0.034001 4.610054
v -1.427171 0.061510 4.481671
v -1.395630 0.136045 4.541709
v -1.399243 -0.035310 4.619648
v -1.388939 0.152196 4.554697
v -1.825995 0.061753 4.490750
v -1.833326 0.075197 4.430819
v -1.835562 0.065509 4.423324
v -1.839746 0.023512 4.427955
v -1.835809 0.019990 4.457244
v -1.117092 0.290160 4.079782
v -1.199795 0.327764 4.057856
v -1.161482 0.053667 4.065998
v -1.128503 0.048748 4.102473
v -1.342600 0.238561 4.109202
v -1.101035 0.042472 4.138478
v -1.127577 0.055125 4.089665
v -1.051121 0.067798 4.141642
v -1.206212 0.027035 4.231704
v -0.988262 0.110975 4.183707
v -0.970928 0.118217 4.179564
v -0.972786 0.128986 4.173349
v -0.973726 0.134354 4.170239
v -0.979671 0.161789 4.154349
v -1.213932 0.084906 4.013331
v -0.995756 0.234520 4.112224
v -1.145315 0.141329 4.040536
v -1.203881 0.104603 4.012561
v -1.384334 0.024876 4.232595
v -1.387048 0.030068 4.229602
v -1.414400 0.055965 4.106309
v -1.409880 0.044588 4.101670
v -1.403557 0.061642 4.211355
v -1.371763 0.025028 4.232539
v -1.231649 0.059608 4.016684
v -1.286413 0.055012 4.042653
v -1.226788 0.060341 4.014449
v -1.436116 0.124308 4.175144
v -1.457765 0.165956 4.150997
v -1.125799 0.072319 4.479876
v -1.263114 -0.002258 4.684512
v -1.128918 0.060361 4.475046
v -1.270682 -0.002440 4.686350
v -1.164672 0.049596 4.474248
v -1.279692 0.006251 4.685695
v -1.157944 0.068391 4.637220
v -1.155205 0.004498 4.508844
v -1.187779 -0.000278 4.666155
v -1.192064 0.003985 4.500447
v -1.138973 0.112329 4.618731
v -1.222340 0.003644 4.493483
v -1.290556 0.051745 4.673729
v -1.300080 0.035552 4.640552
v -1.315983 0.041495 4.682982
v -1.240209 0.013121 4.482500
v -1.232115 0.003532 4.491257
v -1.159366 0.104215 4.626118
v -1.242213 0.013980 4.487280
v -1.283989 0.029504 4.597785
v -1.284167 0.047978 5.375639
v -1.121500 0.024710 5.251387
v -1.121115 0.037485 5.246541
v -1.147990 -0.010901 5.255843
v -1.198473 -0.012384 5.236733
v -1.098206 0.119258 5.436330
v -1.103870 0.018032 5.399362
v -1.116440 0.100671 5.279566
v -1.176909 0.079134 5.281302
v -1.452662 -0.019222 5.289863
v -1.293430 0.037659 5.284967
v -1.444993 -0.019611 5.321057
v -1.157432 -0.013535 5.377971
v -1.122465 -0.012613 5.384955
v -1.105421 -0.005132 5.390855
v -1.460614 -0.019916 5.317972
v -1.112053 -0.012270 5.387061
v -1.263443 0.129035 5.479834
v -0.756637 0.049839 5.573430
v -1.198690 -0.014753 5.411459
v -1.141847 -0.013485 5.409367
v -0.804130 0.032017 5.521405
v -0.916972 -0.010095 5.569837
v -1.226648 -0.017595 5.529753
v -0.915584 -0.009615 5.541519
v -1.047139 0.021455 5.393209
v -1.067046 0.026011 5.392013
v -1.261461 -0.018261 5.525193
v -1.273644 -0.018278 5.523530
v -1.398666 0.109232 5.467247
v -1.369002 0.117025 5.411495
v -1.360813 0.112725 5.407801
v -1.381057 0.091144 5.475336
v -1.299000 0.080339 5.380198
v -1.350663 0.107414 5.403255
v -0.552997 0.084393 4.456934
v -0.655432 0.038442 4.625522
v -0.679815 0.064998 4.252531
v -0.690024 0.087767 4.345848
v -0.669892 0.053441 4.209903
v -0.721976 -0.004948 4.501588
v -0.682724 0.000698 4.226676
v -0.709373 -0.003213 4.413262
v -0.672581 0.004082 4.189054
v -0.669652 0.005093 4.178207
v -0.661779 0.007818 4.149232
v -0.659032 0.016606 4.143684
v -0.640881 0.107522 4.437881
v -0.583913 0.054917 4.234267
v -0.588393 0.051690 4.219829
v -0.528192 0.095570 4.415982
v -0.605633 0.039322 4.165232
v -0.698718 0.018384 4.685724
v -0.732827 -0.006333 4.579501
v -0.644232 0.034933 4.139145
v -0.659508 0.109329 4.441892
v -0.647905 0.108206 4.439404
v -0.696401 0.020055 4.692813
v -1.405499 0.001164 4.030596
v -1.498908 0.002013 3.947025
v -1.422228 0.003453 3.951676
v -1.437574 0.003151 3.950732
v -1.555216 -0.004747 4.109840
v -1.578815 0.100543 4.038953
v -1.553969 -0.005002 4.118235
v -1.580119 0.001426 3.943008
v -1.572563 -0.001090 3.993062
v -1.474301 0.017637 4.132595
v -1.512575 -0.004608 4.133248
v -1.553699 0.105570 4.044881
v -1.380086 0.072326 4.130865
v -1.388221 0.138546 4.083814
v -1.302154 0.155627 4.103993
v -1.325080 0.104225 4.129798
v -1.302154 0.155627 4.103993
v -1.325080 0.104225 4.129798
v -1.422228 0.003453 3.951676
v -1.405499 0.001164 4.030596
v -6.570729 0.085600 -1.391093
v -6.004426 0.121933 -1.328398
v -6.004446 -0.013959 -1.340380
v -5.979360 -0.012649 -1.239545
v -6.245416 0.260964 -1.341637
v -6.158643 0.284652 -1.330368
v -6.150982 -0.010934 -1.355617
v -6.186932 0.291149 -1.084736
v -6.190475 0.291942 -1.054339
v -5.958848 0.056438 -1.150330
v -5.963159 -0.011797 -1.174031
v -6.491361 0.193771 -1.373287
v -6.522878 -0.003252 -1.393882
v -6.509358 0.188857 -1.375360
v -6.591238 0.184675 -1.068922
v -6.566721 0.178753 -1.285410
v -6.615930 0.003738 -1.131008
v -6.590436 -0.000985 -1.353976
v -6.579820 0.030102 -1.396819
v -6.587531 -0.001515 -1.378972
v -6.563303 -0.002415 -1.397940
v -6.045152 -0.045280 -0.712492
v -6.065092 0.026083 -0.629845
v -6.038329 0.070983 -0.686884
v -6.051600 -0.067921 -0.703278
v -6.069909 -0.006575 -0.628992
v -6.074755 0.009781 -0.609178
v -5.950540 0.051502 -0.742116
v -5.905198 -0.073761 -0.679546
v -6.033656 -0.068646 -0.700382
v -4.828414 -0.004904 -0.021640
v -4.787470 -0.004830 -0.042424
v -4.820839 0.008491 -0.014597
v -4.617513 -0.013423 0.081912
v -4.323804 -0.012332 0.368784
v -4.301558 -0.029417 0.313525
v -4.315405 -0.031683 0.373601
v -4.787470 -0.004830 -0.042424
v -4.617513 -0.013423 0.081912
v -4.301558 -0.029417 0.313525
v -4.315405 -0.031683 0.373601
v -4.828414 -0.004904 -0.021640
v -6.766108 0.116593 -1.011391
v -6.407651 0.023793 -0.972365
v -6.801641 0.049226 -1.067965
v -6.494723 0.045117 -0.646249
v -6.489646 0.168516 -0.854046
v -6.455685 0.126202 -0.915660
v -6.483203 0.175787 -0.889427
v -6.515930 0.089642 -0.635487
v -6.513297 0.051549 -0.633222
v -6.437671 -0.018525 -0.760896
v -6.411941 0.008852 -0.898185
v -6.527057 0.126611 -0.650607
v -6.505581 0.150594 -0.766926
v -6.398593 0.023215 -0.970162
v -6.585878 -0.019289 -0.745795
v -6.515313 -0.018948 -0.752874
v -6.554752 0.010991 -0.697524
v -4.291191 0.552211 -0.545495
v -4.040277 0.269958 -0.676120
v -3.998683 0.500533 -0.442727
v -4.209262 0.004764 -0.395903
v -4.178039 -0.005937 -0.967400
v -4.391872 0.263339 -0.329301
v -4.383611 0.145611 -0.429645
v -4.341289 0.257948 -0.286951
v -4.390769 0.284898 -0.320924
v -4.373909 0.008478 -0.546833
v -4.313047 0.259887 -0.283340
v -4.050882 0.128557 -0.342079
v -4.022761 0.301621 -0.266097
v -4.052474 0.118824 -0.346352
v -4.351275 0.005972 -0.634826
v -4.077060 -0.003202 -0.546282
v -4.072032 -0.000699 -0.399090
v -4.255207 0.089000 -0.952947
v -4.262969 0.063173 -0.938452
v -4.234403 0.070335 -0.959422
v -4.295713 0.000233 -0.850445
v -4.089298 -0.008886 -0.906457
v -4.090092 -0.009194 -0.930108
v -4.308261 0.001437 -0.801921
v -4.282242 -0.000892 -0.902423
v -4.091051 -0.009470 -0.959152
v -4.127744 -0.008133 -0.976775
v -4.163270 0.006581 -0.981498
v -4.341289 0.257948 -0.286951
v -4.390769 0.284898 -0.320924
v -4.313047 0.259887 -0.283340
v -4.022761 0.301621 -0.266097
v -3.998683 0.500533 -0.442727
v -4.291191 0.552211 -0.545495
v -4.991490 -0.000182 -0.145191
v -5.055068 0.000855 -0.161784
v -5.006253 -0.002279 -0.084067
v -4.980835 0.001318 -0.189191
v -5.067508 0.031247 -0.169876
v -5.055068 0.000855 -0.161784
v -4.980835 0.001318 -0.189191
v -5.067508 0.031247 -0.169876
v -3.981829 -0.031658 0.037602
v -3.907636 -0.031110 0.060187
v -3.695368 0.237090 0.347021
v -4.079368 -0.032286 0.233635
v -4.058071 0.005260 0.208325
v -4.068259 -0.032228 0.178163
v -4.084566 -0.032313 0.260335
v -4.043700 0.055894 0.248068
v -3.625935 -0.028897 0.473775
v -4.042871 -0.032002 0.279805
v -3.847586 0.312926 0.248495
v -3.646727 0.262463 0.221978
v -3.806607 0.319530 0.189759
v -3.587908 -0.028653 0.396336
v -3.556572 0.099041 0.203128
v -3.486717 -0.028003 0.188519
v -3.615035 -0.028827 0.451932
v -3.578057 0.138013 0.207592
v -4.079368 -0.032286 0.233635
v -4.068259 -0.032228 0.178163
v -4.084566 -0.032313 0.260335
v -3.625935 -0.028897 0.473775
v -4.042871 -0.032002 0.279805
v -3.587908 -0.028653 0.396336
v -3.486717 -0.028003 0.188519
v -3.615035 -0.028827 0.451932
v -3.981829 -0.031658 0.037602
v -3.907636 -0.031110 0.060187
v -6.001153 0.037809 -0.804813
v -6.007203 0.244533 -0.782419
v -5.459113 0.005210 -0.834237
v -5.581879 -0.010615 -1.110785
v -5.616055 0.122020 -0.815902
v -5.778364 0.170629 -0.795010
v -5.902510 0.151236 -0.777131
v -5.703928 0.086471 -0.802515
v -5.423866 0.064578 -0.841001
v -5.447720 0.118188 -0.983818
v -5.475619 0.180509 -1.149661
v -6.022046 0.189756 -0.761980
v -6.018527 0.242642 -0.764375
v -5.965436 -0.008848 -0.819067
v -5.885399 -0.014368 -0.992343
v -5.936144 -0.012152 -0.911408
v -5.920821 -0.007699 -0.820425
v -5.780802 -0.018784 -1.159162
v -5.763649 -0.019457 -1.186514
v -5.547629 0.220822 -1.199253
v -5.744817 0.055694 -1.211861
v -5.684493 0.297279 -1.292999
v -5.996846 0.006661 -0.813594
v -5.902510 0.151236 -0.777131
v -5.703928 0.086471 -0.802515
v -6.022046 0.189756 -0.761980
v -5.965436 -0.008848 -0.819067
v -5.920821 -0.007699 -0.820425
v -5.996846 0.006661 -0.813594
v -6.001153 0.037809 -0.804813
v -5.459113 0.005210 -0.834237
v -0.258865 -0.020850 2.553209
v -0.107749 -0.039470 2.794250
v 0.142488 -0.013523 2.764988
v -0.001564 0.223577 2.682760
v 0.048164 0.187207 2.697929
v 0.018216 0.210186 2.691089
v 0.151232 -0.012614 2.763950
v 0.166349 -0.008998 2.746733
v 0.073837 0.052723 2.219502
v -0.309870 0.125970 2.510672
v -0.215215 0.144318 2.669942
v -0.180530 0.192260 2.358604
v -0.119803 0.223170 2.287334
v -0.116075 0.219966 2.285982
v 0.214571 0.002577 2.691481
v 0.218614 0.019894 2.563520
v 0.151377 0.065236 2.737631
v 0.138956 0.077563 2.746634
v -0.044274 0.041504 2.799099
v 0.040792 0.051698 2.789379
v -0.112336 0.033223 2.806855
v -0.174526 0.148080 2.737267
v 0.051180 0.052403 2.788102
v 0.099650 0.044073 2.780231
v 0.122644 0.040163 2.776470
v -0.215215 0.144318 2.669942
v -0.174526 0.148080 2.737267
v -0.309870 0.125970 2.510672
v 0.214571 0.002577 2.691481
v 0.218614 0.019894 2.563520
v -0.112336 0.033223 2.806855
v -0.107749 -0.039470 2.794250
v 0.142488 -0.013523 2.764988
v 0.151232 -0.012614 2.763950
v 0.166349 -0.008998 2.746733
v -0.258865 -0.020850 2.553209
v 0.073837 0.052723 2.219502
v -0.519774 0.077583 4.136474
v -0.391232 0.065871 4.217237
v -0.231879 -0.002284 4.148147
v -0.435878 0.077832 4.224326
v -0.459511 0.008213 3.882708
v -0.445882 0.022269 3.896178
v -0.477546 0.047165 4.232583
v -0.470952 0.019155 4.232564
v -0.465265 0.015604 4.231741
v -0.212103 0.019909 4.188325
v -0.204008 0.003986 4.187530
v -0.314052 0.183506 4.172981
v -0.519985 0.201063 3.926472
v -0.438118 -0.001367 4.227737
v -0.509338 0.002685 4.116705
v -0.589389 0.009642 3.901763
v -0.200990 -0.001913 4.187232
v -0.638098 0.102517 3.827509
v -0.645627 0.168707 3.849244
v -0.627656 0.012996 3.798824
v -0.314052 0.183506 4.172981
v -0.519985 0.201063 3.926472
v -0.645627 0.168707 3.849244
v -0.519774 0.077583 4.136474
v -0.477546 0.047165 4.232583
v -0.435878 0.077832 4.224326
v -1.195055 0.027124 4.299181
v -1.125434 0.028912 4.287631
v -1.129485 -0.002241 4.303467
v -1.135224 -0.002557 4.304501
v -1.174224 0.042572 4.117185
v -1.276538 -0.003949 4.308362
v -1.174757 -0.004363 4.311441
v -1.465006 0.013395 4.234037
v -1.463471 0.037823 4.132952
v -1.308382 0.003758 4.304588
v -1.394359 0.025186 4.294169
v -1.462242 0.027241 4.259921
v -1.465006 0.013395 4.234037
v -1.463471 0.037823 4.132952
v -1.462242 0.027241 4.259921
v 0.553494 -0.009869 3.755103
v 0.135206 0.108510 3.583709
v 0.501833 0.137430 3.242580
v 0.143397 0.103293 3.617141
v 0.870753 0.118343 3.236801
v 0.113398 -0.014792 3.587690
v 0.119665 -0.014738 3.610458
v 0.234190 -0.013461 3.425979
v 0.707577 -0.008474 3.246253
v 0.414699 -0.011507 3.251812
v 0.130760 -0.014592 3.650730
v 0.827542 -0.007154 3.243991
v 0.685142 0.050774 3.779888
v 0.149090 0.099611 3.640342
v 0.107919 0.002042 3.556347
v 0.783943 -0.007334 3.604262
v 0.791328 0.054312 3.715265
v 0.718332 0.051870 3.759961
v 0.701611 0.051335 3.770031
v 0.827542 -0.007154 3.243991
v 0.783943 -0.007334 3.604262
v 0.791328 0.054312 3.715265
v 0.870753 0.118343 3.236801
v -0.865077 0.291404 3.597567
v -1.039656 0.009305 3.772568
v -1.395205 0.020949 3.682391
v -1.269636 -0.023068 3.423519
v -1.281607 -0.020559 3.434675
v -1.297879 -0.017137 3.449928
v -1.220640 0.012851 3.748094
v -1.343724 0.019994 3.713227
v -1.398011 0.079511 3.679399
v -1.399815 0.048581 3.689046
v -1.319665 0.296964 3.537297
v -1.363314 0.248453 3.565732
v -1.078216 0.002654 3.772972
v -1.277938 0.343274 3.510102
v -1.258841 0.364361 3.497730
v -1.094614 0.250239 3.327448
v -0.835038 0.212711 3.420729
v -1.065847 0.230156 3.297601
v -1.043060 0.003494 3.775773
v -1.040251 0.000526 3.765924
v -1.022476 -0.011553 3.700970
v -1.036876 -0.003944 3.751084
v -0.883408 0.132915 3.467816
v -0.983647 -0.032136 3.565121
v -1.398011 0.079511 3.679399
v -1.399815 0.048581 3.689046
v -1.363314 0.248453 3.565732
v -0.835038 0.212711 3.420729
v -1.065847 0.230156 3.297601
v -0.883408 0.132915 3.467816
v -0.983647 -0.032136 3.565121
v -1.395205 0.020949 3.682391
v -1.297879 -0.017137 3.449928
v -1.269636 -0.023068 3.423519
v 0.142094 0.125726 2.823594
v 0.372772 0.254159 2.951716
v 0.000957 0.113911 2.782583
v -0.027990 0.111449 2.774197
v 0.362130 0.225280 2.977880
v -0.007154 0.151785 3.392715
v -0.036652 0.107158 3.361085
v -0.312688 0.071749 3.162208
v -0.026258 0.124609 3.374998
v -0.041325 0.110301 2.770343
v -0.040605 0.121072 2.776521
v -0.037240 0.172345 2.805988
v -0.133768 -0.037225 2.832432
v 0.019046 -0.034271 2.883094
v 0.115578 -0.013124 2.982263
v 0.136219 -0.008572 3.003578
v 0.339364 0.163765 3.033877
v 0.226525 0.299485 3.354848
v -0.345691 0.067369 3.137804
v -0.338982 0.056437 3.101610
v -0.300065 0.018643 2.980846
v -0.175683 -0.037922 2.818464
v -0.347844 0.074835 3.137629
v -0.338535 0.072445 3.049485
v -0.104437 0.050460 2.786721
v 0.224268 0.302393 3.361287
v 0.331329 0.499098 3.088831
v -0.207996 0.232108 2.990298
v -0.349306 0.100775 3.075457
v -0.350843 0.104804 3.079193
v -0.024178 0.373392 2.921730
v 0.333953 0.503915 3.082155
v 0.226525 0.299485 3.354848
v 0.224268 0.302393 3.361287
v -0.133768 -0.037225 2.832432
v 0.019046 -0.034271 2.883094
v 0.339364 0.163765 3.033877
v -0.175683 -0.037922 2.818464
v -0.104437 0.050460 2.786721
v 0.331329 0.499098 3.088831
v 0.333953 0.503915 3.082155
v -0.041325 0.110301 2.770343
v 0.372772 0.254159 2.951716
v 0.142094 0.125726 2.823594
v 0.000957 0.113911 2.782583
v -0.027990 0.111449 2.774197
v 0.362130 0.225280 2.977880
v -0.041921 -0.052147 4.940590
v 0.195532 -0.075824 4.628473
v 0.208884 -0.056722 4.600176
v -0.030525 0.074792 4.935651
v -0.044705 -0.004281 4.943329
v 0.189908 0.023047 4.635908
v -0.047327 -0.019377 4.944805
v 0.295077 -0.001670 4.493204
v -0.050649 -0.039746 4.946818
v -0.030122 -0.048295 4.949970
v -0.047576 -0.051440 4.948498
v 0.187449 -0.008554 4.968263
v 0.336817 -0.060220 4.590560
v 0.324052 -0.054067 4.631426
v 0.257671 -0.022170 4.843455
v 0.354809 -0.068850 4.532880
v 0.352772 -0.060196 4.524526
v 0.346918 -0.035799 4.501428
v 0.342690 -0.018372 4.484954
v -0.049306 -0.045697 4.947649
v 0.208132 -0.016647 4.496778
v 0.229448 -0.017466 4.383559
v 0.239541 -0.017735 4.385190
v 0.229024 0.038556 4.453822
v 0.220026 -0.016985 4.489285
v -0.149958 0.066989 4.417401
v -0.116563 0.069494 4.426775
v 0.057283 -0.012497 4.530368
v -0.113739 -0.007996 4.472373
v -0.241609 -0.004885 4.310887
v 0.060559 0.082490 4.476131
v 0.120661 -0.014165 4.551706
v 0.123336 0.035838 4.523459
v 0.125881 0.086980 4.494509
v 0.239541 -0.017735 4.385190
v 0.220026 -0.016985 4.489285
v 0.057283 -0.012497 4.530368
v -0.113739 -0.007996 4.472373
v -0.241609 -0.004885 4.310887
v 0.120661 -0.014165 4.551706
v 0.208132 -0.016647 4.496778
v 0.229448 -0.017466 4.383559
v -0.037407 -0.002085 3.859989
v -0.243264 0.004160 3.857506
v -0.126559 0.001646 3.825063
v -0.072441 -0.005768 4.046759
v -0.039107 -0.003120 3.902845
v -0.284264 0.005100 3.868948
v -0.250754 0.002635 3.926526
v -0.076072 -0.005899 4.062126
v -0.177528 -0.002119 4.052908
v -0.031092 0.006348 3.850754
v -0.033212 0.003691 3.864833
v -0.044037 0.025123 3.820742
v -0.033349 0.022675 3.827805
v -0.034144 0.028000 3.820300
v -0.187789 0.015626 4.050325
v -0.096593 0.040332 4.055939
v -0.185332 0.240081 4.028218
v -0.224779 0.079258 4.040723
v -0.163169 0.190711 4.035090
v -0.298875 0.206467 4.021256
v -0.244472 0.229404 4.023908
v -0.190629 0.251890 4.026554
v -0.284264 0.005100 3.868948
v -0.250754 0.002635 3.926526
v -0.177528 -0.002119 4.052908
v -0.187789 0.015626 4.050325
v -0.224779 0.079258 4.040723
v -0.298875 0.206467 4.021256
v 0.693262 -0.037672 3.023236
v 0.360421 -0.031849 2.818569
v 0.679534 0.019978 2.934170
v 0.598816 0.007856 2.900327
v 0.640029 -0.000486 2.995045
v 0.635450 -0.002886 3.002149
v 0.416265 -0.027783 2.865463
v 0.400096 -0.022519 2.817754
v 0.359235 -0.034293 2.829887
v 0.346347 -0.045139 2.818454
v 0.352263 -0.038649 2.810181
v 0.365448 -0.034164 2.812214
v 0.679534 0.019978 2.934170
v 0.640029 -0.000486 2.995045
v 0.635450 -0.002886 3.002149
v 0.416265 -0.027783 2.865463
v 0.359235 -0.034293 2.829887
v 0.346347 -0.045139 2.818454
v 0.693262 -0.037672 3.023236
v 0.079497 -0.015183 3.511962
v -0.080901 -0.008272 3.325980
v -0.061772 -0.018344 3.366448
v -0.044010 -0.017476 3.416803
v 0.048998 0.015976 3.486472
v 0.079627 0.026537 3.509445
v -0.049652 0.019210 3.298108
v 0.122410 0.114324 3.317266
v 0.064655 0.107091 3.234999
v 0.170340 0.049938 3.109559
v 0.170343 0.068542 3.108679
v -0.025037 -0.019355 3.279259
v 0.170108 -0.020362 3.113854
v -0.076880 -0.019087 3.323287
v 0.168259 0.080110 3.117303
v -0.061772 -0.018344 3.366448
v -0.044010 -0.017476 3.416803
v 0.079627 0.026537 3.509445
v 0.122410 0.114324 3.317266
v 0.170340 0.049938 3.109559
v 0.170343 0.068542 3.108679
v -0.025037 -0.019355 3.279259
v 0.170108 -0.020362 3.113854
v -0.076880 -0.019087 3.323287
v 0.168259 0.080110 3.117303
v 0.079497 -0.015183 3.511962
v -0.641932 0.023587 4.489751
v -0.639083 -0.003490 4.489834
v -0.673909 -0.002693 4.449306
v -0.672435 -0.002345 4.421066
v -0.590492 0.062093 4.423612
v -0.584595 -0.003106 4.424960
v -0.672435 -0.002345 4.421066
v -0.590492 0.062093 4.423612
v -0.641932 0.023587 4.489751
v -0.673909 -0.002693 4.449306
v 0.600309 -0.039464 2.982401
v 0.602917 -0.044733 2.976038
v 0.642901 -0.029449 3.007011
v 0.609125 -0.044821 2.979882
v 0.572787 0.016712 3.050130
v 0.643025 -0.036477 3.014330
v 0.630434 -0.045019 2.993237
v 0.634842 -0.033854 2.992448
v 0.602240 -0.027631 2.981856
v 0.613230 -0.033066 2.978719
v 0.605667 -0.032761 2.973972
v 0.643025 -0.036477 3.014330
v 0.630434 -0.045019 2.993237
v 0.600309 -0.039464 2.982401
v 0.602917 -0.044733 2.976038
v 0.609125 -0.044821 2.979882
v 0.572787 0.016712 3.050130
v 0.113540 0.129985 4.233977
v -0.754644 0.616100 4.668292
v -0.905630 -0.011392 4.893330
v -0.229456 0.014054 4.651870
v -0.176428 0.026792 4.602135
v 0.163241 0.108996 4.281795
v 0.113862 0.650329 4.412030
v -0.018385 0.712079 4.550910
v -0.018525 0.586076 4.254028
v 0.005498 0.598970 4.285607
v -0.523159 0.687120 4.466890
v -0.037651 0.705927 4.568852
v -0.622147 0.667100 4.511951
v -0.417829 0.583391 4.922668
v -0.409890 0.585940 4.915318
v -0.934656 0.002413 4.860940
v -0.897322 0.061239 4.682874
v -0.877547 0.131937 4.668337
v -0.734147 0.644225 4.562953
v -0.528372 0.564791 4.957037
v -0.911998 -0.011628 4.895597
v -0.908889 -0.006963 4.896100
v -0.018525 0.586076 4.254028
v -0.523159 0.687120 4.466890
v -0.622147 0.667100 4.511951
v -0.897322 0.061239 4.682874
v -0.877547 0.131937 4.668337
v -0.734147 0.644225 4.562953
v 0.113540 0.129985 4.233977
v -5.528759 0.347294 -1.806566
v -5.184495 0.309067 -1.521367
v -5.726410 -0.019255 -1.351161
v -5.749626 -0.021123 -1.354113
v -5.837036 0.005628 -1.357258
v -5.441205 0.184106 -1.272330
v -6.139138 0.137421 -1.477947
v -6.146272 0.101282 -1.373614
v -6.144147 0.099838 -1.368254
v -6.132426 0.171531 -1.577214
v -6.139300 0.132492 -1.595836
v -6.145152 0.133674 -1.591959
v -5.572902 0.018765 -1.970409
v -5.024717 0.037155 -1.386039
v -5.018237 0.036337 -1.481171
v -5.033299 0.038202 -1.262625
v -5.147394 0.219196 -1.232267
v -5.137359 0.025151 -1.589221
v -5.505599 -0.008719 -1.922379
v -5.330439 0.007024 -1.764046
v -5.441205 0.184106 -1.272330
v -6.144147 0.099838 -1.368254
v -5.033299 0.038202 -1.262625
v -5.147394 0.219196 -1.232267
v -5.726410 -0.019255 -1.351161
v -5.749626 -0.021123 -1.354113
v -5.837036 0.005628 -1.357258
v -5.147453 0.097919 -2.149065
v -4.946476 0.564788 -2.394360
v -4.881313 0.821439 -2.460736
v -4.486977 -0.005039 -2.117860
v -4.848513 -0.011433 -1.852865
v -4.968528 1.067228 -2.298040
v -4.548749 0.482313 -2.003294
v -4.423797 0.594565 -2.125982
v -5.336012 0.558995 -1.806100
v -4.926109 0.262071 -1.720005
v -4.399022 0.573021 -2.118207
v -4.401325 0.561920 -2.133586
v -4.415856 0.452881 -2.093047
v -4.469370 0.077413 -2.020661
v -4.462042 0.291760 -2.513810
v -4.474011 0.206989 -2.495166
v -5.316182 0.479864 -1.846012
v -4.917741 0.246947 -1.724415
v -5.307562 0.445705 -1.863329
v -4.865361 0.152647 -1.752052
v -4.504530 -0.010581 -2.441471
v -4.499609 0.026136 -2.455190
v -4.815351 0.062757 -1.778453
v -5.091942 -0.023235 -2.140186
v -5.147569 -0.023794 -2.072958
v -4.880896 -0.018703 -2.248946
v -5.215061 0.080448 -2.049024
v -5.212620 0.070909 -2.053857
v -4.399022 0.573021 -2.118207
v -4.399022 0.573021 -2.118207
v -4.399022 0.573021 -2.118207
v -4.415856 0.452881 -2.093047
v -4.548749 0.482313 -2.003294
v -4.926109 0.262071 -1.720005
v -4.968528 1.067228 -2.298040
v -4.423797 0.594565 -2.125982
v -4.401325 0.561920 -2.133586
v -4.469370 0.077413 -2.020661
v -4.462042 0.291760 -2.513810
v -4.917741 0.246947 -1.724415
v -4.865361 0.152647 -1.752052
v -4.815351 0.062757 -1.778453
v -4.881313 0.821439 -2.460736
v -3.208966 -0.006915 -3.066542
v -3.210252 0.423904 -2.935202
v -3.890153 0.257579 -2.931736
v -3.981062 0.284351 -3.095535
v -3.907583 -0.012188 -3.506047
v -3.208744 0.432094 -2.961426
v -3.203240 0.339927 -3.087507
v -3.273605 -0.024431 -3.577921
v -3.181391 -0.026204 -3.588145
v -4.069814 0.213904 -2.931785
v -4.110244 0.009539 -2.990662
v -4.101669 0.049135 -2.981079
v -3.208744 0.432094 -2.961426
v -3.203240 0.339927 -3.087507
v -3.907583 -0.012188 -3.506047
v -3.273605 -0.024431 -3.577921
v -3.181391 -0.026204 -3.588145
v -4.110244 0.009539 -2.990662
v -3.210252 0.423904 -2.935202
v -3.208966 -0.006915 -3.066542
v -4.480881 0.161761 -2.498439
v -5.009202 -0.005801 -2.997428
v -4.760312 0.005329 -3.369695
v -4.845812 0.113313 -2.542807
v -5.082744 0.069396 -3.025049
v -4.681500 -0.005476 -2.414941
v -4.811558 0.119659 -2.473208
v -4.533276 -0.001964 -2.418911
v -4.459918 -0.000066 -2.426374
v -4.459906 -0.000139 -2.420925
v -4.462031 0.013830 -3.434905
v -4.477757 0.135248 -3.477820
v -4.546594 0.126820 -3.460312
v -4.856362 0.088912 -3.380942
v -4.945022 0.081261 -3.241836
v -4.845812 0.113313 -2.542807
v -5.082744 0.069396 -3.025049
v -4.811558 0.119659 -2.473208
v -4.459918 -0.000066 -2.426374
v -4.459906 -0.000139 -2.420925
v -4.462031 0.013830 -3.434905
v -4.477757 0.135248 -3.477820
v -4.546594 0.126820 -3.460312
v -4.856362 0.088912 -3.380942
v -4.945022 0.081261 -3.241836
v -4.480881 0.161761 -2.498439
v -1.432482 -0.362488 -4.159121
v -1.468097 -0.604337 -4.395577
v -1.370967 -0.513524 -4.391695
v -1.252385 -0.655738 -4.311565
v -1.434540 -0.822554 -3.978251
v -1.322232 -0.585835 -3.984915
v -1.529421 -0.815301 -3.890699
v -1.276844 -0.535515 -4.005589
v -1.227873 -0.626041 -4.085313
v -1.239004 -0.670641 -4.298458
v -1.391040 -0.827400 -4.298903
v -1.685412 -0.807462 -4.404198
v -1.603180 -0.813158 -4.376396
v -2.001817 -0.782653 -4.055492
v -1.578038 -0.811965 -3.905724
v -1.902614 -0.789425 -4.006212
v -2.014690 -0.781421 -4.041054
v -1.512421 -0.819392 -4.345634
v -1.425663 -0.825140 -4.316290
v -1.322232 -0.585835 -3.984915
v -1.529421 -0.815301 -3.890699
v -1.276844 -0.535515 -4.005589
v -1.227873 -0.626041 -4.085313
v -1.239004 -0.670641 -4.298458
v -1.902614 -0.789425 -4.006212
v -2.014690 -0.781421 -4.041054
v -1.685412 -0.807462 -4.404198
v -2.001817 -0.782653 -4.055492
v -1.578038 -0.811965 -3.905724
v -1.468097 -0.604337 -4.395577
v -1.370967 -0.513524 -4.391695
v -1.252385 -0.655738 -4.311565
v -0.893441 0.094711 5.625108
v -0.893371 0.092803 5.597231
v -0.880755 0.082851 5.573130
v -0.873621 0.077229 5.559589
v -0.886299 0.065741 5.569357
v -0.838377 0.055745 5.586907
v -0.909064 0.016865 5.615708
v -0.901473 0.051933 5.581110
v -0.906198 0.030563 5.602179
v -0.793471 0.042953 5.840091
v -0.831523 0.035530 5.843062
v -0.792089 0.034372 5.839899
v -0.893292 0.104023 5.848659
v -0.769256 0.021505 5.758696
v -0.770880 0.017140 5.767664
v -0.741653 -0.006876 5.666990
v -0.741280 -0.003359 5.663422
v -0.914829 -0.010669 5.643192
v -0.906672 0.037672 5.848819
v -0.831523 0.035530 5.843062
v -0.792089 0.034372 5.839899
v -0.770880 0.017140 5.767664
v -0.741653 -0.006876 5.666990
v -0.914829 -0.010669 5.643192
v -0.906672 0.037672 5.848819
v -2.605668 -0.013308 4.863842
v -2.608343 -0.013361 4.872025
v -2.655787 -0.004809 4.682958
v -2.659850 -0.010047 4.686204
v -2.668247 -0.004037 4.685237
v -2.605668 -0.013308 4.863842
v -2.659850 -0.010047 4.686204
v -2.608343 -0.013361 4.872025
v -2.668247 -0.004037 4.685237
v -6.859244 0.041201 -0.546182
v -6.862131 0.043016 -0.596663
v -6.867040 0.045247 -0.580830
v -6.710228 0.003767 -0.518179
v -6.708798 -0.031623 -0.500271
v -6.686153 -0.038056 -0.504903
v -6.775655 0.117457 -0.554913
v -6.845640 0.034159 -0.487688
v -6.811274 0.100028 -0.533676
v -6.823396 0.077156 -0.517643
v -6.792894 0.109049 -0.544649
v -6.798845 0.069461 -0.647509
v -6.733577 0.049138 -0.637147
v -6.764126 0.100945 -0.626113
v -6.795114 0.021928 -0.664332
v -6.794284 0.010950 -0.668187
v -6.677994 -0.045138 -0.656830
v -6.682316 -0.044269 -0.512780
v -6.708798 -0.031623 -0.500271
v -6.845640 0.034159 -0.487688
v -6.794284 0.010950 -0.668187
v -6.677994 -0.045138 -0.656830
v -6.686153 -0.038056 -0.504903
v -6.682316 -0.044269 -0.512780
v -6.859244 0.041201 -0.546182
v -6.862131 0.043016 -0.596663
v -6.867040 0.045247 -0.580830
v -1.828066 -0.018651 5.095570
v -1.771135 -0.069724 5.164550
v -1.800600 0.024153 5.127305
v -1.701511 -0.049714 5.053629
v -1.702553 -0.056602 5.049662
v -1.803386 -0.004393 5.028934
v -1.771432 0.046329 5.069490
v -1.697190 -0.062086 5.057944
v -1.702553 -0.056602 5.049662
v -1.803386 -0.004393 5.028934
v -1.697190 -0.062086 5.057944
v -1.771135 -0.069724 5.164550
v -1.828066 -0.018651 5.095570
v -0.729446 -0.005199 5.485664
v -0.566479 -0.007306 5.587955
v -0.737742 0.040361 5.452008
v -0.682471 0.066599 5.469830
v -0.577568 -0.004335 5.452431
v -0.733170 -0.004026 5.433729
v -0.748281 -0.003996 5.431918
v -0.682471 0.066599 5.469830
v -0.577568 -0.004335 5.452431
v -0.566479 -0.007306 5.587955
v -3.690570 -0.826030 2.378914
v -3.585977 -0.787419 2.237712
v -3.595834 -0.822947 2.221029
v -3.600607 -0.776618 2.223781
v -3.604960 -0.822989 2.211181
v -3.563222 -0.804526 2.260022
v -3.564315 -0.822810 2.255825
v -3.780858 -0.825926 2.230455
v -3.776232 -0.819148 2.231816
v -3.756397 -0.825518 2.227752
v -3.729594 -0.751032 2.245728
v -3.558864 -0.810237 2.269356
v -3.560562 -0.822838 2.264327
v -3.549220 -0.822924 2.290114
v -3.595834 -0.822947 2.221029
v -3.604960 -0.822989 2.211181
v -3.564315 -0.822810 2.255825
v -3.780858 -0.825926 2.230455
v -3.756397 -0.825518 2.227752
v -3.560562 -0.822838 2.264327
v -3.549220 -0.822924 2.290114
v -3.690570 -0.826030 2.378914
v -1.869246 0.066033 3.585148
v -1.770883 0.080171 3.607272
v -1.836955 -0.000788 3.651064
v -1.895561 0.033176 3.526229
v -1.880191 -0.001189 3.531138
v -1.891481 -0.001482 3.532997
v -1.845731 0.030191 3.518939
v -1.713139 0.022435 3.499886
v -1.713546 0.003114 3.504141
v -1.708446 0.033340 3.519592
v -1.710767 0.003106 3.517904
v -1.733595 0.085495 3.615597
v -1.726124 0.077142 3.600092
v -1.747183 0.001365 3.666073
v -1.752477 0.001164 3.678433
v -1.738391 0.064192 3.631530
v -1.702288 0.049950 3.549640
v -1.703354 0.003043 3.562145
v -1.744912 0.001452 3.660729
v -1.722041 0.072527 3.591530
v -1.880191 -0.001189 3.531138
v -1.891481 -0.001482 3.532997
v -1.895561 0.033176 3.526229
v -1.713546 0.003114 3.504141
v -1.710767 0.003106 3.517904
v -1.747183 0.001365 3.666073
v -1.752477 0.001164 3.678433
v -1.703354 0.003043 3.562145
v -1.744912 0.001452 3.660729
v -1.836955 -0.000788 3.651064
v -1.869246 0.066033 3.585148
v -1.847000 -0.038365 3.171204
v -1.928105 -0.015444 3.267793
v -1.790644 -0.048370 3.220523
v -1.940615 -0.013573 3.253119
v -1.795853 -0.047502 3.215920
v -2.005796 0.077448 3.175316
v -1.835044 0.042150 3.244579
v -1.923657 0.036887 3.272137
v -2.019336 -0.000671 3.160755
v -2.016383 0.017009 3.163920
v -1.954180 -0.008473 3.085680
v -1.952137 -0.019369 3.079448
v -2.001555 -0.005675 3.139220
v -2.007304 0.070610 3.173663
v -1.971512 0.085105 3.139410
v -1.954180 -0.008473 3.085680
v -1.952137 -0.019369 3.079448
v -1.971512 0.085105 3.139410
v -1.847000 -0.038365 3.171204
v -1.790644 -0.048370 3.220523
v -1.835044 0.042150 3.244579
v -1.795853 -0.047502 3.215920
v -2.519286 -0.013888 3.242066
v -2.610914 -0.013600 3.048856
v -2.617617 -0.013501 3.051666
v -2.614506 0.004552 3.050560
v -2.622165 0.000205 3.053723
v -2.547420 0.012186 3.119788
v -2.565989 -0.013972 3.093616
v -2.485917 0.019063 3.183643
v -2.482661 -0.014658 3.177271
v -2.644313 -0.013095 3.065201
v -2.610914 -0.013600 3.048856
v -2.617617 -0.013501 3.051666
v -2.565989 -0.013972 3.093616
v -2.485917 0.019063 3.183643
v -2.482661 -0.014658 3.177271
v -2.644313 -0.013095 3.065201
v -2.519286 -0.013888 3.242066
v -1.572747 0.112696 3.984811
v -1.587935 -0.003213 4.031446
v -1.681864 -0.005393 4.055381
v -1.673946 0.016359 4.057807
v -1.668472 0.030965 4.059233
v -1.589362 0.037339 4.039794
v -1.591837 0.115685 4.010694
v -1.578683 0.118105 4.006948
v -1.560916 0.001101 3.905949
v -1.646421 -0.003679 4.011481
v -1.564121 -0.000148 3.944552
v -1.585904 -0.002990 4.024031
v -1.557723 0.040121 3.924240
v -1.589362 0.037339 4.039794
v -1.578683 0.118105 4.006948
v -1.564121 -0.000148 3.944552
v -1.585904 -0.002990 4.024031
v -1.587935 -0.003213 4.031446
v -1.557723 0.040121 3.924240
v -1.572747 0.112696 3.984811
v -1.354971 -0.043134 3.138003
v -1.267919 0.107327 3.139270
v -1.264931 0.108167 3.144576
v -1.359327 -0.040814 3.125956
v -1.319414 0.090929 3.043296
v -1.369932 -0.030576 3.088169
v -1.266614 0.063898 3.038071
v -1.192498 0.026124 3.031136
v -1.341155 -0.040852 3.084269
v -1.339805 -0.041945 3.091573
v -1.178465 0.027324 3.049564
v -1.172716 0.027959 3.057452
v -1.333886 -0.047637 3.132178
v -1.140968 0.031491 3.101076
v -1.341155 -0.040852 3.084269
v -1.339805 -0.041945 3.091573
v -1.333886 -0.047637 3.132178
v -1.359327 -0.040814 3.125956
v -1.369932 -0.030576 3.088169
v -1.354971 -0.043134 3.138003
v -1.477255 0.008335 3.690968
v -1.534425 0.062195 3.730239
v -1.490353 0.015316 3.704294
v -1.483361 0.007872 3.700171
v -1.446039 0.010962 3.633862
v -1.556031 0.063806 3.596879
v -1.508299 0.083987 3.674784
v -1.442131 0.011006 3.637933
v -1.587281 0.006700 3.590732
v -1.627604 0.004829 3.604296
v -1.641261 0.011799 3.603605
v -1.595836 0.043014 3.568090
v -1.580890 0.053271 3.556545
v -1.511681 0.010192 3.565879
v -1.585759 0.049936 3.560249
v -1.545791 0.008621 3.576900
v -1.556031 0.063806 3.596879
v -1.508299 0.083987 3.674784
v -1.641261 0.011799 3.603605
v -1.595836 0.043014 3.568090
v -1.580890 0.053271 3.556545
v -1.585759 0.049936 3.560249
v -1.534425 0.062195 3.730239
v -2.811979 0.023088 2.363072
v -2.766581 0.054199 2.359395
v -2.918021 0.132243 2.317321
v -2.819715 0.017756 2.363780
v -2.947099 0.147240 2.309320
v -2.965042 0.110313 2.318437
v -2.967996 0.103702 2.320304
v -2.837731 0.005091 2.366084
v -2.840602 -0.001180 2.377749
v -2.785853 0.085457 2.499350
v -2.745695 0.049680 2.407741
v -2.878751 -0.001742 2.474704
v -2.763375 0.037539 2.409240
v -2.887162 -0.009587 2.472437
v -2.827179 -0.006173 2.414371
v -2.832526 -0.004398 2.400351
v -2.913523 -0.005399 2.445456
v -2.947099 0.147240 2.309320
v -2.965042 0.110313 2.318437
v -2.967996 0.103702 2.320304
v -2.913523 -0.005399 2.445456
v -2.785853 0.085457 2.499350
v -2.878751 -0.001742 2.474704
v -2.887162 -0.009587 2.472437
v -1.505383 0.029706 3.535041
v -1.508404 0.032678 3.542554
v -1.415325 0.126298 3.472215
v -1.355203 -0.058589 3.505638
v -1.391668 0.112197 3.463215
v -1.382687 0.103934 3.466415
v -1.433717 -0.018646 3.485058
v -1.421793 0.100761 3.461097
v -1.406628 0.125922 3.457975
v -1.479751 0.004797 3.473126
v -1.348021 -0.059963 3.520709
v -1.320621 0.001291 3.592049
v -1.330594 0.000829 3.610408
v -1.370414 -0.029301 3.626272
v -1.403271 0.004609 3.717098
v -1.364093 -0.000533 3.671643
v -1.387262 -0.006550 3.703861
v -1.400237 0.010153 3.710076
v -1.391668 0.112197 3.463215
v -1.382687 0.103934 3.466415
v -1.406628 0.125922 3.457975
v -1.320621 0.001291 3.592049
v -1.330594 0.000829 3.610408
v -1.364093 -0.000533 3.671643
v -1.400237 0.010153 3.710076
v -1.415325 0.126298 3.472215
v -1.255602 -0.037238 3.629279
v -1.308053 -0.020055 3.625408
v -1.298555 -0.043659 3.595583
v -1.274389 -0.031808 3.615395
v -1.254034 -0.038061 3.624057
v -1.256634 -0.043002 3.620113
v -1.308053 -0.020055 3.625408
v -1.298555 -0.043659 3.595583
v -1.256634 -0.043002 3.620113
v -1.255602 -0.037238 3.629279
v -1.380745 -0.018721 1.852731
v -1.411454 -0.007948 1.830336
v -1.420605 0.008032 1.729795
v -1.413538 0.022634 1.736808
v -1.455793 0.010125 1.779501
v -1.411431 0.007402 1.717459
v -1.400894 0.025410 1.723796
v -1.393075 0.024885 1.722661
v -1.401075 0.005093 1.715279
v -1.348852 -0.006595 1.704596
v -1.319774 0.019837 1.712412
v -1.296842 -0.020659 1.711782
v -1.289029 0.014828 1.717026
v -1.413538 0.022634 1.736808
v -1.400894 0.025410 1.723796
v -1.393075 0.024885 1.722661
v -1.319774 0.019837 1.712412
v -1.289029 0.014828 1.717026
v -1.296842 -0.020659 1.711782
v -1.380745 -0.018721 1.852731
v -1.411454 -0.007948 1.830336
v -1.455793 0.010125 1.779501
v 0.241645 -0.794747 -0.497093
v 0.238604 -0.788363 -0.498098
v 0.295592 -0.794673 -0.464724
v 0.300096 -0.786313 -0.466534
v 0.285826 -0.794910 -0.450493
v 0.321876 -0.777794 -0.494583
v 0.318723 -0.794099 -0.499638
v 0.327388 -0.793879 -0.513204
v 0.333000 -0.773340 -0.509431
v 0.287001 -0.793932 -0.537598
v 0.279072 -0.774163 -0.542019
v 0.300096 -0.786313 -0.466534
v 0.321876 -0.777794 -0.494583
v 0.333000 -0.773340 -0.509431
v 0.279072 -0.774163 -0.542019
v 0.238604 -0.788363 -0.498098
v 0.285826 -0.794910 -0.450493
v -1.510576 0.044865 3.076686
v -1.507610 0.020140 3.120737
v -1.495548 0.048574 3.129658
v -1.518529 -0.005740 3.112589
v -1.524804 0.041327 3.026303
v -1.533823 -0.004296 3.051519
v -1.451892 -0.005568 3.066384
v -1.448779 -0.005877 3.079485
v -1.465836 0.040828 3.111600
v -1.480638 0.033416 3.028803
v -1.545130 -0.003221 3.006000
v -1.533095 0.039238 2.996733
v -1.517748 -0.002988 2.979179
v -1.516385 0.027089 2.979635
v -1.467801 -0.004027 3.000966
v -1.516083 0.033988 2.979750
v -1.487414 0.030194 2.992301
v -1.510576 0.044865 3.076686
v -1.495548 0.048574 3.129658
v -1.524804 0.041327 3.026303
v -1.465836 0.040828 3.111600
v -1.480638 0.033416 3.028803
v -1.533095 0.039238 2.996733
v -1.545130 -0.003221 3.006000
v -1.517748 -0.002988 2.979179
v -1.516385 0.027089 2.979635
v -1.516083 0.033988 2.979750
v -1.487414 0.030194 2.992301
v -1.827257 0.005413 1.554506
v -1.740991 0.006049 1.626589
v -1.773695 0.072093 1.652788
v -1.783905 0.075535 1.633059
v -1.774074 0.074403 1.640542
v -1.838360 0.081722 1.591553
v -1.772357 0.064065 1.695050
v -1.869595 0.010878 1.723106
v -1.844880 0.058659 1.711226
v -1.756577 0.030483 1.696344
v -1.784870 0.008993 1.705340
v -1.746065 0.008128 1.697087
v -1.881059 0.011132 1.725497
v -1.878588 0.056152 1.718707
v -1.869595 0.010878 1.723106
v -1.784870 0.008993 1.705340
v -1.746065 0.008128 1.697087
v -1.881059 0.011132 1.725497
v -1.878588 0.056152 1.718707
v -1.838360 0.081722 1.591553
v -1.827257 0.005413 1.554506
v -1.740991 0.006049 1.626589
vn -0.2390 0.3640 0.9002
vn -0.6048 -0.2270 0.7634
vn -0.4523 -0.5050 -0.7351
vn -0.2408 0.3623 0.9004
vn 0.9396 -0.1685 -0.2980
vn 0.9398 -0.1698 -0.2966
vn 0.4606 -0.7686 0.4440
vn 0.9537 -0.2070 0.2180
vn 0.9510 -0.2147 0.2223
vn -0.9979 -0.0647 -0.0069
vn 0.7852 0.5986 -0.1587
vn -0.0586 0.4022 0.9137
vn 0.5795 0.5517 -0.5998
vn 0.1028 0.9735 0.2042
vn 0.1060 0.9740 0.2004
vn 0.5791 0.5545 -0.5977
vn 0.3806 0.8603 0.3392
vn 0.3775 0.8584 0.3475
vn 0.7714 0.6021 -0.2060
vn 0.7718 0.6004 -0.2094
vn 0.5820 0.5466 -0.6020
vn -0.0568 0.4036 0.9132
vn -0.0457 0.4120 0.9100
vn 0.1126 -0.0135 -0.9935
vn 0.9936 0.0070 0.1125
vn -0.9936 -0.0070 -0.1125
vn 0.0055 -0.9999 0.0142
vn -0.8620 0.3659 -0.3509
vn 0.0252 -0.9896 0.1417
vn -0.1738 -0.5652 -0.8065
vn -0.8616 0.3637 -0.3541
vn -0.1699 -0.5667 -0.8062
vn 0.5484 0.0740 -0.8329
vn -0.5139 -0.4355 -0.7391
vn 0.0246 -0.9900 0.1387
vn 0.0242 -0.9881 0.1521
vn 0.5725 0.7288 0.3756
vn -0.8191 0.5287 0.2226
vn 0.8191 -0.5287 -0.2226
vn -0.0363 -0.4351 0.8996
vn 0.0363 0.4351 -0.8997
vn 0.9840 -0.1689 0.0569
vn 0.9033 0.4288 -0.0161
vn 0.8978 0.4402 -0.0169
vn 0.8581 -0.5135 0.0048
vn 0.8570 -0.5152 0.0040
vn 0.7371 0.6492 -0.1877
vn 0.8562 -0.5166 0.0038
vn 0.3960 -0.8929 0.2141
vn 0.3970 -0.8926 0.2135
vn 0.7346 0.6516 -0.1891
vn -0.5092 -0.6916 -0.5123
vn -0.5104 -0.6916 -0.5111
vn -0.5115 -0.6923 -0.5089
vn -0.5605 0.0022 0.8281
vn -0.5134 -0.6942 -0.5046
vn -0.5616 -0.0009 0.8274
vn -0.6354 -0.7691 0.0698
vn 0.2461 -0.2563 -0.9347
vn -0.3685 0.8672 -0.3348
vn 0.0315 0.7774 -0.6283
vn -0.6812 0.5043 0.5307
vn -0.4690 0.8006 -0.3729
vn 0.8477 0.5227 0.0900
vn -0.7194 0.6163 0.3203
vn 0.5341 -0.8392 0.1024
vn 0.0298 -0.9838 0.1770
vn -0.7280 -0.6500 -0.2178
vn 0.2571 0.1091 -0.9602
vn -0.7283 -0.6503 -0.2160
vn 0.2586 0.1068 -0.9601
vn 0.1297 0.0481 0.9904
vn -0.3902 0.7896 0.4736
vn -0.3887 0.7900 0.4741
vn 0.9261 -0.3509 0.1384
vn 0.9266 -0.3486 0.1412
vn 0.9193 0.0849 -0.3843
vn 0.7193 -0.6163 -0.3206
vn -0.8545 -0.1773 -0.4882
vn -0.3688 -0.9061 0.2073
vn -0.8569 -0.0330 0.5145
vn 0.4177 -0.1704 0.8925
vn -0.3704 -0.9034 0.2159
vn -0.3850 -0.5793 0.7185
vn 0.2475 -0.7849 -0.5680
vn -0.3853 -0.5777 0.7196
vn -0.8495 -0.0497 0.5253
vn -0.5944 0.2720 -0.7568
vn 0.7187 -0.6169 -0.3207
vn 0.4244 0.9004 -0.0958
vn 0.3947 -0.5584 0.7296
vn 0.3917 -0.5599 0.7301
vn 0.4253 0.8998 -0.0977
vn -0.6625 -0.6171 -0.4246
vn -0.6559 -0.6235 -0.4254
vn -0.1260 -0.9009 -0.4153
vn -0.8251 0.3674 -0.4292
vn -0.1243 -0.9014 -0.4147
vn -0.4540 0.1863 0.8713
vn 0.7633 0.0807 -0.6409
vn 0.6774 -0.6056 -0.4175
vn 0.6768 -0.6069 -0.4166
vn 0.6506 -0.7411 0.1655
vn 0.6497 -0.7421 0.1650
vn -0.6451 0.5419 0.5387
vn 0.6038 0.1352 0.7856
vn -0.2907 0.0306 0.9563
vn -0.6394 0.5310 0.5561
vn 0.3716 0.8881 -0.2707
vn -0.7003 0.0768 -0.7097
vn 0.0157 -0.9999 0.0004
vn -0.6758 -0.2778 -0.6827
vn -0.4231 -0.3953 0.8153
vn 0.2524 0.8155 0.5208
vn -0.9578 0.2862 0.0287
vn 0.2545 0.8171 0.5172
vn -0.2334 -0.7722 -0.5910
vn -0.2388 -0.7693 -0.5926
vn -0.6754 -0.2800 -0.6822
vn 0.1656 0.5448 0.8221
vn 0.1636 0.5460 0.8217
vn -0.4898 0.8595 -0.1464
vn -0.2733 0.9359 0.2221
vn -0.4226 -0.3978 0.8143
vn -0.4910 0.8589 -0.1454
vn 0.5033 0.0062 -0.8641
vn 0.8641 -0.0071 0.5033
vn -0.0030 -1.0000 -0.0089
vn 0.2530 0.8167 0.5186
vn -0.6123 0.7541 0.2375
vn 0.7542 0.5605 -0.3421
vn -0.5160 0.7045 -0.4873
vn -0.9984 0.0417 -0.0383
vn -0.9982 0.0427 -0.0415
vn -0.2763 -0.7621 -0.5855
vn 0.0299 -0.3929 0.9191
vn 0.7534 0.5623 -0.3408
vn -0.0132 -0.9997 -0.0200
vn -0.0147 -0.9997 -0.0185
vn -0.0628 -0.9150 0.3984
vn -0.0292 -0.9063 0.4217
vn 0.3127 -0.7530 -0.5790
vn -0.0118 -0.9997 -0.0201
vn 0.6821 -0.3369 0.6490
vn 0.6818 -0.3330 0.6513
vn 0.6794 -0.3343 0.6532
vn 0.6839 -0.3387 0.6462
vn -0.8770 -0.4379 0.1976
vn 0.4207 0.8924 0.1631
vn 0.4226 0.8911 0.1656
vn -0.8673 0.0246 0.4971
vn -0.8675 0.0267 0.4967
vn -0.5874 0.5785 -0.5659
vn 0.4221 0.8911 0.1667
vn -0.5012 0.2940 -0.8138
vn -0.3780 0.6241 0.6838
vn -0.3695 0.6363 0.6772
vn 0.2744 0.9591 -0.0697
vn 0.0283 -0.6184 0.7854
vn 0.0301 -0.6193 0.7846
vn 0.3850 -0.5244 -0.7595
vn -0.0330 -0.8462 -0.5318
vn -0.0055 -0.9998 0.0190
vn -0.0047 -0.9998 0.0194
vn -0.8203 0.4213 0.3869
vn -0.8203 0.4221 0.3859
vn 0.9183 -0.2532 -0.3043
vn 0.0563 0.8443 -0.5328
vn 0.1381 -0.3817 0.9139
vn 0.2113 0.9753 -0.0648
vn 0.2100 0.9755 -0.0651
vn -0.3044 0.9516 -0.0425
vn 0.2200 0.9732 -0.0676
vn -0.6859 0.0455 -0.7263
vn 0.8878 -0.3024 -0.3470
vn -0.6884 0.0512 -0.7235
vn -0.3066 0.9508 -0.0442
vn -0.8511 0.5246 -0.0203
vn 0.0534 -0.9983 0.0232
vn 0.4909 0.2698 -0.8284
vn 0.4902 0.2679 -0.8294
vn 0.0546 -0.9983 0.0227
vn -0.2990 -0.2628 0.9173
vn 0.5922 -0.8049 -0.0375
vn -0.6866 0.0448 -0.7257
vn -0.7697 -0.6362 0.0520
vn -0.4992 -0.8628 -0.0801
vn 0.4925 -0.8678 -0.0656
vn 0.4879 -0.8709 -0.0590
vn -0.8933 -0.3448 -0.2882
vn -0.7688 -0.6375 0.0505
vn -0.8955 -0.3232 -0.3059
vn 0.4932 -0.8674 -0.0661
vn -0.8797 0.4740 0.0374
vn -0.5148 -0.8541 -0.0735
vn 0.5669 -0.0877 -0.8191
vn 0.5664 -0.0890 -0.8193
vn 0.5648 -0.0900 -0.8203
vn -0.4125 -0.0239 0.9106
vn -0.0294 -0.9988 -0.0396
vn 0.5883 0.7761 0.2269
vn -0.8781 0.4770 0.0378
vn -0.5559 -0.7666 0.3214
vn -0.6706 0.1172 0.7325
vn -0.6655 0.1208 0.7365
vn 0.1701 0.9674 0.1877
vn -0.5532 -0.7679 0.3231
vn -0.5526 -0.7679 0.3239
vn -0.3339 -0.3563 0.8727
vn -0.3334 -0.3527 0.8743
vn -0.3340 -0.3513 0.8746
vn 0.8174 0.3185 0.4800
vn 0.3971 -0.9131 0.0922
vn 0.8038 0.3551 0.4773
vn -0.8605 -0.1515 -0.4865
vn 0.4994 0.2174 -0.8386
vn 0.3954 -0.9139 0.0923
vn 0.1720 0.9671 0.1876
vn 0.6807 -0.0603 -0.7301
vn -0.5394 0.8418 -0.0201
vn -0.7775 0.3688 0.5094
vn -0.0135 -0.9998 -0.0165
vn 0.9478 0.3181 0.0234
vn -0.5055 0.6650 0.5497
vn 0.2529 0.5400 0.8028
vn 0.0031 0.9999 0.0107
vn -0.0031 -0.9999 -0.0107
vn 0.1211 0.2777 -0.9530
vn 0.2406 0.9701 -0.0312
vn 0.2495 0.9678 -0.0321
vn 0.5617 0.4513 0.6934
vn -0.0330 -0.9992 -0.0211
vn -0.0348 -0.9991 -0.0227
vn -0.4772 0.2710 0.8360
vn -0.4953 0.2750 0.8241
vn 0.1776 -0.7996 -0.5737
vn 0.5272 -0.7353 -0.4259
vn 0.1830 -0.7999 -0.5715
vn 0.4936 0.8548 -0.1603
vn -0.8580 0.4486 -0.2502
vn 0.5155 -0.4776 0.7114
vn 0.0092 -0.8434 0.5372
vn 0.4190 -0.0557 0.9063
vn -0.0086 -0.6597 0.7515
vn 0.0086 0.6597 -0.7515
vn -0.6418 0.5799 0.5018
vn 0.0037 -0.3944 0.9189
vn 0.5245 0.8423 -0.1245
vn 0.6499 -0.4414 0.6186
vn 0.6515 -0.4415 0.6170
vn 0.6523 -0.4411 0.6163
vn 0.0057 -0.3963 0.9181
vn -0.5965 0.3413 -0.7264
vn -0.5619 0.6547 -0.5057
vn -0.5960 0.3470 -0.7241
vn 0.6209 0.3645 -0.6940
vn 0.0192 -0.9996 0.0204
vn 0.9226 -0.3168 -0.2200
vn -0.0062 -0.3961 -0.9182
vn -0.9881 -0.0564 -0.1431
vn -0.9879 -0.0544 -0.1450
vn -0.7932 0.2391 -0.5601
vn -0.7920 0.2308 -0.5653
vn -0.2462 0.4085 -0.8789
vn -0.2405 0.4118 -0.8790
vn -0.3604 -0.3839 0.8502
vn -0.0491 -0.9988 0.0008
vn 0.4905 0.2440 -0.8366
vn 0.3596 0.8177 0.4494
vn -0.0494 -0.9988 -0.0001
vn 0.5042 0.3615 0.7843
vn 0.5031 0.3614 0.7850
vn 0.8156 0.3858 -0.4312
vn 0.8110 0.3920 -0.4342
vn 0.8103 0.3929 -0.4347
vn -0.3779 0.7507 0.5419
vn -0.0509 0.8290 -0.5570
vn -0.0516 0.8288 -0.5572
vn -0.3807 0.7523 0.5377
vn -0.8602 0.4231 -0.2846
vn 0.8893 -0.1071 -0.4447
vn 0.8888 -0.1075 -0.4456
vn 0.9819 -0.1377 -0.1301
vn 0.2003 -0.2478 0.9479
vn -0.0394 -0.9991 -0.0124
vn 0.2023 -0.2219 0.9539
vn -0.0400 -0.9991 -0.0143
vn -0.3795 0.7516 0.5395
vn 0.6908 -0.4097 -0.5957
vn 0.6913 -0.4102 -0.5949
vn 0.9168 0.3902 0.0853
vn 0.9163 0.3911 0.0857
vn -0.9402 0.0786 -0.3316
vn -0.2176 0.6104 0.7616
vn -0.0291 -0.9995 0.0108
vn 0.2568 0.3798 -0.8887
vn 0.3419 -0.4346 -0.8332
vn -0.0186 0.5053 -0.8627
vn -0.0167 0.5047 -0.8631
vn 0.3427 -0.4331 -0.8337
vn 0.9084 0.2779 -0.3122
vn -0.0399 -0.9986 0.0342
vn 0.3564 -0.4368 -0.8259
vn 0.3424 -0.4357 -0.8325
vn 0.9076 0.2793 -0.3134
vn 0.9685 0.0711 0.2388
vn 0.2228 -0.0479 0.9737
vn 0.0349 -0.1957 0.9800
vn 0.2226 -0.0465 0.9738
vn -0.7005 0.5609 0.4412
vn -0.6524 -0.2530 -0.7144
vn 0.6586 0.7517 -0.0340
vn 0.9690 0.0721 0.2363
vn -0.2345 0.8882 -0.3952
vn -0.2309 0.8898 -0.3937
vn 0.8472 0.4320 0.3093
vn 0.8491 0.4268 0.3113
vn -0.7426 0.4216 0.5204
vn -0.7382 0.4258 0.5232
vn -0.0349 0.8754 0.4821
vn -0.0163 -0.9997 -0.0199
vn -0.1945 -0.0883 0.9769
vn -0.3164 -0.9430 0.1035
vn -0.3189 -0.9415 0.1088
vn 0.7297 -0.3642 0.5788
vn 0.7317 -0.3627 0.5771
vn -0.0281 -0.9995 -0.0151
vn -0.0208 -0.9996 -0.0166
vn -0.0093 0.8715 0.4903
vn -0.9152 0.3669 -0.1670
vn -0.9132 0.3724 -0.1655
vn 0.2974 0.7734 -0.5598
vn -0.4968 -0.8386 0.2236
vn 0.3608 -0.8525 0.3782
vn 0.2286 -0.5221 -0.8217
vn 0.2275 -0.5187 -0.8242
vn 0.2260 -0.5183 -0.8248
vn -0.5428 -0.2937 -0.7868
vn -0.5434 -0.2926 -0.7868
vn 0.2251 -0.5188 -0.8247
vn 0.2076 -0.9136 -0.3496
vn 0.3595 -0.8541 0.3759
vn -0.1574 -0.9477 -0.2775
vn -0.1535 -0.9494 -0.2739
vn -0.1577 -0.9472 -0.2791
vn 0.7897 0.4661 0.3988
vn 0.7900 0.4652 0.3993
vn -0.0157 -0.0290 0.9995
vn -0.6508 -0.7334 0.1966
vn 0.0019 -0.0089 1.0000
vn -0.2087 0.9742 -0.0865
vn -0.6512 -0.7335 0.1947
vn 0.0543 -0.9736 0.2217
vn 0.0554 -0.9736 0.2213
vn 0.8215 0.5630 0.0906
vn -0.3005 0.1578 -0.9407
vn 0.0559 -0.9742 0.2189
vn -0.8300 0.4500 -0.3296
vn -0.8289 0.4501 -0.3322
vn -0.6106 -0.4742 0.6343
vn -0.8436 0.5350 0.0457
vn -0.8435 0.5355 0.0427
vn 0.5294 0.6737 -0.5155
vn 0.4808 0.5076 0.7150
vn 0.5192 0.6640 -0.5382
vn 0.4798 0.5066 0.7163
vn 0.9776 -0.1923 0.0856
vn 0.9780 -0.1902 0.0851
vn 0.9786 -0.1877 0.0845
vn 0.5766 0.6360 -0.5128
vn 0.9970 -0.0767 -0.0095
vn -0.6092 0.0434 0.7918
vn -0.0693 0.9858 0.1527
vn -0.1323 -0.0751 0.9884
vn -0.0607 0.9862 0.1540
vn -0.0620 0.9865 0.1514
vn -0.1306 -0.0768 0.9885
vn 0.3092 0.2098 -0.9276
vn -0.9417 -0.2293 -0.2461
vn -0.0005 -0.9995 -0.0327
vn -0.4415 0.6084 -0.6594
vn -0.4351 0.6060 -0.6659
vn 0.3218 0.8482 0.4207
vn 0.3258 0.8478 0.4184
vn -0.1305 0.5318 -0.8368
vn 0.0106 -0.9997 -0.0210
vn 0.9695 -0.2153 -0.1168
vn -0.0160 -0.9997 -0.0182
vn -0.7194 0.1100 0.6859
vn 0.9700 -0.2132 -0.1170
vn -0.3707 -0.2054 -0.9057
vn -0.3679 -0.2051 -0.9069
vn -0.6248 0.6893 -0.3666
vn -0.6195 0.6919 -0.3708
vn -0.5039 0.1359 -0.8530
vn -0.2001 -0.4544 0.8680
vn 0.9670 -0.1738 0.1865
vn -0.2084 -0.9593 -0.1907
vn 0.2294 -0.9427 0.2424
vn -0.2316 0.8698 0.4357
vn 0.2571 0.6763 -0.6903
vn -0.2397 0.8564 0.4573
vn -0.0921 -0.9903 0.1043
vn -0.0889 -0.9909 0.1012
vn 0.4972 -0.1311 0.8577
vn 0.4484 -0.1393 0.8829
vn -0.1530 -0.9862 -0.0626
vn 0.8940 -0.1925 0.4047
vn -0.1446 -0.9858 -0.0857
vn 0.2852 0.4296 -0.8568
vn -0.1532 -0.9859 -0.0665
vn 0.5913 0.5606 -0.5798
vn 0.2534 -0.3352 -0.9074
vn 0.2815 0.4330 -0.8563
vn -0.9096 0.0839 0.4069
vn -0.4911 -0.1048 -0.8647
vn -0.4891 -0.1066 -0.8657
vn -0.9088 0.0864 0.4082
vn -0.6301 0.2322 -0.7410
vn -0.6287 0.2302 -0.7428
vn 0.8400 0.1157 -0.5301
vn 0.2695 0.9414 0.2026
vn 0.8374 0.0907 -0.5390
vn 0.2678 0.9417 0.2037
vn 0.2825 0.4342 -0.8554
vn -0.8981 0.2275 -0.3765
vn -0.8973 0.2293 -0.3772
vn 0.9176 -0.0591 -0.3931
vn 0.9176 -0.0696 -0.3915
vn 0.9538 -0.1457 0.2629
vn 0.9540 -0.1387 0.2658
vn 0.2756 0.9600 -0.0482
vn -0.4995 -0.3742 0.7813
vn -0.3233 0.0986 0.9411
vn -0.3213 0.0998 0.9417
vn 0.2345 0.1127 -0.9656
vn 0.0125 -0.9999 0.0013
vn 0.2737 0.9606 -0.0479
vn -0.7526 -0.6471 -0.1217
vn -0.7534 -0.6480 -0.1120
vn 0.0900 -0.9807 0.1738
vn -0.6064 -0.6999 -0.3775
vn -0.6031 -0.7033 -0.3764
vn 0.0942 -0.9821 0.1629
vn -0.6026 0.6673 -0.4377
vn 0.6926 0.0310 -0.7207
vn -0.1933 0.2864 0.9384
vn 0.6915 0.0326 -0.7216
vn 0.7726 -0.6124 -0.1675
vn 0.0597 0.5631 -0.8242
vn 0.0574 0.5665 -0.8221
vn -0.8680 0.1531 0.4723
vn -0.5005 0.4489 -0.7403
vn -0.8687 0.1532 0.4711
vn -0.4880 0.4493 -0.7483
vn -0.9772 -0.0127 0.2117
vn 0.4895 0.6384 0.5940
vn -0.0200 -0.9605 0.2776
vn -0.8837 0.3533 -0.3070
vn -0.8866 0.3497 -0.3027
vn -0.9114 0.3320 0.2434
vn -0.9027 0.3370 0.2676
vn 0.1146 0.2307 0.9663
vn 0.1201 0.2298 0.9658
vn 0.1233 0.2276 0.9659
vn 0.0163 -0.9998 0.0097
vn 0.7396 -0.5006 0.4499
vn 0.6233 0.2569 -0.7386
vn 0.2542 0.8267 0.5020
vn -0.7640 0.6372 -0.1011
vn -0.7612 0.6398 -0.1061
vn -0.7643 0.6371 -0.0997
vn -0.3924 0.7926 -0.4668
vn -0.3900 0.7918 -0.4701
vn -0.3341 0.6772 0.6556
vn 0.0753 -0.9967 0.0319
vn -0.1308 -0.1963 -0.9718
vn 0.0793 -0.9958 0.0462
vn 0.8730 0.4603 -0.1615
vn -0.3356 0.6774 0.6546
vn -0.3425 -0.8866 0.3108
vn -0.3395 -0.8882 0.3096
vn -0.3403 -0.8880 0.3091
vn 0.9401 -0.1747 -0.2927
vn 0.9754 -0.0381 -0.2173
vn 0.0241 -0.6925 -0.7210
vn -0.2179 -0.9332 0.2857
vn 0.9382 -0.1804 -0.2955
vn 0.1402 0.5914 0.7941
vn -0.2762 0.4113 0.8686
vn 0.4299 -0.6536 0.6229
vn -0.2752 0.4106 0.8693
vn 0.4332 -0.6622 0.6115
vn 0.0481 0.4029 0.9140
vn 0.1421 0.5889 0.7956
vn -0.9410 -0.2385 -0.2400
vn -0.0656 0.9680 -0.2422
vn 0.0385 -0.6634 -0.7472
vn 0.1481 0.9365 0.3179
vn 0.0841 0.8531 -0.5150
vn 0.0802 0.8411 -0.5349
vn 0.0779 0.8303 -0.5519
vn 0.0763 0.8295 -0.5533
vn 0.2607 0.8487 0.4602
vn 0.2609 0.8492 0.4592
vn 0.2587 0.8519 0.4554
vn 0.8349 -0.2131 -0.5075
vn 0.8347 -0.2142 -0.5074
vn 0.8344 -0.2178 -0.5063
vn 0.8183 0.2631 0.5110
vn -0.8415 0.0707 0.5356
vn 0.0204 -0.9997 -0.0143
vn -0.4395 0.0039 -0.8982
vn -0.0164 -0.9997 -0.0205
vn -0.0151 -0.9997 -0.0203
vn -0.0128 -0.9997 -0.0190
vn 0.9936 0.0219 -0.1112
vn -0.0052 0.9271 -0.3747
vn -0.4132 -0.1943 -0.8897
vn -0.0073 0.9261 -0.3773
vn -0.8621 0.4262 -0.2742
vn -0.4939 -0.5855 0.6429
vn 0.1135 0.6896 0.7152
vn 0.7191 0.6048 -0.3423
vn -0.1727 -0.3697 -0.9130
vn -0.1846 0.9729 0.1392
vn 0.0206 -0.9998 -0.0059
vn 0.0821 0.8372 0.5406
vn -0.3286 0.8662 -0.3764
vn 0.6117 0.1414 0.7784
vn -0.6593 -0.4160 0.6263
vn 0.0176 -0.9998 0.0057
vn 0.1645 0.9797 -0.1145
vn 0.8981 -0.1197 0.4232
vn 0.3223 -0.4015 -0.8573
vn 0.0107 -0.9999 -0.0035
vn -0.1244 0.9754 0.1820
vn -0.1077 -0.5187 -0.8481
vn 0.8470 0.4770 -0.2345
vn -0.1082 -0.5201 -0.8472
vn 0.8482 0.4759 -0.2326
vn 0.5510 -0.5879 0.5922
vn 0.5494 -0.5895 0.5921
vn -0.6783 -0.7337 0.0403
vn 0.1266 0.4044 0.9058
vn 0.1292 0.4032 0.9060
vn 0.5465 -0.5913 0.5931
vn -0.6758 -0.7357 0.0464
vn 0.8992 -0.2452 -0.3623
vn 0.7396 0.0933 -0.6666
vn 0.9004 -0.2518 -0.3547
vn 0.8999 -0.2515 -0.3563
vn 0.0280 -0.9995 0.0155
vn -0.5801 0.8032 -0.1352
vn -0.5127 -0.3720 0.7738
vn 0.0824 -0.6644 -0.7428
vn -0.2223 -0.9642 0.1446
vn -0.2230 -0.9638 0.1463
vn 0.0827 -0.6652 -0.7421
vn 0.4176 -0.6883 -0.5932
vn 0.4168 -0.6887 -0.5933
vn 0.7757 -0.5920 -0.2187
vn 0.7758 -0.5928 -0.2160
vn -0.2222 -0.9637 0.1476
vn 0.4847 0.6675 0.5653
vn 0.5539 -0.7644 0.3298
vn 0.2226 0.8168 -0.5322
vn -0.5480 0.1122 0.8289
vn -0.8883 -0.2743 -0.3683
vn -0.5506 0.1659 0.8181
vn 0.3831 -0.9237 -0.0025
vn -0.6515 0.6200 -0.4372
vn 0.2507 0.8782 0.4074
vn 0.1350 0.6453 -0.7519
vn 0.1379 0.6483 -0.7488
vn -0.2420 -0.2490 -0.9378
vn -0.2427 -0.2468 -0.9382
vn 0.1408 0.6473 -0.7491
vn 0.6060 -0.1102 -0.7878
vn 0.6038 -0.1153 -0.7887
vn 0.9869 0.1151 0.1133
vn 0.2127 0.8332 0.5105
vn 0.0109 -0.9998 0.0186
vn -0.8462 0.4672 0.2563
vn -0.8341 0.0549 -0.5489
vn -0.8328 0.0544 -0.5510
vn 0.5424 0.8306 -0.1263
vn 0.7932 0.4912 -0.3599
vn 0.5369 0.8350 -0.1210
vn 0.8953 0.4433 0.0436
vn 0.0376 0.4312 0.9015
vn -0.0190 -0.8690 -0.4944
vn -0.8783 -0.3046 0.3685
vn -0.8772 -0.3095 0.3670
vn -0.8678 -0.3383 0.3640
vn -0.3751 0.8956 -0.2391
vn -0.3770 0.8948 -0.2391
vn -0.6661 -0.2812 -0.6909
vn -0.6668 -0.2840 -0.6890
vn 0.0109 -0.9999 -0.0063
vn 0.0163 -0.9998 -0.0073
vn -0.1547 0.7228 0.6735
vn 0.2774 0.8283 0.4868
vn -0.1637 0.7188 0.6757
vn -0.1621 0.7188 0.6760
vn 0.6139 -0.0618 -0.7870
vn -0.8455 -0.5275 -0.0829
vn -0.8447 -0.5289 -0.0820
vn 0.0357 -0.9993 -0.0068
vn 0.0377 -0.9993 -0.0053
vn 0.0388 -0.9992 -0.0053
vn 0.3356 -0.9330 -0.1296
vn 0.3419 -0.9304 -0.1324
vn -0.2232 -0.6138 -0.7572
vn -0.2261 -0.6161 -0.7545
vn -0.2171 -0.6176 -0.7559
vn 0.3450 -0.9284 -0.1377
vn 0.3428 -0.9299 -0.1334
vn 0.5970 -0.6843 -0.4188
vn 0.5954 -0.6836 -0.4222
vn 0.1918 0.0494 -0.9802
vn 0.8513 0.4632 0.2464
vn 0.8518 0.4618 0.2473
vn -0.4783 0.8116 -0.3355
vn -0.2299 0.6014 0.7652
vn -0.4797 0.8104 -0.3364
vn 0.6007 0.6778 0.4240
vn 0.8789 -0.2572 0.4017
vn 0.5979 0.6786 0.4267
vn 0.0474 -0.1230 0.9913
vn 0.0477 -0.1254 0.9910
vn -0.0232 0.6846 -0.7286
vn -0.0335 -0.7657 -0.6424
vn -0.0349 -0.7662 -0.6417
vn -0.6501 0.7272 0.2205
vn 0.8781 -0.2589 0.4023
vn 0.1228 -0.1026 0.9871
vn 0.0919 -0.9213 0.3778
vn 0.0917 -0.9223 0.3754
vn 0.7818 -0.5165 -0.3493
vn 0.7844 -0.5128 -0.3490
vn 0.7856 -0.5118 -0.3478
vn 0.8615 0.1493 0.4853
vn -0.0224 -0.9368 -0.3491
vn -0.8181 0.1800 0.5462
vn 0.3519 -0.1696 -0.9206
vn 0.3711 0.7259 -0.5791
vn 0.3437 -0.7876 -0.5114
vn -0.7750 0.2175 -0.5933
vn 0.3456 -0.7878 -0.5099
vn 0.6402 0.3008 -0.7069
vn 0.3442 0.8893 -0.3011
vn -0.0779 -0.9930 0.0891
vn 0.3902 -0.3146 0.8653
vn -0.2185 0.8810 0.4196
vn 0.4162 0.8484 -0.3271
vn -0.9973 -0.0737 0.0020
vn -0.0641 -0.8445 -0.5317
vn 0.0469 -0.1377 0.9894
vn -0.5401 -0.7605 0.3604
vn -0.0195 -0.9996 -0.0222
vn -0.0156 -0.9996 -0.0255
vn -0.0267 -0.9995 -0.0174
vn 0.5228 0.3146 0.7923
vn -0.3023 0.7310 -0.6117
vn 0.7328 0.5830 -0.3508
vn 0.7318 0.5903 -0.3406
vn -0.1739 0.6233 0.7624
vn 0.7325 0.5817 -0.3537
vn 0.1988 -0.9794 0.0365
vn 0.5073 -0.5095 0.6950
vn 0.5078 -0.4999 0.7016
vn -0.9753 0.1540 -0.1581
vn 0.9181 0.3048 -0.2532
vn 0.9171 0.3067 -0.2548
vn 0.8156 0.0333 0.5777
vn 0.8178 0.0311 0.5746
vn 0.9136 0.3097 -0.2636
vn 0.8248 0.4205 -0.3781
vn 0.0029 -1.0000 0.0019
vn -0.1665 -0.6516 -0.7401
vn -0.5778 -0.8066 0.1249
vn -0.1664 -0.6558 -0.7364
vn -0.4680 0.8330 0.2951
vn 0.9175 0.3057 -0.2544
vn -0.6364 0.1263 0.7610
vn -0.6353 0.1248 0.7622
vn -0.1205 -0.1724 0.9776
vn 0.2763 0.1985 -0.9404
vn -0.3156 -0.8044 -0.5033
vn -0.3153 -0.8052 -0.5022
vn -0.3143 -0.8063 -0.5011
vn 0.7017 0.3815 0.6017
vn 0.9285 0.3532 -0.1149
vn 0.2909 -0.8094 0.5102
vn 0.7015 0.3797 0.6031
vn 0.7016 0.3805 0.6025
vn 0.8617 -0.5062 -0.0337
vn 0.8558 -0.5162 -0.0337
vn 0.8536 -0.5201 -0.0304
vn -0.6047 0.3673 -0.7067
vn 0.0261 -0.2417 0.9700
vn 0.0266 -0.2401 0.9704
vn -0.3498 0.9365 -0.0260
vn 0.7836 0.6176 -0.0669
vn 0.7827 0.6188 -0.0663
vn 0.0008 -0.9022 -0.4313
vn 0.0162 -0.9996 -0.0242
vn -0.8473 -0.1340 -0.5140
vn -0.8473 -0.1354 -0.5135
vn -0.0824 0.5157 0.8528
vn 0.6779 0.7228 -0.1344
vn -0.0803 0.5166 0.8525
vn -0.0812 0.5162 0.8526
vn 0.0114 -0.9996 -0.0268
vn -0.4015 -0.4845 0.7772
vn 0.1613 -0.9376 -0.3079
vn 0.1583 -0.9376 -0.3095
vn -0.3962 -0.4880 0.7778
vn -0.0531 -0.6281 0.7763
vn 0.4688 -0.8831 0.0200
vn 0.4779 -0.8784 0.0012
vn 0.4713 -0.8820 -0.0054
vn 0.3704 0.9175 0.1453
vn 0.5523 0.4341 -0.7117
vn -0.0980 0.7082 -0.6992
vn 0.8175 0.3331 -0.4698
vn -0.5762 -0.8173 0.0077
vn -0.0825 0.9048 0.4178
vn -0.0807 0.9057 0.4161
vn 0.5995 0.7151 -0.3594
vn -0.4131 0.5566 0.7208
vn -0.3799 0.6079 0.6973
vn -0.0853 0.9029 0.4212
vn 0.5975 0.7189 -0.3552
vn -0.8046 0.3047 -0.5097
vn -0.8040 0.3078 -0.5087
vn -0.4798 0.8221 -0.3067
vn 0.0114 -0.9997 -0.0194
vn 0.9718 0.1482 -0.1832
vn -0.1653 -0.4953 -0.8529
vn -0.7937 -0.0067 -0.6083
vn -0.4731 0.8512 -0.2274
vn 0.9724 0.1463 -0.1818
vn 0.0269 -0.9996 0.0117
vn 0.0253 -0.9996 0.0105
vn 0.2582 0.1764 0.9499
vn -0.7482 -0.1476 0.6469
vn -0.5931 -0.7110 0.3777
vn 0.2445 0.9691 0.0337
vn -0.1148 -0.1453 0.9827
vn 0.4264 -0.5622 -0.7086
vn -0.8151 0.2673 -0.5139
vn -0.8149 0.2686 -0.5135
vn -0.6011 0.7291 0.3272
vn -0.6012 0.7276 0.3304
vn -0.5033 0.7999 -0.3268
vn -0.5035 0.7991 -0.3284
vn 0.0385 -0.9992 0.0105
vn 0.3321 0.9279 -0.1695
vn -0.6166 0.1262 0.7771
vn -0.3485 -0.7508 0.5610
vn -0.3442 -0.7561 0.5567
vn -0.3402 -0.7613 0.5519
vn 0.0233 -0.9997 -0.0013
vn 0.0300 -0.9995 -0.0097
vn 0.0196 -0.9100 -0.4141
vn 0.0181 -0.9074 -0.4200
vn -0.6938 0.6648 -0.2769
vn -0.6913 0.6689 -0.2734
vn -0.6866 0.6757 -0.2683
vn 0.0865 0.9940 -0.0665
vn 0.8952 0.0931 0.4357
vn 0.5195 0.4069 -0.7513
vn 0.7623 0.4476 -0.4676
vn 0.7617 0.4456 -0.4704
vn 0.7407 0.6512 0.1651
vn 0.7408 0.6507 0.1669
vn -0.3324 -0.9276 0.1707
vn 0.9409 -0.3308 0.0729
vn 0.5956 0.7134 0.3692
vn 0.0462 -0.9987 0.0230
vn 0.0448 -0.9988 0.0218
vn -0.0940 0.8052 -0.5855
vn -0.0019 0.8083 0.5888
vn -0.9515 0.2112 0.2238
vn 0.9593 -0.2812 -0.0276
vn 0.9595 -0.2809 -0.0216
vn -0.9128 0.0339 -0.4070
vn 0.0261 -0.8516 0.5236
vn -0.0431 0.4001 -0.9154
vn -0.0249 0.9945 0.1013
vn 0.6826 -0.7239 -0.1002
vn -0.6371 -0.7447 0.1988
vn -0.2397 0.9378 0.2512
vn -0.2431 0.9370 0.2509
vn 0.4113 0.8916 0.1893
vn -0.2319 -0.6676 -0.7075
vn -0.4325 -0.7828 0.4474
vn 0.2247 0.9571 -0.1828
vn 0.1281 0.8115 -0.5701
vn 0.5116 0.5140 0.6885
vn 0.5103 0.5119 0.6910
vn -0.9335 -0.3257 -0.1499
vn 0.0244 -0.9994 -0.0245
vn -0.7474 -0.5613 0.3553
vn 0.9071 0.3698 -0.2011
vn -0.4014 -0.9121 0.0838
vn -0.4022 -0.9116 0.0853
vn -0.7779 -0.4192 0.4682
vn -0.2806 -0.5536 0.7841
vn -0.2763 -0.5535 0.7857
vn 0.2276 -0.8661 0.4450
vn 0.4599 -0.7892 -0.4069
vn 0.4592 -0.7899 -0.4063
vn -0.4015 -0.9118 0.0860
vn 0.2294 -0.8679 0.4406
vn -0.3921 0.7171 -0.5762
vn -0.3906 0.7218 -0.5713
vn 0.2741 0.7158 0.6423
vn -0.3924 0.7181 -0.5748
vn 0.2744 0.7146 0.6435
vn 0.2157 -0.9075 -0.3604
vn 0.2284 -0.8667 0.4435
vn 0.9711 0.2387 -0.0060
vn -0.5837 -0.8119 0.0115
vn -0.5826 -0.8127 0.0100
vn 0.9211 0.3753 -0.1034
vn 0.4252 0.9043 -0.0382
vn -0.4824 -0.0292 0.8755
vn -0.2940 0.9056 0.3056
vn 0.6849 0.6945 -0.2204
vn 0.3289 0.2695 -0.9051
vn -0.0074 -1.0000 0.0020
vn 0.3270 0.2670 -0.9065
vn -0.0721 0.7090 0.7015
vn -0.7654 -0.6232 -0.1604
vn -0.7313 -0.1347 -0.6687
vn -0.7298 -0.1415 -0.6689
vn -0.5308 -0.8470 0.0293
vn -0.5337 -0.8451 0.0297
vn 0.1180 -0.9929 0.0174
vn -0.7305 -0.1361 -0.6692
vn 0.9417 0.3307 -0.0621
vn 0.7527 0.1318 -0.6450
vn -0.9764 0.2115 0.0426
vn -0.9762 0.2122 0.0440
vn -0.1106 -0.2429 0.9637
vn 0.7536 0.1301 -0.6443
vn -0.1104 -0.2442 0.9634
vn -0.0056 -0.9998 -0.0195
vn -0.0066 -0.9998 -0.0189
vn 0.1036 0.5278 -0.8430
vn 0.1069 0.5328 -0.8395
vn 0.5629 0.6883 0.4576
vn 0.1037 0.5292 -0.8421
vn 0.6023 0.2650 0.7530
vn -0.9525 0.2353 -0.1934
vn -0.9524 0.2346 -0.1944
vn 0.0996 0.2298 -0.9681
vn 0.0993 0.2311 -0.9678
vn 0.0282 -0.9996 -0.0044
vn 0.0272 -0.9996 -0.0039
vn -0.2876 -0.6228 0.7277
vn 0.5401 0.7138 0.4458
vn 0.5396 0.7132 0.4474
vn -0.2452 -0.9694 0.0056
vn -0.2882 -0.6201 0.7297
vn -0.4911 0.8091 0.3228
vn -0.4929 0.8074 0.3242
vn -0.6922 0.4493 -0.5647
vn -0.1244 -0.6880 -0.7150
vn -0.6888 0.4515 -0.5672
vn 0.3652 0.7701 -0.5230
vn 0.8348 0.4950 0.2412
vn -0.0116 -0.9999 0.0113
vn -0.0118 -0.9999 0.0100
vn -0.4301 -0.4002 0.8092
vn -0.8604 -0.4495 -0.2400
vn 0.3642 0.7731 -0.5193
vn -0.8333 0.3751 -0.4060
vn -0.6129 0.0996 0.7838
vn -0.6115 0.0970 0.7853
vn 0.2536 0.1772 -0.9509
vn 0.2529 0.1785 -0.9509
vn 0.2524 0.1814 -0.9505
vn -0.3956 0.9089 -0.1317
vn -0.8330 0.3742 -0.4075
vn 0.0282 -0.9992 -0.0278
vn -0.2714 -0.9406 0.2042
vn 0.6797 0.5621 -0.4713
vn 0.6804 -0.2418 0.6918
vn -0.3976 0.9086 -0.1280
vn 0.5913 -0.2833 0.7551
vn 0.5921 -0.2835 0.7544
vn -0.0120 -0.9999 0.0002
vn 0.8608 -0.4964 0.1120
vn -0.1499 0.6614 0.7349
vn 0.1421 0.9783 -0.1508
vn 0.1421 0.9784 -0.1498
vn -0.9490 -0.1324 0.2861
vn 0.2623 0.7146 -0.6485
vn -0.4051 -0.5284 -0.7461
vn -0.0116 -0.9999 0.0048
vn -0.4116 0.6058 0.6808
vn 0.2771 0.8615 0.4255
vn -0.1209 0.2712 0.9549
vn 0.5250 0.5334 -0.6632
vn -0.4107 0.6072 0.6802
vn -0.5197 0.7776 -0.3539
vn 0.0465 -0.9989 -0.0033
vn 0.6830 -0.4862 0.5450
vn 0.7150 -0.4395 -0.5438
vn 0.7159 -0.4389 -0.5430
vn -0.2708 -0.2217 -0.9367
vn -0.9045 -0.3083 0.2947
vn -0.2694 -0.2210 -0.9373
vn -0.9703 -0.2299 -0.0752
vn -0.9691 -0.2312 -0.0863
vn -0.2705 -0.2210 -0.9370
vn 0.2782 0.8614 0.4251
vn 0.0537 -0.9952 0.0819
vn -0.1565 -0.5782 -0.8007
vn -0.5166 -0.4616 -0.7212
vn 0.0070 -0.9998 0.0167
vn -0.1559 0.8315 0.5333
vn 0.9474 0.2741 0.1655
vn 0.8085 0.5287 0.2585
vn -0.8519 -0.2649 -0.4518
vn -0.8514 -0.2648 -0.4528
vn -0.8911 -0.4512 -0.0485
vn -0.9812 0.0821 -0.1746
vn -0.9810 0.0833 -0.1752
vn -0.3038 0.4373 0.8464
vn -0.3052 0.4370 0.8461
vn 0.5800 -0.8133 0.0455
vn 0.7534 0.0302 -0.6569
vn 0.7571 0.0203 -0.6530
vn 0.5809 -0.8128 0.0446
vn 0.4304 0.8665 0.2528
vn -0.7653 0.4049 -0.5004
vn 0.7610 0.2096 0.6140
vn 0.9807 -0.0843 0.1763
vn 0.7618 0.2093 0.6130
vn 0.8440 -0.4637 -0.2694
vn 0.9812 -0.0825 0.1747
vn 0.9813 0.1875 0.0447
vn 0.1501 -0.5663 0.8104
vn -0.6060 -0.7955 -0.0004
vn -0.0197 0.0141 -0.9997
vn -0.7940 0.6074 0.0243
vn 0.9803 0.1926 0.0429
vn -0.6464 0.7630 0.0090
vn 0.7660 0.1013 -0.6348
vn 0.7550 0.5699 -0.3243
vn 0.7666 0.0981 -0.6346
vn 0.9250 0.3271 -0.1935
vn 0.5098 0.3011 0.8059
vn 0.9244 0.3310 -0.1896
vn -0.9433 0.1605 -0.2907
vn 0.0564 -0.9984 0.0004
vn 0.0540 -0.9985 -0.0050
vn -0.2017 0.9719 0.1216
vn 0.6806 0.3326 0.6528
vn 0.9680 -0.1414 0.2073
vn 0.0509 -0.8844 0.4640
vn -0.0528 0.7809 -0.6225
vn 0.0490 -0.8837 0.4655
vn -0.6861 -0.1019 0.7203
vn -0.0487 0.7797 -0.6242
vn -0.1190 -0.9754 0.1854
vn -0.1141 -0.9758 0.1868
vn -0.1123 -0.9757 0.1884
vn 0.6914 -0.5734 -0.4395
vn 0.3490 -0.8931 0.2838
vn 0.3139 -0.9062 0.2832
vn 0.3198 -0.8964 -0.3069
vn 0.3193 -0.8956 -0.3098
vn -0.9596 0.1471 -0.2398
vn -0.9588 0.1490 -0.2418
vn -0.9570 -0.2899 0.0049
vn 0.0208 -0.0855 -0.9961
vn -0.1626 0.8938 0.4179
vn 0.6886 -0.5685 -0.4502
vn -0.9255 -0.3279 0.1893
vn -0.9468 -0.2569 0.1938
vn -0.7624 -0.4874 -0.4257
vn -0.1528 0.0824 0.9848
vn -0.1684 0.8377 -0.5196
vn -0.1487 0.8561 -0.4949
vn 0.0546 -0.9984 0.0118
vn 0.0575 -0.9983 0.0122
vn 0.9267 -0.3370 0.1661
vn -0.2006 0.9735 0.1100
vn 0.7013 0.4683 0.5375
vn -0.8499 -0.0906 0.5192
vn 0.7018 0.4714 0.5340
vn 0.5197 0.8408 0.1516
vn -0.8515 -0.0659 0.5201
vn 0.6326 0.7554 -0.1712
vn 0.6314 0.7566 -0.1699
vn -0.8966 0.1840 -0.4028
vn -0.8967 0.1852 -0.4020
vn 0.0401 -0.9992 0.0007
vn 0.0387 -0.9992 -0.0051
vn 0.3267 0.0601 -0.9432
vn -0.2018 0.9743 0.0995
vn -0.6057 0.6524 0.4555
vn 0.0708 -0.2741 -0.9591
vn -0.6156 0.6493 0.4466
vn -0.6093 0.6509 0.4529
vn -0.0205 -0.8582 -0.5128
vn -0.0224 -0.8594 -0.5108
vn -0.0146 -0.8588 -0.5121
vn 0.7530 -0.3095 0.5807
vn -0.5999 -0.6855 0.4127
vn -0.0121 0.9396 0.3422
vn 0.0733 -0.2805 -0.9571
vn -0.0706 -0.7772 0.6253
vn -0.0003 -1.0000 0.0059
vn -0.0007 -1.0000 0.0047
vn 0.0012 -1.0000 0.0012
vn 0.8714 -0.3241 -0.3682
vn 0.8698 -0.3233 -0.3728
vn -0.9798 0.0745 0.1855
vn 0.1320 -0.1781 -0.9751
vn 0.1786 0.9719 -0.1534
vn 0.4644 0.3121 0.8288
vn 0.9968 -0.0785 0.0121
vn -0.8256 0.3989 0.3991
vn -0.5623 -0.0108 0.8269
vn 0.0183 -0.1221 0.9923
vn -0.0229 -0.9997 -0.0028
vn 0.5941 0.7966 0.1120
vn -0.2053 -0.0584 -0.9769
vn -0.5889 -0.0087 0.8082
vn -0.6416 0.6737 -0.3667
vn -0.6415 0.6732 -0.3679
vn -0.6436 0.6705 -0.3690
vn -0.9396 -0.1507 -0.3074
vn -0.9346 -0.1524 -0.3215
vn 0.8786 -0.1873 0.4393
vn 0.7712 0.0101 -0.6365
vn -0.8068 -0.0577 -0.5880
vn 0.7719 0.0078 -0.6357
vn -0.8069 -0.0594 -0.5877
vn 0.8841 -0.1854 0.4290
vn 0.8800 -0.1858 0.4372
vn 0.7762 0.0060 -0.6304
vn -0.0347 -0.9992 -0.0221
vn -0.0370 -0.9991 -0.0193
vn 0.5578 0.7857 0.2675
vn -0.5175 -0.3154 0.7955
vn 0.0442 -0.0454 -0.9980
vn -0.7961 0.0075 -0.6051
vn -0.7962 0.0063 -0.6050
vn -0.1308 -0.9617 -0.2410
vn -0.7877 -0.0440 -0.6144
vn -0.4821 -0.0322 0.8755
vn -0.4828 -0.0286 0.8752
vn 0.9041 0.0117 -0.4272
vn -0.2480 0.9337 0.2581
vn 0.6685 -0.2076 0.7142
vn 0.6714 -0.2219 0.7070
vn 0.6020 -0.7981 -0.0249
vn 0.6031 -0.7973 -0.0260
vn -0.6553 -0.7552 0.0172
vn -0.6527 -0.7576 0.0030
vn -0.6523 -0.7580 0.0023
vn -0.5326 0.7214 0.4427
vn -0.5312 0.7238 0.4403
vn 0.2657 0.8779 -0.3984
vn -0.2926 -0.3203 -0.9010
vn 0.0844 0.8050 -0.5872
vn 0.0937 0.7999 -0.5928
vn -0.0183 0.1090 -0.9939
vn -0.0221 0.0937 -0.9954
vn 0.7619 -0.1969 -0.6171
vn -0.0126 -0.9999 -0.0018
vn -0.0095 -1.0000 -0.0011
vn 0.9407 -0.3278 -0.0870
vn 0.2422 0.4698 0.8489
vn -0.8197 -0.0558 0.5701
vn 0.7640 -0.2085 -0.6106
vn -0.4970 0.8034 -0.3279
vn -0.4960 0.8031 -0.3300
vn -0.5700 -0.6208 0.5382
vn -0.5702 -0.6191 0.5400
vn -0.4287 0.8204 0.3784
vn -0.4251 0.8244 0.3738
vn -0.4235 0.8266 0.3706
vn -0.4180 0.8291 0.3713
vn 0.7531 -0.1583 0.6386
vn 0.7524 -0.1563 0.6399
vn 0.7507 -0.1566 0.6418
vn 0.7018 -0.1860 0.6876
vn 0.5082 0.4603 0.7279
vn 0.7526 -0.1493 0.6413
vn 0.7421 0.5904 -0.3173
vn 0.8110 -0.1035 -0.5758
vn 0.7411 0.5900 -0.3204
vn -0.9666 0.1794 0.1832
vn 0.0449 -0.9904 -0.1310
vn -0.9669 0.1785 0.1824
vn -0.9033 -0.3859 -0.1875
vn -0.6433 0.1140 -0.7571
vn 0.0501 -0.9904 -0.1292
vn -0.0504 -0.8628 0.5030
vn 0.0060 -0.8682 0.4961
vn 0.9381 -0.3362 0.0836
vn 0.9444 -0.3202 0.0751
vn 0.9454 -0.3173 0.0748
vn -0.5771 -0.4070 -0.7080
vn 0.4301 -0.9023 0.0292
vn 0.5156 -0.8541 0.0687
vn 0.5984 -0.7902 0.1323
vn 0.1981 -0.9785 -0.0569
vn 0.5114 -0.8575 0.0571
vn 0.8891 -0.4535 0.0626
vn -0.5777 -0.4046 -0.7089
vn 0.9610 0.1815 -0.2088
vn 0.9603 0.1821 -0.2112
vn 0.5189 0.1869 -0.8342
vn 0.5165 0.1856 -0.8360
vn -0.7355 0.5009 0.4562
vn -0.7361 0.4997 0.4566
vn -0.7369 0.4987 0.4565
vn 0.1341 -0.9885 -0.0703
vn 0.3358 -0.3262 0.8836
vn 0.3405 -0.3155 0.8857
vn 0.3362 -0.3242 0.8843
vn 0.7233 0.3947 -0.5666
vn 0.0069 0.8481 -0.5297
vn 0.7779 -0.5709 -0.2626
vn 0.0097 0.8499 -0.5269
vn 0.0512 0.8340 -0.5493
vn 0.0090 0.8490 -0.5284
vn 0.0328 -0.9995 0.0030
vn 0.0323 -0.9995 0.0005
vn -0.2267 -0.7166 -0.6596
vn -0.2286 -0.7144 -0.6613
vn -0.6734 0.2967 0.6771
vn 0.7776 -0.5722 -0.2606
vn 0.6219 -0.0140 0.7830
vn 0.6326 0.4658 -0.6188
vn 0.6309 0.4660 -0.6204
vn 0.6228 -0.0242 0.7820
vn 0.0256 -0.9996 0.0125
vn 0.0299 -0.9994 0.0163
vn 0.9214 -0.3432 -0.1821
vn 0.6336 -0.0794 0.7696
vn 0.0276 -0.9996 0.0100
vn 0.9167 -0.3611 -0.1712
vn 0.0371 -0.9991 0.0207
vn 0.5914 -0.6000 0.5388
vn -0.1170 0.9385 -0.3247
vn -0.1165 0.9389 -0.3238
vn -0.8808 -0.3289 0.3405
vn 0.0271 -0.9995 0.0140
vn 0.4811 -0.8767 -0.0008
vn 0.7777 -0.3599 -0.5154
vn 0.0265 -0.9996 -0.0104
vn 0.0275 -0.9996 0.0083
vn 0.7797 -0.3429 -0.5240
vn 0.0475 -0.7233 -0.6889
vn 0.1840 -0.9367 0.2979
vn 0.5344 0.8423 -0.0709
vn -0.8727 0.2953 0.3889
vn 0.5332 0.8430 -0.0712
vn -0.1287 0.9870 -0.0965
vn -0.8734 0.2902 0.3912
vn 0.0419 -0.7255 -0.6870
vn -0.4033 0.1003 -0.9096
vn -0.2984 0.1422 -0.9438
vn -0.2972 0.1437 -0.9440
vn 0.2295 0.9704 -0.0754
vn 0.2316 0.9695 -0.0802
vn -0.5020 0.6181 -0.6049
vn -0.4058 0.1123 -0.9070
vn 0.1972 0.9585 -0.2057
vn -0.2574 0.2251 -0.9397
vn 0.2206 0.9716 -0.0852
vn -0.0539 0.5103 -0.8583
vn -0.5012 0.6215 -0.6021
vn 0.2092 -0.8773 0.4320
vn 0.2102 -0.8772 0.4317
vn 0.2126 -0.8768 0.4312
vn 0.8186 -0.5682 0.0841
vn -0.2110 0.9211 0.3271
vn -0.2117 0.9214 0.3259
vn -0.6397 -0.1245 -0.7585
vn -0.8312 0.5289 0.1716
vn -0.8305 0.5297 0.1723
vn -0.8302 0.5299 0.1733
vn 0.6259 0.6950 -0.3539
vn 0.0490 -0.9986 -0.0190
vn 0.0401 -0.9992 -0.0007
vn 0.0400 -0.9992 0.0007
vn -0.1264 -0.7755 0.6185
vn 0.6181 -0.4796 0.6229
vn 0.4021 0.0212 0.9154
vn 0.9941 0.0873 -0.0641
vn 0.0581 0.6868 0.7245
vn 0.4008 0.0221 0.9159
vn 0.0567 0.6857 0.7257
vn 0.9917 0.0993 -0.0817
vn -0.0514 0.1731 -0.9836
vn -0.0496 0.1723 -0.9838
vn 0.9940 0.0857 -0.0676
vn 0.2883 0.5100 -0.8105
vn -0.0221 -0.9996 -0.0191
vn -0.9195 -0.3307 0.2126
vn 0.6394 -0.2781 -0.7168
vn 0.0111 0.9650 -0.2621
vn 0.9941 0.0870 -0.0652
vn 0.1738 0.1288 -0.9763
vn 0.1722 0.1289 -0.9766
vn 0.7532 0.2151 -0.6216
vn 0.9141 -0.4048 -0.0241
vn 0.9139 -0.4052 -0.0250
vn -0.6252 -0.7800 -0.0250
vn -0.5636 0.5245 0.6381
vn -0.0670 0.4337 0.8985
vn 0.6490 0.5870 -0.4839
vn 0.0383 -0.9989 -0.0265
vn -0.8805 -0.0690 -0.4691
vn 0.2440 0.9556 0.1652
vn -0.0846 0.3711 0.9247
vn -0.6892 0.0886 0.7192
vn -0.0867 0.3690 0.9254
vn -0.0852 0.3703 0.9250
vn -0.4885 -0.8614 0.1394
vn -0.4892 -0.8606 0.1417
vn -0.1903 0.9533 -0.2345
vn 0.8290 0.5518 0.0914
vn -0.6855 -0.0247 -0.7277
vn 0.1929 -0.9800 -0.0484
vn -0.6938 -0.5569 -0.4566
vn -0.8261 -0.2507 -0.5047
vn -0.6928 -0.5577 -0.4572
vn -0.9017 -0.4025 0.1581
vn -0.8998 -0.4310 0.0678
vn -0.0247 -0.9991 -0.0357
vn -0.9006 -0.4044 0.1596
vn 0.7052 -0.2961 -0.6443
vn -0.0210 -0.9991 -0.0372
vn -0.0234 -0.9991 -0.0355
vn -0.0177 -0.9991 -0.0392
vn 0.7078 -0.6437 -0.2911
vn 0.7051 -0.2969 -0.6440
vn 0.1978 -0.1480 0.9690
vn 0.1975 -0.1471 0.9692
vn 0.7384 0.6331 0.2323
vn -0.7450 0.6669 -0.0137
vn 0.0853 0.1463 -0.9856
vn -0.6481 -0.2038 -0.7338
vn -0.0555 0.9306 0.3617
vn 0.8077 -0.3641 -0.4637
vn 0.0342 -0.9993 -0.0129
vn 0.0253 0.3905 -0.9203
vn 0.0203 0.3937 -0.9190
vn -0.9182 0.3056 -0.2520
vn -0.9174 0.3072 -0.2531
vn -0.2413 0.9181 0.3144
vn -0.2567 0.4055 0.8773
vn -0.2573 0.4064 0.8767
vn -0.2649 0.4079 0.8738
vn 0.9580 0.2610 0.1192
vn 0.3102 0.5460 -0.7783
vn 0.9581 0.2601 0.1197
vn 0.0008 -1.0000 0.0072
vn -0.9525 0.0332 0.3027
vn -0.9523 0.0306 0.3037
vn 0.4544 -0.5099 0.7304
vn 0.4553 -0.5092 0.7304
vn -0.9526 0.0357 0.3023
vn -0.0391 -0.9986 0.0342
vn -0.0392 -0.9986 0.0364
vn -0.0379 -0.9986 0.0373
vn 0.8981 -0.3790 0.2230
vn 0.8991 -0.3775 0.2217
vn 0.0343 -0.8830 -0.4682
vn 0.3809 0.0328 -0.9240
vn 0.3780 0.0325 -0.9253
vn -0.9432 -0.2666 0.1984
vn -0.2324 0.9063 0.3529
vn -0.2754 0.9293 -0.2461
vn -0.2802 0.9296 -0.2396
vn 0.4721 0.7774 0.4157
vn 0.2953 0.6630 0.6879
vn 0.4665 0.7649 0.4442
vn -0.7015 0.5302 0.4762
vn -0.7021 0.5305 0.4750
vn -0.6962 0.5514 0.4597
vn -0.6803 0.5328 0.5033
vn -0.5665 0.5443 0.6187
vn -0.5447 0.5558 0.6280
vn -0.7609 -0.1614 0.6285
vn -0.7600 -0.1601 0.6299
vn -0.1906 0.2250 0.9555
vn -0.1935 0.2249 0.9550
vn 0.2668 -0.4078 -0.8732
vn 0.1572 -0.9876 0.0047
vn -0.8854 -0.1430 -0.4422
vn 0.4804 0.7687 0.4223
vn -0.7471 0.0364 0.6637
vn 0.8658 0.3946 0.3076
vn 0.8650 0.3965 0.3076
vn 0.9424 0.3324 -0.0368
vn 0.9494 -0.1072 0.2953
vn 0.9422 0.3261 -0.0775
vn -0.6448 -0.7302 -0.2259
vn 0.9437 0.3206 -0.0811
vn -0.7690 -0.2142 -0.6023
vn -0.7690 -0.2161 -0.6016
vn -0.4889 -0.8326 -0.2605
vn -0.7481 0.0386 0.6625
vn -0.6288 0.7603 -0.1631
vn -0.6973 0.2204 0.6821
vn 0.0175 -0.9996 -0.0233
vn 0.7290 -0.2646 0.6313
vn 0.2064 -0.9716 -0.1157
vn 0.2010 -0.9720 -0.1215
vn -0.5289 -0.8483 0.0232
vn -0.5458 -0.8375 0.0262
vn -0.0769 0.9965 0.0340
vn -0.6834 0.4347 0.5865
vn -0.5413 0.1551 -0.8264
vn -0.8098 0.3476 0.4727
vn 0.0059 -0.9999 0.0085
vn 0.0053 -0.9999 0.0098
vn 0.0547 -0.8111 -0.5823
vn -0.2200 -0.8418 0.4930
vn -0.2269 -0.8384 0.4955
vn 0.2265 0.3411 -0.9123
vn -0.7231 0.1762 -0.6679
vn -0.0916 0.9885 0.1199
vn -0.0944 0.9882 0.1207
vn 0.8379 -0.0510 -0.5435
vn 0.4012 -0.3176 0.8592
vn -0.9437 0.1258 0.3061
vn -0.9112 0.3017 0.2806
vn 0.4370 0.8990 0.0301
vn 0.4384 0.8983 0.0306
vn -0.1028 0.2767 -0.9554
vn 0.1683 -0.3270 0.9299
vn 0.2060 -0.3539 0.9123
vn 0.2069 -0.3557 0.9114
vn -0.9597 -0.2807 0.0123
vn -0.2449 -0.9575 0.1524
vn 0.2780 0.1594 -0.9473
vn 0.2807 0.1597 -0.9464
vn -0.1691 -0.0635 -0.9836
vn 0.7786 -0.6205 -0.0938
vn -0.1535 -0.9881 -0.0132
vn -0.7456 0.5695 0.3460
vn -0.1311 -0.7024 0.6996
vn -0.2720 -0.9586 0.0838
vn 0.1806 0.3269 -0.9277
vn -0.1396 -0.6983 0.7021
vn -0.9488 -0.3145 -0.0311
vn -0.9871 -0.1471 -0.0630
vn -0.9896 -0.1297 -0.0619
vn -0.5775 0.7947 -0.1869
vn -0.1522 -0.6919 0.7057
vn -0.9907 -0.1205 -0.0631
vn 0.1776 0.3301 -0.9271
vn -0.2740 -0.9583 0.0814
vn 0.2703 0.4321 -0.8604
vn -0.4262 -0.2778 -0.8609
vn 0.8344 0.4779 -0.2747
vn 0.8343 0.4773 -0.2760
vn 0.7144 -0.6425 0.2773
vn 0.7127 -0.6434 0.2794
vn 0.8344 0.4764 -0.2770
vn 0.8351 -0.5156 -0.1919
vn 0.2039 -0.0339 0.9784
vn -0.3440 -0.4466 -0.8260
vn -0.5793 0.7931 -0.1882
vn 0.0883 0.0845 -0.9925
vn 0.0887 0.0796 -0.9929
vn 0.0880 0.0706 -0.9936
vn -0.0857 -0.9672 0.2389
vn -0.0814 -0.9675 0.2395
vn -0.0809 -0.9679 0.2378
vn 0.3518 -0.6921 -0.6302
vn 0.3545 -0.6868 -0.6346
vn 0.0711 -0.2965 -0.9524
vn 0.0714 -0.2682 -0.9607
vn 0.0726 -0.2558 -0.9640
vn 0.2861 0.4147 0.8638
vn 0.2856 0.4166 0.8631
vn -0.8936 0.1146 0.4341
vn 0.1041 0.9346 0.3401
vn 0.3627 -0.0413 0.9310
vn -0.8508 0.4810 0.2117
vn -0.9390 0.0772 -0.3351
vn -0.8483 0.4847 0.2131
vn -0.3908 0.4075 0.8254
vn -0.3892 0.4094 0.8252
vn 0.5887 0.7765 -0.2246
vn 0.5902 0.7738 -0.2301
vn -0.0161 -0.9996 -0.0218
vn 0.0099 -0.9991 -0.0414
vn 0.0056 -0.9992 -0.0389
vn -0.0045 -0.9992 -0.0392
vn 0.5958 -0.7904 -0.1420
vn 0.4178 -0.5927 0.6886
vn 0.4093 -0.5970 0.6900
vn 0.6004 -0.7883 -0.1346
vn -0.8876 0.0943 0.4509
vn -0.8878 0.0986 0.4496
vn -0.8888 0.0992 0.4475
vn 0.5593 0.5807 -0.5916
vn 0.5599 0.5821 -0.5896
vn 0.2896 0.4245 0.8579
vn 0.2865 0.4201 0.8611
vn -0.8041 -0.3975 -0.4421
vn -0.2688 0.9589 -0.0911
vn -0.2707 0.9582 -0.0925
vn -0.2738 0.9573 -0.0929
vn -0.4337 0.7241 -0.5362
vn -0.4288 0.7245 -0.5397
vn 0.2935 0.8505 -0.4365
vn 0.6352 -0.7723 0.0027
vn -0.9540 -0.2985 0.0283
vn -0.2403 0.8178 0.5229
vn 0.2937 0.8533 -0.4309
vn -0.7229 -0.3905 -0.5700
vn -0.5136 0.8115 -0.2787
vn 0.3038 -0.0359 -0.9520
vn 0.3052 -0.0444 -0.9513
vn 0.3041 -0.0509 -0.9513
vn -0.7191 -0.3981 -0.5696
vn 0.1724 0.9850 -0.0038
vn -0.9938 0.0496 -0.0998
vn 0.2152 0.3742 -0.9020
vn -0.0086 -0.9999 0.0139
vn 0.3273 0.0103 0.9449
vn -0.4877 0.8296 -0.2719
vn 0.8712 -0.0166 -0.4907
vn -0.1409 0.0822 0.9866
vn 0.0065 -0.9999 -0.0136
vn -0.9510 -0.0776 -0.2994
vn -0.3074 0.7862 -0.5361
vn -0.0779 0.5415 0.8371
vn 0.7623 -0.3641 0.5350
vn 0.5196 0.8538 0.0309
vn -0.0755 0.1225 -0.9896
vn -0.0730 0.1222 -0.9898
vn 0.9661 -0.2582 -0.0056
vn 0.9657 -0.2596 0.0005
vn -0.6156 -0.7880 -0.0080
vn 0.3419 0.9203 -0.1900
vn -0.2480 0.9674 0.0515
vn -0.4060 0.2442 -0.8806
vn -0.4051 0.2442 -0.8811
vn -0.8813 0.3932 -0.2622
vn -0.2350 -0.1074 0.9660
vn -0.5819 -0.3150 0.7498
vn -0.2374 -0.1090 0.9653
vn 0.9422 0.2317 0.2421
vn 0.2353 -0.9411 -0.2428
vn 0.5634 -0.0758 -0.8227
vn -0.5813 -0.3143 0.7505
vn -0.2507 0.9666 0.0528
vn -0.3355 0.9367 -0.0999
vn 0.7005 0.4488 -0.5549
vn 0.0909 0.5255 0.8459
vn 0.0896 0.5259 0.8458
vn 0.8206 0.2779 0.4995
vn 0.8212 0.2769 0.4990
vn -0.0002 -0.9966 0.0820
vn 0.0014 -0.9968 0.0796
vn 0.0918 -0.9477 -0.3055
vn -0.2004 0.3041 -0.9313
vn -0.9717 -0.2284 0.0603
vn 0.0928 -0.9478 -0.3050
vn -0.3333 0.9376 -0.0995
vn 0.2169 -0.1506 0.9645
vn -0.7266 0.5720 0.3807
vn 0.2082 -0.1472 0.9669
vn -0.7868 -0.4894 -0.3760
vn -0.7894 -0.4864 -0.3745
vn -0.7877 -0.4884 -0.3754
vn -0.0106 -0.9994 0.0317
vn -0.7263 0.5732 0.3793
vn 0.8657 -0.1609 -0.4741
vn 0.7753 -0.2635 -0.5741
vn 0.8661 -0.1601 -0.4736
vn 0.7735 -0.2634 -0.5764
vn 0.4018 0.0690 -0.9131
vn 0.4022 0.0661 -0.9131
vn -0.7102 0.0773 0.6998
vn 0.6087 0.5659 0.5560
vn 0.4647 -0.3707 -0.8041
vn -0.4672 -0.7303 0.4983
vn 0.5740 0.8051 -0.1492
vn 0.2060 0.2801 -0.9376
vn -0.3128 0.9333 -0.1766
vn -0.9274 -0.2913 0.2346
vn -0.0382 -0.9992 -0.0089
vn 0.1162 -0.0133 0.9931
vn 0.5736 0.8052 -0.1505
vn -0.5226 -0.5583 -0.6444
vn -0.5223 -0.5607 -0.6425
vn 0.0163 -0.9996 0.0209
vn 0.0175 -0.9996 0.0219
vn 0.0179 -0.9996 0.0228
vn 0.8721 -0.3490 -0.3429
vn 0.8726 -0.3454 -0.3454
vn 0.3013 -0.7111 -0.6353
vn 0.3018 -0.7129 -0.6331
vn -0.8858 0.4335 0.1657
vn 0.0052 0.9914 -0.1311
vn 0.1679 0.1283 0.9774
vn -0.5974 -0.2829 0.7504
vn -0.5962 -0.2833 0.7511
vn -0.0182 -0.9975 -0.0689
vn -0.0296 -0.9969 -0.0725
vn -0.0173 -0.9977 -0.0661
vn 0.9528 -0.2730 0.1329
vn 0.8908 -0.3807 0.2480
vn 0.9530 -0.2726 0.1320
vn -0.8436 0.5317 -0.0751
vn 0.4484 0.6206 -0.6432
vn 0.2954 0.5763 0.7620
vn 0.0147 -0.6922 0.7215
vn 0.6474 -0.7099 -0.2774
vn -0.8039 -0.0096 0.5947
vn 0.2978 0.1487 0.9430
vn 0.3001 0.1449 0.9428
vn 0.6456 -0.7136 -0.2718
vn -0.8061 -0.0129 0.5917
vn 0.3268 0.8404 0.4324
vn -0.5119 0.1976 -0.8360
vn -0.5041 0.2006 -0.8400
vn 0.0642 0.3648 -0.9289
vn 0.0671 0.3648 -0.9287
vn -0.1999 -0.9733 0.1126
vn 0.6586 -0.4074 -0.6326
vn 0.0114 0.9974 0.0718
vn -0.3072 -0.9020 -0.3034
vn 0.5598 -0.6805 0.4728
vn -0.7841 0.4405 0.4371
vn -0.7878 0.4414 0.4295
vn 0.9356 0.3404 0.0932
vn 0.9365 0.3376 0.0945
vn 0.1233 0.5042 0.8547
vn -0.3781 0.5767 -0.7242
vn 0.5978 0.2028 -0.7756
vn -0.3703 0.5816 -0.7243
vn 0.1729 0.7910 -0.5868
vn 0.1766 0.7904 -0.5866
vn -0.0676 -0.9013 -0.4278
vn 0.9027 0.4162 -0.1089
vn 0.8605 0.1397 0.4899
vn -0.0701 0.4386 0.8959
vn -0.2774 0.6127 -0.7400
vn -0.9506 0.0147 -0.3100
vn 0.0755 -0.8652 -0.4958
vn 0.8351 0.3882 -0.3898
vn 0.0193 -0.9998 -0.0110
vn -0.8828 0.4697 0.0021
vn -0.7786 0.0735 -0.6233
vn 0.3176 0.8302 0.4582
vn 0.9584 0.1152 0.2610
vn 0.9560 0.1092 0.2722
vn 0.7542 0.2674 -0.5997
vn 0.7542 0.2701 -0.5985
vn 0.8258 0.0379 0.5626
vn 0.8251 0.0373 0.5638
vn -0.8054 0.4318 -0.4061
vn 0.0169 -0.9998 0.0078
vn -0.2273 0.8737 0.4300
vn 0.7388 -0.2068 -0.6414
vn 0.7401 -0.2096 -0.6390
vn 0.6849 -0.0641 0.7259
vn 0.1499 0.0882 0.9848
vn 0.6603 -0.0663 0.7480
vn 0.1528 0.0856 0.9845
vn 0.1557 0.0827 0.9843
vn -0.7697 0.6133 0.1776
vn -0.7678 0.6153 0.1785
vn 0.0179 -0.9997 0.0182
vn -0.8357 -0.0250 -0.5486
vn 0.3987 0.8766 -0.2694
vn -0.2366 0.9452 0.2248
vn 0.1709 0.2369 -0.9564
vn 0.1716 0.2403 -0.9554
vn 0.1469 0.3090 -0.9397
vn -0.1524 -0.9754 -0.1592
vn -0.6454 -0.1043 0.7567
vn -0.1622 -0.9752 -0.1507
vn -0.1551 -0.9752 -0.1581
vn 0.8576 0.4721 0.2039
vn -0.9533 0.0107 -0.3019
vn 0.5784 0.0101 -0.8157
vn 0.9541 0.2020 0.2211
vn 0.9541 0.1977 0.2248
vn 0.5177 -0.0163 -0.8554
vn -0.0107 -0.9999 -0.0085
vn 0.0425 -0.0089 0.9991
vn -0.4384 0.8804 -0.1810
vn -0.6754 -0.1956 0.7110
vn -0.6752 -0.1867 0.7136
vn -0.6739 0.3468 0.6523
vn 0.0356 -0.9994 -0.0012
vn 0.0305 -0.9995 0.0007
vn 0.4569 -0.1178 0.8817
vn 0.1150 0.9219 -0.3699
vn 0.2862 -0.0203 0.9580
vn 0.1047 0.3344 -0.9366
vn 0.6805 -0.2546 -0.6871
vn 0.6822 -0.2585 -0.6839
vn 0.3511 -0.9181 0.1842
vn -0.7458 0.4611 -0.4808
vn -0.6930 -0.1766 0.6990
vn -0.7289 0.4677 -0.4999
vn -0.0463 -0.9499 -0.3093
vn 0.5136 0.8452 0.1482
vn 0.3365 -0.9200 0.2008
vn 0.6861 0.7077 0.1686
vn 0.5481 -0.5538 -0.6269
vn 0.5572 -0.5495 -0.6226
vn 0.5498 -0.5537 -0.6254
vn -0.0428 0.4173 0.9077
vn -0.0434 0.4161 0.9083
vn -0.7167 -0.6974 -0.0089
vn -0.3507 0.8532 -0.3862
vn 0.0414 -0.9990 0.0188
vn 0.6888 0.7055 0.1670
vn 0.8699 -0.2843 -0.4031
vn 0.8663 -0.2893 -0.4073
vn 0.8540 -0.3105 -0.4174
vn 0.2016 -0.7676 -0.6084
vn -0.1455 -0.6982 0.7010
vn 0.0661 -0.9931 -0.0973
vn 0.0738 -0.9911 -0.1111
vn 0.3629 0.8668 0.3419
vn -0.8759 0.4543 -0.1624
vn 0.5312 -0.7980 0.2847
vn -0.1487 -0.6941 0.7043
vn 0.9013 -0.2072 -0.3805
vn 0.8985 -0.2087 -0.3862
vn 0.8974 -0.2085 -0.3888
vn 0.8266 0.0586 0.5598
vn 0.0585 -0.6819 0.7291
vn -0.1146 0.3473 0.9307
vn 0.0547 -0.6796 0.7315
vn 0.0016 0.4070 -0.9134
vn -0.5988 0.7792 -0.1849
vn -0.0063 0.4139 -0.9103
vn 0.0227 0.7503 0.6607
vn -0.3803 -0.8649 -0.3277
vn 0.5602 0.7954 -0.2312
vn 0.9188 0.3935 -0.0308
vn 0.1119 -0.6259 0.7719
vn -0.6095 -0.7923 0.0276
vn 0.2129 0.9477 0.2379
vn 0.0680 0.5594 -0.8261
vn 0.0910 0.5608 -0.8229
vn 0.7214 0.3852 -0.5756
vn 0.7252 0.3836 -0.5718
vn 0.9192 0.1086 -0.3784
vn -0.0169 -0.9614 -0.2745
vn 0.0165 -0.2560 0.9665
vn -0.2106 0.9468 0.2435
vn -0.0379 -0.3081 0.9506
vn -0.0223 -0.3148 0.9489
vn -0.0064 -0.3126 0.9499
vn 0.9998 0.0160 -0.0137
vn 0.0137 -0.9999 0.0010
vn -0.9413 -0.2312 -0.2459
vn -0.2583 0.9660 -0.0073
vn 0.2629 -0.3974 -0.8792
vn -0.6882 0.3149 -0.6536
vn -0.6879 0.3131 -0.6548
vn 0.6264 0.4525 0.6348
vn -0.6868 0.3123 -0.6563
vn 0.9894 -0.0033 -0.1448
vn 0.6313 0.4482 0.6329
vn 0.0113 -0.9997 -0.0209
vn 0.2359 0.0425 -0.9708
vn 0.1977 0.9760 0.0908
vn -0.4904 -0.4217 0.7627
vn -0.7121 0.1305 0.6899
vn -0.7144 0.1349 0.6867
vn -0.1730 0.9821 0.0741
vn -0.1757 0.9818 0.0725
vn 0.8979 0.4227 0.1232
vn -0.2494 0.0070 -0.9684
vn -0.0326 -0.9995 0.0011
vn 0.4330 0.4264 0.7942
vn -0.7137 0.1343 0.6875
vn 0.7808 0.6247 0.0037
vn -0.8130 -0.2201 -0.5391
vn -0.8134 -0.2211 -0.5380
vn -0.2623 0.0655 -0.9628
vn -0.2690 0.0637 -0.9610
vn -0.1942 0.9752 -0.1064
vn 0.0036 -1.0000 -0.0040
vn -0.3350 0.4348 0.8359
vn 0.7291 0.0169 -0.6842
vn 0.0014 -0.4470 -0.8945
vn -0.6535 -0.1484 -0.7423
vn -0.3362 -0.8649 -0.3726
vn -0.1667 -0.3347 0.9274
vn -0.0788 0.9897 0.1195
vn 0.9403 -0.0713 -0.3329
vn 0.3468 -0.9379 0.0039
vn 0.3517 -0.9361 0.0038
vn -0.7441 0.4678 -0.4770
vn 0.0245 -0.9992 -0.0300
vn 0.0284 -0.9991 -0.0306
vn -0.1357 -0.9857 -0.1003
vn 0.3802 0.9023 -0.2033
vn 0.3809 0.9022 -0.2024
vn 0.6925 0.6774 0.2482
vn 0.3974 0.3321 -0.8554
vn -0.4006 0.1678 0.9008
vn -0.9069 0.2779 -0.3166
vn -0.0816 0.0849 -0.9930
vn 0.0397 0.7987 -0.6004
vn 0.0425 0.8005 -0.5978
vn -0.0811 0.0836 -0.9932
vn -0.1869 -0.9345 0.3029
vn 0.9652 0.1742 -0.1951
vn 0.2569 -0.4914 0.8322
vn 0.0476 -0.8520 -0.5213
vn -0.9667 0.2405 -0.0875
vn 0.3049 0.9440 0.1257
vn -0.0450 -0.8590 0.5100
vn 0.2013 0.9349 0.2923
vn -0.6209 0.3526 -0.7001
vn 0.7025 -0.4484 -0.5527
vn -0.1453 0.4025 -0.9038
vn -0.0741 0.9514 0.2988
vn 0.2089 0.8793 -0.4280
vn -0.1342 0.9901 0.0422
vn 0.2081 0.8799 -0.4272
vn -0.1384 0.9900 0.0260
vn 0.8922 0.4273 -0.1463
vn 0.2807 -0.2709 0.9208
vn -0.9765 -0.0756 -0.2017
vn -0.0028 -0.9999 0.0107
vn 0.2597 0.7657 -0.5885
vn 0.2918 0.7475 -0.5968
vn -0.8652 0.2384 0.4410
vn 0.4254 -0.6408 0.6390
vn 0.0200 -0.9991 -0.0376
vn -0.7038 -0.2810 -0.6525
vn -0.9953 0.0593 0.0771
vn -0.9950 0.0609 0.0794
vn 0.0140 -0.9999 0.0022
vn 0.0131 -0.9999 0.0038
vn 0.0124 -0.9999 0.0077
vn -0.1989 -0.6037 0.7720
vn -0.1968 -0.5995 0.7758
vn 0.2356 0.5710 0.7864
vn 0.0155 -0.9999 0.0029
vn 0.2372 0.5776 0.7811
vn 0.1909 0.1915 0.9628
vn 0.1898 0.1909 0.9631
vn 0.3256 0.4703 0.8203
vn 0.9949 -0.0986 0.0190
vn 0.0800 0.6640 -0.7434
vn 0.3269 0.4669 0.8217
vn -0.6374 -0.4608 0.6176
vn -0.4779 0.1387 -0.8674
vn 0.5313 -0.7620 -0.3702
vn 0.5121 0.8568 0.0608
vn 0.2736 0.0387 -0.9611
vn -0.9731 0.2072 -0.1005
vn -0.4672 0.3935 -0.7917
vn 0.0638 -0.9979 -0.0117
vn 0.0636 -0.9979 -0.0136
vn 0.5626 -0.0688 -0.8239
vn 0.3280 0.6791 0.6567
vn -0.4617 0.3947 -0.7944
vn 0.1763 0.1749 0.9687
vn -0.3752 0.7592 -0.5318
vn 0.9896 0.1405 0.0306
vn 0.9895 0.1400 0.0356
vn 0.1752 0.1736 0.9691
vn 0.5332 -0.8357 0.1313
vn 0.5318 -0.8367 0.1306
vn 0.5284 -0.8389 0.1306
vn -0.3430 -0.9393 0.0032
vn -0.3483 -0.9374 0.0054
vn -0.9486 0.1180 0.2935
vn -0.9476 0.1262 0.2933
vn -0.8980 -0.2997 0.3223
vn -0.2817 -0.4496 -0.8476
vn 0.2775 0.9530 -0.1220
vn 0.3163 -0.3420 0.8848
vn 0.9464 -0.1282 -0.2964
vn 0.8176 0.2020 -0.5391
vn 0.8245 0.1918 -0.5324
vn -0.6817 0.7310 0.0316
vn -0.8316 -0.0323 -0.5544
vn -0.8333 -0.0263 -0.5522
vn -0.4404 -0.8070 -0.3935
vn -0.9027 0.2227 -0.3681
vn -0.9020 0.2245 -0.3687
vn -0.5741 0.8092 -0.1246
vn -0.6838 0.7290 0.0299
vn -0.4362 -0.8097 -0.3926
vn 0.2880 -0.3393 0.8955
vn -0.2782 0.9566 -0.0862
vn -0.3113 0.9366 -0.1610
vn -0.5762 0.4060 -0.7093
vn -0.8203 -0.0170 -0.5717
vn -0.8285 -0.4469 -0.3373
vn 0.0027 0.9438 0.3304
vn 0.0198 0.9414 0.3367
vn -0.0522 0.5035 -0.8624
vn -0.1044 0.5084 -0.8548
vn -0.8279 -0.4474 -0.3383
vn 0.0202 0.9409 0.3380
vn 0.7111 0.1509 0.6867
vn 0.7065 0.1508 0.6914
vn -0.1920 -0.0929 0.9770
vn 0.4486 0.2033 0.8703
vn -0.1923 -0.0915 0.9771
vn 0.0240 -0.9997 0.0049
vn 0.9206 0.3609 -0.1490
vn 0.4706 0.6902 -0.5497
vn 0.2481 -0.9653 -0.0818
vn 0.2493 -0.9650 -0.0814
vn 0.4715 0.6878 -0.5519
vn -0.0157 -0.3565 -0.9342
vn -0.8643 0.4267 0.2662
vn -0.6917 0.5303 -0.4903
vn 0.3577 0.2659 0.8952
vn -0.0583 0.1939 0.9793
vn -0.0656 0.1913 0.9793
vn -0.7462 -0.0814 0.6607
vn 0.3593 0.2667 0.8943
vn 0.6847 0.6834 -0.2532
vn 0.6834 0.6845 -0.2537
vn -0.0159 -0.9991 -0.0382
vn -0.4116 -0.2130 -0.8861
vn 0.9173 -0.3628 0.1641
vn 0.6979 0.6716 -0.2487
vn 0.6822 0.6852 -0.2552
vn 0.4606 0.8010 -0.3824
vn 0.0010 -0.9988 -0.0489
vn -0.2319 0.1293 -0.9641
vn -0.1040 0.3319 -0.9376
vn -0.0978 0.3460 -0.9331
vn -0.4416 0.8596 0.2572
vn -0.9491 0.2715 0.1599
vn 0.1816 0.4118 0.8930
vn 0.1808 0.4131 0.8925
vn 0.3354 -0.5373 0.7739
vn -0.9496 0.2697 0.1597
vn -0.0131 -0.9994 -0.0313
vn 0.0286 -0.5263 -0.8498
vn 0.0145 0.1874 -0.9822
vn 0.0182 0.1162 -0.9931
vn 0.2164 0.2640 -0.9399
vn 0.0641 -0.4910 -0.8688
vn 0.3235 0.7502 -0.5767
vn 0.2604 0.8883 -0.3783
vn -0.1384 -0.6094 -0.7807
vn 0.0168 0.2037 -0.9789
vn 0.2579 0.8885 -0.3795
vn 0.7378 0.4634 0.4908
vn -0.9713 -0.2363 0.0264
vn -0.8388 0.5276 0.1345
vn -0.8351 0.5327 0.1370
vn 0.1972 0.8779 0.4365
vn 0.8003 0.5176 0.3027
vn 0.7357 0.4660 0.4915
vn -0.6626 -0.3174 0.6783
vn 0.1807 -0.8657 0.4668
vn -0.8378 0.5291 0.1346
vn -0.0838 0.9479 0.3074
vn -0.0831 0.9484 0.3059
vn 0.6861 0.6891 -0.2333
vn -0.1089 0.0397 0.9933
vn -0.1082 0.0358 0.9935
vn 0.1533 0.9364 0.3156
vn -0.1111 0.0360 0.9932
vn -0.6786 -0.4073 0.6112
vn 0.6829 0.6934 -0.2300
vn 0.6756 0.1932 0.7115
vn -0.9499 -0.2625 -0.1698
vn 0.7422 0.3361 0.5798
vn -0.3858 0.0733 -0.9197
vn -0.3871 0.0724 -0.9192
vn -0.3885 0.0703 -0.9187
vn 0.2255 -0.9742 -0.0068
vn 0.2251 -0.9743 -0.0090
vn -0.3908 0.0658 -0.9181
vn -0.0999 -0.9525 -0.2876
vn -0.1051 -0.9503 -0.2930
vn -0.5838 -0.4413 -0.6815
vn 0.2265 -0.9740 -0.0052
vn -0.6792 -0.4089 0.6095
vn 0.0241 -0.9996 0.0129
vn 0.1746 -0.0226 0.9844
vn 0.5201 0.7025 -0.4857
vn -0.7732 0.6288 0.0816
vn 0.2308 0.9545 -0.1891
vn 0.2325 0.9535 -0.1916
vn -0.3800 0.9093 -0.1695
vn 0.2316 0.9541 -0.1899
vn -0.6807 0.6364 -0.3627
vn 0.6666 -0.3316 -0.6676
vn 0.6668 -0.3303 -0.6680
vn 0.6669 -0.3284 -0.6689
vn -0.4987 -0.7803 0.3773
vn -0.4871 -0.7806 0.3917
vn -0.4860 -0.7803 0.3935
vn -0.4848 -0.7807 0.3944
vn 0.8418 0.1427 0.5207
vn 0.8430 0.1479 0.5172
vn -0.7613 -0.6314 -0.1472
vn 0.4248 -0.7703 0.4756
vn 0.4223 -0.7709 0.4768
vn 0.6933 -0.5676 0.4439
vn 0.4296 -0.4249 -0.7968
vn 0.8435 0.1489 0.5161
vn -0.6782 0.6393 -0.3622
vn 0.1322 0.9911 -0.0125
vn 0.1303 0.9914 -0.0110
vn 0.1323 0.9912 -0.0088
vn 0.8924 0.2213 0.3933
vn -0.2764 0.9599 0.0472
vn 0.4513 0.1924 0.8714
vn -0.9617 0.0847 -0.2609
vn -0.2739 0.9603 0.0520
vn -0.1444 -0.7933 0.5914
vn -0.1475 -0.7819 0.6057
vn -0.1482 -0.7806 0.6072
vn -0.0140 -0.9992 0.0375
vn 0.9812 -0.0789 -0.1761
vn -0.1903 -0.2450 -0.9507
vn 0.4537 0.1933 0.8700
vn 0.2185 -0.9736 -0.0665
vn -0.0037 -1.0000 0.0071
vn 0.2225 -0.9727 -0.0662
vn 0.5661 -0.6309 0.5305
vn 0.5676 -0.6300 0.5300
vn 0.2233 -0.9725 -0.0656
vn 0.9715 -0.0707 0.2263
vn 0.9708 -0.0744 0.2281
vn 0.8995 0.2792 -0.3360
vn -0.3467 0.9242 -0.1602
vn -0.2658 -0.2606 -0.9281
vn -0.1354 0.7762 0.6158
vn -0.2473 0.8282 -0.5029
vn 0.4464 -0.6479 0.6172
vn -0.3232 0.0786 0.9431
vn 0.4457 -0.6464 0.6193
vn 0.1773 0.7559 -0.6302
vn -0.2458 0.8281 -0.5038
vn 0.4862 -0.3421 -0.8041
vn -0.2489 0.1639 -0.9546
vn -0.2486 0.1624 -0.9549
vn 0.1038 -0.9855 0.1343
vn 0.1048 -0.9845 0.1406
vn -0.9335 -0.0344 -0.3568
vn 0.1349 -0.5422 0.8293
vn -0.1695 0.8120 0.5585
vn 0.1055 -0.9843 0.1419
vn 0.1867 0.7528 -0.6313
vn 0.5647 0.6740 -0.4763
vn -0.4456 -0.0779 -0.8918
vn -0.0250 -0.9997 0.0087
vn -0.0083 -1.0000 0.0006
vn -0.0063 -1.0000 -0.0000
vn -0.5427 -0.8014 0.2513
vn 0.5326 -0.5707 0.6251
vn -0.5897 0.3615 0.7222
vn 0.4645 0.1733 -0.8684
vn 0.4620 0.1723 -0.8700
vn 0.7920 0.5310 -0.3013
vn 0.8022 0.0072 -0.5971
vn -0.4472 -0.5307 -0.7200
vn -0.4481 -0.5290 -0.7207
vn -0.4493 -0.5279 -0.7207
vn -0.9668 0.0581 -0.2488
vn -0.9662 0.0569 -0.2514
vn -0.9474 0.3182 -0.0339
vn -0.3723 -0.4385 0.8180
vn 0.2144 0.8169 0.5355
vn -0.4818 0.8694 0.1098
vn 0.7904 0.5320 -0.3037
vn -0.5298 0.1423 -0.8361
vn -0.5273 0.1406 -0.8380
vn -0.5243 0.1378 -0.8403
vn 0.9100 0.0449 -0.4122
vn 0.9092 0.0513 -0.4132
vn 0.1336 -0.3013 -0.9441
vn 0.9079 0.0423 -0.4170
vn -0.1638 0.9327 0.3213
vn -0.9812 0.0166 -0.1920
vn 0.2676 -0.8445 0.4639
vn -0.5393 -0.2519 -0.8036
vn 0.7183 0.6649 -0.2049
vn -0.5429 -0.2554 -0.8000
vn -0.2212 0.8538 0.4712
vn -0.5435 -0.2567 -0.7992
vn -0.7532 -0.6521 -0.0861
vn -0.3562 -0.9035 0.2383
vn -0.3531 -0.9040 0.2411
vn 0.7197 0.6633 -0.2050
vn 0.9490 0.1368 -0.2842
vn 0.9502 0.1301 -0.2831
vn -0.3514 -0.9044 0.2421
vn 0.4359 0.1083 -0.8935
vn 0.0551 -0.9557 -0.2891
vn 0.2809 -0.3715 0.8849
vn -0.7615 0.6408 0.0974
vn 0.6288 -0.2726 0.7282
vn 0.4025 0.6719 0.6217
vn 0.3993 0.6745 0.6209
vn 0.7579 -0.6514 -0.0345
vn 0.6254 0.7340 -0.2649
vn -0.6123 -0.7906 0.0046
vn -0.6357 0.3434 -0.6913
vn 0.9509 0.1252 -0.2832
vn 0.7590 -0.6502 -0.0333
vn -0.8862 0.4251 -0.1842
vn 0.0454 -0.9988 -0.0165
vn -0.8869 0.4222 -0.1872
vn -0.3611 0.4263 -0.8294
vn -0.4279 -0.6475 -0.6306
vn -0.3003 -0.0673 0.9515
vn 0.7888 0.3409 0.5114
vn -0.0186 -0.9998 0.0063
vn -0.0170 -0.9998 0.0058
vn -0.0166 -0.9998 0.0079
vn -0.2309 0.6655 0.7098
vn 0.8725 -0.4717 0.1274
vn 0.7580 0.2166 0.6152
vn 0.7264 0.6217 -0.2929
vn -0.9125 0.2747 -0.3030
vn 0.2132 0.0498 -0.9757
vn -0.2342 -0.9630 -0.1332
vn 0.8178 -0.3277 0.4731
vn 0.8184 -0.3279 0.4719
vn 0.0217 -0.9997 0.0118
vn 0.0138 -0.9999 0.0031
vn 0.4297 -0.7106 0.5572
vn -0.8966 0.4385 -0.0620
vn 0.2984 -0.4761 -0.8272
vn -0.0409 0.4506 0.8918
vn 0.5322 0.1737 -0.8286
vn 0.0144 -0.9999 0.0062
vn -0.0046 -0.9992 -0.0391
vn -0.4931 -0.2511 -0.8329
vn -0.0053 -0.9992 -0.0396
vn 0.8373 -0.5426 -0.0671
vn 0.0703 0.4539 0.8883
vn 0.4548 0.8845 -0.1041
vn -0.8206 0.4616 0.3369
vn -0.0262 -0.4501 0.8926
vn -0.2323 -0.3687 -0.9000
vn 0.2967 -0.9545 0.0290
vn -0.6483 -0.3738 0.6633
vn 0.6545 0.7436 0.1369
vn -0.8396 -0.5349 -0.0945
vn -0.6234 0.7047 0.3388
vn 0.2984 -0.9538 0.0349
vn 0.6042 -0.2124 -0.7680
vn 0.3749 -0.4829 0.7914
vn 0.3734 -0.4839 0.7915
vn -0.0365 -0.9981 -0.0504
vn 0.6040 -0.2055 -0.7700
vn -0.2932 -0.0887 0.9519
vn -0.2884 -0.0970 0.9526
vn -0.7386 0.2073 -0.6415
vn -0.9406 -0.2241 0.2549
vn 0.7219 -0.6290 -0.2885
vn -0.4838 0.1673 -0.8591
vn 0.5906 0.8060 0.0401
vn -0.6967 0.4842 0.5293
vn -0.0370 -0.9979 -0.0536
vn -0.9161 -0.3983 0.0459
vn -0.9066 -0.4196 0.0438
vn -0.0312 -0.9995 -0.0042
vn -0.0290 -0.9996 -0.0038
vn 0.2014 -0.0050 0.9795
vn -0.4497 0.8087 -0.3792
vn -0.4505 0.8023 -0.3915
vn 0.2395 0.3240 0.9152
vn 0.8672 0.1384 -0.4783
vn -0.8244 0.2507 0.5074
vn -0.8373 0.2602 0.4809
vn -0.8372 0.2437 0.4895
vn -0.1878 -0.7629 0.6186
vn -0.2278 -0.1052 0.9680
vn -0.2294 -0.1038 0.9678
vn -0.8383 0.2633 0.4774
vn -0.1863 -0.7647 0.6169
vn 0.2285 0.2882 -0.9299
vn 0.6734 0.0754 -0.7355
vn -0.6430 -0.7428 -0.1864
vn -0.0786 0.9594 -0.2710
vn 0.9272 0.0831 0.3652
vn 0.0926 -0.9957 -0.0085
vn -0.0204 -0.9997 0.0119
vn -0.0208 -0.9997 0.0097
vn -0.2037 -0.7913 -0.5765
vn -0.2042 -0.7892 -0.5792
vn -0.0218 -0.9997 0.0094
vn -0.6648 -0.4202 0.6176
vn -0.6640 -0.4216 0.6176
vn -0.6619 -0.4235 0.6185
vn -0.0655 -0.7623 0.6439
vn -0.6613 -0.4303 0.6144
vn 0.9269 -0.1688 -0.3352
vn -0.5783 0.6252 -0.5241
vn 0.7773 0.2341 0.5840
vn -0.5883 0.6240 -0.5143
vn 0.0109 -0.9996 -0.0267
vn 0.0097 -0.9996 -0.0258
vn -0.7964 -0.6047 0.0133
vn -0.2503 0.5531 -0.7946
vn 0.8387 -0.2128 0.5014
vn 0.4961 0.6784 -0.5419
vn -0.5072 -0.0261 0.8614
vn 0.3759 0.0006 -0.9267
vn -0.1135 -0.9932 0.0263
vn -0.1159 -0.9928 0.0292
vn 0.3763 0.0018 -0.9265
vn 0.0150 -0.1574 0.9874
vn 0.0143 -0.1583 0.9873
vn 0.9195 -0.3867 -0.0704
vn 0.3165 0.8603 0.3996
vn 0.9197 -0.3865 -0.0695
vn -0.0184 -0.4832 -0.8753
vn -0.3106 0.4375 -0.8439
vn -0.9453 -0.0489 0.3226
vn 0.0286 0.7039 -0.7097
vn 0.2830 -0.1664 0.9446
vn 0.2797 -0.1660 0.9456
vn -0.8342 0.0654 -0.5476
vn 0.0124 -0.9999 -0.0121
vn 0.6833 -0.5220 -0.5105
vn 0.4396 0.8806 -0.1768
vn -0.3096 -0.0101 0.9508
vn 0.0425 -0.1809 0.9826
vn 0.4814 0.8762 -0.0215
vn 0.4816 0.8761 -0.0205
vn 0.0179 0.2323 -0.9725
vn 0.9808 0.0774 0.1789
vn 0.0070 -0.9999 0.0087
vn -0.8515 0.1652 0.4977
vn 0.0107 -0.9998 -0.0178
vn 0.0160 -0.9997 -0.0186
vn -0.3678 0.5523 0.7481
vn -0.3669 0.5524 0.7485
vn -0.9224 0.2285 -0.3115
vn -0.9220 0.2300 -0.3115
vn -0.6377 -0.6974 -0.3271
vn 0.5260 -0.0840 -0.8464
vn 0.9703 0.1551 -0.1855
vn -0.3147 -0.0128 0.9491
vn -0.3132 -0.0136 0.9496
vn 0.1045 -0.4107 0.9058
vn 0.0954 -0.4025 0.9104
vn 0.1087 -0.4143 0.9036
vn 0.8671 -0.0744 0.4926
vn 0.1610 0.9457 -0.2823
vn 0.8669 -0.0735 0.4931
vn 0.3044 -0.9303 -0.2047
vn 0.3044 -0.9306 -0.2032
vn 0.0457 -0.3497 -0.9358
vn -0.9977 -0.0623 -0.0255
vn -0.3687 0.2371 -0.8988
vn 0.9643 -0.2606 -0.0480
vn -0.1854 -0.5707 0.7999
vn -0.1861 -0.5716 0.7992
vn -0.1403 0.3265 0.9347
vn 0.4383 0.7967 -0.4162
vn -0.1448 -0.8342 -0.5322
vn -0.1433 -0.8370 -0.5282
vn 0.0348 -0.9993 0.0125
vn -0.8930 0.4211 0.1589
vn 0.3584 0.0475 0.9323
vn 0.7848 0.3987 0.4744
vn 0.0232 0.4175 0.9084
vn 0.6323 0.1358 -0.7627
vn -0.9896 -0.0421 0.1376
vn -0.9893 -0.0402 0.1401
vn -0.5464 0.7971 -0.2571
vn -0.0076 -0.9997 -0.0242
vn 0.2337 0.9389 0.2526
vn -0.5518 -0.0552 -0.8322
vn -0.8951 0.4107 0.1736
vn -0.8935 0.4134 0.1754
vn 0.4941 0.3523 0.7948
vn -0.5003 -0.5901 0.6336
vn 0.4918 0.3502 0.7972
vn 0.4931 0.3522 0.7955
vn 0.0718 0.8483 -0.5245
vn 0.5985 -0.7575 0.2606
vn 0.4270 -0.5365 -0.7280
vn 0.1535 -0.8190 -0.5529
vn 0.1476 -0.8225 -0.5494
vn 0.5963 -0.7595 0.2600
vn -0.4408 -0.8975 -0.0133
vn 0.4284 -0.5350 -0.7281
vn -0.5044 -0.5914 0.6291
vn -0.2795 -0.8628 0.4213
vn -0.2723 -0.8679 0.4155
vn -0.9032 -0.3921 -0.1745
vn -0.9023 -0.3937 -0.1757
vn 0.1263 -0.9833 -0.1309
vn 0.1305 -0.9831 -0.1288
vn 0.9465 0.1852 0.2642
vn 0.1759 0.9437 0.2800
vn 0.3508 -0.2766 -0.8947
vn -0.7858 -0.2342 -0.5725
vn -0.7898 -0.2364 -0.5660
vn -0.8823 -0.4705 -0.0122
vn 0.6658 -0.7461 0.0031
vn 0.6412 0.6274 -0.4418
vn 0.4089 0.8917 -0.1940
vn 0.4045 0.8949 -0.1884
vn -0.1602 0.9121 0.3773
vn 0.9727 0.2233 0.0636
vn 0.9729 0.2222 0.0645
vn -0.5013 0.1414 0.8537
vn -0.3682 0.3428 -0.8642
vn -0.3658 0.3433 -0.8651
vn -0.0636 -0.9979 -0.0149
vn -0.7383 0.4258 0.5231
vn 0.7296 -0.3642 0.5788
vn -0.0281 -0.9995 -0.0152
vn -0.9151 0.3669 -0.1670
vn 0.2275 -0.5187 -0.8241
vn -0.0156 -0.0290 0.9995
vn -0.3004 0.1578 -0.9407
vn 0.0559 -0.9741 0.2189
vn 0.5766 0.6361 -0.5128
vn 0.9970 -0.0768 -0.0095
vn -0.4415 0.6085 -0.6594
vn -0.3706 -0.2054 -0.9058
vn -0.3680 -0.2051 -0.9069
vn -0.6248 0.6893 -0.3667
vn -0.5038 0.1358 -0.8531
vn -0.9096 0.0838 0.4068
vn -0.4891 -0.1065 -0.8657
vn -0.6288 0.2303 -0.7427
vn 0.8374 0.0906 -0.5390
vn 0.2756 0.9601 -0.0482
vn -0.7526 -0.6471 -0.1218
vn -0.7640 0.6372 -0.1010
vn -0.7612 0.6398 -0.1062
vn -0.3342 0.6772 0.6556
vn 0.9754 -0.0382 -0.2173
vn -0.0163 -0.9997 -0.0205
vn -0.1847 0.9729 0.1392
vn -0.6593 -0.4161 0.6263
vn 0.8981 -0.1196 0.4232
vn -0.1082 -0.5202 -0.8472
vn 0.4168 -0.6887 -0.5932
vn -0.8341 0.0549 -0.5488
vn -0.8327 0.0544 -0.5510
vn -0.0190 -0.8690 -0.4945
vn -0.8678 -0.3383 0.3639
vn -0.8447 -0.5290 -0.0820
vn 0.0358 -0.9993 -0.0068
vn 0.3357 -0.9330 -0.1296
vn 0.5954 -0.6836 -0.4221
vn 0.0477 -0.1253 0.9910
vn -0.2407 0.3623 0.9004
vn 0.9538 -0.2070 0.2180
vn 0.9511 -0.2147 0.2223
vn -0.5401 -0.7606 0.3604
vn 0.5078 -0.5000 0.7016
vn 0.8248 0.4204 -0.3781
vn -0.3874 0.3659 0.8462
vn 0.1426 -0.9896 -0.0191
vn -0.8132 -0.5652 0.1391
vn -0.3906 0.3637 0.8457
vn -0.8128 -0.5667 0.1352
vn -0.8087 0.0740 -0.5835
vn -0.7604 -0.4355 0.4818
vn 0.1396 -0.9900 -0.0187
vn 0.1530 -0.9881 -0.0177
vn 0.3998 0.7288 -0.5559
vn 0.1873 0.5287 0.8279
vn -0.1873 -0.5287 -0.8279
vn 0.8973 -0.4351 0.0748
vn -0.8973 0.4351 -0.0748
vn -0.3105 -0.1689 0.9354
vn -0.2190 0.4288 0.8765
vn -0.2168 0.4402 0.8713
vn -0.2274 -0.5135 0.8274
vn -0.2264 -0.5152 0.8266
vn -0.0101 0.6492 0.7606
vn -0.2260 -0.5166 0.8258
vn -0.3096 -0.8929 0.3268
vn -0.3092 -0.8926 0.3280
vn -0.0082 0.6516 0.7585
vn 0.6269 -0.6916 -0.3587
vn 0.6261 -0.6916 -0.3601
vn 0.6243 -0.6923 -0.3618
vn -0.6542 0.0022 -0.7563
vn 0.6205 -0.6942 -0.3647
vn -0.6532 -0.0009 -0.7572
vn 0.0976 -0.7691 -0.6317
vn 0.8388 -0.2563 0.4804
vn 0.4190 0.8672 -0.2689
vn 0.5985 0.7774 0.1936
vn -0.3561 0.7896 -0.4998
vn -0.3569 0.7900 -0.4985
vn -0.3741 -0.3509 0.8584
vn -0.3769 -0.3486 0.8581
vn 0.1324 0.0849 0.9876
vn 0.1228 -0.6163 0.7779
vn 0.6933 -0.1773 -0.6985
vn -0.1044 -0.9061 -0.4100
vn -0.2743 -0.0330 -0.9611
vn -0.9703 -0.1703 0.1716
vn -0.1123 -0.9034 -0.4138
vn -0.5938 -0.5793 -0.5584
vn 0.4843 -0.7849 0.3865
vn -0.5949 -0.5777 -0.5589
vn -0.2867 -0.0497 -0.9567
vn 0.8852 0.2720 -0.3775
vn 0.1230 -0.6169 0.7773
vn 0.0896 0.5831 -0.8075
vn 0.0979 0.5903 -0.8013
vn 0.5552 0.6233 0.5507
vn 0.0871 0.5817 -0.8087
vn 0.1361 -0.9794 -0.1494
vn 0.8582 -0.5095 -0.0631
vn 0.8640 -0.5000 -0.0601
vn -0.6499 0.1540 0.7442
vn 0.2706 0.3048 -0.9132
vn 0.2686 0.3066 -0.9131
vn 0.9215 0.0333 -0.3869
vn 0.9201 0.0311 -0.3904
vn 0.2593 0.3097 -0.9148
vn 0.1151 0.4204 -0.9000
vn 0.0032 -1.0000 -0.0015
vn -0.7162 -0.6516 -0.2500
vn -0.1995 -0.8066 0.5565
vn -0.7130 -0.6558 -0.2481
vn 0.0030 0.8330 0.5533
vn 0.2692 0.3057 -0.9133
vn 0.3095 0.1263 0.9425
vn 0.3110 0.1248 0.9422
vn 0.7661 -0.1724 0.6192
vn -0.6521 0.1985 -0.7317
vn -0.5940 -0.8044 0.0018
vn -0.5930 -0.8052 0.0021
vn -0.5915 -0.8063 0.0019
vn 0.8817 0.3815 -0.2775
vn 0.3934 0.3532 -0.8488
vn 0.5868 -0.8094 0.0229
vn 0.8828 0.3798 -0.2765
vn 0.8823 0.3805 -0.2770
vn 0.4270 -0.5062 -0.7492
vn 0.4239 -0.5162 -0.7443
vn 0.4255 -0.5200 -0.7406
vn -0.9196 0.3673 0.1396
vn 0.8371 -0.2417 0.4907
vn 0.8377 -0.2401 0.4904
vn -0.2070 0.9365 0.2831
vn 0.3575 0.6176 -0.7005
vn 0.3576 0.6188 -0.6995
vn -0.3657 -0.9022 -0.2287
vn -0.0120 -0.9996 -0.0265
vn -0.8843 -0.1340 0.4474
vn -0.8839 -0.1354 0.4477
vn 0.6803 0.5157 0.5208
vn 0.2444 0.7228 -0.6465
vn 0.6811 0.5166 0.5189
vn 0.6807 0.5162 0.5197
vn -0.0167 -0.9996 -0.0238
vn 0.4475 -0.4845 0.7517
vn -0.1760 -0.9376 -0.2997
vn -0.1790 -0.9376 -0.2980
vn 0.4507 -0.4880 0.7475
vn 0.6308 -0.6281 0.4556
vn 0.2648 -0.8831 -0.3874
vn 0.2537 -0.8784 -0.4050
vn 0.2446 -0.8820 -0.4029
vn 0.3192 0.9175 -0.2375
vn -0.3121 0.4341 -0.8451
vn -0.6453 0.7082 -0.2865
vn 0.0335 0.3332 -0.9423
vn -0.2981 -0.8173 0.4931
vn 0.3111 0.9048 0.2909
vn 0.3105 0.9057 0.2885
vn 0.0119 0.7151 -0.6989
vn 0.3934 0.5566 0.7317
vn 0.3910 0.6078 0.6911
vn 0.3125 0.9029 0.2951
vn 0.0144 0.7189 -0.6950
vn -0.8580 0.3047 0.4135
vn -0.8569 0.3078 0.4135
vn -0.5139 0.8221 0.2451
vn -0.0104 -0.9997 -0.0199
vn 0.3584 0.1482 -0.9217
vn -0.8113 -0.4953 -0.3106
vn -0.9360 -0.0067 0.3520
vn -0.4432 0.8512 0.2813
vn 0.3598 0.1463 -0.9215
vn 0.0242 -0.9996 -0.0167
vn 0.0223 -0.9996 -0.0159
vn 0.9427 0.1764 0.2831
vn 0.1535 -0.1476 0.9771
vn 0.0070 -0.7110 0.7031
vn 0.1579 0.9691 -0.1897
vn 0.7734 -0.1453 0.6171
vn -0.3760 -0.5622 -0.7366
vn -0.8672 0.2673 0.4201
vn -0.8668 0.2686 0.4202
vn -0.0401 0.7291 0.6832
vn -0.0374 0.7277 0.6849
vn -0.5435 0.7999 0.2544
vn -0.5450 0.7991 0.2537
vn 0.0292 -0.9992 -0.0272
vn 0.0317 0.9279 -0.3715
vn 0.3336 0.1262 0.9342
vn 0.2919 -0.7508 0.5925
vn 0.2906 -0.7561 0.5865
vn 0.2886 -0.7613 0.5806
vn 0.0112 -0.9997 -0.0204
vn 0.0077 -0.9995 -0.0306
vn -0.3411 -0.9100 -0.2355
vn -0.3469 -0.9074 -0.2374
vn -0.6019 0.6648 0.4425
vn -0.5975 0.6689 0.4422
vn -0.5908 0.6757 0.4409
vn -0.0107 0.9940 -0.1086
vn 0.8432 0.0930 -0.5296
vn -0.3631 0.4070 -0.8382
vn 0.0062 0.4476 -0.8942
vn 0.0034 0.4456 -0.8952
vn 0.5318 0.6512 -0.5414
vn 0.5333 0.6507 -0.5405
vn -0.0309 -0.9276 0.3724
vn 0.5594 -0.3308 -0.7601
vn 0.6283 0.7134 -0.3103
vn 0.0439 -0.9987 -0.0270
vn 0.0422 -0.9988 -0.0265
vn -0.5466 0.8052 -0.2298
vn 0.4987 0.8083 0.3129
vn -0.3131 0.2112 0.9259
vn 0.4838 -0.2812 -0.8288
vn 0.4890 -0.2809 -0.8258
vn -0.8281 0.0339 0.5596
vn 0.4582 -0.8516 0.2547
vn -0.7998 0.4001 -0.4474
vn 0.0728 0.9945 0.0746
vn 0.2759 -0.7239 -0.6323
vn -0.1681 -0.7447 0.6459
vn 0.0865 0.9378 0.3362
vn 0.0844 0.9370 0.3389
vn 0.3781 0.8916 -0.2490
vn -0.7231 -0.6676 -0.1772
vn 0.1511 -0.7827 0.6037
vn -0.0363 0.9571 -0.2874
vn -0.4162 0.8115 -0.4102
vn 0.8549 0.5140 -0.0702
vn 0.8563 0.5119 -0.0678
vn -0.6208 -0.3257 0.7131
vn -0.0079 -0.9994 -0.0337
vn -0.0936 -0.5614 0.8223
vn 0.3089 0.3698 -0.8763
vn -0.1411 -0.9121 0.3850
vn -0.1403 -0.9116 0.3865
vn -0.0139 -0.4192 0.9078
vn 0.5172 -0.5536 0.6527
vn 0.5208 -0.5535 0.6499
vn 0.4981 -0.8661 0.0421
vn -0.1022 -0.7892 -0.6055
vn -0.1021 -0.7899 -0.6046
vn -0.1393 -0.9118 0.3863
vn 0.4952 -0.8679 0.0383
vn -0.6964 0.7171 0.0281
vn -0.6914 0.7218 0.0295
vn 0.6900 0.7158 0.1070
vn -0.6954 0.7181 0.0291
vn 0.6913 0.7146 0.1073
vn -0.1918 -0.9075 -0.3737
vn 0.4973 -0.8667 0.0406
vn 0.5084 0.2387 -0.8274
vn -0.2988 -0.8119 0.5015
vn -0.2996 -0.8127 0.4998
vn 0.3993 0.3753 -0.8365
vn 0.1923 0.9043 -0.3811
vn 0.4881 -0.0291 0.8723
vn 0.1039 0.9056 0.4111
vn 0.1751 0.6945 -0.6979
vn -0.5943 0.2695 -0.7577
vn -0.0022 -1.0000 0.0073
vn -0.5965 0.2670 -0.7569
vn 0.5573 0.7090 0.4321
vn -0.5409 -0.6232 0.5648
vn -0.9542 -0.1347 0.2671
vn -0.9536 -0.1415 0.2658
vn -0.2557 -0.8470 0.4660
vn -0.2570 -0.8451 0.4687
vn 0.0772 -0.9929 -0.0909
vn -0.9543 -0.1361 0.2662
vn 0.4452 0.3307 -0.8321
vn -0.1495 0.1318 -0.9799
vn -0.4801 0.2115 0.8513
vn -0.4788 0.2122 0.8519
vn 0.7595 -0.2429 0.6034
vn -0.1484 0.1301 -0.9803
vn 0.7594 -0.2441 0.6031
vn -0.0195 -0.9998 -0.0055
vn -0.0196 -0.9998 -0.0044
vn -0.6608 0.5278 -0.5337
vn -0.6560 0.5328 -0.5346
vn 0.6860 0.6883 -0.2358
vn -0.6600 0.5292 -0.5333
vn 0.9576 0.2650 -0.1131
vn -0.6678 0.2353 0.7062
vn -0.6686 0.2346 0.7056
vn -0.7690 0.2298 -0.5965
vn -0.7690 0.2311 -0.5960
vn 0.0112 -0.9996 -0.0263
vn 0.0111 -0.9996 -0.0251
vn 0.4656 -0.6228 0.6288
vn 0.6640 0.7138 -0.2227
vn 0.6651 0.7132 -0.2215
vn -0.1249 -0.9694 0.2111
vn 0.4670 -0.6201 0.6304
vn 0.0143 0.8091 0.5875
vn 0.0145 0.8074 0.5898
vn -0.8453 0.4493 0.2890
vn -0.6727 -0.6880 -0.2724
vn -0.8456 0.4515 0.2848
vn -0.2508 0.7701 -0.5865
vn 0.6461 0.4950 -0.5810
vn 0.0035 -0.9999 0.0158
vn 0.0022 -0.9999 0.0153
vn 0.4594 -0.4002 0.7929
vn -0.6586 -0.4495 0.6034
vn -0.2482 0.7731 -0.5837
vn -0.7852 0.3751 0.4927
vn 0.3412 0.0996 0.9347
vn 0.3433 0.0970 0.9342
vn -0.6731 0.1772 -0.7180
vn -0.6734 0.1785 -0.7174
vn -0.6733 0.1814 -0.7167
vn -0.3209 0.9089 0.2662
vn -0.7863 0.3742 0.4916
vn -0.0087 -0.9992 -0.0386
vn 0.0298 -0.9406 0.3383
vn -0.0407 0.5621 -0.8261
vn 0.9470 -0.2418 -0.2117
vn -0.3188 0.9086 0.2698
vn 0.9535 -0.2833 -0.1026
vn 0.9533 -0.2835 -0.1037
vn -0.0062 -0.9999 0.0103
vn 0.5502 -0.4964 -0.6715
vn 0.5446 0.6614 0.5158
vn -0.0528 0.9783 -0.2004
vn -0.0520 0.9784 -0.1999
vn -0.2589 -0.1324 0.9568
vn -0.4118 0.7146 -0.5655
vn -0.8475 -0.5284 -0.0507
vn -0.0021 -0.9999 0.0124
vn 0.3602 0.6058 0.7094
vn 0.5077 0.8615 -0.0102
vn 0.7466 0.2712 0.6075
vn -0.2853 0.5334 -0.7963
vn 0.3601 0.6072 0.7083
vn -0.5752 0.7776 0.2539
vn 0.0218 -0.9989 -0.0412
vn 0.8237 -0.4862 -0.2916
vn -0.0835 -0.4395 -0.8944
vn -0.0824 -0.4389 -0.8948
vn -0.9383 -0.2218 -0.2654
vn -0.2281 -0.3083 0.9235
vn -0.9380 -0.2210 -0.2669
vn -0.5769 -0.2299 0.7838
vn -0.5856 -0.2311 0.7769
vn -0.9384 -0.2210 -0.2658
vn 0.5079 0.8614 -0.0114
vn 0.0980 -0.9952 -0.0023
vn -0.7624 -0.5782 -0.2905
vn -0.8853 -0.4616 0.0571
vn 0.0179 -0.9998 0.0029
vn 0.3702 0.8315 0.4143
vn 0.6414 0.2741 -0.7166
vn 0.6469 0.5287 -0.5496
vn -0.8339 -0.2649 0.4842
vn -0.8345 -0.2648 0.4832
vn -0.5123 -0.4512 0.7307
vn -0.6670 0.0821 0.7405
vn -0.6674 0.0833 0.7400
vn 0.5578 0.4373 0.7054
vn 0.5568 0.4370 0.7064
vn 0.3453 -0.8133 -0.4683
vn -0.1593 0.0302 -0.9868
vn -0.1540 0.0203 -0.9879
vn 0.3449 -0.8128 -0.4695
vn 0.4421 0.8665 -0.2317
vn -0.8293 0.4049 0.3850
vn 0.9235 0.2096 -0.3212
vn 0.6682 -0.0843 -0.7392
vn 0.9231 0.2093 -0.3225
vn 0.2176 -0.4637 -0.8589
vn 0.6671 -0.0825 -0.7404
vn 0.5567 0.1875 -0.8093
vn 0.7672 -0.5663 0.3011
vn -0.3207 -0.7954 0.5142
vn -0.8590 0.0141 -0.5118
vn -0.3992 0.6074 0.6868
vn 0.5548 0.1926 -0.8094
vn -0.3341 0.7629 0.5535
vn -0.1338 0.1013 -0.9858
vn 0.1240 0.5699 -0.8123
vn -0.1333 0.0981 -0.9862
vn 0.3248 0.3270 -0.8874
vn 0.9536 0.3011 -0.0066
vn 0.3279 0.3310 -0.8849
vn -0.7455 0.1605 0.6469
vn 0.0301 -0.9984 -0.0477
vn 0.0242 -0.9985 -0.0484
vn -0.0035 0.9719 0.2355
vn 0.9140 0.3325 -0.2326
vn 0.6878 -0.1414 -0.7120
vn 0.4208 -0.8844 0.2021
vn -0.5563 0.7808 -0.2843
vn 0.4210 -0.8837 0.2045
vn 0.2486 -0.1019 0.9632
vn -0.5556 0.7797 -0.2887
vn 0.0945 -0.9754 0.1990
vn 0.0982 -0.9758 0.1956
vn 0.1006 -0.9757 0.1949
vn -0.0075 -0.5734 -0.8193
vn 0.4254 -0.8931 -0.1462
vn 0.4062 -0.9063 -0.1167
vn -0.0914 -0.8964 -0.4337
vn -0.0941 -0.8956 -0.4348
vn -0.7109 0.1471 0.6877
vn -0.7122 0.1490 0.6859
vn -0.5019 -0.2899 0.8149
vn -0.8345 -0.0855 -0.5443
vn 0.2687 0.8938 0.3590
vn -0.0181 -0.5685 -0.8225
vn -0.3286 -0.3279 0.8857
vn -0.3361 -0.2569 0.9061
vn -0.7645 -0.4874 0.4220
vn 0.7551 0.0824 0.6504
vn -0.5300 0.8377 -0.1317
vn -0.4987 0.8561 -0.1354
vn 0.0389 -0.9984 -0.0401
vn 0.0408 -0.9983 -0.0423
vn 0.6310 -0.3371 -0.6988
vn -0.0127 0.9735 0.2285
vn 0.8270 0.4683 -0.3111
vn -0.0087 -0.0906 0.9958
vn 0.8243 0.4715 -0.3134
vn 0.4035 0.8408 -0.3610
vn -0.0087 -0.0659 0.9978
vn 0.1892 0.7554 -0.6274
vn 0.1896 0.7566 -0.6258
vn -0.8160 0.1840 0.5480
vn -0.8154 0.1852 0.5485
vn 0.0218 -0.9992 -0.0337
vn 0.0162 -0.9992 -0.0356
vn -0.6279 0.0601 -0.7760
vn -0.0223 0.9743 0.2239
vn 0.0664 0.6524 0.7550
vn -0.7766 -0.2741 -0.5672
vn 0.0536 0.6493 0.7586
vn 0.0622 0.6509 0.7566
vn -0.4462 -0.8582 -0.2537
vn -0.4454 -0.8594 -0.2511
vn -0.4424 -0.8588 -0.2583
vn 0.8910 -0.3095 -0.3322
vn 0.0330 -0.6855 0.7274
vn 0.2840 0.9396 0.1912
vn -0.7736 -0.2805 -0.5682
vn 0.6043 -0.7772 0.1752
vn 0.0058 -1.0000 0.0012
vn 0.0045 -1.0000 0.0015
vn 0.0014 -1.0000 -0.0009
vn -0.2157 -0.3241 -0.9211
vn -0.2205 -0.3233 -0.9203
vn 0.0173 0.0745 0.9971
vn -0.9388 -0.1781 -0.2949
vn -0.1210 0.9719 -0.2020
vn 0.8953 0.3121 -0.3177
vn 0.1804 -0.0785 -0.9805
vn 0.2539 0.3989 0.8812
vn 0.7200 -0.0108 0.6939
vn 0.9812 -0.1221 0.1496
vn -0.0066 -0.9997 0.0221
vn 0.2108 0.7966 -0.5666
vn -0.9976 -0.0584 0.0373
vn 0.6971 -0.0087 0.7169
vn -0.4699 0.6737 0.5704
vn -0.4710 0.6732 0.5701
vn -0.4725 0.6705 0.5720
vn -0.4618 -0.1507 0.8741
vn -0.4748 -0.1524 0.8668
vn 0.5815 -0.1873 -0.7917
vn -0.4970 0.0101 -0.8677
vn -0.7159 -0.0577 0.6958
vn -0.4962 0.0078 -0.8682
vn -0.7156 -0.0594 0.6960
vn 0.5722 -0.1854 -0.7989
vn 0.5796 -0.1858 -0.7934
vn -0.4902 0.0060 -0.8716
vn -0.0276 -0.9992 0.0304
vn -0.0252 -0.9991 0.0332
vn 0.3579 0.7857 -0.5045
vn 0.6966 -0.3154 0.6444
vn -0.9762 -0.0454 -0.2122
vn -0.7309 0.0075 0.6824
vn -0.7308 0.0063 0.6825
vn -0.2596 -0.9617 0.0882
vn -0.7387 -0.0440 0.6726
vn 0.7815 -0.0322 0.6231
vn 0.7811 -0.0286 0.6238
vn -0.2683 0.0117 -0.9633
vn 0.2124 0.9337 0.2881
vn 0.8169 -0.2076 -0.5382
vn 0.8103 -0.2220 -0.5423
vn 0.0772 -0.7981 -0.5976
vn 0.0763 -0.7973 -0.5988
vn -0.0938 -0.7552 0.6487
vn -0.1073 -0.7576 0.6438
vn -0.1079 -0.7580 0.6433
vn 0.3463 0.7214 0.5997
vn 0.3442 0.7238 0.5980
vn -0.3478 0.8779 -0.3292
vn -0.9375 -0.3203 0.1362
vn -0.5645 0.8050 -0.1824
vn -0.5684 0.7999 -0.1925
vn -0.9827 0.1090 -0.1499
vn -0.9848 0.0937 -0.1464
vn -0.4795 -0.1969 -0.8552
vn -0.0039 -0.9999 0.0121
vn -0.0027 -1.0000 0.0092
vn 0.0732 -0.3278 -0.9419
vn 0.8776 0.4698 -0.0953
vn 0.4234 -0.0558 0.9042
vn -0.4727 -0.2085 -0.8562
vn -0.5411 0.8034 0.2485
vn -0.5424 0.8031 0.2465
vn 0.1554 -0.6208 0.7684
vn 0.1568 -0.6191 0.7695
vn 0.0945 0.8204 0.5639
vn 0.0925 0.8244 0.5584
vn 0.0907 0.8266 0.5554
vn 0.0942 0.8291 0.5512
vn 0.9402 -0.1583 -0.3016
vn 0.9410 -0.1563 -0.3003
vn 0.9417 -0.1566 -0.2979
vn 0.9547 -0.1860 -0.2321
vn 0.8865 0.4603 -0.0466
vn 0.9423 -0.1493 -0.2998
vn 0.1230 0.5904 -0.7977
vn -0.0599 -0.1035 -0.9928
vn 0.1198 0.5900 -0.7984
vn -0.3555 0.1794 0.9173
vn -0.0874 -0.9904 -0.1073
vn -0.3564 0.1785 0.9171
vn -0.6368 -0.3859 0.6675
vn -0.9827 0.1140 0.1458
vn -0.0831 -0.9904 -0.1109
vn 0.4003 -0.8628 0.3087
vn 0.4242 -0.8682 0.2572
vn 0.5670 -0.3362 -0.7520
vn 0.5630 -0.3202 -0.7619
vn 0.5634 -0.3173 -0.7629
vn -0.9061 -0.4070 0.1155
vn 0.2522 -0.9023 -0.3497
vn 0.3309 -0.8541 -0.4013
vn 0.4287 -0.7902 -0.4379
vn 0.0564 -0.9785 -0.1982
vn 0.3188 -0.8575 -0.4038
vn 0.5231 -0.4537 -0.7215
vn -0.9072 -0.4046 0.1155
vn 0.3308 0.1815 -0.9261
vn 0.3285 0.1821 -0.9268
vn -0.4337 0.1869 -0.8815
vn -0.4365 0.1856 -0.8804
vn -0.0017 0.5009 0.8655
vn -0.0017 0.4997 0.8662
vn -0.0022 0.4986 0.8668
vn 0.0112 -0.9885 -0.1510
vn 0.9276 -0.3262 0.1822
vn 0.9318 -0.3155 0.1793
vn 0.9283 -0.3241 0.1822
vn -0.0985 0.3947 -0.9135
vn -0.4460 0.8481 -0.2859
vn 0.1884 -0.5709 -0.7991
vn -0.4421 0.8499 -0.2868
vn -0.4392 0.8340 -0.3339
vn -0.4437 0.8490 -0.2870
vn 0.0199 -0.9995 -0.0262
vn 0.0175 -0.9995 -0.0271
vn -0.6798 -0.7166 -0.1563
vn -0.6822 -0.7144 -0.1556
vn 0.2187 0.2967 0.9296
vn 0.1899 -0.5722 -0.7978
vn 0.9934 -0.0140 -0.1139
vn -0.1907 0.4658 -0.8641
vn -0.1930 0.4660 -0.8635
vn 0.9931 -0.0242 -0.1151
vn 0.0241 -0.9996 -0.0152
vn 0.0297 -0.9994 -0.0168
vn 0.3327 -0.3433 -0.8784
vn 0.9882 -0.0795 -0.1310
vn 0.0231 -0.9996 -0.0181
vn 0.3394 -0.3611 -0.8686
vn 0.0372 -0.9991 -0.0206
vn 0.7700 -0.5999 -0.2171
vn -0.3375 0.9385 -0.0723
vn -0.3364 0.9389 -0.0723
vn -0.1767 -0.3289 0.9277
vn 0.0262 -0.9995 -0.0156
vn 0.2537 -0.8767 -0.4087
vn -0.0263 -0.3599 -0.9326
vn 0.0052 -0.9996 -0.0280
vn 0.0216 -0.9996 -0.0189
vn -0.0325 -0.3429 -0.9388
vn -0.5596 -0.7233 -0.4045
vn 0.3501 -0.9367 0.0013
vn 0.2223 0.8423 -0.4910
vn -0.1313 0.2953 0.9463
vn 0.2215 0.8430 -0.4902
vn -0.1500 0.9870 0.0582
vn -0.1297 0.2902 0.9481
vn -0.5609 -0.7255 -0.3988
vn -0.9853 0.1003 -0.1386
vn -0.9589 0.1421 -0.2457
vn -0.9583 0.1437 -0.2469
vn 0.0573 0.9704 -0.2347
vn 0.0543 0.9695 -0.2390
vn -0.7789 0.6181 0.1063
vn -0.9844 0.1123 -0.1351
vn -0.0706 0.9585 -0.2763
vn -0.9337 0.2252 -0.2784
vn 0.0443 0.9717 -0.2322
vn -0.7570 0.5103 -0.4080
vn -0.7760 0.6215 0.1070
vn 0.4773 -0.8773 0.0509
vn 0.4775 -0.8772 0.0498
vn 0.4785 -0.8768 0.0475
vn 0.5042 -0.5682 -0.6504
vn 0.1661 0.9211 0.3520
vn 0.1647 0.9214 0.3520
vn -0.9820 -0.1245 0.1420
vn -0.2938 0.5289 0.7962
vn -0.2928 0.5297 0.7961
vn -0.2919 0.5299 0.7962
vn 0.0305 0.6950 -0.7184
vn 0.0098 -0.9986 -0.0517
vn 0.0206 -0.9992 -0.0344
vn 0.0217 -0.9992 -0.0336
vn 0.4582 -0.7755 0.4343
vn 0.8555 -0.4796 -0.1953
vn 0.9701 0.0212 -0.2416
vn 0.1048 0.0873 -0.9906
vn 0.7239 0.6868 0.0652
vn 0.9705 0.0221 -0.2403
vn 0.7248 0.6857 0.0667
vn 0.0870 0.0993 -0.9912
vn -0.9781 0.1731 -0.1155
vn -0.9780 0.1723 -0.1174
vn 0.1013 0.0856 -0.9912
vn -0.7501 0.5100 -0.4211
vn -0.0226 -0.9996 0.0186
vn 0.0542 -0.3307 0.9422
vn -0.5985 -0.2781 -0.7513
vn -0.2564 0.9650 -0.0552
vn 0.1037 0.0870 -0.9908
vn -0.9329 0.1288 -0.3363
vn -0.9334 0.1289 -0.3348
vn -0.4854 0.2151 -0.8474
vn 0.1307 -0.4048 -0.9050
vn 0.1297 -0.4052 -0.9050
vn -0.1303 -0.7800 0.6120
vn 0.5337 0.5245 0.6633
vn 0.8743 0.4337 0.2179
vn -0.3673 0.5870 -0.7215
vn -0.0196 -0.9989 -0.0422
vn -0.6111 -0.0690 0.7885
vn 0.2041 0.9556 -0.2126
vn 0.8971 0.3711 0.2396
vn 0.5924 0.0886 0.8008
vn 0.8974 0.3690 0.2418
vn 0.8973 0.3703 0.2403
vn 0.0548 -0.8614 0.5050
vn 0.0570 -0.8606 0.5061
vn -0.2633 0.9533 0.1480
vn 0.2301 0.5518 -0.8016
vn -0.8330 -0.0247 0.5527
vn -0.0151 -0.9800 -0.1983
vn -0.5673 -0.5569 0.6067
vn -0.6370 -0.2507 0.7289
vn -0.5677 -0.5577 0.6056
vn 0.0035 -0.4025 0.9154
vn -0.0852 -0.4310 0.8983
vn -0.0393 -0.9991 0.0183
vn 0.0051 -0.4044 0.9146
vn -0.5159 -0.2961 -0.8039
vn -0.0402 -0.9991 0.0144
vn -0.0389 -0.9991 0.0171
vn -0.0416 -0.9991 0.0108
vn -0.1673 -0.6437 -0.7468
vn -0.5156 -0.2969 -0.8038
vn 0.9885 -0.1480 -0.0313
vn 0.9886 -0.1471 -0.0309
vn 0.3537 0.6331 -0.6885
vn -0.1394 0.6669 0.7320
vn -0.9570 0.1463 -0.2506
vn -0.8327 -0.2038 0.5148
vn 0.3472 0.9306 0.1158
vn -0.3206 -0.3641 -0.8745
vn -0.0069 -0.9993 -0.0359
vn -0.9028 0.3905 -0.1804
vn -0.9024 0.3937 -0.1753
vn -0.4035 0.3056 0.8624
vn -0.4045 0.3072 0.8614
vn 0.2691 0.9181 0.2910
vn 0.8214 0.4055 0.4012
vn 0.8207 0.4064 0.4017
vn 0.8164 0.4079 0.4087
vn 0.2794 0.2610 -0.9240
vn -0.7147 0.5460 -0.4372
vn 0.2798 0.2601 -0.9241
vn 0.0073 -1.0000 0.0004
vn 0.1374 0.0332 0.9900
vn 0.1384 0.0306 0.9899
vn 0.7967 -0.5099 -0.3245
vn 0.7968 -0.5092 -0.3254
vn 0.1370 0.0357 0.9899
vn 0.0271 -0.9986 0.0443
vn 0.0293 -0.9986 0.0448
vn 0.0304 -0.9986 0.0437
vn 0.3715 -0.3790 -0.8476
vn 0.3704 -0.3775 -0.8487
vn -0.4557 -0.8830 -0.1129
vn -0.8464 0.0328 -0.5316
vn -0.8481 0.0325 -0.5289
vn 0.0362 -0.2666 0.9631
vn 0.3086 0.9063 0.2887
vn -0.3545 0.9293 0.1036
vn -0.3515 0.9296 0.1112
vn 0.6025 0.7774 -0.1809
vn 0.7400 0.6630 0.1131
vn 0.6237 0.7649 -0.1612
vn 0.0333 0.5302 0.8472
vn 0.0320 0.5305 0.8471
vn 0.0221 0.5514 0.8340
vn 0.0675 0.5328 0.8436
vn 0.2257 0.5443 0.8079
vn 0.2450 0.5558 0.7944
vn 0.1311 -0.1614 0.9781
vn 0.1328 -0.1601 0.9781
vn 0.7102 0.2250 0.6670
vn 0.7083 0.2249 0.6692
vn -0.6001 -0.4078 -0.6882
vn 0.0871 -0.9876 -0.1309
vn -0.8435 -0.1430 0.5178
vn 0.6125 0.7687 -0.1844
vn 0.1683 0.0364 0.9851
vn 0.7189 0.3946 -0.5722
vn 0.7184 0.3964 -0.5716
vn 0.4670 0.3324 -0.8194
vn 0.7526 -0.1072 -0.6497
vn 0.4323 0.3261 -0.8407
vn -0.5325 -0.7303 0.4278
vn 0.4301 0.3206 -0.8439
vn -0.9178 -0.2142 0.3342
vn -0.9172 -0.2161 0.3346
vn -0.4796 -0.8325 0.2772
vn 0.1668 0.0386 0.9852
vn -0.4709 0.7603 0.4475
vn 0.2103 0.2204 0.9525
vn -0.0105 -0.9996 -0.0271
vn 0.9213 -0.2646 -0.2849
vn 0.0110 -0.9716 -0.2364
vn 0.0032 -0.9720 -0.2348
vn -0.2600 -0.8483 0.4613
vn -0.2663 -0.8375 0.4771
vn -0.0118 0.9965 0.0832
vn 0.1365 0.4347 0.8902
vn -0.9876 0.1551 0.0225
vn -0.0269 0.3476 0.9373
vn 0.0103 -0.9999 -0.0005
vn 0.0111 -0.9999 0.0007
vn -0.4654 -0.8111 -0.3543
vn 0.3021 -0.8418 0.4474
vn 0.3006 -0.8384 0.4546
vn -0.6546 0.3412 -0.6746
vn -0.9492 0.1762 0.2606
vn 0.0534 0.9885 0.1412
vn 0.0525 0.9882 0.1440
vn -0.0183 -0.0510 -0.9985
vn 0.9414 -0.3176 0.1138
vn -0.2391 0.1259 0.9628
vn -0.2436 0.3017 0.9218
vn 0.2566 0.8990 -0.3550
vn 0.2578 0.8983 -0.3559
vn -0.8660 0.2781 -0.4156
vn 0.8783 -0.3269 0.3490
vn 0.8833 -0.3539 0.3075
vn 0.8830 -0.3557 0.3063
vn -0.4970 -0.2807 0.8211
vn -0.0001 -0.9575 0.2884
vn -0.6571 0.1594 -0.7368
vn -0.6549 0.1597 -0.7387
vn -0.9242 -0.0635 -0.3765
vn 0.3321 -0.6205 -0.7104
vn -0.0923 -0.9881 0.1233
vn -0.1005 0.5695 0.8158
vn 0.5245 -0.7024 0.4812
vn -0.0727 -0.9586 0.2752
vn -0.6919 0.3269 -0.6438
vn 0.5221 -0.6983 0.4897
vn -0.5280 -0.3145 0.7889
vn -0.5754 -0.1470 0.8045
vn -0.5758 -0.1296 0.8073
vn -0.4640 0.7947 0.3914
vn 0.5185 -0.6920 0.5023
vn -0.5774 -0.1206 0.8075
vn -0.6930 0.3300 -0.6410
vn -0.0758 -0.9583 0.2756
vn -0.5874 0.4321 -0.6843
vn -0.9561 -0.2778 -0.0934
vn 0.2080 0.4779 -0.8534
vn 0.2068 0.4773 -0.8541
vn 0.6131 -0.6425 -0.4598
vn 0.6140 -0.6434 -0.4572
vn 0.2060 0.4764 -0.8547
vn 0.2786 -0.5156 -0.8103
vn 0.9383 -0.0339 0.3442
vn -0.8829 -0.4466 -0.1447
vn -0.4660 0.7931 0.3923
vn -0.7957 0.0845 -0.5998
vn -0.7958 0.0796 -0.6003
vn -0.7968 0.0707 -0.6001
vn 0.1576 -0.9673 0.1990
vn 0.1603 -0.9675 0.1957
vn 0.1591 -0.9679 0.1945
vn -0.3489 -0.6921 -0.6319
vn -0.3512 -0.6868 -0.6364
vn -0.7708 -0.2965 -0.5639
vn -0.7777 -0.2683 -0.5685
vn -0.7798 -0.2558 -0.5713
vn 0.8845 0.4147 0.2138
vn 0.8836 0.4166 0.2140
vn -0.1040 0.1146 0.9880
vn 0.3437 0.9346 0.0914
vn 0.9820 -0.0413 0.1844
vn -0.2702 0.4810 0.8341
vn -0.7809 0.0772 0.6198
vn -0.2676 0.4847 0.8327
vn 0.4939 0.4075 0.7681
vn 0.4946 0.4094 0.7667
vn 0.1206 0.7765 -0.6184
vn 0.1167 0.7738 -0.6226
vn -0.0270 -0.9996 0.0021
vn -0.0299 -0.9991 -0.0303
vn -0.0300 -0.9992 -0.0253
vn -0.0357 -0.9992 -0.0169
vn 0.1945 -0.7905 -0.5808
vn 0.8053 -0.5927 0.0094
vn 0.8020 -0.5970 0.0174
vn 0.2032 -0.7883 -0.5808
vn -0.0866 0.0943 0.9918
vn -0.0877 0.0986 0.9913
vn -0.0901 0.0992 0.9910
vn -0.2064 0.5807 -0.7875
vn -0.2044 0.5821 -0.7870
vn 0.8813 0.4245 0.2078
vn 0.8824 0.4200 0.2121
vn -0.8004 -0.3975 0.4488
vn -0.2194 0.9589 0.1799
vn -0.2216 0.9582 0.1808
vn -0.2236 0.9573 0.1833
vn -0.6845 0.7241 0.0846
vn -0.6848 0.7245 0.0787
vn -0.2153 0.8504 -0.4800
vn 0.3382 -0.7723 -0.5377
vn -0.4804 -0.2985 0.8247
vn 0.3168 0.8178 0.4805
vn -0.2104 0.8532 -0.4772
vn -0.8661 -0.3904 0.3122
vn -0.5081 0.8115 0.2886
vn -0.6474 -0.0359 -0.7613
vn -0.6461 -0.0444 -0.7620
vn -0.6466 -0.0509 -0.7611
vn -0.8637 -0.3981 0.3092
vn 0.0880 0.9850 -0.1484
vn -0.6102 0.0496 0.7907
vn -0.6519 0.3742 -0.6596
vn 0.0073 -0.9999 0.0147
vn 0.9750 0.0103 0.2218
vn -0.4887 0.8296 0.2702
vn 0.0441 -0.0167 -0.9989
vn 0.7629 0.0823 0.6413
vn -0.0081 -0.9999 -0.0127
vn -0.7569 -0.0777 0.6489
vn -0.6176 0.7862 -0.0226
vn 0.6693 0.5415 0.5087
vn 0.8572 -0.3641 -0.3642
vn 0.3010 0.8538 -0.4247
vn -0.8799 0.1224 -0.4591
vn -0.8788 0.1222 -0.4614
vn 0.5060 -0.2582 -0.8230
vn 0.5111 -0.2596 -0.8194
vn -0.3323 -0.7880 0.5182
vn 0.0195 0.9203 -0.3906
vn -0.0874 0.9674 0.2378
vn -0.9621 0.2442 -0.1210
vn -0.9620 0.2442 -0.1220
vn -0.6885 0.3932 0.6094
vn 0.6957 -0.1074 0.7102
vn 0.3287 -0.3150 0.8904
vn 0.6938 -0.1090 0.7118
vn 0.7036 0.2317 -0.6717
vn -0.0817 -0.9411 -0.3281
vn -0.4004 -0.0758 -0.9132
vn 0.3297 -0.3143 0.8902
vn -0.0877 0.9666 0.2407
vn -0.1551 0.9367 0.3138
vn -0.4286 0.4488 -0.7842
vn 0.8491 0.5255 0.0533
vn 0.8488 0.5259 0.0546
vn 0.6309 0.2779 -0.7244
vn 0.6305 0.2769 -0.7251
vn 0.0808 -0.9966 0.0141
vn 0.0787 -0.9968 0.0120
vn -0.2856 -0.9477 -0.1421
vn -0.9518 0.3041 0.0402
vn -0.1047 -0.2284 0.9679
vn -0.2849 -0.9478 -0.1430
vn -0.1544 0.9376 0.3116
vn 0.9873 -0.1507 -0.0508
vn 0.2525 0.5720 0.7805
vn 0.9882 -0.1472 -0.0418
vn -0.5036 -0.4894 0.7120
vn -0.5025 -0.4864 0.7148
vn -0.5031 -0.4884 0.7130
vn 0.0295 -0.9994 0.0158
vn 0.2512 0.5732 0.7800
vn -0.3210 -0.1609 -0.9333
vn -0.4348 -0.2635 -0.8611
vn -0.3204 -0.1601 -0.9336
vn -0.4374 -0.2634 -0.8598
vn -0.8321 0.0690 -0.5503
vn -0.8321 0.0661 -0.5507
vn 0.5697 0.0773 0.8182
vn 0.6509 0.5659 -0.5060
vn -0.7140 -0.3707 -0.5939
vn 0.4122 -0.7303 0.5447
vn -0.0500 0.8051 -0.5910
vn -0.8893 0.2801 -0.3615
vn -0.2269 0.9333 0.2785
vn 0.0745 -0.2913 0.9537
vn -0.0152 -0.9992 0.0361
vn 0.9985 -0.0133 0.0533
vn -0.0514 0.8052 -0.5908
vn -0.7234 -0.5583 0.4063
vn -0.7215 -0.5607 0.4062
vn 0.0233 -0.9996 -0.0126
vn 0.0245 -0.9996 -0.0135
vn 0.0255 -0.9996 -0.0138
vn -0.1906 -0.3490 -0.9175
vn -0.1930 -0.3454 -0.9184
vn -0.5752 -0.7111 -0.4043
vn -0.5730 -0.7129 -0.4044
vn 0.0137 0.4335 0.9011
vn -0.1283 0.9914 -0.0272
vn 0.9917 0.1283 -0.0003
vn 0.6387 -0.2829 0.7156
vn 0.6396 -0.2833 0.7146
vn -0.0710 -0.9975 0.0063
vn -0.0765 -0.9969 0.0169
vn -0.0681 -0.9977 0.0058
vn 0.2919 -0.2730 -0.9166
vn 0.3950 -0.3807 -0.8361
vn 0.2912 -0.2726 -0.9170
vn -0.2166 0.5317 0.8188
vn -0.5582 0.6206 -0.5507
vn 0.8009 0.5763 -0.1624
vn 0.7137 -0.6922 0.1074
vn 0.1069 -0.7099 -0.6961
vn 0.0797 -0.0096 0.9968
vn 0.9579 0.1488 0.2457
vn 0.9589 0.1449 0.2438
vn 0.1107 -0.7136 -0.6917
vn 0.0760 -0.0129 0.9970
vn 0.5398 0.8404 -0.0487
vn -0.9802 0.1976 -0.0076
vn -0.9795 0.2006 -0.0162
vn -0.7545 0.3648 -0.5456
vn -0.7528 0.3647 -0.5480
vn -0.0102 -0.9733 0.2292
vn -0.1887 -0.4075 -0.8935
vn 0.0670 0.9974 0.0283
vn -0.4200 -0.9020 0.1003
vn 0.6974 -0.6804 -0.2252
vn 0.2983 0.4405 0.8467
vn 0.2903 0.4414 0.8491
vn 0.2499 0.3404 -0.9065
vn 0.2514 0.3376 -0.9071
vn 0.8633 0.5042 0.0229
vn -0.7777 0.5767 0.2503
vn -0.6634 0.2028 -0.7202
vn -0.7765 0.5816 0.2426
vn -0.5492 0.7911 -0.2695
vn -0.5483 0.7904 -0.2732
vn -0.4331 -0.9013 -0.0057
vn 0.3849 0.4162 -0.8238
vn 0.8708 0.1398 -0.4714
vn 0.7234 0.4386 0.5332
vn -0.7748 0.6127 -0.1559
vn -0.7658 0.0147 0.6429
vn -0.3809 -0.8652 -0.3262
vn 0.1107 0.3882 -0.9149
vn 0.0008 -0.9998 -0.0222
vn -0.4650 0.4697 0.7504
vn -0.9407 0.0735 0.3313
vn 0.5568 0.8302 -0.0274
vn 0.7283 0.1152 -0.6755
vn 0.7365 0.1091 -0.6676
vn -0.1102 0.2674 -0.9573
vn -0.1092 0.2702 -0.9566
vn 0.9142 0.0379 -0.4035
vn 0.9148 0.0373 -0.4022
vn -0.7705 0.4318 0.4689
vn 0.0156 -0.9998 -0.0102
vn 0.2448 0.8737 0.4203
vn -0.1537 -0.2068 -0.9662
vn -0.1511 -0.2096 -0.9660
vn 0.9782 -0.0641 -0.1975
vn 0.9151 0.0882 0.3934
vn 0.9841 -0.0663 -0.1650
vn 0.9165 0.0856 0.3908
vn 0.9178 0.0826 0.3883
vn -0.2562 0.6133 0.7472
vn -0.2544 0.6153 0.7461
vn 0.0249 -0.9997 -0.0056
vn -0.9075 -0.0250 0.4193
vn -0.0178 0.8766 -0.4809
vn 0.0657 0.9452 0.3197
vn -0.7214 0.2369 -0.6507
vn -0.7202 0.2403 -0.6508
vn -0.7199 0.3090 -0.6215
vn -0.2157 -0.9754 0.0452
vn 0.3010 -0.1043 0.9479
vn -0.2137 -0.9752 0.0579
vn -0.2162 -0.9752 0.0481
vn 0.6265 0.4721 -0.6201
vn -0.7603 0.0107 0.6495
vn -0.3866 0.0101 -0.9222
vn 0.6921 0.2020 -0.6930
vn 0.6953 0.1977 -0.6910
vn -0.4523 -0.0163 -0.8917
vn -0.0129 -0.9999 0.0046
vn 0.8705 -0.0089 0.4921
vn -0.3854 0.8804 0.2764
vn 0.2464 -0.1956 0.9492
vn 0.2487 -0.1867 0.9504
vn 0.1974 0.3468 0.9169
vn 0.0178 -0.9994 -0.0309
vn 0.0167 -0.9995 -0.0255
vn 0.9899 -0.1178 0.0784
vn -0.2531 0.9220 -0.2931
vn 0.9644 -0.0203 0.2636
vn -0.7396 0.3344 -0.5841
vn -0.2234 -0.2546 -0.9409
vn -0.2198 -0.2585 -0.9407
vn 0.3419 -0.9181 -0.2006
vn -0.8024 0.4611 0.3789
vn 0.2269 -0.1766 0.9578
vn -0.8097 0.4677 0.3544
vn -0.2870 -0.9498 -0.1242
vn 0.3973 0.8452 -0.3576
vn 0.3484 -0.9200 -0.1794
vn 0.5058 0.7077 -0.4933
vn -0.2423 -0.5538 -0.7966
vn -0.2339 -0.5495 -0.8021
vn -0.2402 -0.5537 -0.7973
vn 0.7478 0.4173 0.5163
vn 0.7479 0.4160 0.5172
vn -0.3865 -0.6974 0.6036
vn -0.5132 0.8532 0.0935
vn 0.0378 -0.9990 -0.0252
vn 0.5059 0.7055 -0.4963
vn 0.1178 -0.2843 -0.9515
vn 0.1124 -0.2893 -0.9506
vn 0.0973 -0.3105 -0.9456
vn -0.4098 -0.7676 -0.4928
vn 0.5181 -0.6982 0.4941
vn -0.0476 -0.9931 -0.1076
vn -0.0553 -0.9911 -0.1213
vn 0.4821 0.8668 -0.1272
vn -0.6009 0.4543 0.6576
vn 0.5225 -0.7980 -0.3003
vn 0.5192 -0.6941 0.4986
vn 0.1536 -0.2072 -0.9662
vn 0.1472 -0.2087 -0.9668
vn 0.1445 -0.2085 -0.9673
vn 0.9122 0.0586 -0.4056
vn 0.6498 -0.6819 0.3359
vn 0.7294 0.3473 0.5894
vn 0.6498 -0.6796 0.3404
vn -0.7744 0.4070 -0.4843
vn -0.4735 0.7792 0.4105
vn -0.7760 0.4140 -0.4758
vn 0.5728 0.7503 0.3300
vn -0.4792 -0.8649 0.1496
vn 0.0999 0.7954 -0.5977
vn 0.4597 0.3935 -0.7961
vn 0.7143 -0.6259 0.3132
vn -0.2988 -0.7923 0.5319
vn 0.3145 0.9477 -0.0549
vn -0.6652 0.5594 -0.4945
vn -0.6504 0.5608 -0.5123
vn -0.1071 0.3852 -0.9166
vn -0.1019 0.3836 -0.9179
vn 0.1648 0.1086 -0.9803
vn -0.2419 -0.9614 -0.1308
vn 0.8291 -0.2560 0.4971
vn 0.0953 0.9468 0.3074
vn 0.7868 -0.3081 0.5348
vn 0.7936 -0.3149 0.5206
vn 0.8028 -0.3126 0.5077
vn 0.5169 0.0160 -0.8559
vn 0.0080 -0.9999 -0.0111
vn -0.7064 -0.2312 0.6689
vn -0.1427 0.9660 0.2154
vn -0.6072 -0.3974 -0.6880
vn -0.9187 0.3149 0.2386
vn -0.9195 0.3131 0.2377
vn 0.8700 0.4525 -0.1960
vn -0.9202 0.3123 0.2359
vn 0.4002 -0.0033 -0.9164
vn 0.8710 0.4482 -0.2012
vn -0.0118 -0.9997 -0.0207
vn -0.6993 0.0425 -0.7136
vn 0.1816 0.9760 -0.1198
vn 0.3881 -0.4217 0.8195
vn 0.2091 0.1305 0.9692
vn 0.2051 0.1349 0.9694
vn -0.0286 0.9821 0.1861
vn -0.0314 0.9818 0.1875
vn 0.5793 0.4227 -0.6970
vn -0.9538 0.0070 -0.3003
vn -0.0163 -0.9995 0.0283
vn 0.9030 0.4264 0.0524
vn 0.2062 0.1343 0.9693
vt 0.892380 0.770601
vt 0.767112 0.000000
vt 0.869014 0.000000
vt 0.975129 0.856191
vt 0.964857 0.893909
vt 0.200798 0.000000
vt 0.271400 0.000000
vt 0.446877 0.220446
vt 0.669537 0.530348
vt 0.940171 0.799397
vt 0.952411 0.055369
vt 0.606711 0.150800
vt 0.655929 0.447638
vt 0.271400 0.271400
vt 0.200798 0.200798
vt 0.130986 0.000000
vt 0.232888 0.000000
vt 1.000000 0.138634
vt 1.000000 0.412645
vt 0.430275 0.138476
vt 0.582496 0.000000
vt 1.000000 0.000000
vt 1.000000 0.329388
vt 0.412645 0.412645
vt 0.138634 0.138634
vt 0.651849 0.316010
vt 0.658044 0.299090
vt 0.685614 0.294383
vt 0.758642 0.374504
vt 1.000000 1.000000
vt 0.542683 0.542683
vt 1.000000 0.417504
vt 0.584892 0.000000
vt 0.584892 0.584892
vt 0.627799 0.532753
vt 1.000000 0.542683
vt 0.948314 0.165489
vt 0.650425 0.090730
vt 0.722208 0.074366
vt 0.759098 0.071048
vt 0.780316 0.071401
vt 0.949356 0.011234
vt 0.699728 0.295097
vt 0.690434 0.309022
vt 0.687727 0.309952
vt 0.676537 0.313781
vt 0.647964 0.290106
vt 0.661170 0.275823
vt 0.701023 0.293158
vt 0.046523 0.000000
vt 0.000000 0.000000
vt 0.973024 0.000000
vt 0.973189 0.956597
vt 0.518360 0.009578
vt 0.883320 0.000000
vt 0.022027 0.000000
vt 0.359125 0.000000
vt 0.973078 0.079221
vt 0.988249 0.968523
vt 0.000650 0.000000
vt 0.026975 0.000000
vt 1.000000 0.999117
vt 0.999117 0.999117
vt 0.999135 0.999135
vt 1.000000 0.117858
vt 0.117858 0.117858
vt 1.000000 0.116680
vt 1.000000 0.640875
vt 1.000000 0.977973
vt 0.662576 0.640492
vt 0.046523 0.046523
vt 1.000000 0.046908
vt 0.046908 0.046908
vt 0.135922 0.000000
vt 0.570664 0.148918
vt 0.570664 0.113119
vt 0.603605 0.113119
vt 0.574534 0.361512
vt 0.578891 0.364648
vt 0.589013 0.382077
vt 0.588096 0.382418
vt 0.578947 0.385816
vt 0.573749 0.387736
vt 0.572996 0.360419
vt 0.656541 0.725506
vt 0.603605 0.763804
vt 0.570664 0.763804
vt 0.573946 0.644704
vt 0.643548 0.670755
vt 0.541016 0.625316
vt 0.335442 0.625316
vt 0.335442 0.578874
vt 0.430960 0.471227
vt 0.481516 0.414278
vt 0.528667 0.414278
vt 0.115940 0.115940
vt 0.077955 0.024651
vt 0.977575 0.007560
vt 0.977502 0.977502
vt 0.973747 0.000000
vt 0.141407 0.066005
vt 0.967165 0.013762
vt 1.000000 0.630302
vt 1.000000 0.978050
vt 1.000000 0.115940
vt 0.995250 0.995250
vt 1.000000 0.977502
vt 0.988880 0.988880
vt 0.993590 0.993590
vt 1.000000 0.995250
vt 1.000000 0.993589
vt 0.094393 0.062461
vt 0.060634 0.025703
vt 0.002179 0.000000
vt 1.000000 0.026253
vt 0.630302 0.630302
vt 0.977966 0.627289
vt 0.978051 0.978051
vt 0.733336 0.236668
vt 0.660887 0.275790
vt 0.570664 0.275790
vt 0.570664 0.149149
vt 0.603794 0.113119
vt 0.653376 0.113119
vt 0.733336 0.220740
vt 0.578935 0.364577
vt 0.574602 0.361455
vt 0.572992 0.360270
vt 0.656595 0.725681
vt 0.653376 0.763804
vt 0.603794 0.763804
vt 0.653518 0.727835
vt 0.335442 0.578574
vt 0.335442 0.414278
vt 0.481259 0.414278
vt 0.429226 0.472938
vt 0.904947 0.489892
vt 0.921625 0.483364
vt 0.968558 0.465032
vt 0.968558 0.485696
vt 0.905422 0.490915
vt 1.000000 0.393620
vt 0.636599 0.000000
vt 0.393620 0.393620
vt 1.000000 0.739459
vt 0.761588 0.000000
vt 0.739459 0.739459
vt 1.000000 0.363401
vt 0.670650 0.000000
vt 0.670650 0.670650
vt 0.317745 0.000000
vt 0.832587 0.000000
vt 1.000000 0.238412
vt 0.097005 0.097005
vt 0.029926 0.000000
vt 1.000000 0.769737
vt 0.719409 0.719409
vt 0.243805 0.243805
vt 0.394653 0.138010
vt 0.549313 0.029903
vt 1.000000 0.097005
vt 0.317745 0.317745
vt 0.489484 0.000000
vt 0.651928 0.000000
vt 0.616583 0.066001
vt 0.599588 0.097337
vt 0.651928 0.651928
vt 0.489484 0.489484
vt 0.594614 0.381620
vt 0.631748 0.368900
vt 0.801870 0.311002
vt 1.000000 0.243804
vt 1.000000 0.719409
vt 0.029926 0.029926
vt 0.031005 0.000000
vt 0.811287 0.000000
vt 0.832587 0.832587
vt 0.603767 0.469685
vt 1.000000 0.378810
vt 1.000000 0.758026
vt 0.887977 0.753817
vt 0.320377 0.136563
vt 0.314038 0.000000
vt 0.978044 0.000000
vt 0.978048 0.077970
vt 0.758027 0.758027
vt 0.378810 0.378810
vt 0.482200 0.000000
vt 1.000000 0.939020
vt 0.978044 0.978044
vt 0.314038 0.314038
vt 0.629067 0.095935
vt 0.663900 0.098009
vt 0.701493 0.113653
vt 0.709463 0.125999
vt 0.833712 0.423984
vt 0.836427 0.452234
vt 0.942496 0.909656
vt 0.945948 0.942126
vt 0.939020 0.939020
vt 0.238115 0.238115
vt 0.238488 0.174141
vt 0.345771 0.081876
vt 0.523696 0.090265
vt 0.560515 0.092171
vt 1.000000 0.517800
vt 0.462753 0.000000
vt 0.231915 0.231915
vt 1.000000 0.238115
vt 0.462753 0.462753
vt 0.728618 0.348459
vt 1.000000 0.231914
vt 0.676797 0.385146
vt 0.675861 0.385461
vt 0.664433 0.371744
vt 0.703571 0.361681
vt 0.697479 0.378115
vt 0.874205 0.467688
vt 0.877728 0.472583
vt 0.878399 0.473517
vt 0.843959 0.487071
vt 0.093865 0.070314
vt 0.417463 0.070252
vt 1.000000 0.188713
vt 1.000000 0.968995
vt 0.746129 0.684092
vt 0.762854 0.651185
vt 0.655532 0.000000
vt 0.816082 0.053321
vt 0.816982 0.816982
vt 0.442218 0.386868
vt 0.434980 0.330664
vt 0.392772 0.000000
vt 1.000000 0.518585
vt 0.937095 0.811934
vt 0.770450 0.000000
vt 0.543706 0.345717
vt 0.518585 0.518585
vt 0.816982 0.000000
vt 1.000000 0.607228
vt 0.451311 0.150837
vt 0.344468 0.000000
vt 0.026824 0.000000
vt 1.000000 0.883114
vt 0.732961 0.610907
vt 0.523408 0.491648
vt 1.000000 0.973175
vt 1.000000 0.897623
vt 1.000000 0.445377
vt 1.000000 0.454900
vt 0.232318 0.002859
vt 0.383554 0.383554
vt 0.407552 0.330887
vt 0.044514 0.000000
vt 0.383554 0.000000
vt 0.231103 0.231103
vt 0.545148 0.000049
vt 0.452542 0.238116
vt 0.883114 0.883114
vt 0.644629 0.674954
vt 0.643619 0.670701
vt 0.653320 0.646268
vt 0.670952 0.651737
vt 0.090231 0.063946
vt 0.316438 0.011786
vt 0.324210 0.010212
vt 1.000000 0.202097
vt 1.000000 0.973733
vt 0.344020 0.000000
vt 1.000000 0.948064
vt 0.973733 0.973733
vt 0.202097 0.202097
vt 0.225796 0.135299
vt 0.349561 0.349561
vt 0.392309 0.000000
vt 0.454895 0.117604
vt 0.349561 0.000000
vt 1.000000 0.655980
vt 1.000000 0.933396
vt 0.948064 0.948064
vt 0.918570 0.461660
vt 1.000000 0.582731
vt 1.000000 0.771656
vt 0.933250 0.118611
vt 0.933396 0.933396
vt 0.607691 0.000000
vt 0.593662 0.087761
vt 0.852135 0.132093
vt 0.852062 0.796395
vt 0.672678 0.657920
vt 0.527032 0.263794
vt 0.513579 0.226479
vt 0.525852 0.203930
vt 0.863939 0.863939
vt 0.362339 0.362339
vt 0.197390 0.000000
vt 0.804120 0.000000
vt 0.071744 0.000000
vt 0.405927 0.000000
vt 0.393351 0.374986
vt 0.163555 0.151898
vt 1.000000 0.444131
vt 1.000000 0.398452
vt 1.000000 0.453993
vt 1.000000 0.802610
vt 0.801495 0.801495
vt 0.159303 0.159303
vt 1.000000 0.195880
vt 1.000000 0.801495
vt 0.887957 0.596020
vt 0.566846 0.006975
vt 0.939463 0.011561
vt 1.000000 0.159303
vt 0.993352 0.946598
vt 0.951166 0.578861
vt 1.000000 0.362339
vt 1.000000 0.863939
vt 0.998961 0.939266
vt 0.619014 0.025451
vt 1.000000 0.582625
vt 1.000000 0.927759
vt 0.934549 0.934549
vt 0.563881 0.563881
vt 0.453509 0.238866
vt 0.542137 0.009988
vt 0.546055 0.000049
vt 0.601600 0.000054
vt 0.927759 0.927759
vt 0.582625 0.582625
vt 0.995856 0.594091
vt 0.899282 0.544723
vt 0.760782 0.609189
vt 0.758079 0.610439
vt 0.758914 0.554550
vt 0.825972 0.494301
vt 0.870281 0.476864
vt 0.902869 0.512776
vt 0.771819 0.570668
vt 0.618724 0.544859
vt 0.771656 0.771656
vt 0.582731 0.582731
vt 0.757470 0.569153
vt 0.568506 0.066581
vt 1.000000 0.066796
vt 0.500274 0.500274
vt 0.933204 0.000000
vt 0.791936 0.037345
vt 1.000000 0.377874
vt 1.000000 0.404184
vt 0.948009 0.490166
vt 0.944757 0.495477
vt 0.789107 0.625839
vt 0.607407 0.607407
vt 0.377874 0.377874
vt 0.452568 0.382671
vt 0.404184 0.404184
vt 0.500274 0.000000
vt 1.000000 0.517997
vt 0.357418 0.357418
vt 0.194853 0.000000
vt 0.335815 0.309842
vt 1.000000 0.805147
vt 0.804041 0.804041
vt 0.384875 0.384875
vt 0.233123 0.002869
vt 0.565511 0.006959
vt 1.000000 0.804041
vt 0.384875 0.000000
vt 1.000000 0.357418
vt 0.992148 0.387380
vt 0.993298 0.946669
vt 0.983242 0.959812
vt 0.548730 0.477107
vt 0.409007 0.332224
vt 0.231903 0.231903
vt 0.452595 0.238912
vt 0.562553 0.562553
vt 0.758869 0.554376
vt 0.746106 0.525731
vt 0.825543 0.494470
vt 0.607407 0.000000
vt 0.731964 0.546754
vt 0.674715 0.539728
vt 0.482003 0.000000
vt 0.957430 0.000000
vt 0.957530 0.755664
vt 0.203987 0.000000
vt 0.814674 0.814674
vt 0.948840 0.000000
vt 1.000000 0.042570
vt 1.000000 0.796013
vt 0.362519 0.309222
vt 1.000000 0.430772
vt 1.000000 0.946175
vt 0.344760 0.000000
vt 1.000000 0.814674
vt 0.946175 0.946175
vt 0.430772 0.430772
vt 0.973071 0.937782
vt 0.394673 0.376269
vt 0.407192 0.000000
vt 0.973396 0.000000
vt 1.000000 0.444704
vt 1.000000 0.511855
vt 1.000000 0.896047
vt 1.000000 0.000088
vt 1.000000 0.397746
vt 1.000000 0.000089
vt 1.000000 0.581328
vt 0.602307 0.000054
vt 1.000000 0.026604
vt 0.995865 0.592827
vt 0.581328 0.581328
vt 0.000089 0.000089
vt 0.666806 0.655518
vt 0.671091 0.651733
vt 0.682324 0.649415
vt 0.731104 0.639328
vt 0.732517 0.718171
vt 0.659003 0.725287
vt 0.656622 0.725480
vt 0.644650 0.675043
vt 0.899261 0.544907
vt 0.890231 0.625316
vt 0.754903 0.625316
vt 0.757859 0.611457
vt 0.758048 0.610579
vt 0.913891 0.137953
vt 0.685444 0.010135
vt 0.694819 0.011724
vt 0.974099 0.064352
vt 0.948840 0.948840
vt 0.655240 0.000000
vt 1.000000 0.441171
vt 0.610145 0.540776
vt 0.069519 0.000000
vt 0.950341 0.000000
vt 1.000000 0.030541
vt 0.957137 0.173773
vt 0.210988 0.000000
vt 0.507071 0.000000
vt 0.983080 0.036813
vt 0.983063 0.280567
vt 0.970928 0.296887
vt 0.991202 0.991202
vt 0.638028 0.638028
vt 0.882552 0.167693
vt 0.965383 0.000000
vt 1.000000 0.027159
vt 1.000000 0.652598
vt 0.162099 0.000000
vt 0.636970 0.507393
vt 0.483334 0.075962
vt 0.441171 0.441171
vt 0.030541 0.030541
vt 0.762451 0.762451
vt 0.033618 0.033618
vt 0.761483 0.033423
vt 0.920340 0.757430
vt 0.162345 0.000000
vt 0.920533 0.000000
vt 0.162345 0.162345
vt 0.394285 0.094148
vt 1.000000 0.021790
vt 1.000000 0.914033
vt 0.920533 0.920533
vt 0.914033 0.914033
vt 0.021790 0.021790
vt 0.039894 0.022286
vt 1.000000 0.049659
vt 1.000000 0.930481
vt 1.000000 0.466479
vt 0.775072 0.272454
vt 1.000000 0.272778
vt 0.034617 0.000000
vt 0.837901 0.000000
vt 0.929023 0.063811
vt 0.466479 0.466479
vt 0.272778 0.272778
vt 0.678655 0.000000
vt 1.000000 0.947863
vt 0.354603 0.254536
vt 0.414659 0.100465
vt 0.943733 0.331555
vt 0.823753 0.304812
vt 0.222568 0.170673
vt 0.052137 0.000000
vt 1.000000 0.318935
vt 0.505959 0.224171
vt 0.507071 0.507071
vt 0.210988 0.210988
vt 0.257911 0.210949
vt 1.000000 0.638028
vt 0.678655 0.678655
vt 0.651595 0.523038
vt 0.653457 0.542144
vt 0.652475 0.544393
vt 0.617394 0.625316
vt 0.574481 0.625316
vt 0.574481 0.490316
vt 0.587587 0.462738
vt 0.587813 0.462271
vt 0.589064 0.461752
vt 0.619418 0.449258
vt 0.591687 0.651238
vt 0.573949 0.644605
vt 0.617393 0.625316
vt 0.614057 0.632830
vt 0.613417 0.634261
vt 0.613283 0.634558
vt 0.601003 0.644066
vt 0.541187 0.625316
vt 0.535088 0.521329
vt 0.531528 0.460502
vt 0.533960 0.462167
vt 0.574481 0.490316
vt 0.762451 0.000000
vt 0.780955 0.005432
vt 0.652598 0.652598
vt 0.027159 0.027159
vt 0.033619 0.000000
vt 0.945863 0.195496
vt 0.270198 0.270198
vt 0.537406 0.000000
vt 0.883041 0.165331
vt 1.000000 0.211321
vt 1.000000 0.328268
vt 0.832360 0.211333
vt 0.462594 0.000000
vt 1.000000 0.639048
vt 0.460236 0.096017
vt 1.000000 0.881860
vt 1.000000 0.925390
vt 0.879939 0.879939
vt 0.802918 0.802918
vt 0.925366 0.844615
vt 0.925390 0.925390
vt 0.881860 0.881860
vt 0.905325 0.836008
vt 0.705595 0.147976
vt 0.700695 0.146791
vt 0.711990 0.139962
vt 0.712186 0.140299
vt 0.714229 0.143835
vt 0.711979 0.149512
vt 0.825431 0.691143
vt 0.857955 0.513643
vt 1.000000 0.802918
vt 1.000000 0.879939
vt 0.819338 0.719396
vt 0.360952 0.000000
vt 1.000000 0.270198
vt 0.671732 0.000000
vt 0.788679 0.000000
vt 1.000000 0.353712
vt 0.552575 0.000000
vt 0.353712 0.353712
vt 0.736409 0.000000
vt 0.784827 0.134407
vt 0.780925 0.164163
vt 0.634599 0.157011
vt 0.736409 0.736409
vt 0.606965 0.000000
vt 0.701781 0.000000
vt 0.606965 0.606965
vt 0.472251 0.000000
vt 1.000000 0.269656
vt 0.262714 0.193197
vt 0.295923 0.162387
vt 1.000000 0.447425
vt 0.269656 0.269656
vt 1.000000 0.548145
vt 0.297470 0.000000
vt 0.548145 0.548145
vt 1.000000 0.441182
vt 1.000000 0.298219
vt 0.441182 0.441182
vt 0.455382 0.390432
vt 0.547899 0.061558
vt 0.702530 0.000000
vt 1.000000 0.527749
vt 0.995902 0.995902
vt 1.000000 0.992383
vt 0.798029 0.798029
vt 1.000000 0.878869
vt 0.878869 0.878869
vt 0.160324 0.000000
vt 0.178128 0.019941
vt 0.593304 0.486133
vt 0.854273 0.779839
vt 0.901678 0.833362
vt 0.992383 0.992383
vt 0.978222 0.890050
vt 1.000000 0.563387
vt 0.569978 0.000000
vt 0.563388 0.563388
vt 0.493438 0.464461
vt 0.473093 0.432614
vt 0.569978 0.569978
vt 1.000000 0.839676
vt 0.007633 0.000000
vt 1.000000 0.798028
vt 0.858210 0.510617
vt 0.595894 0.128549
vt 0.289517 0.035752
vt 1.000000 0.223887
vt 1.000000 0.612503
vt 0.582226 0.268611
vt 0.612503 0.612503
vt 0.223887 0.223887
vt 1.000000 0.160132
vt 1.000000 0.626028
vt 0.626028 0.626028
vt 0.160132 0.160132
vt 0.240698 0.129353
vt 0.470982 0.042002
vt 0.627010 0.235796
vt 1.000000 0.121188
vt 1.000000 0.247588
vt 0.965753 0.273918
vt 0.946739 0.244148
vt 0.871159 0.121238
vt 0.247588 0.247588
vt 0.121188 0.121188
vt 0.336852 0.000000
vt 0.479101 0.000000
vt 0.479100 0.479100
vt 0.336852 0.336852
vt 0.484923 0.337477
vt 0.921278 0.561185
vt 0.923371 0.551289
vt 0.939736 0.546325
vt 0.941496 0.545813
vt 0.927636 0.562770
vt 0.920172 0.566453
vt 0.600631 0.314279
vt 0.306990 0.064783
vt 1.000000 0.095901
vt 1.000000 0.444505
vt 0.798229 0.481953
vt 0.444505 0.444505
vt 0.095901 0.095901
vt 0.115286 0.067605
vt 0.578765 0.067492
vt 1.000000 0.121533
vt 1.000000 0.420418
vt 0.896232 0.244880
vt 0.984976 0.067027
vt 0.727647 0.121295
vt 0.420418 0.420418
vt 0.121533 0.121533
vt 0.733336 0.194217
vt 0.733336 0.220549
vt 0.725131 0.209509
vt 0.925702 0.540266
vt 0.935546 0.493710
vt 0.936633 0.488559
vt 0.968558 0.485944
vt 0.968558 0.520105
vt 0.966803 0.520935
vt 0.965388 0.077882
vt 0.966292 0.083970
vt 0.964508 0.695911
vt 0.823925 0.620712
vt 0.894377 0.430734
vt 1.000000 0.098277
vt 1.000000 0.928501
vt 0.193210 0.122336
vt 0.366612 0.000000
vt 0.885442 0.000000
vt 0.291765 0.000000
vt 1.000000 0.898929
vt 0.928501 0.928501
vt 0.098277 0.098277
vt 0.206143 0.043471
vt 0.898929 0.898929
vt 0.899046 0.000000
vt 0.846198 0.000000
vt 1.000000 0.114558
vt 1.000000 0.633388
vt 0.368089 0.000000
vt 0.548698 0.492829
vt 0.456667 0.067905
vt 0.442024 0.000000
vt 1.000000 0.708235
vt 0.964429 0.535468
vt 0.875835 0.768728
vt 0.846198 0.846198
vt 0.368089 0.368089
vt 0.756735 0.368032
vt 0.467812 0.000000
vt 0.311720 0.311720
vt 1.000000 0.100954
vt 0.637183 0.000000
vt 0.637183 0.637183
vt 0.532188 0.000000
vt 0.638551 0.103636
vt 0.903496 0.832445
vt 0.769225 0.681950
vt 0.180953 0.020988
vt 0.162288 0.000000
vt 0.660349 0.000000
vt 0.925147 0.089176
vt 0.925365 0.842069
vt 0.990682 0.376709
vt 0.969831 0.292770
vt 0.966673 0.279675
vt 1.000000 0.253989
vt 1.000000 0.414015
vt 0.563455 0.000000
vt 0.466867 0.430578
vt 0.414015 0.414015
vt 0.253989 0.253989
vt 0.491120 0.000000
vt 0.496558 0.337527
vt 1.000000 0.339652
vt 1.000000 0.837712
vt 0.563455 0.563455
vt 0.491120 0.491120
vt 0.714293 0.143947
vt 0.733336 0.176907
vt 0.733336 0.185270
vt 0.718136 0.169927
vt 0.717540 0.169324
vt 0.712588 0.151453
vt 0.712071 0.149569
vt 0.968558 0.531712
vt 0.968558 0.542562
vt 0.953602 0.549961
vt 0.928223 0.562481
vt 0.942127 0.545437
vt 0.951120 0.540752
vt 0.442024 0.442024
vt 1.000000 0.311720
vt 1.000000 0.831394
vt 0.848488 0.546964
vt 0.099086 0.000000
vt 0.617447 0.617447
vt 0.253487 0.253487
vt 0.691408 0.301056
vt 1.000000 0.838181
vt 0.303702 0.197689
vt 0.259115 0.000000
vt 0.681296 0.000000
vt 1.000000 0.359969
vt 0.359969 0.359969
vt 0.374428 0.215122
vt 0.839159 0.215799
vt 0.838181 0.838181
vt 0.699346 0.699346
vt 0.605271 0.000000
vt 1.000000 0.699346
vt 0.978895 0.718700
vt 0.843001 0.843001
vt 0.364378 0.364378
vt 0.168606 0.000000
vt 0.605271 0.605271
vt 0.732358 0.000000
vt 0.623888 0.516756
vt 1.000000 0.318704
vt 1.000000 0.740885
vt 0.864887 0.578952
vt 0.715393 0.399493
vt 1.000000 0.267642
vt 0.099086 0.099086
vt 0.066782 0.000000
vt 0.912830 0.000000
vt 1.000000 0.617447
vt 0.364378 0.000000
vt 0.843001 0.000000
vt 1.000000 0.253487
vt 0.895715 0.245915
vt 1.000000 0.422350
vt 1.000000 0.949160
vt 0.693146 0.651887
vt 0.609667 0.239975
vt 0.731693 0.121293
vt 0.866793 0.121240
vt 0.938605 0.237786
vt 0.963864 0.280556
vt 1.000000 0.426374
vt 1.000000 0.537308
vt 0.976251 0.889222
vt 0.954151 0.938160
vt 0.949160 0.949160
vt 0.422350 0.422350
vt 0.466684 0.439129
vt 0.489814 0.469833
vt 0.537308 0.537308
vt 0.426374 0.426374
vt 0.717078 0.169718
vt 0.717505 0.169480
vt 0.733336 0.185412
vt 0.733336 0.193867
vt 0.725052 0.209402
vt 0.701900 0.178249
vt 0.942343 0.545124
vt 0.936933 0.546853
vt 0.923442 0.550954
vt 0.925636 0.540577
vt 0.956402 0.526108
vt 0.968558 0.520559
vt 0.968558 0.531528
vt 0.954102 0.539045
vt 0.965379 0.077823
vt 0.956956 0.120732
vt 0.920562 0.316438
vt 0.823107 0.620274
vt 0.502211 0.448624
vt 0.962827 0.060642
vt 0.503281 0.066886
vt 0.913585 0.385972
vt 0.920300 0.912846
vt 0.912830 0.912830
vt 0.066782 0.066782
vt 0.687195 0.000000
vt 1.000000 0.639070
vt 0.609281 0.250298
vt 0.639699 0.000000
vt 0.639071 0.639071
vt 1.000000 0.898979
vt 0.639699 0.639699
vt 0.898979 0.898979
vt 0.531315 0.000000
vt 0.899678 0.449699
vt 0.802052 0.000000
vt 1.000000 0.312805
vt 0.802052 0.802052
vt 1.000000 0.727965
vt 0.727965 0.727965
vt 1.000000 0.798368
vt 0.919050 0.083025
vt 0.958588 0.088057
vt 1.000000 0.093343
vt 0.798368 0.798368
vt 0.093343 0.093343
vt 0.262169 0.000000
vt 1.000000 0.988977
vt 0.994074 0.994074
vt 0.679412 0.679412
vt 0.692531 0.653119
vt 1.000000 0.950680
vt 1.000000 0.006392
vt 1.000000 0.367206
vt 0.679412 0.000000
vt 0.950680 0.950680
vt 0.975879 0.895065
vt 0.985114 0.961116
vt 0.988977 0.988977
vt 0.701822 0.178144
vt 0.685396 0.156041
vt 0.700555 0.146876
vt 0.711976 0.149642
vt 0.715512 0.162314
vt 0.717459 0.169357
vt 0.501237 0.448103
vt 0.480455 0.436986
vt 0.658780 0.269551
vt 0.961007 0.048395
vt 0.962818 0.060585
vt 0.846563 0.199002
vt 0.855685 0.508237
vt 0.841389 0.587214
vt 0.827339 0.669166
vt 0.817096 0.717403
vt 0.574640 0.501946
vt 0.632794 0.000000
vt 0.011016 0.000000
vt 0.820757 0.404236
vt 0.923201 0.261538
vt 0.531315 0.531315
vt 0.262169 0.262169
vt 0.304070 0.261980
vt 1.000000 0.893622
vt 0.902563 0.796263
vt 1.000000 0.858253
vt 0.915122 0.344550
vt 1.000000 0.344674
vt 1.000000 0.468759
vt 0.909657 0.458515
vt 0.514737 0.344842
vt 0.468759 0.468759
vt 0.344675 0.344675
vt 0.920042 0.566858
vt 0.924343 0.564725
vt 0.923726 0.567694
vt 0.917991 0.570824
vt 0.335161 0.228618
vt 0.893622 0.893622
vt 0.858253 0.858253
vt 0.248467 0.103552
vt 0.839314 0.722912
vt 0.061184 0.000000
vt 0.929717 0.000000
vt 1.000000 0.046715
vt 0.980962 0.139470
vt 0.046518 0.000000
vt 0.046715 0.046715
vt 0.725551 0.163224
vt 0.723071 0.158924
vt 0.724913 0.160123
vt 0.725361 0.160415
vt 0.725797 0.160859
vt 0.464904 0.345728
vt 0.549042 0.399777
vt 0.563413 0.444222
vt 1.000000 0.067339
vt 0.582435 0.309034
vt 0.273627 0.000000
vt 0.067339 0.067339
vt 0.068011 0.000000
vt 0.931989 0.000000
vt 1.000000 0.073663
vt 0.713383 0.046166
vt 1.000000 0.559984
vt 0.850557 0.580481
vt 0.536706 0.500183
vt 0.703503 0.000000
vt 0.886896 0.000000
vt 1.000000 0.175240
vt 0.559984 0.559984
vt 0.175240 0.175240
vt 0.757560 0.176295
vt 0.717097 0.255681
vt 1.000000 0.726372
vt 0.886672 0.886672
vt 0.592553 0.592553
vt 0.926839 0.000000
vt 0.296497 0.000000
vt 1.000000 0.592553
vt 1.000000 0.886672
vt 0.113104 0.000000
vt 0.656110 0.656110
vt 0.500721 0.500721
vt 0.655778 0.503472
vt 0.880743 0.880743
vt 0.398760 0.398760
vt 0.347410 0.000000
vt 0.880191 0.000000
vt 1.000000 0.500721
vt 1.000000 0.656110
vt 0.695069 0.620529
vt 1.000000 0.925976
vt 0.880191 0.880191
vt 0.347410 0.347410
vt 0.643521 0.412930
vt 0.726426 0.158717
vt 0.725239 0.160169
vt 0.722925 0.158672
vt 0.712079 0.139865
vt 0.727742 0.124154
vt 0.728750 0.123671
vt 0.733336 0.121484
vt 0.733336 0.150087
vt 0.963289 0.567914
vt 0.966360 0.567513
vt 0.968557 0.577356
vt 0.968558 0.614464
vt 0.953303 0.605747
vt 0.943727 0.600256
vt 0.936935 0.581330
vt 0.933584 0.571942
vt 1.000000 0.880743
vt 0.569178 0.449986
vt 0.552756 0.398009
vt 0.734109 0.433712
vt 0.965959 0.644780
vt 1.000000 0.398760
vt 0.708520 0.432581
vt 0.948786 0.000000
vt 1.000000 0.723140
vt 0.723602 0.431561
vt 0.723140 0.723140
vt 0.051413 0.000000
vt 1.000000 0.051214
vt 0.948657 0.000000
vt 0.725418 0.160356
vt 0.726303 0.159269
vt 0.733336 0.150731
vt 0.733336 0.159170
vt 0.726306 0.160751
vt 0.725895 0.160843
vt 0.968558 0.565572
vt 0.968558 0.576521
vt 0.966539 0.567450
vt 0.155852 0.011330
vt 0.138431 0.000000
vt 0.558332 0.000000
vt 0.735295 0.276924
vt 0.493307 0.228543
vt 1.000000 0.393058
vt 0.943026 0.384921
vt 0.967122 0.647867
vt 0.974487 0.666162
vt 0.849711 0.552747
vt 0.907685 0.464404
vt 1.000000 0.475680
vt 1.000000 0.264641
vt 0.706421 0.000000
vt 1.000000 0.105508
vt 0.264641 0.264641
vt 0.105508 0.105508
vt 1.000000 0.107340
vt 1.000000 0.171840
vt 0.144559 0.000000
vt 0.171840 0.171840
vt 0.107340 0.107340
vt 0.107415 0.000000
vt 0.964599 0.857832
vt 0.112266 0.000000
vt 0.293579 0.000000
vt 1.000000 0.441668
vt 1.000000 0.861569
vt 0.553901 0.498748
vt 0.497763 0.497763
vt 0.654680 0.000000
vt 0.655771 0.500472
vt 0.393058 0.393058
vt 0.342703 0.000000
vt 1.000000 0.497763
vt 0.342703 0.342703
vt 1.000000 0.345320
vt 0.475680 0.475680
vt 0.524487 0.344852
vt 0.933422 0.571907
vt 0.943539 0.600148
vt 0.912138 0.582143
vt 0.917873 0.571052
vt 0.923780 0.567804
vt 0.925182 0.568400
vt 0.892585 0.000000
vt 0.346329 0.107061
vt 0.254465 0.147751
vt 0.855441 0.000000
vt 0.896788 0.123803
vt 0.064045 0.064045
vt 0.068003 0.000000
vt 1.000000 0.114217
vt 1.000000 0.192981
vt 0.856304 0.000000
vt 0.893043 0.000000
vt 1.000000 0.113686
vt 1.000000 0.293779
vt 0.581068 0.241513
vt 0.192981 0.192981
vt 0.114217 0.114217
vt 1.000000 0.406400
vt 0.293779 0.293779
vt 0.113686 0.113686
vt 1.000000 0.113765
vt 0.276407 0.000000
vt 1.000000 0.073759
vt 0.406400 0.406400
vt 0.113765 0.113765
vt 1.000000 0.931997
vt 0.276407 0.276407
vt 0.363871 0.000000
vt 0.404648 0.000000
vt 0.405023 0.363726
vt 0.404648 0.404648
vt 0.363871 0.363871
vt 1.000000 0.106957
vt 1.000000 0.143695
vt 0.898694 0.106823
vt 0.905097 0.463115
vt 0.826612 0.582487
vt 0.729653 0.729653
vt 0.343713 0.343713
vt 0.910726 0.344544
vt 0.733013 0.159392
vt 0.733336 0.159323
vt 0.733336 0.176723
vt 0.725676 0.163443
vt 0.725969 0.160931
vt 0.966391 0.567391
vt 0.963306 0.567809
vt 0.933540 0.571736
vt 0.925724 0.568464
vt 0.923923 0.567704
vt 0.924566 0.564615
vt 0.953300 0.550367
vt 0.968558 0.542800
vt 0.968558 0.565374
vt 0.968268 0.565646
vt 0.547922 0.393915
vt 0.459902 0.340727
vt 0.155677 0.036548
vt 1.000000 0.343713
vt 1.000000 0.729653
vt 0.967256 0.646818
vt 0.733038 0.432602
vt 1.000000 0.428445
vt 0.560720 0.155830
vt 0.444834 0.000000
vt 0.428445 0.428445
vt 0.500118 0.000000
vt 0.416569 0.000000
vt 1.000000 0.555166
vt 0.825887 0.553482
vt 0.416569 0.416569
vt 1.000000 0.399786
vt 0.399786 0.399786
vt 0.386663 0.000000
vt 0.599096 0.599096
vt 1.000000 0.499882
vt 0.928224 0.699489
vt 0.620002 0.620002
vt 1.000000 0.613337
vt 0.970078 0.649544
vt 1.000000 0.620002
vt 0.360910 0.000000
vt 0.508443 0.000000
vt 0.889411 0.296479
vt 1.000000 0.382635
vt 0.508443 0.508443
vt 0.639090 0.000000
vt 0.320507 0.000000
vt 1.000000 0.615924
vt 1.000000 0.639313
vt 0.924852 0.585336
vt 0.879444 0.544945
vt 0.857773 0.525778
vt 0.250414 0.000000
vt 0.639313 0.639313
vt 0.615924 0.615924
vt 0.704896 0.604345
vt 0.558828 0.504739
vt 0.616754 0.432703
vt 0.622277 0.427562
vt 0.906784 0.617284
vt 1.000000 0.679493
vt 1.000000 0.749586
vt 0.608826 0.562166
vt 0.467203 0.000000
vt 0.461004 0.460415
vt 0.205578 0.204690
vt 0.204951 0.000000
vt 1.000000 0.453974
vt 0.533394 0.000574
vt 0.795944 0.000861
vt 0.858749 0.057113
vt 1.000000 0.183678
vt 0.461000 0.000000
vt 0.546827 0.122854
vt 0.541080 0.148404
vt 0.525175 0.218043
vt 0.347222 0.096697
vt 0.205573 0.000000
vt 0.839703 0.132059
vt 0.791157 0.165561
vt 0.479125 0.436639
vt 0.453974 0.453974
vt 0.183678 0.183678
vt 0.259094 0.134644
vt 0.830506 0.086288
vt 0.832672 0.108708
vt 0.617365 0.000000
vt 0.610457 0.155230
vt 0.601391 0.180383
vt 1.000000 0.599096
vt 0.642646 0.642646
vt 0.337200 0.000000
vt 0.337200 0.337200
vt 0.509909 0.000000
vt 0.509909 0.509909
vt 0.821817 0.000000
vt 0.862306 0.844628
vt 0.821817 0.821817
vt 0.863912 0.000000
vt 0.676392 0.143925
vt 0.653499 0.113119
vt 0.694308 0.113119
vt 0.696013 0.747838
vt 0.694308 0.763804
vt 0.653499 0.763804
vt 0.656500 0.728114
vt 0.063999 0.002639
vt 0.957490 0.024725
vt 0.960014 0.041714
vt 0.832361 0.085503
vt 0.673194 0.123289
vt 0.258693 0.133597
vt 0.073409 0.008472
vt 0.902115 0.882394
vt 0.136088 0.000000
vt 0.642646 0.000000
vt 0.901989 0.130420
vt 0.914350 0.556919
vt 0.914097 0.914097
vt 0.108748 0.000000
vt 0.965802 0.142386
vt 1.000000 0.176194
vt 1.000000 0.929397
vt 0.212179 0.142008
vt 0.929397 0.929397
vt 0.176194 0.176194
vt 0.354310 0.000000
vt 1.000000 0.862627
vt 1.000000 0.914097
vt 0.862627 0.862627
vt 1.000000 0.387718
vt 0.624868 0.000000
vt 0.925248 0.222850
vt 0.968780 0.318745
vt 0.256969 0.043892
vt 0.182433 0.000000
vt 1.000000 0.880949
vt 0.951763 0.000000
vt 0.951634 0.699352
vt 0.577153 0.326199
vt 0.388747 0.094881
vt 0.340616 0.063138
vt 0.334593 0.059092
vt 0.623447 0.623447
vt 1.000000 0.897029
vt 0.897029 0.897029
vt 1.000000 0.891252
vt 0.375132 0.000000
vt 1.000000 0.645690
vt 0.707105 0.149889
vt 1.000000 0.074740
vt 1.000000 0.418353
vt 1.000000 0.640404
vt 1.000000 0.927453
vt 0.880864 0.880864
vt 0.505885 0.311175
vt 0.921621 0.584089
vt 0.880864 0.000000
vt 0.880949 0.880949
vt 0.927453 0.927453
vt 0.640404 0.640404
vt 0.708989 0.603812
vt 0.927205 0.575411
vt 0.726777 0.121166
vt 0.727678 0.124065
vt 0.711996 0.139819
vt 0.706578 0.143102
vt 0.685332 0.155954
vt 0.676458 0.144013
vt 0.694409 0.113119
vt 0.724268 0.113119
vt 0.696144 0.747851
vt 0.698437 0.747366
vt 0.710078 0.744922
vt 0.724268 0.763804
vt 0.694409 0.763804
vt 0.695894 0.750145
vt 0.948327 0.045399
vt 0.960021 0.041762
vt 0.961000 0.048347
vt 0.841905 0.130505
vt 0.835282 0.107706
vt 0.834245 0.085049
vt 0.925260 0.000000
vt 1.000000 0.623447
vt 0.387718 0.387718
vt 0.581647 0.000000
vt 0.450661 0.000000
vt 1.000000 0.593340
vt 0.446895 0.173358
vt 0.593340 0.593340
vt 1.000000 0.605577
vt 1.000000 0.501252
vt 0.605577 0.605577
vt 0.381805 0.000000
vt 1.000000 0.067874
vt 0.501251 0.501251
vt 0.067874 0.067874
vt 0.469204 0.148142
vt 0.894051 0.423941
vt 0.783450 0.292011
vt 0.935143 0.000000
vt 1.000000 0.549339
vt 0.935143 0.935143
vt 1.000000 0.754719
vt 0.618195 0.000000
vt 0.754719 0.754719
vt 0.247166 0.000000
vt 0.866966 0.536535
vt 0.910396 0.575392
vt 0.673466 0.420966
vt 0.176466 0.000000
vt 0.264795 0.045425
vt 0.333463 0.058083
vt 0.346197 0.049777
vt 0.342637 0.046920
vt 0.298386 0.000000
vt 0.654921 0.654921
vt 0.612410 0.567289
vt 1.000000 0.752834
vt 0.698091 0.698091
vt 1.000000 0.654921
vt 1.000000 0.043204
vt 0.768907 0.000000
vt 0.043204 0.043204
vt 0.496935 0.000000
vt 0.562457 0.158617
vt 0.450122 0.450122
vt 0.566007 0.410590
vt 1.000000 0.572456
vt 0.572456 0.572456
vt 1.000000 0.503065
vt 0.361276 0.048909
vt 0.416116 0.020721
vt 0.497065 0.000000
vt 0.304066 0.000000
vt 0.313362 0.015451
vt 0.348136 0.049645
vt 0.606242 0.562766
vt 0.647790 0.647790
vt 0.534720 0.534720
vt 0.557419 0.506492
vt 0.692344 0.692344
vt 0.497065 0.497065
vt 1.000000 0.534720
vt 1.000000 0.647790
vt 0.582548 0.173984
vt 0.634387 0.248430
vt 0.594260 0.294776
vt 0.527733 0.220488
vt 0.543060 0.150451
vt 0.548916 0.125843
vt 1.000000 0.733648
vt 0.949299 0.643083
vt 0.536611 0.439024
vt 0.450122 0.000000
vt 1.000000 0.231093
vt 0.705593 0.000000
vt 0.518922 0.106780
vt 0.451642 0.000000
vt 1.000000 0.099446
vt 0.622321 0.000000
vt 0.105049 0.000000
vt 0.099446 0.099446
vt 0.105049 0.105049
vt 0.914829 0.000000
vt 0.915062 0.356081
vt 0.815163 0.325226
vt 0.863415 0.863415
vt 0.510743 0.000000
vt 1.000000 0.272196
vt 1.000000 0.834914
vt 0.834914 0.834914
vt 0.272196 0.272196
vt 0.834905 0.122493
vt 0.914829 0.914829
vt 1.000000 0.863415
vt 1.000000 0.377679
vt 0.238421 0.238421
vt 0.501849 0.000000
vt 1.000000 0.238421
vt 0.705593 0.705593
vt 0.451642 0.451642
vt 0.380704 0.000000
vt 1.000000 0.582920
vt 0.417354 0.073913
vt 0.405130 0.062722
vt 0.582920 0.582920
vt 1.000000 0.498151
vt 0.380704 0.380704
vt 0.406034 0.291539
vt 0.489257 0.000000
vt 0.543424 0.000000
vt 0.574905 0.323959
vt 0.249793 0.000000
vt 0.335947 0.059033
vt 0.341416 0.062957
vt 0.386431 0.093286
vt 0.543424 0.543424
vt 0.249793 0.249793
vt 0.148298 0.089278
vt 0.415119 0.020977
vt 0.398396 0.042629
vt 0.349128 0.050377
vt 0.001127 0.000000
vt 0.203538 0.000000
vt 0.204153 0.203263
vt 1.000000 0.001084
vt 1.000000 0.182390
vt 0.853849 0.051478
vt 0.797359 0.000862
vt 0.526708 0.220542
vt 0.550961 0.247574
vt 0.593765 0.295347
vt 0.461500 0.448111
vt 0.001120 0.000000
vt 0.204147 0.000000
vt 0.508405 0.207965
vt 0.656508 0.728015
vt 0.656711 0.725600
vt 0.692973 0.722094
vt 0.697673 0.728416
vt 0.709992 0.744809
vt 0.698369 0.747245
vt 0.696087 0.747720
vt 0.689851 0.744637
vt 0.182390 0.182390
vt 0.001084 0.001084
vt 0.061540 0.002578
vt 0.178711 0.081552
vt 0.256436 0.134103
vt 0.857054 0.087146
vt 1.000000 0.013909
vt 1.000000 0.764692
vt 0.974040 0.752204
vt 0.817462 0.305566
vt 0.850403 0.122983
vt 1.000000 0.625623
vt 0.846517 0.716440
vt 0.764692 0.764692
vt 0.013909 0.013909
vt 0.014535 0.000000
vt 0.283933 0.000000
vt 1.000000 0.426119
vt 0.625623 0.625623
vt 0.426119 0.426119
vt 0.741499 0.448591
vt 0.801233 0.453905
vt 1.000000 0.973557
vt 0.875142 0.684182
vt 1.000000 0.667039
vt 1.000000 0.716067
vt 0.973557 0.973557
vt 0.667039 0.667039
vt 0.182953 0.000000
vt 0.502271 0.000000
vt 1.000000 0.435857
vt 1.000000 0.557849
vt 0.566926 0.539849
vt 0.557849 0.557849
vt 0.435857 0.435857
vt 0.482959 0.424797
vt 1.000000 0.680232
vt 1.000000 0.306434
vt 0.998870 0.698156
vt 0.855949 0.855949
vt 0.680232 0.680232
vt 0.710231 0.619340
vt 0.804637 0.428163
vt 0.815302 0.433278
vt 1.000000 0.535243
vt 1.000000 0.848061
vt 0.535243 0.535243
vt 1.000000 0.497729
vt 1.000000 0.817047
vt 0.848061 0.848061
vt 0.500394 0.499852
vt 0.461646 0.461058
vt 0.467851 0.000000
vt 0.495295 0.000000
vt 0.532745 0.000573
vt 1.000000 0.454694
vt 1.000000 0.511348
vt 0.721885 0.266656
vt 0.505270 0.000543
vt 0.731890 0.356487
vt 0.710407 0.332478
vt 0.635457 0.248599
vt 0.583807 0.174811
vt 0.461642 0.000000
vt 0.500391 0.000000
vt 0.600326 0.053894
vt 0.750356 0.335410
vt 0.770813 0.373899
vt 0.511348 0.511348
vt 0.454694 0.454694
vt 0.479164 0.437829
vt 0.515845 0.457644
vt 0.514261 0.470500
vt 1.000000 0.503400
vt 0.904891 0.414838
vt 0.459577 0.000000
vt 0.839285 0.000000
vt 1.000000 0.158581
vt 0.503401 0.503401
vt 0.158581 0.158581
vt 1.000000 0.156237
vt 1.000000 0.497150
vt 0.624649 0.376865
vt 0.497150 0.497150
vt 0.156237 0.156237
vt 0.357559 0.000000
vt 0.577955 0.010652
vt 1.000000 0.424996
vt 1.000000 0.604496
vt 0.734369 0.391017
vt 0.008192 0.008192
vt 1.000000 0.423437
vt 1.000000 0.642441
vt 0.330320 0.330320
vt 1.000000 0.658180
vt 0.538258 0.195491
vt 0.540091 0.000000
vt 0.658180 0.658180
vt 0.658962 0.000000
vt 1.000000 0.459909
vt 0.479261 0.479261
vt 0.231046 0.231046
vt 0.232252 0.176041
vt 0.233494 0.125388
vt 0.236969 0.000000
vt 0.236969 0.236969
vt 1.000000 0.581827
vt 1.000000 0.341038
vt 0.579752 0.570675
vt 0.577954 0.527425
vt 0.669630 0.380965
vt 0.991317 0.305429
vt 1.000000 0.479261
vt 0.999557 0.419105
vt 1.000000 0.231046
vt 0.779569 0.381073
vt 0.782340 0.379305
vt 0.802601 0.367965
vt 0.812267 0.362645
vt 0.822887 0.356879
vt 0.963805 0.516762
vt 0.963750 0.615609
vt 0.817030 0.451638
vt 0.917560 0.571262
vt 0.911958 0.582076
vt 0.896496 0.580437
vt 0.895442 0.580322
vt 0.896994 0.566475
vt 0.884613 0.217039
vt 1.000000 0.160715
vt 1.000000 0.540423
vt 0.793659 0.340208
vt 0.441383 0.342434
vt 0.465816 0.217588
vt 0.766827 0.000000
vt 1.000000 0.231314
vt 0.231314 0.231314
vt 0.687472 0.000000
vt 0.700102 0.393030
vt 1.000000 0.233173
vt 0.765783 0.000000
vt 0.765783 0.765783
vt 0.274646 0.224621
vt 0.677453 0.542212
vt 1.000000 0.796703
vt 1.000000 0.312528
vt 0.796703 0.796703
vt 0.775551 0.625703
vt 0.715615 0.137520
vt 0.741873 0.152436
vt 0.964089 0.964089
vt 0.819850 0.819681
vt 0.831311 0.000000
vt 0.991823 0.000000
vt 1.000000 0.845964
vt 1.000000 0.905754
vt 0.636814 0.610829
vt 0.008177 0.000000
vt 0.168871 0.000176
vt 0.819848 0.000000
vt 0.964088 0.000000
vt 0.963978 0.201182
vt 0.935884 0.170327
vt 0.923210 0.503236
vt 0.926250 0.509023
vt 0.918317 0.513358
vt 0.901948 0.522268
vt 0.905106 0.494086
vt 0.905483 0.491164
vt 0.916371 0.490238
vt 0.845964 0.845964
vt 0.862066 0.766033
vt 0.905754 0.905754
vt 1.000000 0.027195
vt 0.953559 0.000000
vt 0.027195 0.027195
vt 0.286165 0.000000
vt 0.267411 0.123719
vt 0.935466 0.000000
vt 1.000000 0.046441
vt 0.935466 0.935466
vt 0.734134 0.615497
vt 1.000000 0.708028
vt 0.708027 0.708027
vt 1.000000 0.713835
vt 0.553840 0.508939
vt 0.487538 0.423722
vt 0.663666 0.382365
vt 0.593380 0.495732
vt 0.571211 0.531184
vt 0.814310 0.448598
vt 0.733979 0.358821
vt 0.772222 0.375851
vt 0.778030 0.380400
vt 0.544744 0.203431
vt 0.536758 0.252465
vt 0.378373 0.000000
vt 0.571997 0.000000
vt 0.717708 0.449844
vt 1.000000 0.428003
vt 1.000000 0.621627
vt 0.662596 0.455257
vt 0.498215 0.000000
vt 0.614844 0.000000
vt 0.598339 0.597911
vt 0.503384 0.502845
vt 0.711769 0.257954
vt 0.385585 0.000412
vt 0.502347 0.000540
vt 0.598337 0.000000
vt 0.599259 0.051597
vt 0.503381 0.000000
vt 0.623169 0.623169
vt 1.000000 0.813469
vt 1.000000 0.311113
vt 0.813469 0.813469
vt 0.459564 0.000000
vt 0.839116 0.000000
vt 0.797854 0.797854
vt 1.000000 0.810543
vt 0.809869 0.633614
vt 1.000000 0.623169
vt 0.810543 0.810543
vt 0.841407 0.000000
vt 1.000000 0.160884
vt 1.000000 0.540437
vt 0.571381 0.079774
vt 0.497189 0.000000
vt 0.311113 0.311113
vt 0.387497 0.337173
vt 0.400489 0.320549
vt 0.847183 0.679793
vt 1.000000 0.802864
vt 0.273573 0.273573
vt 0.277519 0.000000
vt 0.727764 0.000000
vt 1.000000 0.227863
vt 0.949595 0.035486
vt 0.924111 0.000000
vt 1.000000 0.273573
vt 0.841407 0.841407
vt 0.497189 0.497189
vt 0.620125 0.135427
vt 0.715455 0.570167
vt 0.690967 0.572546
vt 0.576810 0.576810
vt 0.374565 0.374565
vt 0.727764 0.727764
vt 1.000000 0.722482
vt 0.952719 0.929439
vt 1.000000 0.938575
vt 0.924110 0.924110
vt 0.224774 0.224774
vt 0.229822 0.000000
vt 0.225987 0.178282
vt 1.000000 0.577175
vt 0.229822 0.229822
vt 0.179047 0.000000
vt 0.878402 0.477047
vt 1.000000 0.560011
vt 0.577175 0.577175
vt 0.560011 0.560011
vt 0.570164 0.539806
vt 1.000000 0.224774
vt 0.999537 0.420653
vt 0.991579 0.870890
vt 0.989321 0.895861
vt 0.988344 0.865119
vt 0.998837 0.698673
vt 1.000000 0.298174
vt 1.000000 0.851446
vt 0.859832 0.859832
vt 0.851446 0.851446
vt 1.000000 0.820953
vt 0.830567 0.000000
vt 0.819104 0.818935
vt 0.600941 0.600516
vt 0.617445 0.000000
vt 0.726473 0.271949
vt 1.000000 0.512589
vt 1.000000 0.845063
vt 0.169617 0.000176
vt 0.382981 0.000409
vt 0.934813 0.170077
vt 0.822010 0.355079
vt 0.811374 0.360984
vt 0.780816 0.377551
vt 0.777638 0.379140
vt 0.772217 0.374938
vt 0.755717 0.344044
vt 0.602236 0.055049
vt 0.600938 0.000000
vt 0.819103 0.000000
vt 0.860779 0.766979
vt 0.845063 0.845063
vt 0.512589 0.512589
vt 0.516904 0.458215
vt 0.857529 0.642215
vt 0.859195 0.692323
vt 0.896799 0.441519
vt 0.833012 0.238176
vt 0.903399 0.295540
vt 1.000000 0.374565
vt 1.000000 0.576810
vt 0.227863 0.227863
vt 0.061425 0.000000
vt 0.333472 0.100832
vt 0.426497 0.157003
vt 0.844904 0.380648
vt 0.757636 0.317060
vt 0.449225 0.000000
vt 0.845088 0.000000
vt 1.000000 0.154912
vt 1.000000 0.550775
vt 0.845783 0.547614
vt 0.541180 0.541180
vt 0.160703 0.160703
vt 0.946536 0.116583
vt 0.693016 0.393913
vt 0.310708 0.000000
vt 1.000000 0.228620
vt 0.228620 0.228620
vt 0.228921 0.000000
vt 0.229974 0.000000
vt 0.228920 0.228920
vt 0.377802 0.000000
vt 0.388527 0.268522
vt 0.229974 0.229974
vt 0.377802 0.377802
vt 0.689292 0.000000
vt 1.000000 0.218537
vt 1.000000 0.800098
vt 0.533004 0.190226
vt 0.343167 0.000000
vt 0.534608 0.000000
vt 1.000000 0.465392
vt 1.000000 0.656833
vt 0.877922 0.877922
vt 0.485318 0.485318
vt 0.618294 0.480016
vt 0.989335 0.896527
vt 0.990221 0.887155
vt 0.999540 0.423406
vt 1.000000 0.485318
vt 1.000000 0.877922
vt 0.989404 0.905891
vt 0.930133 0.180748
vt 0.935760 0.171636
vt 0.963977 0.202446
vt 0.963805 0.515944
vt 0.823209 0.356054
vt 0.921075 0.561330
vt 0.919927 0.566693
vt 0.917624 0.571139
vt 0.898888 0.566799
vt 0.897006 0.566361
vt 0.901928 0.522445
vt 0.918482 0.513428
vt 0.926381 0.509136
vt 0.929720 0.509513
vt 0.931949 0.509771
vt 1.000000 0.160703
vt 1.000000 0.541180
vt 0.199902 0.000000
vt 0.781463 0.000000
vt 1.000000 0.239785
vt 0.885326 0.275310
vt 0.621213 0.000000
vt 0.239346 0.000000
vt 0.239785 0.239785
vt 0.238544 0.000000
vt 0.239347 0.239347
vt 0.809674 0.000000
vt 1.000000 0.378787
vt 0.808829 0.177445
vt 1.000000 0.796946
vt 0.809674 0.809674
vt 0.949442 0.223338
vt 1.000000 0.761457
vt 0.796946 0.796946
vt 0.866707 0.534069
vt 0.989304 0.896390
vt 0.989376 0.905966
vt 0.985049 0.917388
vt 0.988325 0.865414
vt 1.000000 0.963726
vt 0.646782 0.620515
vt 1.000000 0.907198
vt 0.922661 0.489703
vt 0.936419 0.488576
vt 0.931978 0.509633
vt 0.929865 0.509398
vt 0.926387 0.508999
vt 0.923292 0.503122
vt 0.916543 0.490224
vt 0.862208 0.763600
vt 0.859772 0.693175
vt 0.858133 0.642541
vt 0.964496 0.699996
vt 0.963726 0.963726
vt 0.907198 0.907198
vt 0.201218 0.000000
vt 1.000000 0.732945
vt 0.732945 0.732945
vt 0.166321 0.000000
vt 1.000000 0.467127
vt 1.000000 0.817981
vt 0.817981 0.817981
vt 0.467127 0.467127
vt 0.490706 0.425330
vt 0.612793 0.213315
vt 0.781083 0.156473
vt 0.565849 0.565849
vt 0.173617 0.173617
vt 0.654821 0.183346
vt 0.380727 0.380727
vt 0.147564 0.147564
vt 0.334218 0.000000
vt 1.000000 0.147631
vt 1.000000 0.173617
vt 1.000000 0.565849
vt 0.691047 0.527054
vt 0.147631 0.147631
vt 0.621424 0.000000
vt 0.993147 0.356129
vt 0.918280 0.192843
vt 1.000000 0.147564
vt 1.000000 0.380727
vt 1.000000 0.665782
vt 0.378576 0.000000
vt 0.663777 0.281285
vt 0.709591 0.332477
vt 0.884156 0.527670
vt 0.857815 0.586889
vt 0.699365 0.475622
vt 0.692234 0.437313
vt 0.798782 0.000000
vt 0.993488 0.551704
vt 0.653836 0.626300
vt 0.921846 0.548547
vt 0.708282 0.136352
vt 0.732179 0.109396
vt 0.833679 0.000000
vt 0.936909 0.000000
vt 0.936704 0.705069
vt 0.414834 0.184675
vt 0.440028 0.000000
vt 1.000000 0.190271
vt 1.000000 0.874276
vt 0.936909 0.936909
vt 0.440028 0.440028
vt 1.000000 0.385391
vt 1.000000 0.877708
vt 0.874276 0.874276
vt 0.190271 0.190271
vt 0.385391 0.385391
vt 0.396276 0.000000
vt 0.877706 0.000000
vt 0.877708 0.877708
vt 1.000000 0.922461
vt 0.877706 0.877706
vt 0.396276 0.396276
vt 1.000000 0.631691
vt 0.726305 0.000000
vt 0.922895 0.000000
vt 0.922461 0.922461
vt 0.631692 0.631692
vt 0.930141 0.853637
vt 0.922895 0.922895
vt 0.726304 0.726304
vt 0.765806 0.476879
vt 0.929895 0.477156
vt 0.726802 0.007825
vt 0.726256 0.016008
vt 0.695702 0.158405
vt 0.484516 0.377496
vt 0.462965 0.403708
vt 0.080719 0.026352
vt 0.104462 0.010044
vt 0.146280 0.023377
vt 0.643456 0.014258
vt 0.732003 0.113119
vt 0.726484 0.119843
vt 0.724393 0.113119
vt 0.732003 0.763804
vt 0.724393 0.763804
vt 0.709342 0.743741
vt 0.732943 0.741924
vt 0.733301 0.761864
vt 0.964614 0.624929
vt 0.965227 0.625316
vt 0.931001 0.625316
vt 0.934129 0.613881
vt 0.934919 0.611063
vt 0.936481 0.609537
vt 0.937899 0.608200
vt 0.938532 0.608590
vt 1.000000 0.127292
vt 0.856960 0.000000
vt 0.154800 0.000000
vt 0.127292 0.127292
vt 1.000000 0.143040
vt 0.693348 0.000000
vt 1.000000 0.843710
vt 0.265216 0.265216
vt 0.183512 0.000000
vt 0.531666 0.000000
vt 0.843777 0.221236
vt 0.788141 0.382678
vt 0.578624 0.504836
vt 0.531666 0.531666
vt 0.183512 0.183512
vt 1.000000 0.398696
vt 0.591905 0.225172
vt 1.000000 0.212614
vt 1.000000 0.503504
vt 0.727980 0.727980
vt 0.391169 0.391169
vt 1.000000 0.164755
vt 0.503504 0.503504
vt 0.164755 0.164755
vt 0.681094 0.525804
vt 0.829169 0.232673
vt 0.869902 0.214984
vt 0.900883 0.201676
vt 0.913000 0.198216
vt 0.992427 0.363271
vt 1.000000 0.391169
vt 1.000000 0.727981
vt 0.918352 0.782516
vt 0.861477 0.653702
vt 0.698292 0.475429
vt 0.627023 0.438642
vt 0.520273 0.383391
vt 0.629594 0.256915
vt 0.635967 0.250209
vt 0.662301 0.279635
vt 0.691224 0.436411
vt 0.398695 0.398695
vt 0.212614 0.212614
vt 1.000000 0.265215
vt 0.693348 0.693348
vt 0.207749 0.000000
vt 0.526888 0.000000
vt 0.549255 0.543261
vt 0.161156 0.000000
vt 0.375236 0.229004
vt 0.424387 0.282741
vt 0.466410 0.466410
vt 0.526888 0.526888
vt 0.207749 0.207749
vt 0.196754 0.000000
vt 1.000000 0.466410
vt 0.708097 0.558434
vt 0.592173 0.538345
vt 0.383463 0.000000
vt 0.877516 0.000000
vt 0.877052 0.877052
vt 0.394166 0.394166
vt 0.878097 0.138416
vt 0.895910 0.476599
vt 0.968234 0.401959
vt 1.000000 0.394166
vt 1.000000 0.877052
vt 0.158925 0.158925
vt 0.678821 0.000000
vt 0.856018 0.856018
vt 1.000000 0.838844
vt 0.678821 0.678821
vt 1.000000 0.188284
vt 1.000000 0.874358
vt 0.877516 0.877516
vt 0.383463 0.383463
vt 0.518773 0.243534
vt 1.000000 0.339251
vt 0.747092 0.747092
vt 0.660748 0.000000
vt 0.695388 0.008942
vt 0.655630 0.179869
vt 0.288126 0.180072
vt 0.170431 0.170431
vt 0.325808 0.000000
vt 0.143816 0.143816
vt 1.000000 0.170431
vt 0.628478 0.000000
vt 0.731064 0.006219
vt 0.733543 0.000000
vt 1.000000 0.143816
vt 0.915389 0.190697
vt 0.828156 0.228320
vt 0.813968 0.217061
vt 0.698330 0.158179
vt 0.729982 0.014535
vt 0.371522 0.000000
vt 0.864818 0.529049
vt 1.000000 0.674192
vt 1.000000 0.747092
vt 0.733543 0.733543
vt 0.859429 0.588507
vt 0.870888 0.562494
vt 0.885743 0.529444
vt 0.963750 0.616669
vt 0.963688 0.728582
vt 0.893668 0.596148
vt 0.895425 0.580471
vt 0.912007 0.582263
vt 0.943849 0.600481
vt 0.937835 0.608022
vt 0.936437 0.609407
vt 0.934873 0.610941
vt 0.125642 0.000000
vt 0.811716 0.000000
vt 1.000000 0.158925
vt 1.000000 0.856018
vt 0.856740 0.539124
vt 1.000000 0.799517
vt 0.264617 0.000000
vt 0.322645 0.000000
vt 1.000000 0.159611
vt 0.799517 0.799517
vt 0.853725 0.853725
vt 0.159611 0.159611
vt 0.147557 0.000000
vt 0.836844 0.000000
vt 0.836844 0.836844
vt 0.147557 0.147557
vt 0.188674 0.000000
vt 0.874717 0.000000
vt 1.000000 0.406234
vt 1.000000 0.831453
vt 0.406234 0.406234
vt 0.846221 0.407843
vt 0.831453 0.831453
vt 0.600285 0.000000
vt 0.788333 0.000000
vt 0.775684 0.412580
vt 0.600285 0.600285
vt 1.000000 0.264779
vt 1.000000 0.802652
vt 0.788333 0.788333
vt 0.677355 0.000000
vt 1.000000 0.735383
vt 0.802652 0.802652
vt 0.264779 0.264779
vt 1.000000 0.811326
vt 0.492388 0.000000
vt 0.937128 0.000000
vt 1.000000 0.125283
vt 0.936973 0.183072
vt 0.937128 0.937128
vt 0.492388 0.492388
vt 0.438193 0.000000
vt 0.698377 0.000000
vt 0.698377 0.698377
vt 0.438192 0.438192
vt 0.697715 0.413943
vt 0.696890 0.160151
vt 0.807439 0.215047
vt 0.812960 0.219508
vt 0.826118 0.231900
vt 0.813587 0.331724
vt 0.860234 0.652974
vt 0.917764 0.782908
vt 0.875604 0.811068
vt 0.464470 0.405194
vt 0.484467 0.380070
vt 0.537977 0.317871
vt 0.963688 0.729583
vt 0.963574 0.936806
vt 0.463037 0.449608
vt 0.519487 0.384300
vt 0.627639 0.439967
vt 0.687633 0.470905
vt 0.698898 0.476772
vt 0.860658 0.591314
vt 0.878606 0.615156
vt 0.925988 0.678836
vt 0.709283 0.743662
vt 0.693094 0.722082
vt 0.732519 0.718269
vt 0.732941 0.741817
vt 0.722144 0.742663
vt 0.890400 0.625316
vt 0.893653 0.596288
vt 0.914581 0.603827
vt 0.934788 0.611114
vt 0.934223 0.613146
vt 0.930817 0.625316
vt 0.762861 0.265550
vt 0.728031 0.000000
vt 0.922791 0.000000
vt 0.929865 0.078556
vt 0.929709 0.432644
vt 0.728031 0.728031
vt 1.000000 0.507820
vt 1.000000 0.878464
vt 0.922791 0.922791
vt 0.507820 0.507820
vt 0.398610 0.000000
vt 0.877357 0.000000
vt 0.878464 0.878464
vt 0.877593 0.695533
vt 0.877357 0.877357
vt 0.398610 0.398610
vt 0.405596 0.394634
vt 0.480377 0.442173
vt 0.175196 0.175196
vt 0.516671 0.243116
vt 0.743817 0.743817
vt 0.141777 0.021807
vt 0.104893 0.009749
vt 0.119087 0.000000
vt 0.730128 0.000000
vt 0.727834 0.005750
vt 0.335669 0.030677
vt 0.730128 0.730128
vt 0.119087 0.119087
vt 0.874650 0.119115
vt 1.000000 0.175196
vt 1.000000 0.743817
vt 0.726522 0.119964
vt 0.732148 0.113119
vt 0.733336 0.113119
vt 0.733336 0.121363
vt 0.727772 0.123984
vt 0.733336 0.763804
vt 0.732148 0.763804
vt 0.733304 0.762048
vt 0.968558 0.614621
vt 0.968558 0.625316
vt 0.965543 0.625316
vt 0.964935 0.624938
vt 0.963040 0.623755
vt 0.938046 0.608039
vt 0.943988 0.600560
vt 0.966583 0.613487
vt 0.407286 0.407286
vt 0.011210 0.000000
vt 0.439198 0.380190
vt 1.000000 0.407286
vt 0.595816 0.000000
vt 0.621445 0.565204
vt 1.000000 0.988790
vt 0.595816 0.595816
vt 0.699647 0.313469
vt 0.698838 0.315900
vt 0.690584 0.309091
vt 0.691983 0.306992
vt 0.914744 0.371212
vt 0.622197 0.532085
vt 0.516558 0.370280
vt 0.537765 0.319709
vt 0.823255 0.225345
vt 0.768190 0.574653
vt 0.827530 0.513293
vt 0.412722 0.372681
vt 0.721660 0.373811
vt 0.613743 0.231986
vt 0.441315 0.378392
vt 0.015569 0.000000
vt 0.400791 0.000000
vt 0.791266 0.362361
vt 1.000000 0.599209
vt 1.000000 0.984431
vt 0.623207 0.563100
vt 0.692075 0.306853
vt 0.699632 0.295515
vt 0.705012 0.297355
vt 0.699703 0.313301
vt 0.941747 0.624716
vt 0.663816 0.625688
vt 0.773081 0.486423
vt 0.614989 0.230928
vt 0.403056 0.000000
vt 0.886962 0.000000
vt 1.000000 0.113038
vt 1.000000 0.596944
vt 0.792266 0.361166
vt 0.711605 0.277550
vt 0.705043 0.297260
vt 0.699687 0.295433
vt 0.898056 0.785848
vt 0.763241 0.639240
vt 0.731030 0.577882
vt 0.569859 0.267740
vt 0.830371 0.000000
vt 0.898361 0.000000
vt 0.102753 0.000000
vt 0.484515 0.000000
vt 0.834971 0.609639
vt 0.878276 0.685907
vt 0.886280 0.784195
vt 1.000000 0.169629
vt 0.895561 0.003619
vt 1.000000 0.101639
vt 1.000000 0.343835
vt 0.952459 0.356848
vt 0.484515 0.484515
vt 0.102753 0.102753
vt 0.293851 0.000000
vt 0.795219 0.508224
vt 0.418358 0.370998
vt 0.343835 0.343835
vt 1.000000 0.420002
vt 0.297499 0.000000
vt 0.420002 0.420002
vt 0.785796 0.000000
vt 0.891316 0.000000
vt 0.891699 0.880116
vt 0.666923 0.666923
vt 0.666336 0.000000
vt 0.666336 0.666336
vt 1.000000 0.706149
vt 0.297499 0.297499
vt 0.507661 0.000000
vt 1.000000 0.108684
vt 1.000000 0.214204
vt 0.601060 0.000000
vt 0.818621 0.000000
vt 0.634558 0.000000
vt 0.758561 0.000000
vt 1.000000 0.331381
vt 1.000000 0.456915
vt 0.456915 0.456915
vt 0.331381 0.331381
vt 0.711285 0.364893
vt 0.711306 0.471830
vt 1.000000 0.750706
vt 0.976829 0.730464
vt 1.000000 0.740153
vt 0.912899 0.255575
vt 1.000000 0.241439
vt 1.000000 0.365442
vt 0.809849 0.659633
vt 0.750706 0.750706
vt 0.740153 0.740153
vt 0.717159 0.639940
vt 0.945846 0.531102
vt 0.945832 0.533284
vt 0.913899 0.534277
vt 0.787862 0.535807
vt 0.680052 0.386608
vt 0.718729 0.363130
vt 0.772480 0.326497
vt 0.800561 0.304664
vt 0.892378 0.355395
vt 0.902138 0.387746
vt 0.622708 0.340418
vt 0.616985 0.325491
vt 0.616477 0.324162
vt 0.616664 0.323959
vt 0.632279 0.312340
vt 0.633908 0.311141
vt 0.650619 0.313453
vt 0.655263 0.323381
vt 0.657263 0.327683
vt 0.654085 0.329087
vt 0.627398 0.340843
vt 1.000000 0.666923
vt 0.181379 0.000000
vt 0.398940 0.000000
vt 1.000000 0.492339
vt 0.335203 0.000000
vt 1.000000 0.665836
vt 1.000000 0.774061
vt 0.318832 0.000000
vt 0.335203 0.335203
vt 0.293199 0.000000
vt 1.000000 0.752876
vt 0.247209 0.000000
vt 1.000000 0.706801
vt 0.752876 0.752876
vt 1.000000 0.641486
vt 0.247209 0.247209
vt 0.473736 0.246424
vt 0.641486 0.641486
vt 0.853228 0.506312
vt 1.000000 0.718601
vt 0.432090 0.248359
vt 1.000000 0.681168
vt 0.718601 0.718601
vt 0.421444 0.338142
vt 0.344701 0.000000
vt 0.584171 0.109823
vt 0.841583 0.228255
vt 0.841515 0.841515
vt 0.091777 0.091777
vt 0.139295 0.000000
vt 0.393582 0.358357
vt 0.344701 0.344701
vt 0.139295 0.139295
vt 0.658705 0.328894
vt 0.657409 0.327695
vt 0.655388 0.323360
vt 0.650755 0.313434
vt 0.659101 0.306733
vt 0.670266 0.315988
vt 0.666163 0.333786
vt 0.663177 0.333030
vt 0.934657 0.246011
vt 1.000000 0.091777
vt 1.000000 0.841515
vt 0.770708 0.612325
vt 0.759424 0.303602
vt 0.774061 0.774061
vt 0.665977 0.337278
vt 0.665836 0.665836
vt 0.820120 0.000000
vt 0.181324 0.099148
vt 1.000000 0.127661
vt 0.610026 0.000000
vt 0.894048 0.355861
vt 0.934040 0.352584
vt 0.947059 0.351522
vt 0.945874 0.527017
vt 0.617014 0.323581
vt 0.632038 0.307331
vt 0.633805 0.311085
vt 0.915128 0.038101
vt 0.820120 0.820120
vt 0.610026 0.610026
vt 0.224527 0.000000
vt 0.178084 0.178084
vt 0.767801 0.000000
vt 1.000000 0.178084
vt 0.847573 0.155364
vt 1.000000 0.727877
vt 0.332070 0.332070
vt 0.659215 0.331499
vt 0.727877 0.727877
vt 1.000000 0.775473
vt 0.767801 0.767801
vt 1.000000 0.496661
vt 0.605784 0.000000
vt 0.820204 0.000000
vt 1.000000 0.329687
vt 0.496661 0.496661
vt 0.329687 0.329687
vt 1.000000 0.332070
vt 1.000000 0.394216
vt 0.797613 0.180040
vt 1.000000 0.179796
vt 0.947067 0.350317
vt 0.893085 0.354681
vt 0.800615 0.303592
vt 0.786835 0.273491
vt 0.767694 0.230094
vt 0.948009 0.210707
vt 0.644093 0.294293
vt 0.659011 0.306659
vt 0.650660 0.313366
vt 0.639523 0.311826
vt 0.633954 0.311044
vt 0.632141 0.307220
vt 0.763317 0.481002
vt 0.768855 0.610472
vt 0.462476 0.304229
vt 0.685392 0.132404
vt 0.739564 0.257726
vt 0.757941 0.301096
vt 1.000000 0.834981
vt 1.000000 0.899193
vt 0.901747 0.893271
vt 0.899105 0.117995
vt 0.899193 0.899193
vt 0.834981 0.834981
vt 0.572636 0.303857
vt 0.731361 0.158117
vt 0.763185 0.129513
vt 0.761040 0.000000
vt 0.915460 0.000000
vt 1.000000 0.102773
vt 1.000000 0.327888
vt 0.327888 0.327888
vt 0.102773 0.102773
vt 0.440552 0.000000
vt 0.711215 0.000000
vt 0.711284 0.361517
vt 1.000000 0.084540
vt 1.000000 0.238960
vt 0.914093 0.253231
vt 1.000000 0.559448
vt 0.908538 0.288861
vt 1.000000 0.288785
vt 0.944848 0.679043
vt 0.898541 0.653118
vt 0.839038 0.606413
vt 0.835836 0.602198
vt 0.788520 0.536717
vt 0.915633 0.535024
vt 0.945826 0.534095
vt 0.622560 0.340405
vt 0.606704 0.338970
vt 0.603999 0.337658
vt 0.616408 0.324237
vt 0.616888 0.325490
vt 1.000000 0.098339
vt 0.915816 0.000000
vt 0.098339 0.098339
vt 1.000000 0.319890
vt 0.337922 0.000000
vt 0.319890 0.319890
vt 0.431215 0.112446
vt 1.000000 0.112258
vt 1.000000 0.305108
vt 0.711409 0.207458
vt 0.112258 0.112258
vt 0.243723 0.000000
vt 1.000000 0.084184
vt 0.305108 0.305108
vt 0.243723 0.243723
vt 1.000000 0.245607
vt 0.291303 0.000000
vt 0.245607 0.245607
vt 1.000000 0.662078
vt 0.291303 0.291303
vt 0.102019 0.000000
vt 0.480936 0.000000
vt 0.940338 0.585930
vt 0.879134 0.101051
vt 0.871555 0.189358
vt 0.827959 0.222743
vt 0.480936 0.480936
vt 0.102019 0.102019
vt 1.000000 0.462397
vt 1.000000 0.711352
vt 0.286066 0.000000
vt 0.630243 0.000000
vt 0.711307 0.477120
vt 0.711352 0.711352
vt 0.462397 0.462397
vt 0.574657 0.493162
vt 0.639857 0.531579
vt 0.954361 0.717301
vt 0.970679 0.727104
vt 1.000000 0.752657
vt 1.000000 0.917404
vt 0.860548 0.778380
vt 1.000000 0.369757
vt 1.000000 0.713934
vt 0.969247 0.879944
vt 0.917404 0.917404
vt 0.752657 0.752657
vt 0.810737 0.662035
vt 0.654154 0.329166
vt 0.657325 0.327781
vt 0.658603 0.328960
vt 0.663086 0.333122
vt 0.661639 0.334800
vt 0.656415 0.340849
vt 0.648064 0.341287
vt 0.637903 0.341793
vt 0.627630 0.340864
vt 1.000000 0.231945
vt 0.810804 0.194357
vt 0.775014 0.000000
vt 0.231945 0.231945
vt 0.501580 0.000000
vt 1.000000 0.672310
vt 0.501580 0.501580
vt 0.672310 0.672310
vt 0.459894 0.000000
vt 0.459893 0.459893
vt 0.339242 0.000000
vt 0.378505 0.062652
vt 0.512447 0.276705
vt 1.000000 0.323315
vt 0.660758 0.000000
vt 0.265540 0.000000
vt 0.323315 0.323315
vt 1.000000 0.332108
vt 0.336163 0.163184
vt 0.295837 0.064621
vt 0.387102 0.000000
vt 0.332108 0.332108
vt 1.000000 0.224986
vt 0.387102 0.387102
vt 0.736311 0.000000
vt 0.082297 0.000000
vt 1.000000 0.716090
vt 0.716090 0.716090
vt 1.000000 0.734460
vt 0.917703 0.000000
vt 1.000000 0.073343
vt 0.263689 0.000000
vt 0.073343 0.073343
vt 0.128481 0.000000
vt 0.084804 0.084804
vt 0.493006 0.431545
vt 0.401051 0.363179
vt 0.276761 0.256265
vt 0.128481 0.128481
vt 0.174228 0.000000
vt 1.000000 0.691104
vt 1.000000 0.737014
vt 0.967677 0.723414
vt 0.954001 0.715389
vt 0.819420 0.636083
vt 0.747441 0.593617
vt 0.568106 0.487305
vt 0.691104 0.691104
vt 0.715646 0.642911
vt 0.737014 0.737014
vt 1.000000 0.825772
vt 0.857165 0.857165
vt 0.665701 0.366748
vt 0.590459 0.241277
vt 0.628748 0.245032
vt 0.766982 0.230170
vt 0.786202 0.273793
vt 0.799733 0.303783
vt 0.771943 0.325663
vt 0.704609 0.370244
vt 0.679218 0.385455
vt 0.857165 0.000000
vt 1.000000 0.084804
vt 0.883315 0.297215
vt 0.758353 0.299145
vt 0.686272 0.131726
vt 0.642187 0.000000
vt 1.000000 0.265847
vt 0.846690 0.334841
vt 0.265847 0.265847
vt 0.073834 0.000000
vt 1.000000 0.357813
vt 0.471164 0.226282
vt 0.244692 0.000000
vt 1.000000 0.341307
vt 0.244692 0.244692
vt 0.972590 0.246315
vt 0.341307 0.341307
vt 0.432972 0.421239
vt 1.000000 0.916536
vt 0.841608 0.000000
vt 0.841583 0.224126
vt 0.583471 0.106226
vt 0.351985 0.000000
vt 0.571405 0.491148
vt 1.000000 0.918456
vt 1.000000 0.955289
vt 0.841608 0.841608
vt 0.351985 0.351985
vt 0.403385 0.366457
vt 0.495952 0.435131
vt 0.968854 0.882067
vt 0.955289 0.955289
vt 0.918456 0.918456
vt 0.944974 0.899303
vt 0.664636 0.340411
vt 0.660206 0.340650
vt 0.656522 0.340843
vt 0.663157 0.333165
vt 0.666135 0.333906
vt 0.916536 0.916536
vt 0.073834 0.073834
vt 0.579845 0.179053
vt 0.760825 0.232902
vt 0.817539 0.326495
vt 1.000000 0.826073
vt 0.728305 0.728305
vt 0.728140 0.685304
vt 0.825847 0.000000
vt 0.826073 0.826073
vt 0.842197 0.000000
vt 1.000000 0.138395
vt 0.138395 0.138395
vt 0.423474 0.138474
vt 1.000000 0.415992
vt 1.000000 0.333235
vt 0.415992 0.415992
vt 1.000000 0.728305
vt 0.759707 0.375673
vt 0.945729 0.579763
vt 1.000000 0.174153
vt 0.460904 0.159073
vt 1.000000 0.157803
vt 0.948309 0.166252
vt 0.948016 0.209748
vt 0.589914 0.240560
vt 0.554958 0.222085
vt 0.448098 0.163844
vt 0.466526 0.132652
vt 0.649377 0.090969
vt 0.670804 0.315742
vt 0.670355 0.315893
vt 0.644175 0.294204
vt 0.647899 0.290176
vt 0.676403 0.313826
vt 0.823263 0.637889
vt 0.789190 0.660705
vt 0.819333 0.655508
vt 0.290190 0.125636
vt 0.833123 0.057564
vt 0.800651 0.000000
vt 1.000000 0.143912
vt 1.000000 0.194140
vt 0.729328 0.000000
vt 0.199349 0.000000
vt 0.270672 0.000000
vt 0.883046 0.788231
vt 0.049756 0.029516
vt 0.058836 0.035123
vt 0.874950 0.126108
vt 0.194140 0.194140
vt 0.143912 0.143912
vt 0.540268 0.540268
vt 0.080464 0.080464
vt 0.066268 0.065731
vt 0.476079 0.065601
vt 0.653159 0.293828
vt 0.656709 0.298331
vt 0.629730 0.530406
vt 1.000000 0.080464
vt 1.000000 0.540268
vt 0.760436 0.070803
vt 0.764441 0.069673
vt 0.927223 0.027609
vt 0.949306 0.010923
vt 0.707757 0.250711
vt 0.712593 0.275790
vt 0.661310 0.275731
vt 0.661325 0.275790
vt 0.712261 0.276338
vt 0.701082 0.293071
vt 0.821194 0.415915
vt 0.676700 0.183588
vt 0.767961 0.238995
vt 0.639305 0.639305
vt 0.725604 0.683991
vt 0.725688 0.725688
vt 1.000000 0.639305
vt 1.000000 0.725688
vt 0.947229 0.581409
vt 0.447101 0.163301
vt 0.413180 0.144813
vt 0.465051 0.132988
vt 0.798859 0.000000
vt 0.725851 0.208504
vt 0.731793 0.000000
vt 0.191865 0.000000
vt 1.000000 0.720933
vt 1.000000 0.750064
vt 0.144698 0.000000
vt 0.720933 0.720933
vt 0.868290 0.156726
vt 0.750064 0.750064
vt 0.798859 0.798859
vt 0.731793 0.731793
vt 1.000000 0.799248
vt 1.000000 0.848882
vt 0.596288 0.219633
vt 0.483796 0.072964
vt 0.684144 0.292771
vt 0.657720 0.297139
vt 0.654106 0.292647
vt 0.761699 0.070085
vt 0.758914 0.070852
vt 0.723653 0.074037
vt 0.920587 0.029143
vt 0.811086 0.056742
vt 0.876072 0.000000
vt 1.000000 0.155815
vt 1.000000 0.378066
vt 0.803604 0.147770
vt 0.677951 0.000000
vt 0.378066 0.378066
vt 0.155815 0.155815
vt 0.241020 0.000000
vt 0.564182 0.000000
vt 0.564182 0.564182
vt 0.241020 0.241020
vt 0.708534 0.241361
vt 0.876072 0.876072
vt 0.677951 0.677951
vt 0.672710 0.649073
vt 0.875803 0.421383
vt 0.840515 0.000000
vt 0.840382 0.356085
vt 0.581626 0.000000
vt 0.860388 0.000000
vt 1.000000 0.159484
vt 1.000000 0.418374
vt 0.861572 0.253586
vt 0.648639 0.000000
vt 0.860408 0.842577
vt 0.860388 0.860388
vt 0.648638 0.648638
vt 0.663448 0.605609
vt 0.675316 0.572946
vt 0.675543 0.320051
vt 0.675253 0.320302
vt 0.674692 0.320775
vt 0.668026 0.326360
vt 0.670403 0.316022
vt 0.670856 0.315860
vt 0.671206 0.315740
vt 1.000000 0.877448
vt 0.749612 0.749612
vt 0.028250 0.028250
vt 1.000000 0.487150
vt 0.850709 0.850709
vt 0.271525 0.271525
vt 0.307389 0.233046
vt 0.526620 0.000000
vt 0.849700 0.000000
vt 1.000000 0.614679
vt 1.000000 0.814145
vt 0.545060 0.359037
vt 1.000000 0.028250
vt 1.000000 0.749612
vt 0.814145 0.814145
vt 0.614679 0.614679
vt 0.432710 0.000000
vt 0.754803 0.000000
vt 1.000000 0.150300
vt 1.000000 0.473380
vt 0.754803 0.754803
vt 0.432710 0.432710
vt 0.756669 0.290076
vt 0.761610 0.351730
vt 0.596720 0.000000
vt 0.311216 0.099642
vt 0.406352 0.150248
vt 0.624948 0.269456
vt 0.557950 0.362282
vt 0.352493 0.000000
vt 0.861352 0.000000
vt 0.860414 0.837076
vt 0.675553 0.567866
vt 1.000000 0.403280
vt 0.594443 0.000000
vt 0.594444 0.594444
vt 0.138648 0.000000
vt 0.647507 0.000000
vt 0.877905 0.256562
vt 1.000000 0.392545
vt 0.700459 0.333822
vt 0.695988 0.334733
vt 0.695034 0.334045
vt 0.692874 0.332483
vt 0.676705 0.320805
vt 0.675622 0.320008
vt 0.671314 0.315703
vt 0.687780 0.310075
vt 0.690501 0.309163
vt 0.698784 0.315985
vt 0.710748 0.331706
vt 0.945480 0.264373
vt 1.000000 0.271525
vt 1.000000 0.850708
vt 0.877448 0.877448
vt 0.487149 0.487149
vt 0.193718 0.000000
vt 0.586262 0.000000
vt 0.718217 0.524181
vt 0.586262 0.586262
vt 0.193718 0.193718
vt 0.250285 0.000000
vt 0.977326 0.000000
vt 1.000000 0.012068
vt 1.000000 0.506700
vt 0.549610 0.491206
vt 0.506700 0.506700
vt 0.012068 0.012068
vt 0.996499 0.329348
vt 0.792269 0.403382
vt 0.757658 0.517984
vt 0.360791 0.179851
vt 0.386332 0.113261
vt 0.431568 0.000000
vt 0.757672 0.000000
vt 0.568432 0.000000
vt 1.000000 0.204918
vt 1.000000 0.758823
vt 0.242328 0.000000
vt 1.000000 0.749715
vt 0.758823 0.758823
vt 0.204918 0.204918
vt 0.294054 0.000000
vt 0.946628 0.000000
vt 1.000000 0.022674
vt 0.294054 0.294054
vt 0.421457 0.283805
vt 0.506187 0.277431
vt 0.946627 0.946627
vt 0.767857 0.000000
vt 1.000000 0.840201
vt 0.816676 0.656969
vt 0.786034 0.303028
vt 0.762632 0.030696
vt 0.840380 0.361556
vt 0.840201 0.840201
vt 0.577461 0.000000
vt 0.089795 0.000000
vt 0.394829 0.144731
vt 0.404010 0.149112
vt 0.374072 0.131462
vt 0.910205 0.000000
vt 1.000000 0.149851
vt 0.149851 0.149851
vt 1.000000 0.232143
vt 1.000000 0.422538
vt 0.644932 0.000000
vt 0.671293 0.566562
vt 0.644931 0.644931
vt 0.350045 0.000000
vt 0.427297 0.136047
vt 0.539719 0.334280
vt 1.000000 0.389723
vt 0.649955 0.000000
vt 0.695862 0.334764
vt 0.689012 0.338824
vt 0.671499 0.349203
vt 0.664794 0.340414
vt 0.667989 0.326518
vt 0.675640 0.320140
vt 0.689953 0.330480
vt 0.278350 0.000000
vt 0.442820 0.000000
vt 0.708476 0.521788
vt 0.263037 0.076698
vt 0.267001 0.056756
vt 0.442820 0.442820
vt 0.278350 0.278350
vt 0.484234 0.343073
vt 1.000000 0.860246
vt 0.861579 0.564977
vt 0.766397 0.590890
vt 0.718884 0.581510
vt 0.871723 0.860246
vt 0.152363 0.016670
vt 0.135684 0.000000
vt 0.152944 0.000000
vt 0.152944 0.152944
vt 0.135684 0.135684
vt 0.092916 0.059654
vt 0.210221 0.117263
vt 0.164329 0.145983
vt 0.728583 0.355141
vt 0.718795 0.357640
vt 0.716496 0.358230
vt 0.718001 0.341236
vt 0.728045 0.354433
vt 0.530517 0.530517
vt 0.496424 0.496424
vt 0.637517 0.508537
vt 0.622765 0.379840
vt 1.000000 0.034038
vt 1.000000 0.472666
vt 0.973456 0.466140
vt 0.034038 0.034038
vt 0.017508 0.000000
vt 0.504565 0.000000
vt 0.500445 0.061315
vt 0.472666 0.472666
vt 0.765269 0.000000
vt 0.761165 0.024118
vt 0.752735 0.000000
vt 0.306042 0.000000
vt 0.315204 0.027267
vt 0.392646 0.143829
vt 0.379188 0.136767
vt 0.091662 0.000000
vt 1.000000 0.152743
vt 1.000000 0.254271
vt 0.743498 0.041281
vt 0.693958 0.000000
vt 0.908338 0.000000
vt 1.000000 0.234731
vt 1.000000 0.247265
vt 0.254271 0.254271
vt 0.152743 0.152743
vt 0.208046 0.158081
vt 1.000000 0.496425
vt 1.000000 0.530517
vt 0.874874 0.282567
vt 0.547273 0.038617
vt 0.495435 0.000000
vt 0.982492 0.000000
vt 0.945165 0.794741
vt 0.149991 0.000000
vt 0.525292 0.000000
vt 0.995190 0.794376
vt 0.862321 0.440325
vt 0.356193 0.000000
vt 1.000000 0.032970
vt 1.000000 0.543566
vt 0.543566 0.543566
vt 0.032970 0.032970
vt 0.687936 0.111983
vt 1.000000 0.474708
vt 1.000000 0.850009
vt 0.054594 0.000000
vt 0.485566 0.000000
vt 0.054578 0.000000
vt 0.595129 0.000000
vt 0.485566 0.485566
vt 0.054594 0.054594
vt 0.595129 0.595129
vt 0.054578 0.054578
vt 1.000000 0.117270
vt 1.000000 0.628890
vt 0.628889 0.628889
vt 0.117270 0.117270
vt 0.116930 0.000000
vt 0.698773 0.000000
vt 0.803334 0.131396
vt 0.825543 0.171276
vt 1.000000 0.032963
vt 1.000000 0.643807
vt 0.698773 0.698773
vt 0.116930 0.116930
vt 0.825325 0.224802
vt 0.837732 0.233268
vt 0.876971 0.279459
vt 0.725983 0.679917
vt 0.479400 0.274640
vt 0.470358 0.259562
vt 0.468894 0.178902
vt 0.480435 0.180182
vt 0.272352 0.272352
vt 0.246228 0.000000
vt 0.264107 0.000000
vt 0.355116 0.186010
vt 0.376117 0.229483
vt 0.428618 0.428618
vt 0.905724 0.769438
vt 0.667562 0.530920
vt 0.668565 0.486322
vt 1.000000 0.272352
vt 1.000000 0.428617
vt 0.994062 0.450186
vt 1.000000 0.735894
vt 1.000000 0.753772
vt 0.968319 0.755219
vt 0.614145 0.365462
vt 0.616166 0.366152
vt 0.645559 0.376445
vt 0.612701 0.384883
vt 0.610808 0.372548
vt 0.611638 0.370231
vt 0.612848 0.366944
vt 0.613418 0.365504
vt 0.880482 0.000000
vt 1.000000 0.095118
vt 1.000000 0.448446
vt 0.501234 0.000000
vt 0.448446 0.448446
vt 0.095118 0.095118
vt 0.090904 0.000000
vt 0.469921 0.000000
vt 0.787036 0.392498
vt 0.551580 0.035366
vt 0.533699 0.000000
vt 0.786034 0.000000
vt 0.527419 0.000000
vt 0.533238 0.034161
vt 0.580501 0.311948
vt 0.268137 0.000000
vt 0.527419 0.527419
vt 0.268137 0.268137
vt 1.000000 0.223020
vt 0.223019 0.223019
vt 1.000000 0.119518
vt 0.924344 0.502809
vt 0.517460 0.517460
vt 0.466301 0.000000
vt 1.000000 0.530079
vt 1.000000 0.909096
vt 0.213966 0.000000
vt 1.000000 0.611368
vt 0.935442 0.604215
vt 0.505026 0.288109
vt 0.763516 0.287820
vt 1.000000 0.534251
vt 0.611368 0.611368
vt 0.534251 0.534251
vt 0.561041 0.544317
vt 0.586183 0.562150
vt 0.886658 0.763541
vt 0.884729 0.782657
vt 0.880849 0.800684
vt 0.869727 0.784464
vt 0.860261 0.770687
vt 0.881652 0.764924
vt 0.593026 0.354790
vt 0.600465 0.346225
vt 0.606739 0.356500
vt 0.610826 0.363250
vt 0.610242 0.363120
vt 0.609383 0.362926
vt 0.605514 0.362034
vt 0.604236 0.361325
vt 1.000000 0.514608
vt 1.000000 0.945325
vt 0.185277 0.039327
vt 0.196416 0.000000
vt 0.444576 0.000000
vt 0.463997 0.017945
vt 0.945325 0.945325
vt 0.514608 0.514608
vt 1.000000 0.404637
vt 1.000000 0.945324
vt 1.000000 0.532621
vt 1.000000 0.919150
vt 0.945324 0.945324
vt 0.404637 0.404637
vt 0.461532 0.301170
vt 0.618637 0.447675
vt 0.836048 0.341507
vt 0.919150 0.919150
vt 0.532621 0.532621
vt 1.000000 0.803585
vt 0.744502 0.589225
vt 1.000000 0.555424
vt 0.788051 0.000000
vt 0.897673 0.000000
vt 1.000000 0.052235
vt 0.999748 0.142795
vt 0.980706 0.129963
vt 0.466406 0.177354
vt 0.468153 0.258362
vt 0.142836 0.142836
vt 0.052235 0.052235
vt 0.386082 0.093453
vt 1.000000 0.102327
vt 1.000000 0.211949
vt 0.602055 0.224893
vt 0.515945 0.227640
vt 0.288350 0.000000
vt 0.562943 0.000000
vt 0.931617 0.603791
vt 0.562943 0.562943
vt 0.288351 0.288351
vt 0.501696 0.288113
vt 0.858813 0.769854
vt 0.741375 0.729784
vt 0.828097 0.622716
vt 0.838717 0.606877
vt 0.897788 0.653245
vt 0.886739 0.762417
vt 0.606701 0.339046
vt 0.616658 0.339957
vt 0.614085 0.365339
vt 0.613354 0.365379
vt 0.611142 0.363465
vt 0.600561 0.346115
vt 0.298260 0.172096
vt 1.000000 0.054199
vt 1.000000 0.617803
vt 0.974157 0.603041
vt 0.435559 0.295245
vt 1.000000 0.481261
vt 1.000000 0.777103
vt 0.666899 0.423523
vt 0.939515 0.470767
vt 0.766478 0.287817
vt 1.000000 0.287556
vt 1.000000 0.531116
vt 0.312135 0.190791
vt 0.360624 0.212876
vt 0.420801 0.240376
vt 0.496427 0.386745
vt 0.566765 0.524203
vt 0.560038 0.541654
vt 0.531116 0.531116
vt 0.287556 0.287556
vt 0.224045 0.177537
vt 0.579482 0.000000
vt 0.727562 0.000000
vt 1.000000 0.265730
vt 1.000000 0.471206
vt 0.989511 0.470842
vt 0.265730 0.265730
vt 0.276242 0.225696
vt 0.471206 0.471206
vt 1.000000 0.871748
vt 0.727562 0.727562
vt 0.579481 0.579481
vt 1.000000 0.845469
vt 0.879691 0.817229
vt 0.871748 0.871748
vt 0.845469 0.845469
vt 0.586221 0.362625
vt 0.592941 0.354888
vt 0.605449 0.362171
vt 0.607965 0.368292
vt 0.609415 0.371827
vt 0.582477 0.366968
vt 0.667808 0.654396
vt 0.617803 0.617803
vt 0.054199 0.054199
vt 0.154067 0.154067
vt 0.222897 0.000000
vt 0.518739 0.000000
vt 0.536169 0.049703
vt 0.586241 0.278885
vt 1.000000 0.464817
vt 0.462568 0.159214
vt 0.406019 0.000000
vt 0.948403 0.000000
vt 1.000000 0.076102
vt 0.464817 0.464817
vt 0.076102 0.076102
vt 1.000000 0.163413
vt 1.000000 0.490753
vt 0.470886 0.000000
vt 0.490753 0.490753
vt 0.163413 0.163413
vt 0.171112 0.000000
vt 0.502299 0.176689
vt 0.470886 0.470886
vt 0.171112 0.171112
vt 0.210495 0.000000
vt 0.516025 0.000000
vt 0.516025 0.516025
vt 0.210496 0.210496
vt 1.000000 0.062792
vt 1.000000 0.511358
vt 0.706523 0.517371
vt 0.511358 0.511358
vt 0.062792 0.062792
vt 0.040739 0.000000
vt 0.613138 0.000000
vt 0.640951 0.062010
vt 0.552698 0.368709
vt 0.386862 0.000000
vt 0.959261 0.000000
vt 1.000000 0.031452
vt 1.000000 0.528194
vt 0.031452 0.031452
vt 0.031391 0.000000
vt 0.642851 0.000000
vt 0.645415 0.135832
vt 0.528194 0.528194
vt 0.031391 0.031391
vt 1.000000 0.114289
vt 1.000000 0.698642
vt 0.642851 0.642851
vt 0.114289 0.114289
vt 1.000000 0.051619
vt 1.000000 0.707247
vt 0.698642 0.698642
vt 0.813111 0.661280
vt 0.783941 0.684628
vt 0.707247 0.707247
vt 0.051619 0.051619
vt 0.051597 0.000000
vt 0.593981 0.000000
vt 0.406050 0.095918
vt 0.687853 0.131139
vt 0.745517 0.170339
vt 0.822472 0.222854
vt 0.467991 0.177243
vt 0.388050 0.093696
vt 0.569678 0.529895
vt 0.583929 0.557746
vt 0.564662 0.543998
vt 0.375153 0.000000
vt 0.376821 0.220839
vt 0.354866 0.176785
vt 0.330541 0.127605
vt 0.268194 0.000000
vt 1.000000 0.487935
vt 1.000000 0.764523
vt 0.333861 0.000000
vt 0.575988 0.000000
vt 1.000000 0.624847
vt 1.000000 0.731806
vt 0.961032 0.755551
vt 0.764523 0.764523
vt 0.487935 0.487935
vt 0.650410 0.530756
vt 0.575987 0.575987
vt 0.333861 0.333861
vt 1.000000 0.736188
vt 1.000000 0.844411
vt 0.736188 0.736188
vt 0.740864 0.730415
vt 0.858061 0.770400
vt 0.864305 0.779057
vt 0.874605 0.793692
vt 0.881630 0.803925
vt 0.879992 0.814994
vt 0.870846 0.822814
vt 0.844411 0.844411
vt 0.610051 0.372123
vt 0.609745 0.371931
vt 0.608990 0.370115
vt 0.605884 0.362371
vt 0.607270 0.362686
vt 0.608303 0.362932
vt 0.611222 0.363657
vt 0.613310 0.365463
vt 0.612775 0.366912
vt 0.611574 0.370097
vt 0.610657 0.372497
vt 0.804594 0.106215
vt 1.000000 0.302009
vt 1.000000 0.573890
vt 0.974115 0.665599
vt 0.573890 0.573890
vt 0.302009 0.302009
vt 0.369898 0.302066
vt 0.774016 0.753914
vt 1.000000 0.873407
vt 1.000000 0.943065
vt 0.952823 0.918820
vt 0.943993 0.805623
vt 0.943065 0.943065
vt 0.873407 0.873407
vt 0.882755 0.793019
vt 0.581396 0.362105
vt 0.593162 0.349379
vt 0.595410 0.351924
vt 0.584272 0.364745
vt 0.582794 0.365042
vt 0.580457 0.363140
vt 0.555129 0.486995
vt 0.618212 0.510642
vt 0.740227 0.573887
vt 0.775614 0.641169
vt 0.842580 0.788120
vt 0.778649 0.751349
vt 0.302691 0.183273
vt 0.641387 0.376800
vt 0.347840 0.045375
vt 0.594534 0.000000
vt 0.789849 0.486733
vt 0.605351 0.302421
vt 0.571969 0.000000
vt 0.933767 0.358951
vt 1.000000 0.405466
vt 1.000000 0.428031
vt 0.446139 0.000000
vt 0.714388 0.000000
vt 0.973467 0.040676
vt 0.898907 0.654132
vt 0.944842 0.679881
vt 0.944000 0.804614
vt 0.891294 0.793850
vt 0.882864 0.792084
vt 0.606605 0.339036
vt 0.595489 0.351833
vt 0.593249 0.349285
vt 0.603927 0.337736
vt 0.778196 0.751089
vt 0.714388 0.714388
vt 0.446139 0.446139
vt 0.554395 0.486720
vt 0.600262 0.540787
vt 0.405945 0.000000
vt 0.697720 0.000000
vt 0.891485 0.193760
vt 0.330049 0.021803
vt 0.477374 0.084319
vt 0.695166 0.108052
vt 0.697720 0.697720
vt 0.405945 0.405945
vt 0.309284 0.067143
vt 0.731359 0.000000
vt 0.882867 0.000000
vt 1.000000 0.135585
vt 1.000000 0.233254
vt 0.233253 0.233253
vt 0.135585 0.135585
vt 0.211930 0.135588
vt 0.882867 0.882867
vt 0.731359 0.731359
vt 0.770774 0.752200
vt 0.950067 0.917403
vt 0.579369 0.365202
vt 0.579064 0.364674
vt 0.580402 0.363200
vt 0.582687 0.365063
vt 0.580237 0.366691
vt 0.741977 0.574794
vt 0.764550 0.588647
vt 0.771454 0.630752
vt 0.330532 0.268152
vt 0.449400 0.000000
vt 0.695921 0.000000
vt 0.696622 0.578482
vt 0.463106 0.381075
vt 0.695921 0.695921
vt 0.449400 0.449400
vt 0.695803 0.635762
vt 1.000000 0.239531
vt 1.000000 0.261924
vt 0.799392 0.066332
vt 0.216956 0.135588
vt 0.294764 0.135591
vt 0.261924 0.261924
vt 0.239531 0.239531
vt 0.584160 0.364875
vt 0.581179 0.368307
vt 0.580294 0.366789
vt 0.582848 0.365141
vt 0.770155 0.600886
vt 0.790491 0.645296
vt 0.860339 0.798334
vt 0.843226 0.788492
vt 0.782915 0.655654
vt 0.639099 0.124029
vt 0.604096 0.572244
vt 0.477192 0.149923
vt 1.000000 0.389350
vt 1.000000 0.927282
vt 0.525667 0.453554
vt 0.280218 0.208360
vt 0.448240 0.160309
vt 0.727524 0.082685
vt 0.747648 0.077576
vt 0.493508 0.354550
vt 0.139417 0.000000
vt 0.409443 0.000000
vt 0.416446 0.029483
vt 0.409443 0.409443
vt 0.139417 0.139417
vt 0.139619 0.000000
vt 1.000000 0.060174
vt 0.911071 0.400904
vt 0.361365 0.000000
vt 0.900993 0.249455
vt 0.923572 0.261038
vt 0.520385 0.367455
vt 0.060174 0.060174
vt 1.000000 0.361674
vt 0.361365 0.361365
vt 0.361674 0.361674
vt 0.174237 0.000000
vt 0.174237 0.174237
vt 0.156666 0.000000
vt 0.958599 0.682388
vt 1.000000 0.625338
vt 1.000000 0.712443
vt 0.715133 0.156594
vt 0.712443 0.712443
vt 0.625338 0.625338
vt 0.623883 0.423881
vt 1.000000 0.860381
vt 0.840827 0.840827
vt 0.430985 0.146418
vt 1.000000 0.563850
vt 1.000000 0.713654
vt 0.663698 0.486591
vt 0.638709 0.502757
vt 0.384696 0.248879
vt 0.378206 0.000000
vt 0.710720 0.000000
vt 0.039436 0.000000
vt 0.593548 0.000000
vt 0.572995 0.555465
vt 0.406452 0.000000
vt 0.960564 0.000000
vt 1.000000 0.031368
vt 1.000000 0.426970
vt 0.674362 0.199435
vt 0.710720 0.710720
vt 0.378206 0.378206
vt 0.381386 0.372860
vt 0.445398 0.258074
vt 0.582143 0.191583
vt 1.000000 0.037826
vt 1.000000 0.572280
vt 0.031368 0.031368
vt 0.411227 0.144739
vt 0.440547 0.160910
vt 0.588835 0.240937
vt 0.596602 0.255868
vt 0.699890 0.405897
vt 0.426970 0.426970
vt 0.648093 0.341383
vt 0.664688 0.340518
vt 0.665010 0.340937
vt 0.671589 0.349530
vt 0.684481 0.366451
vt 0.649479 0.375439
vt 0.640769 0.349273
vt 0.640322 0.341796
vt 0.156666 0.156666
vt 1.000000 0.840827
vt 0.713654 0.713654
vt 0.563850 0.563850
vt 0.125678 0.125678
vt 0.610650 0.000000
vt 0.556578 0.003681
vt 0.929376 0.578782
vt 0.550421 0.466462
vt 0.509144 0.454096
vt 0.331666 0.276467
vt 0.072718 0.000000
vt 0.750239 0.263738
vt 0.525027 0.000000
vt 0.629837 0.000000
vt 0.791503 0.154420
vt 0.525027 0.525027
vt 0.604308 0.296928
vt 0.629837 0.629837
vt 0.935218 0.329460
vt 1.000000 0.085507
vt 1.000000 0.399390
vt 0.916797 0.400806
vt 0.511659 0.369758
vt 0.399390 0.399390
vt 0.085507 0.085507
vt 0.370146 0.274546
vt 0.446128 0.256764
vt 0.456746 0.237725
vt 0.573100 0.194911
vt 0.818198 0.294762
vt 0.831865 0.367940
vt 0.826884 0.372756
vt 0.807539 0.391234
vt 0.814063 0.272712
vt 0.052867 0.052867
vt 0.103299 0.000000
vt 0.126821 0.000000
vt 1.000000 0.085221
vt 1.000000 0.100654
vt 0.873179 0.000000
vt 0.896701 0.000000
vt 0.834739 0.601770
vt 0.837826 0.605892
vt 0.827159 0.621985
vt 0.822623 0.627572
vt 0.822099 0.583410
vt 0.085221 0.085221
vt 0.089013 0.089013
vt 0.100654 0.100654
vt 0.401412 0.277910
vt 0.394755 0.232485
vt 0.423949 0.170614
vt 0.442652 0.131446
vt 0.453465 0.129909
vt 0.516260 0.361282
vt 0.243208 0.000000
vt 0.269035 0.269035
vt 0.969054 0.000000
vt 1.000000 0.269035
vt 0.930681 0.313878
vt 0.957394 0.955645
vt 0.996548 0.000000
vt 0.331329 0.000000
vt 1.000000 0.767422
vt 0.767422 0.767422
vt 1.000000 0.756792
vt 0.003452 0.000000
vt 0.360535 0.348969
vt 0.331329 0.331329
vt 0.969054 0.969054
vt 1.000000 0.957323
vt 0.355813 0.163914
vt 0.900348 0.205330
vt 0.761657 0.235036
vt 0.684933 0.221906
vt 0.617871 0.210156
vt 0.267450 0.000000
vt 0.313769 0.000000
vt 0.805824 0.163273
vt 0.590198 0.210840
vt 0.533257 0.223296
vt 0.469902 0.236775
vt 0.396096 0.072202
vt 0.651589 0.072313
vt 1.000000 0.072548
vt 1.000000 0.326547
vt 0.908605 0.288122
vt 0.669708 0.157828
vt 0.644374 0.170504
vt 0.326547 0.326547
vt 0.072548 0.072548
vt 0.072693 0.000000
vt 0.610373 0.000000
vt 0.610374 0.610374
vt 0.072693 0.072693
vt 0.177639 0.051612
vt 0.436201 0.000000
vt 0.789426 0.000000
vt 1.000000 0.686231
vt 1.000000 0.732550
vt 0.906127 0.702338
vt 0.820354 0.114166
vt 1.000000 0.210574
vt 1.000000 0.563799
vt 0.807916 0.319905
vt 1.000000 0.458236
vt 1.000000 0.622019
vt 0.957001 0.681229
vt 0.517889 0.362464
vt 0.462283 0.156733
vt 0.455011 0.129690
vt 0.529078 0.119166
vt 0.620559 0.425473
vt 0.621010 0.474488
vt 0.622019 0.622019
vt 0.458236 0.458236
vt 0.968070 0.000000
vt 0.929698 0.314514
vt 0.664662 0.485968
vt 0.711582 0.000000
vt 0.574465 0.556995
vt 0.595091 0.000000
vt 0.995074 0.000000
vt 0.956012 0.954206
vt 0.364712 0.351492
vt 0.334722 0.322229
vt 0.004926 0.000000
vt 0.404909 0.000000
vt 0.671556 0.198543
vt 0.576643 0.442530
vt 0.564777 0.472335
vt 1.000000 0.573752
vt 1.000000 0.955938
vt 0.968070 0.968070
vt 0.711582 0.711582
vt 0.742130 0.697020
vt 0.470840 0.430686
vt 0.461825 0.425044
vt 0.416514 0.339382
vt 0.396722 0.301916
vt 0.510557 0.455375
vt 0.662695 0.000000
vt 0.680120 0.098493
vt 0.636112 0.000000
vt 0.945269 0.468067
vt 0.915960 0.488423
vt 0.662695 0.662695
vt 0.636112 0.636112
vt 0.448168 0.149814
vt 0.390536 0.000000
vt 0.927481 0.000000
vt 0.945302 0.299424
vt 0.556840 0.556840
vt 0.208715 0.208715
vt 0.290000 0.115464
vt 1.000000 0.208715
vt 1.000000 0.556840
vt 0.948477 0.820658
vt 0.927480 0.927480
vt 0.390536 0.390536
vt 0.530638 0.118944
vt 0.690204 0.096272
vt 0.977242 0.056055
vt 1.000000 0.057047
vt 1.000000 0.456362
vt 0.804506 0.315856
vt 0.130092 0.000000
vt 0.715891 0.000000
vt 0.715172 0.148460
vt 0.621057 0.422984
vt 0.456362 0.456362
vt 0.057047 0.057047
vt 1.000000 0.562033
vt 0.423977 0.139431
vt 0.284109 0.000000
vt 0.869908 0.000000
vt 1.000000 0.103255
vt 0.676256 0.201732
vt 1.000000 0.427865
vt 1.000000 0.735215
vt 0.568990 0.474879
vt 0.580138 0.445822
vt 0.700335 0.406544
vt 0.819954 0.580294
vt 0.820405 0.630304
vt 0.735216 0.735216
vt 0.427865 0.427865
vt 0.681969 0.408051
vt 0.638316 0.341902
vt 0.640226 0.341801
vt 0.640642 0.348891
vt 0.103255 0.103255
vt 0.089657 0.089657
vt 0.125544 0.125544
vt 0.150117 0.142040
vt 0.562033 0.562033
vt 1.000000 0.383455
vt 0.138341 0.000000
vt 0.383455 0.383455
vt 0.706152 0.000000
vt 0.706152 0.706152
vt 0.764638 0.000000
vt 0.769754 0.724885
vt 0.227973 0.000000
vt 0.397821 0.397821
vt 1.000000 0.397821
vt 0.989998 0.447236
vt 0.764639 0.764639
vt 0.772027 0.000000
vt 1.000000 0.132772
vt 0.253707 0.000000
vt 0.935113 0.000000
vt 0.696660 0.210915
vt 0.974688 0.300531
vt 0.307342 0.307342
vt 0.098959 0.098959
vt 0.350661 0.061439
vt 0.998354 0.185295
vt 0.988452 0.286047
vt 0.249892 0.230110
vt 0.098959 0.000000
vt 0.307342 0.000000
vt 0.955690 0.554246
vt 0.993037 0.144405
vt 0.992788 0.136279
vt 0.922163 0.031433
vt 0.927136 0.027675
vt 0.603437 0.106804
vt 0.449782 0.136682
vt 0.404912 0.022194
vt 0.520152 0.023150
vt 0.759078 0.035777
vt 0.917227 0.031793
vt 0.711944 0.271831
vt 0.707844 0.250596
vt 0.718283 0.244957
vt 0.713635 0.264714
vt 0.861659 0.000000
vt 1.000000 0.064887
vt 1.000000 0.746293
vt 0.132772 0.132772
vt 0.848603 0.848603
vt 0.744682 0.231073
vt 0.922333 0.000000
vt 1.000000 0.903195
vt 0.896496 0.896496
vt 0.077667 0.000000
vt 1.000000 0.445844
vt 0.903196 0.903196
vt 0.445844 0.445844
vt 0.902989 0.536451
vt 0.518362 0.447600
vt 1.000000 0.561400
vt 0.996577 0.925860
vt 0.561400 0.561400
vt 0.742883 0.000000
vt 1.000000 0.896400
vt 0.928387 0.928387
vt 0.897836 0.000000
vt 0.896400 0.896400
vt 1.000000 0.896218
vt 0.102164 0.000000
vt 0.742883 0.742883
vt 1.000000 0.848603
vt 0.597212 0.115816
vt 0.579864 0.136846
vt 0.237962 0.090762
vt 0.070628 0.019496
vt 0.062077 0.000000
vt 0.650917 0.000000
vt 0.829466 0.478671
vt 0.691546 0.096982
vt 1.000000 0.349083
vt 0.994341 0.932269
vt 0.732381 0.330210
vt 0.733407 0.329536
vt 0.733390 0.344156
vt 0.732420 0.343172
vt 0.724702 0.335284
vt 0.878569 0.473491
vt 0.840712 0.420846
vt 0.852467 0.414278
vt 0.877341 0.414278
vt 0.896803 0.458701
vt 0.895243 0.459991
vt 1.000000 0.896496
vt 0.097984 0.021826
vt 0.103782 0.000000
vt 0.581587 0.414387
vt 0.259832 0.259832
vt 0.301208 0.000000
vt 0.445822 0.130440
vt 0.340921 0.000000
vt 0.301208 0.301208
vt 0.601833 0.277403
vt 1.000000 0.275852
vt 1.000000 0.674990
vt 0.299221 0.102594
vt 0.653568 0.383763
vt 1.000000 0.659079
vt 0.102488 0.102488
vt 1.000000 0.285081
vt 1.000000 0.399458
vt 0.910697 0.408417
vt 0.972401 0.503006
vt 0.893465 0.754804
vt 0.455328 0.000000
vt 0.633762 0.000000
vt 0.600542 0.000000
vt 0.714919 0.000000
vt 0.722019 0.077709
vt 0.728398 0.147953
vt 0.633762 0.633762
vt 0.455328 0.455328
vt 0.600619 0.183456
vt 0.455559 0.236782
vt 0.283835 0.174215
vt 0.092177 0.058341
vt 0.071695 0.021929
vt 0.070648 0.019541
vt 0.579960 0.137460
vt 0.733439 0.353901
vt 0.728752 0.355098
vt 0.714848 0.336792
vt 0.724547 0.335320
vt 0.729900 0.340758
vt 0.733427 0.344365
vt 0.840625 0.420724
vt 0.835990 0.414278
vt 0.852173 0.414278
vt 0.842587 0.419633
vt 0.733009 0.719256
vt 0.674989 0.674989
vt 0.275852 0.275852
vt 0.102488 0.000000
vt 1.000000 0.259832
vt 0.701447 0.701447
vt 1.000000 0.740181
vt 0.624719 0.624719
vt 1.000000 0.940811
vt 1.000000 0.658965
vt 0.740181 0.740181
vt 0.728428 0.545494
vt 0.776168 0.642918
vt 0.545309 0.146670
vt 0.935968 0.935968
vt 0.252146 0.252146
vt 0.368725 0.209975
vt 0.701447 0.000000
vt 0.923735 0.923735
vt 0.742404 0.508861
vt 0.954654 0.424708
vt 0.942804 0.123020
vt 0.937040 0.087997
vt 0.923735 0.000000
vt 1.000000 0.624719
vt 0.652281 0.430149
vt 0.361484 0.361484
vt 1.000000 0.283497
vt 0.909469 0.408540
vt 0.664827 0.433083
vt 0.716503 0.000000
vt 1.000000 0.251272
vt 0.729894 0.145886
vt 0.097536 0.097536
vt 0.361484 0.000000
vt 0.350988 0.059584
vt 0.251272 0.251272
vt 0.097536 0.000000
vt 0.248784 0.230302
vt 1.000000 0.030381
vt 0.961803 0.000000
vt 0.653553 0.000000
vt 1.000000 0.036637
vt 0.602614 0.182722
vt 0.582094 0.137202
vt 0.631459 0.070947
vt 0.448632 0.136919
vt 0.411403 0.144161
vt 0.030381 0.030381
vt 0.355217 0.000000
vt 0.374364 0.003964
vt 0.388666 0.013178
vt 0.403247 0.021732
vt 1.000000 0.346447
vt 0.687295 0.090787
vt 0.621585 0.000000
vt 0.621585 0.621585
vt 1.000000 0.612591
vt 0.612591 0.612591
vt 1.000000 0.644783
vt 1.000000 0.935968
vt 0.940811 0.940811
vt 0.341035 0.000000
vt 0.959508 0.237095
vt 1.000000 0.252146
vt 0.690585 0.000000
vt 0.689708 0.245508
vt 0.531254 0.088103
vt 0.454507 0.000000
vt 0.976270 0.228978
vt 0.807566 0.121093
vt 0.686049 0.000000
vt 0.224070 0.224070
vt 0.383946 0.000000
vt 1.000000 0.545493
vt 0.383946 0.383946
vt 0.313951 0.000000
vt 1.000000 0.309415
vt 0.995693 0.110696
vt 0.997419 0.096323
vt 1.000000 0.067997
vt 0.998964 0.180669
vt 0.992955 0.132534
vt 0.711584 0.279164
vt 0.712817 0.275790
vt 0.713061 0.277200
vt 0.713196 0.278070
vt 0.902890 0.000000
vt 0.817677 0.000000
vt 0.932003 0.000000
vt 0.375066 0.000000
vt 1.000000 0.140968
vt 0.572029 0.044474
vt 0.140968 0.140968
vt 0.077285 0.000000
vt 0.151026 0.087052
vt 0.180390 0.122277
vt 1.000000 0.863919
vt 0.297730 0.000000
vt 1.000000 0.090410
vt 1.000000 0.932702
vt 0.863919 0.863919
vt 0.776519 0.000000
vt 0.090410 0.090410
vt 1.000000 0.103019
vt 1.000000 0.624934
vt 0.932702 0.932702
vt 1.000000 0.151482
vt 1.000000 0.837455
vt 0.388396 0.152174
vt 0.151482 0.151482
vt 0.223481 0.000000
vt 1.000000 0.702270
vt 0.837454 0.837454
vt 0.375889 0.003876
vt 0.357122 0.000000
vt 0.937941 0.000000
vt 0.916915 0.033762
vt 0.915439 0.032274
vt 0.916866 0.031829
vt 0.518260 0.022583
vt 0.460850 0.015451
vt 0.989729 0.927660
vt 0.061312 0.000000
vt 0.619646 0.000000
vt 0.684638 0.089758
vt 1.000000 0.610595
vt 0.619646 0.619646
vt 0.061312 0.061312
vt 1.000000 0.012942
vt 0.704563 0.618401
vt 0.610595 0.610595
vt 0.012942 0.012942
vt 1.000000 0.062059
vt 1.000000 0.642878
vt 0.919772 0.483910
vt 0.904868 0.489715
vt 0.902498 0.488281
vt 0.878831 0.473652
vt 0.896905 0.458806
vt 0.933478 0.448147
vt 0.941544 0.445804
vt 0.943102 0.447204
vt 0.964468 0.466427
vt 0.505185 0.103487
vt 1.000000 0.922715
vt 0.103019 0.103019
vt 0.156384 0.000000
vt 0.847792 0.000000
vt 0.847535 0.615365
vt 1.000000 0.713073
vt 0.959155 0.730354
vt 0.233898 0.000000
vt 1.000000 0.843616
vt 0.713073 0.713073
vt 0.775913 0.000000
vt 1.000000 0.152208
vt 0.558775 0.248177
vt 0.683461 0.000000
vt 1.000000 0.409920
vt 0.710643 0.514379
vt 1.000000 0.766102
vt 0.409920 0.409920
vt 0.316539 0.000000
vt 1.000000 0.100960
vt 0.917611 0.031803
vt 0.916189 0.032237
vt 0.916830 0.033899
vt 0.914991 0.036852
vt 0.922106 0.031476
vt 0.712004 0.272144
vt 0.713702 0.264848
vt 0.718402 0.244893
vt 0.733336 0.236827
vt 0.733336 0.275790
vt 0.712925 0.275790
vt 0.712183 0.273071
vt 0.733359 0.293230
vt 0.715180 0.279494
vt 0.713317 0.278073
vt 0.941697 0.445696
vt 0.938959 0.414278
vt 0.968558 0.414278
vt 0.968558 0.464827
vt 0.964648 0.466356
vt 0.943248 0.447096
vt 0.899522 0.827162
vt 0.775914 0.775914
vt 0.899040 0.000000
vt 0.671538 0.471480
vt 0.655388 0.448962
vt 0.705903 0.491449
vt 0.638690 0.009623
vt 0.893722 0.443451
vt 0.082158 0.082158
vt 1.000000 0.082158
vt 0.958868 0.000000
vt 0.617560 0.617560
vt 0.141120 0.000000
vt 0.587538 0.578183
vt 0.141120 0.141120
vt 0.141879 0.000000
vt 0.580227 0.000000
vt 0.635512 0.000000
vt 0.719094 0.273643
vt 0.635512 0.635512
vt 0.580227 0.580227
vt 0.858121 0.000000
vt 1.000000 0.041132
vt 0.898592 0.767780
vt 0.994910 0.415168
vt 1.000000 0.441424
vt 1.000000 0.760025
vt 0.886966 0.811415
vt 0.425579 0.057051
vt 1.000000 0.123590
vt 0.793090 0.085108
vt 0.777079 0.079295
vt 0.639323 0.000000
vt 0.663927 0.000000
vt 0.367280 0.021962
vt 0.350693 0.022522
vt 0.209413 0.011592
vt 0.639323 0.639323
vt 0.685238 0.563613
vt 0.663927 0.663927
vt 0.617585 0.348830
vt 0.631386 0.371981
vt 0.760025 0.760025
vt 0.441424 0.441424
vt 0.404892 0.394081
vt 0.602906 0.335903
vt 0.341111 0.257457
vt 0.396415 0.173416
vt 0.660615 0.270533
vt 0.888918 0.475561
vt 1.000000 0.575545
vt 1.000000 0.631026
vt 0.557409 0.270728
vt 0.602108 0.602108
vt 0.551016 0.551016
vt 0.691157 0.424549
vt 0.204225 0.010798
vt 0.132632 0.000000
vt 0.174828 0.000000
vt 0.163778 0.026725
vt 0.415985 0.055924
vt 0.135246 0.135246
vt 0.276211 0.113009
vt 0.274373 0.274373
vt 0.505573 0.125980
vt 0.505784 0.179645
vt 0.410926 0.178354
vt 0.174828 0.174828
vt 0.132632 0.132632
vt 0.532539 0.439124
vt 0.531902 0.443928
vt 0.530967 0.450929
vt 0.530292 0.439390
vt 0.336779 0.256208
vt 0.221766 0.221766
vt 0.169404 0.088453
vt 0.135246 0.000000
vt 0.274373 0.000000
vt 0.378844 0.024290
vt 0.390945 0.173684
vt 1.000000 0.134706
vt 1.000000 0.257298
vt 0.876186 0.134770
vt 0.257298 0.257298
vt 0.134706 0.134706
vt 0.216532 0.084085
vt 0.633794 0.031668
vt 0.889967 0.000000
vt 1.000000 0.216303
vt 0.461162 0.380966
vt 0.429437 0.000000
vt 0.216303 0.216303
vt 0.970432 0.000000
vt 0.714570 0.714570
vt 0.059083 0.000000
vt 1.000000 0.548512
vt 0.548511 0.548511
vt 1.000000 0.570563
vt 0.206650 0.006151
vt 0.043845 0.000000
vt 0.050168 0.000000
vt 0.050168 0.050168
vt 0.043845 0.043845
vt 0.505150 0.018094
vt 0.505218 0.035424
vt 1.000000 0.905458
vt 1.000000 0.923487
vt 0.955641 0.912644
vt 0.915296 0.857873
vt 0.905458 0.905458
vt 0.923494 0.894655
vt 0.923487 0.923487
vt 0.579580 0.389008
vt 0.575511 0.391056
vt 0.573822 0.390375
vt 0.573768 0.388433
vt 0.576342 0.388686
vt 0.533223 0.414278
vt 0.534305 0.414757
vt 0.535690 0.415375
vt 0.534244 0.426273
vt 0.529152 0.419920
vt 0.528934 0.416193
vt 0.529564 0.414900
vt 0.529871 0.414278
vt 0.629489 0.303649
vt 0.658340 0.089275
vt 0.895352 0.144381
vt 0.904926 0.186378
vt 0.919095 0.248970
vt 0.912468 0.461872
vt 0.769725 0.476006
vt 0.724999 0.471654
vt 0.711290 0.456806
vt 0.630605 0.367165
vt 0.621139 0.351338
vt 0.620606 0.350450
vt 0.875676 0.686149
vt 0.675771 0.406948
vt 0.714570 0.000000
vt 1.000000 0.110032
vt 0.952119 0.334421
vt 1.000000 0.413472
vt 0.578438 0.000000
vt 0.635392 0.000000
vt 1.000000 0.343243
vt 1.000000 0.141171
vt 0.413472 0.413472
vt 0.343243 0.343243
vt 0.958183 0.000000
vt 1.000000 0.003551
vt 0.141171 0.141171
vt 0.364608 0.000000
vt 0.421562 0.000000
vt 0.522127 0.110869
vt 0.728736 0.339170
vt 0.728438 0.443814
vt 0.462720 0.462720
vt 0.586848 0.349412
vt 0.925901 0.231720
vt 1.000000 0.462720
vt 0.960495 0.960495
vt 0.516258 0.000000
vt 0.538174 0.000000
vt 0.132050 0.000000
vt 0.203968 0.010750
vt 0.259230 0.017744
vt 0.360291 0.021411
vt 0.256499 0.008473
vt 0.051207 0.000000
vt 0.505222 0.036519
vt 0.505571 0.125358
vt 0.132050 0.132050
vt 0.051207 0.051207
vt 0.176190 0.047089
vt 0.532558 0.438984
vt 0.530284 0.439256
vt 0.529166 0.420155
vt 0.533851 0.426018
vt 0.534217 0.426476
vt 0.617732 0.345912
vt 0.465610 0.208796
vt 0.396142 0.171062
vt 0.381896 0.025000
vt 0.653328 0.093422
vt 0.836214 0.000000
vt 1.000000 0.138020
vt 0.138020 0.138020
vt 0.663053 0.017023
vt 0.615771 0.028545
vt 1.000000 0.163786
vt 1.000000 0.909325
vt 0.443935 0.000000
vt 0.596891 0.129419
vt 1.000000 0.362929
vt 0.901773 0.901773
vt 0.533783 0.244369
vt 0.349788 0.060553
vt 0.495155 0.000000
vt 1.000000 0.008341
vt 0.599926 0.211544
vt 1.000000 0.556065
vt 0.495155 0.495155
vt 0.925127 0.054422
vt 0.871071 0.000000
vt 0.925089 0.000000
vt 0.925089 0.925089
vt 0.871071 0.871071
vt 0.898771 0.809302
vt 1.000000 0.763487
vt 1.000000 0.898868
vt 0.276817 0.009378
vt 0.318738 0.014601
vt 0.364594 0.021575
vt 0.666013 0.000000
vt 0.818264 0.000000
vt 0.697182 0.519242
vt 0.765611 0.377221
vt 0.863945 0.173282
vt 0.864349 0.651533
vt 0.818264 0.818264
vt 0.666013 0.666013
vt 0.582906 0.384445
vt 0.587458 0.382779
vt 0.587697 0.383794
vt 0.587933 0.384802
vt 0.586775 0.385385
vt 0.900753 0.838282
vt 0.898868 0.898868
vt 0.763487 0.763487
vt 0.636127 0.376994
vt 0.725306 0.478140
vt 0.841400 0.714456
vt 0.401674 0.000000
vt 0.650905 0.000000
vt 0.650541 0.148931
vt 1.000000 0.444735
vt 0.513261 0.000000
vt 0.444735 0.444735
vt 0.019120 0.000000
vt 0.523509 0.107529
vt 1.000000 0.210272
vt 1.000000 0.648120
vt 0.626713 0.174798
vt 1.000000 0.349095
vt 1.000000 0.598326
vt 0.648120 0.648120
vt 0.210272 0.210272
vt 0.301789 0.175395
vt 0.821956 0.000000
vt 0.864529 0.000000
vt 0.017036 0.000000
vt 0.042227 0.000000
vt 0.269929 0.008927
vt 0.042227 0.042227
vt 0.017036 0.017036
vt 0.505115 0.009186
vt 0.505144 0.016703
vt 0.407883 0.022098
vt 0.864529 0.864529
vt 0.821957 0.821957
vt 0.864363 0.668416
vt 0.573752 0.387825
vt 0.576542 0.386787
vt 0.580879 0.385187
vt 0.582746 0.384504
vt 0.586649 0.385449
vt 0.579724 0.388935
vt 0.576602 0.388628
vt 0.573766 0.388343
vt 0.528822 0.414278
vt 0.529715 0.414278
vt 0.528917 0.415894
vt 0.834583 0.693262
vt 0.730471 0.480645
vt 0.801763 0.483427
vt 0.853191 0.478864
vt 0.912234 0.469411
vt 0.900959 0.831673
vt 0.720490 0.257117
vt 0.625771 0.223961
vt 0.486739 0.000000
vt 0.727780 0.075762
vt 0.754574 0.000000
vt 0.719486 0.381400
vt 0.443451 0.000000
vt 1.000000 0.689363
vt 0.754574 0.754574
vt 0.443451 0.443451
vt 0.399423 0.000000
vt 0.176666 0.014922
vt 0.200415 0.000000
vt 1.000000 0.600577
vt 0.200415 0.200415
vt 1.000000 0.199414
vt 0.871537 0.000000
vt 1.000000 0.121959
vt 0.199413 0.199413
vt 0.756092 0.000000
vt 0.871537 0.871537
vt 0.756092 0.756092
vt 0.871487 0.756175
vt 0.838626 0.665174
vt 0.904017 0.676522
vt 0.972305 0.733468
vt 0.988522 0.953919
vt 0.964492 0.913652
vt 0.692005 0.640777
vt 0.661560 0.625316
vt 0.632121 0.625316
vt 0.632440 0.621995
vt 0.634574 0.599937
vt 0.657160 0.595073
vt 0.658584 0.594770
vt 0.632121 0.625316
vt 0.649386 0.655987
vt 0.628139 0.643350
vt 0.630762 0.627191
vt 0.631850 0.625687
vt 0.662904 0.009596
vt 0.862997 0.035661
vt 0.715858 0.086984
vt 0.519725 0.056084
vt 0.575951 0.028582
vt 0.878041 0.000000
vt 0.878022 0.376942
vt 0.689363 0.689363
vt 0.246520 0.000000
vt 0.556446 0.000000
vt 0.896252 0.368821
vt 0.676905 0.000000
vt 1.000000 0.323428
vt 1.000000 0.440089
vt 0.575177 0.000000
vt 0.676426 0.676426
vt 0.576297 0.576297
vt 0.641276 0.195027
vt 0.669019 0.291636
vt 0.664286 0.305264
vt 0.570185 0.570185
vt 0.163732 0.163732
vt 0.597829 0.191426
vt 0.634075 0.370288
vt 0.618841 0.355348
vt 0.567835 0.249364
vt 0.942869 0.333336
vt 0.972249 0.732717
vt 0.904126 0.675893
vt 0.575044 0.028517
vt 0.519057 0.055979
vt 0.163732 0.000000
vt 0.570184 0.000000
vt 0.573470 0.019097
vt 0.559911 0.000000
vt 0.676572 0.000000
vt 1.000000 0.443554
vt 1.000000 0.753480
vt 1.000000 0.830673
vt 0.828386 0.757130
vt 1.000000 0.433586
vt 1.000000 0.922496
vt 0.288251 0.210070
vt 0.442672 0.000000
vt 0.757862 0.000000
vt 1.000000 0.165061
vt 1.000000 0.920635
vt 0.922496 0.922496
vt 0.433586 0.433586
vt 0.165061 0.165061
vt 0.307549 0.000000
vt 1.000000 0.799225
vt 0.920635 0.920635
vt 0.799727 0.285265
vt 0.799225 0.799225
vt 0.370900 0.000000
vt 0.405251 0.022682
vt 0.370900 0.370900
vt 1.000000 0.007804
vt 0.694713 0.000000
vt 0.749211 0.000000
vt 0.749330 0.053842
vt 0.833016 0.000000
vt 1.000000 0.242138
vt 1.000000 0.557328
vt 0.438550 0.000000
vt 0.520916 0.000000
vt 1.000000 0.692451
vt 0.449121 0.140316
vt 0.930493 0.761498
vt 0.833017 0.833017
vt 0.438550 0.438550
vt 0.322521 0.000000
vt 0.438348 0.000000
vt 0.520916 0.520916
vt 0.575211 0.000000
vt 0.677686 0.000000
vt 1.000000 0.316804
vt 1.000000 0.417677
vt 1.000000 0.250788
vt 1.000000 0.305287
vt 0.989632 0.307311
vt 0.417677 0.417677
vt 0.316804 0.316804
vt 0.973826 0.184045
vt 1.000000 0.561652
vt 1.000000 0.677479
vt 0.677686 0.677686
vt 0.575211 0.575211
vt 1.000000 0.317627
vt 1.000000 0.702487
vt 0.991725 0.702639
vt 0.904545 0.704097
vt 0.898539 0.703391
vt 0.739347 0.674999
vt 0.661010 0.661010
vt 0.571326 0.571326
vt 0.666017 0.304506
vt 0.670514 0.292321
vt 0.689353 0.293665
vt 0.698415 0.237135
vt 0.702487 0.702487
vt 0.317627 0.317627
vt 0.317920 0.290565
vt 0.318498 0.238750
vt 0.607934 0.354811
vt 0.619087 0.357234
vt 0.632252 0.369390
vt 0.820961 0.565471
vt 0.902851 0.675288
vt 0.792567 0.656413
vt 0.690477 0.639247
vt 0.352508 0.300797
vt 0.658567 0.594598
vt 0.638421 0.598921
vt 0.635294 0.599588
vt 0.634512 0.599751
vt 0.630389 0.595653
vt 0.648598 0.553591
vt 0.651306 0.554936
vt 0.654876 0.556711
vt 0.652796 0.011418
vt 0.576344 0.028117
vt 0.574612 0.018905
vt 0.571326 0.000000
vt 0.661010 0.000000
vt 0.662128 0.009366
vt 0.293138 0.195574
vt 1.000000 0.312160
vt 1.000000 0.411522
vt 0.454691 0.324818
vt 0.416301 0.318657
vt 0.411522 0.411522
vt 0.312160 0.312160
vt 0.316646 0.000000
vt 0.416261 0.000000
vt 1.000000 0.677007
vt 0.554329 0.196349
vt 1.000000 0.577221
vt 0.576329 0.576329
vt 1.000000 0.583739
vt 1.000000 0.683354
vt 0.677433 0.677433
vt 0.768957 0.298825
vt 0.690667 0.292706
vt 0.669359 0.289633
vt 0.599812 0.191553
vt 0.995410 0.216790
vt 1.000000 0.239088
vt 1.000000 0.316713
vt 0.317561 0.238754
vt 0.316713 0.316713
vt 0.239088 0.239088
vt 0.617616 0.355666
vt 0.605838 0.353259
vt 0.560206 0.343743
vt 0.351299 0.299587
vt 0.224348 0.172455
vt 0.566122 0.248980
vt 0.648642 0.553487
vt 0.652403 0.544799
vt 0.653476 0.542344
vt 0.654863 0.556575
vt 1.000000 0.796649
vt 0.538929 0.336327
vt 0.768062 0.167086
vt 1.000000 0.797227
vt 0.796649 0.796649
vt 1.000000 0.128393
vt 1.000000 0.222450
vt 0.797227 0.797227
vt 0.877640 0.000000
vt 0.128393 0.128393
vt 0.222175 0.128449
vt 0.222450 0.222450
vt 0.999757 0.999757
vt 0.839526 0.000000
vt 1.000000 0.799158
vt 0.839527 0.839527
vt 0.728305 0.017940
vt 1.000000 0.122360
vt 0.799158 0.799158
vt 0.731070 0.655891
vt 0.472380 0.108762
vt 0.904752 0.705398
vt 1.000000 0.703668
vt 1.000000 0.791977
vt 0.963380 0.758949
vt 0.934865 0.733216
vt 0.703667 0.703667
vt 0.699600 0.237130
vt 0.914593 0.236216
vt 0.791977 0.791977
vt 0.630332 0.595784
vt 0.634036 0.599459
vt 0.634434 0.599867
vt 0.632256 0.622601
vt 0.631995 0.625316
vt 0.625550 0.625316
vt 0.620028 0.619586
vt 0.631782 0.625613
vt 0.630700 0.627113
vt 1.000000 0.106935
vt 1.000000 0.748009
vt 0.667982 0.107124
vt 1.000000 0.687255
vt 0.748009 0.748009
vt 0.106935 0.106935
vt 0.122499 0.000000
vt 1.000000 0.675691
vt 0.687255 0.687255
vt 0.016517 0.000000
vt 0.673480 0.227802
vt 0.675691 0.675691
vt 1.000000 0.115036
vt 0.965237 0.965237
vt 0.662483 0.662483
vt 0.896617 0.704423
vt 0.902917 0.706023
vt 1.000000 0.793710
vt 1.000000 0.966184
vt 0.966351 0.235996
vt 0.966184 0.966184
vt 0.793710 0.793710
vt 0.916938 0.236207
vt 0.625201 0.625316
vt 0.617547 0.625316
vt 0.619916 0.619846
vt 0.630660 0.627218
vt 0.630363 0.629066
vt 0.628061 0.643303
vt 0.613376 0.634569
vt 0.614152 0.632833
vt 0.625201 0.625316
vt 0.713171 0.015893
vt 0.663422 0.009398
vt 0.663122 0.007604
vt 0.662483 0.000000
vt 0.965237 0.000000
vt 0.863542 0.035471
vt 0.115036 0.115036
vt 0.678444 0.114808
vt 0.338041 0.125454
vt 0.729733 0.639907
vt 1.000000 0.152939
vt 1.000000 0.496907
vt 0.644106 0.230921
vt 0.413205 0.000000
vt 0.828497 0.000000
vt 0.817735 0.253417
vt 0.496907 0.496907
vt 0.152939 0.152939
vt 0.818024 0.082475
vt 0.929029 0.382227
vt 1.000000 0.278055
vt 1.000000 0.569252
vt 0.900645 0.425009
vt 0.569252 0.569252
vt 0.278055 0.278055
vt 0.228891 0.000000
vt 1.000000 0.418370
vt 0.784920 0.534868
vt 0.703613 0.578747
vt 1.000000 0.495323
vt 0.418370 0.418370
vt 1.000000 0.564554
vt 0.495323 0.495323
vt 1.000000 0.171503
vt 1.000000 0.586794
vt 0.926652 0.583078
vt 0.564554 0.564554
vt 0.561354 0.000000
vt 0.560984 0.402787
vt 0.561354 0.561354
vt 0.558389 0.000000
vt 0.809550 0.388265
vt 1.000000 0.570807
vt 1.000000 0.824595
vt 0.769635 0.000000
vt 1.000000 0.825468
vt 0.824596 0.824596
vt 0.570807 0.570807
vt 0.621884 0.423736
vt 1.000000 0.799046
vt 0.825468 0.825468
vt 0.799046 0.799046
vt 1.000000 0.771109
vt 0.589667 0.589667
vt 1.000000 0.441611
vt 0.769634 0.769634
vt 1.000000 0.589666
vt 0.892395 0.892395
vt 0.775122 0.775122
vt 0.939034 0.782512
vt 0.961476 0.797786
vt 0.949465 0.814631
vt 0.926159 0.270205
vt 0.890317 0.100506
vt 1.000000 0.100580
vt 1.000000 0.610325
vt 0.958965 0.882800
vt 0.888290 0.866042
vt 0.610325 0.610325
vt 0.100580 0.100580
vt 0.111845 0.100585
vt 0.656512 0.465820
vt 0.711071 0.502454
vt 0.945947 0.724059
vt 1.000000 0.775122
vt 1.000000 0.892395
vt 0.563325 0.000000
vt 0.788851 0.000000
vt 0.681029 0.118525
vt 0.655158 0.093761
vt 0.630811 0.069427
vt 0.863798 0.000000
vt 0.863935 0.161770
vt 0.635565 0.635565
vt 0.179237 0.179237
vt 0.251810 0.000000
vt 1.000000 0.436675
vt 0.919518 0.396832
vt 0.437705 0.000000
vt 0.743795 0.000000
vt 1.000000 0.211149
vt 0.743795 0.743795
vt 0.437705 0.437705
vt 0.511949 0.373352
vt 0.787973 0.136162
vt 1.000000 0.136202
vt 1.000000 0.748191
vt 0.835296 0.745448
vt 0.588636 0.385139
vt 0.588055 0.384783
vt 0.587567 0.382739
vt 0.589107 0.382175
vt 0.591677 0.383692
vt 0.471596 0.141064
vt 0.297589 0.056834
vt 0.179237 0.000000
vt 0.635565 0.000000
vt 0.782230 0.084500
vt 0.847507 0.139678
vt 0.622187 0.139982
vt 0.508191 0.141254
vt 0.490752 0.141449
vt 1.000000 0.396188
vt 0.591044 0.000000
vt 0.396188 0.396188
vt 1.000000 0.341639
vt 0.780797 0.443566
vt 0.341639 0.341639
vt 1.000000 0.494402
vt 1.000000 0.643236
vt 0.494402 0.494402
vt 0.670129 0.000000
vt 1.000000 0.131382
vt 0.684063 0.452362
vt 0.643236 0.643236
vt 0.131382 0.131382
vt 0.169313 0.120608
vt 0.314325 0.213626
vt 0.697791 0.000000
vt 0.891286 0.000000
vt 1.000000 0.170394
vt 1.000000 0.580625
vt 0.957323 0.498651
vt 0.419909 0.000000
vt 0.245126 0.245126
vt 1.000000 0.329871
vt 0.108714 0.000000
vt 0.302209 0.000000
vt 0.317416 0.184041
vt 0.327380 0.306370
vt 1.000000 0.233451
vt 1.000000 0.336273
vt 0.555811 0.372504
vt 0.251866 0.000000
vt 0.438484 0.000000
vt 0.336273 0.336273
vt 0.233451 0.233451
vt 0.773746 0.773746
vt 0.608684 0.608684
vt 1.000000 0.561516
vt 1.000000 0.748134
vt 0.973139 0.762723
vt 0.938749 0.780856
vt 0.925315 0.780527
vt 0.712790 0.502543
vt 0.710440 0.490016
vt 0.688456 0.369626
vt 1.000000 0.608684
vt 1.000000 0.773747
vt 0.526633 0.065403
vt 0.454957 0.090841
vt 0.413869 0.099097
vt 0.321081 0.043544
vt 0.185510 0.016089
vt 0.173324 0.000000
vt 0.522940 0.000000
vt 0.523458 0.003255
vt 0.524799 0.020200
vt 0.406028 0.058021
vt 0.523361 0.000000
vt 0.552055 0.000000
vt 0.675865 0.125668
vt 0.570254 0.471619
vt 0.559984 0.500390
vt 0.522940 0.522940
vt 0.173324 0.173324
vt 0.945400 0.421041
vt 1.000000 0.447945
vt 1.000000 0.476639
vt 0.170394 0.170394
vt 0.627308 0.244019
vt 1.000000 0.245126
vt 1.000000 0.408956
vt 0.610240 0.568534
vt 0.580625 0.580625
vt 0.153931 0.153931
vt 0.336271 0.000000
vt 0.498430 0.187547
vt 1.000000 0.235389
vt 0.235389 0.235389
vt 1.000000 0.663729
vt 0.577676 0.148530
vt 0.563835 0.000000
vt 0.644189 0.000000
vt 0.862283 0.140793
vt 0.574633 0.000000
vt 1.000000 0.188875
vt 1.000000 0.246590
vt 0.657231 0.657231
vt 0.425367 0.000000
vt 1.000000 0.462174
vt 0.436165 0.000000
vt 1.000000 0.657231
vt 0.462174 0.462174
vt 0.385229 0.128706
vt 0.355811 0.000000
vt 1.000000 0.156665
vt 0.877312 0.174411
vt 0.791191 0.080167
vt 1.000000 0.026958
vt 0.156665 0.156665
vt 0.026958 0.026958
vt 0.030432 0.000000
vt 0.193459 0.000000
vt 0.184496 0.038225
vt 0.966474 0.798995
vt 1.000000 0.806541
vt 1.000000 0.969568
vt 0.968810 0.968810
vt 0.894849 0.894849
vt 0.962859 0.802966
vt 1.000000 0.894849
vt 1.000000 0.968810
vt 0.892007 0.869461
vt 0.945699 0.882023
vt 0.870157 0.168229
vt 0.796271 0.193782
vt 0.619771 0.166007
vt 0.497936 0.142570
vt 0.537752 0.142009
vt 0.795739 0.139342
vt 0.848380 0.140416
vt 0.873741 0.161853
vt 0.879574 0.166933
vt 0.811125 0.000000
vt 1.000000 0.153931
vt 0.834701 0.039623
vt 0.671108 0.244688
vt 0.635453 0.000000
vt 1.000000 0.155658
vt 0.155659 0.155659
vt 1.000000 0.200792
vt 0.200792 0.200792
vt 0.586879 0.000000
vt 0.364170 0.116136
vt 0.191984 0.000000
vt 1.000000 0.364547
vt 0.421107 0.000000
vt 1.000000 0.329212
vt 0.329212 0.329212
vt 0.782638 0.000000
vt 0.201836 0.000000
vt 0.533213 0.386921
vt 1.000000 0.413121
vt 0.421107 0.421107
vt 0.770605 0.000000
vt 1.000000 0.217362
vt 1.000000 0.798164
vt 0.770605 0.770605
vt 0.224557 0.000000
vt 0.277740 0.000000
vt 0.379328 0.193954
vt 0.369920 0.207097
vt 0.277740 0.277740
vt 0.224557 0.224557
vt 0.785100 0.081719
vt 0.869696 0.175000
vt 0.667551 0.210158
vt 0.498509 0.143964
vt 0.553025 0.154867
vt 0.794228 0.194545
vt 0.596176 0.263186
vt 0.616374 0.459248
vt 0.604053 0.441372
vt 0.470245 0.170261
vt 0.472058 0.148454
vt 0.473477 0.142438
vt 0.943489 0.628631
vt 0.670347 0.000000
vt 1.000000 0.594103
vt 0.594103 0.594103
vt 0.343669 0.000000
vt 1.000000 0.590278
vt 1.000000 0.396011
vt 0.343669 0.343669
vt 1.000000 0.313228
vt 0.258686 0.000000
vt 0.313228 0.313228
vt 1.000000 0.329653
vt 0.591464 0.591464
vt 0.396011 0.396011
vt 1.000000 0.591464
vt 0.590750 0.590750
vt 0.658073 0.590795
vt 0.477035 0.313389
vt 0.499795 0.392128
vt 0.373885 0.212746
vt 0.383041 0.200029
vt 0.792914 0.000000
vt 1.000000 0.634420
vt 0.851758 0.653108
vt 0.566558 0.499293
vt 0.575050 0.469895
vt 0.681279 0.123528
vt 0.247343 0.000000
vt 0.175989 0.175989
vt 0.748463 0.000000
vt 1.000000 0.207086
vt 0.860927 0.092616
vt 0.748463 0.748463
vt 1.000000 0.752657
vt 0.467116 0.148691
vt 0.466525 0.170579
vt 0.616925 0.464596
vt 0.634420 0.634420
vt 0.175989 0.000000
vt 0.467577 0.141404
vt 0.303742 0.000000
vt 0.974248 0.340540
vt 0.880639 0.302020
vt 0.594873 0.019428
vt 0.590750 0.000000
vt 0.658532 0.048664
vt 0.496971 0.000000
vt 1.000000 0.150946
vt 0.203208 0.033876
vt 0.150946 0.150946
vt 0.218216 0.000000
vt 0.218216 0.218216
vt 0.519914 0.000000
vt 0.436092 0.091434
vt 0.331052 0.331052
vt 0.500681 0.000000
vt 0.941974 0.395037
vt 0.376227 0.335924
vt 1.000000 0.331052
vt 0.593081 0.186305
vt 0.335472 0.000000
vt 0.281170 0.000000
vt 1.000000 0.581518
vt 1.000000 0.503029
vt 0.581518 0.581518
vt 0.441452 0.000000
vt 1.000000 0.480086
vt 1.000000 0.499319
vt 0.346879 0.000000
vt 0.753631 0.310938
vt 0.558548 0.000000
vt 0.408888 0.408888
vt 0.718830 0.000000
vt 0.744714 0.026276
vt 0.346879 0.346879
vt 0.279363 0.000000
vt 0.386328 0.000000
vt 0.449941 0.219653
vt 0.475291 0.307353
vt 0.469339 0.300177
vt 0.380456 0.192468
vt 0.333006 0.102307
vt 0.545312 0.373360
vt 0.386328 0.386328
vt 0.279363 0.279363
vt 0.873074 0.176290
vt 1.000000 0.157936
vt 1.000000 0.231371
vt 0.235223 0.182914
vt 0.231370 0.231370
vt 0.157936 0.157936
vt 0.168040 0.114927
vt 0.195085 0.000000
vt 0.249444 0.000000
vt 0.945578 0.780275
vt 1.000000 0.750556
vt 1.000000 0.804915
vt 0.967715 0.797219
vt 0.525355 0.000000
vt 0.675435 0.000000
vt 0.553981 0.055697
vt 0.528327 0.064802
vt 0.525589 0.003715
vt 0.675435 0.675435
vt 0.525356 0.525356
vt 0.560673 0.504771
vt 0.840471 0.654580
vt 0.965859 0.399740
vt 1.000000 0.420178
vt 1.000000 0.828244
vt 0.296670 0.000000
vt 0.491263 0.116061
vt 1.000000 0.846532
vt 0.828244 0.828244
vt 0.420178 0.420178
vt 0.661985 0.419895
vt 1.000000 0.504006
vt 0.595928 0.000000
vt 0.846532 0.846532
vt 0.504006 0.504006
vt 0.438268 0.000000
vt 0.595928 0.595928
vt 0.438268 0.438268
vt 0.609737 0.266935
vt 0.779521 0.266607
vt 0.114786 0.100586
vt 0.337833 0.100671
vt 0.371461 0.126442
vt 0.505881 0.229530
vt 0.684115 0.367270
vt 0.707766 0.498399
vt 0.653940 0.462319
vt 0.299271 0.224416
vt 0.106062 0.000000
vt 0.171641 0.000000
vt 0.183530 0.015688
vt 0.171641 0.171641
vt 0.106062 0.106062
vt 0.170636 0.000000
vt 0.517990 0.000000
vt 0.431636 0.000000
vt 0.929339 0.410112
vt 1.000000 0.482010
vt 1.000000 0.829364
vt 0.847891 0.711983
vt 0.136041 0.000000
vt 0.136041 0.136041
vt 0.775235 0.136160
vt 0.674699 0.222912
vt 0.502026 0.371383
vt 0.431635 0.431635
vt 0.591831 0.383783
vt 0.599578 0.388353
vt 0.600287 0.392269
vt 0.588787 0.385232
vt 1.000000 0.754981
vt 0.647059 0.647059
vt 0.792241 0.000000
vt 1.000000 0.492984
vt 0.754981 0.754981
vt 0.481696 0.000000
vt 0.492984 0.492984
vt 1.000000 0.660126
vt 0.655522 0.388995
vt 1.000000 0.647059
vt 0.297107 0.297107
vt 0.654754 0.624267
vt 1.000000 0.297107
vt 0.660126 0.660126
vt 0.339277 0.000000
vt 0.302772 0.302772
vt 0.748627 0.000000
vt 1.000000 0.106429
vt 0.611603 0.277540
vt 0.370530 0.164945
vt 0.180704 0.048785
vt 0.106429 0.106429
vt 0.154371 0.000000
vt 0.845629 0.000000
vt 1.000000 0.135094
vt 0.841693 0.047287
vt 0.748628 0.748628
vt 1.000000 0.660723
vt 0.653510 0.388814
vt 0.662352 0.371489
vt 0.744910 0.212938
vt 0.777650 0.150608
vt 0.912436 0.228393
vt 1.000000 0.278982
vt 1.000000 0.656506
vt 0.708977 0.442487
vt 0.676356 0.418470
vt 0.333986 0.266204
vt 0.661455 0.365549
vt 0.794955 0.614905
vt 0.656506 0.656506
vt 0.278982 0.278982
vt 0.934754 0.569382
vt 0.935394 0.553811
vt 0.948222 0.570444
vt 0.902705 0.739018
vt 0.930429 0.882588
vt 0.935354 0.894043
vt 0.902867 0.861797
vt 0.686471 0.679005
vt 0.802069 0.524288
vt 0.816417 0.543946
vt 0.907339 0.693670
vt 1.000000 0.302772
vt 1.000000 0.207759
vt 1.000000 0.518304
vt 0.864906 0.000000
vt 1.000000 0.461338
vt 1.000000 0.519146
vt 0.338944 0.338944
vt 0.102024 0.000000
vt 0.519146 0.519146
vt 0.461339 0.461339
vt 0.597003 0.468816
vt 0.749594 0.000000
vt 1.000000 0.338944
vt 1.000000 0.920766
vt 0.749594 0.749594
vt 0.778267 0.391087
vt 1.000000 0.897976
vt 0.920766 0.920766
vt 1.000000 0.533083
vt 1.000000 0.640960
vt 0.993232 0.628741
vt 0.965371 0.582393
vt 0.969245 0.576273
vt 0.970989 0.959707
vt 0.982318 0.982318
vt 0.985294 0.985294
vt 0.904735 0.864426
vt 0.936340 0.896089
vt 0.026124 0.000000
vt 0.250223 0.000000
vt 0.262491 0.150977
vt 0.448021 0.278558
vt 0.494626 0.278544
vt 0.482795 0.355240
vt 0.591804 0.651282
vt 0.593739 0.649788
vt 0.604612 0.653576
vt 0.624834 0.660640
vt 0.624911 0.663660
vt 0.973531 0.717640
vt 0.978339 0.288439
vt 0.983063 0.282167
vt 0.976725 0.724087
vt 0.973876 0.000000
vt 0.624085 0.000000
vt 0.961640 0.216196
vt 0.996275 0.305446
vt 0.749777 0.000000
vt 0.377967 0.043400
vt 0.311236 0.000000
vt 0.378541 0.000000
vt 1.000000 0.139544
vt 0.903792 0.000000
vt 0.365573 0.303744
vt 0.139544 0.139544
vt 0.255138 0.000000
vt 1.000000 0.374974
vt 1.000000 0.624294
vt 1.000000 0.621459
vt 1.000000 0.688764
vt 0.624294 0.624294
vt 0.374974 0.374974
vt 0.683233 0.427328
vt 0.680749 0.000000
vt 0.654850 0.247415
vt 0.586094 0.000000
vt 0.680749 0.680749
vt 0.586094 0.586094
vt 0.744862 0.000000
vt 1.000000 0.096208
vt 1.000000 0.657601
vt 1.000000 0.838589
vt 0.678721 0.421540
vt 0.835264 0.536492
vt 0.952431 0.622618
vt 0.798643 0.621792
vt 0.928958 0.865795
vt 0.838589 0.838589
vt 0.657602 0.657602
vt 0.702455 0.644128
vt 0.795639 0.616182
vt 0.964558 0.581593
vt 0.949828 0.570726
vt 0.935460 0.552199
vt 0.944453 0.333234
vt 1.000000 0.320739
vt 1.000000 0.531338
vt 0.983922 0.552736
vt 0.683279 0.683279
vt 0.685879 0.679798
vt 0.782586 0.750804
vt 0.903045 0.862619
vt 0.945005 0.926524
vt 0.985342 0.985342
vt 0.991152 0.991152
vt 0.511322 0.511322
vt 1.000000 0.014340
vt 1.000000 0.252952
vt 0.014340 0.014340
vt 0.685226 0.259153
vt 0.252952 0.252952
vt 0.493617 0.000000
vt 1.000000 0.511322
vt 0.568835 0.158535
vt 1.000000 0.158371
vt 0.714878 0.714878
vt 0.707088 0.685261
vt 1.000000 0.004561
vt 0.158371 0.158371
vt 0.517979 0.000000
vt 1.000000 0.753978
vt 0.493617 0.493617
vt 0.207408 0.000000
vt 0.753978 0.753978
vt 1.000000 0.714878
vt 0.521051 0.000000
vt 0.605010 0.138651
vt 0.458085 0.000000
vt 1.000000 0.682105
vt 0.280792 0.000000
vt 0.593652 0.000000
vt 1.000000 0.374302
vt 1.000000 0.482021
vt 1.000000 0.792592
vt 0.682105 0.682105
vt 0.374302 0.374302
vt 0.814838 0.402656
vt 0.593652 0.593652
vt 0.280792 0.280792
vt 0.655207 0.000000
vt 1.000000 0.141670
vt 0.097510 0.000000
vt 0.141670 0.141670
vt 0.344793 0.000000
vt 1.000000 0.478949
vt 1.000000 0.541915
vt 0.097510 0.097510
vt 0.658182 0.374104
vt 0.651546 0.386265
vt 0.353982 0.000000
vt 0.619526 0.000000
vt 0.631236 0.011167
vt 0.774975 0.148405
vt 0.742796 0.211110
vt 0.663476 0.364119
vt 0.619526 0.619526
vt 0.353982 0.353982
vt 0.912746 0.284733
vt 0.912483 0.521175
vt 1.000000 0.642636
vt 1.000000 0.973154
vt 0.988600 0.954050
vt 0.926370 0.773522
vt 0.934699 0.570720
vt 0.949739 0.572017
vt 0.964631 0.582984
vt 0.992574 0.629237
vt 0.637101 0.648807
vt 0.649347 0.656086
vt 0.643571 0.670637
vt 0.625027 0.663703
vt 0.624979 0.660267
vt 0.625921 0.659366
vt 0.907861 0.693993
vt 0.946425 0.708520
vt 0.973280 0.718812
vt 0.976703 0.725625
vt 0.973154 0.973154
vt 0.982272 0.982272
vt 0.969956 0.957598
vt 0.936076 0.895118
vt 0.922755 0.862180
vt 0.913571 0.832712
vt 0.903137 0.739321
vt 0.117546 0.000000
vt 0.310786 0.000000
vt 0.069863 0.050808
vt 0.260060 0.068093
vt 0.209983 0.037208
vt 0.173915 0.014982
vt 0.250420 0.004034
vt 0.606160 0.640195
vt 0.604050 0.643616
vt 0.602225 0.643239
vt 0.882454 0.000000
vt 0.299842 0.102880
vt 1.000000 0.173646
vt 0.689214 0.000000
vt 0.786356 0.102379
vt 1.000000 0.102166
vt 1.000000 0.179045
vt 0.323901 0.000000
vt 0.179045 0.179045
vt 0.102166 0.102166
vt 0.116983 0.000000
vt 0.005958 0.000000
vt 1.000000 0.842834
vt 1.000000 0.676099
vt 1.000000 0.883017
vt 0.842834 0.842834
vt 0.708642 0.000000
vt 0.775009 0.641210
vt 0.708642 0.708642
vt 0.245637 0.000000
vt 0.118572 0.118572
vt 0.413109 0.004859
vt 0.423565 0.423565
vt 0.820191 0.381199
vt 0.245637 0.245637
vt 0.843148 0.000000
vt 1.000000 0.118572
vt 1.000000 0.423565
vt 0.156852 0.000000
vt 1.000000 0.994042
vt 0.620310 0.000000
vt 0.912049 0.000000
vt 1.000000 0.034878
vt 1.000000 0.277727
vt 0.775895 0.148427
vt 0.034878 0.034878
vt 0.169597 0.015600
vt 0.208877 0.039656
vt 0.260975 0.072282
vt 0.332266 0.264899
vt 0.277727 0.277727
vt 0.912482 0.522506
vt 0.912049 0.912049
vt 0.620310 0.620310
vt 0.688898 0.597311
vt 0.606028 0.645147
vt 0.604144 0.643643
vt 0.604866 0.642465
vt 0.606382 0.640023
vt 0.613312 0.634661
vt 0.616857 0.636774
vt 0.637032 0.648766
vt 0.628233 0.657070
vt 0.625873 0.659291
vt 0.624933 0.660160
vt 1.000000 0.514496
vt 0.480519 0.480519
vt 0.340360 0.340360
vt 1.000000 0.371246
vt 0.514496 0.514496
vt 0.371246 0.371246
vt 1.000000 0.250190
vt 1.000000 0.508865
vt 0.250190 0.250190
vt 0.503761 0.000000
vt 0.508865 0.508865
vt 1.000000 0.340360
vt 1.000000 0.480519
vt 0.767656 0.098494
vt 0.878677 0.147505
vt 0.322445 0.000000
vt 1.000000 0.501124
vt 1.000000 0.883115
vt 0.118294 0.000000
vt 0.883115 0.883115
vt 0.501124 0.501124
vt 0.153048 0.000000
vt 1.000000 0.000699
vt 0.153048 0.153048
vt 0.292868 0.000000
vt 1.000000 0.496239
vt 0.292868 0.292868
vt 0.201106 0.000000
vt 0.622460 0.000000
vt 0.539075 0.316878
vt 0.622460 0.622460
vt 0.201106 0.201106
vt 0.881706 0.000000
vt 0.882321 0.294600
vt 0.677555 0.000000
vt 0.251957 0.003814
vt 0.278611 0.000000
vt 0.465748 0.000000
vt 0.660732 0.364198
vt 0.411435 0.288502
vt 0.333855 0.264880
vt 0.326686 0.245637
vt 0.283245 0.128298
vt 0.262239 0.071375
vt 0.480699 0.368824
vt 0.465748 0.465748
vt 0.278611 0.278611
vt 0.440244 0.278561
vt 0.611418 0.655650
vt 0.600572 0.651846
vt 0.594062 0.649539
vt 0.600775 0.644361
vt 0.602145 0.643300
vt 0.604057 0.643699
vt 0.605888 0.645157
vt 0.624829 0.660273
vt 0.802695 0.523450
vt 0.971532 0.297477
vt 0.977502 0.289550
vt 0.976245 0.462376
vt 0.974786 0.578972
vt 0.973167 0.717116
vt 0.946284 0.707268
vt 0.907878 0.693021
vt 0.878518 0.637146
vt 1.000000 0.134123
vt 1.000000 0.661449
vt 0.609285 0.134057
vt 1.000000 0.754574
vt 0.661448 0.661448
vt 0.134122 0.134122
vt 0.213468 0.000000
vt 1.000000 0.760953
vt 0.754574 0.754574
vt 0.915483 0.338715
vt 0.799208 0.799208
vt 0.556090 0.000000
vt 0.615189 0.055441
vt 0.817243 0.817243
vt 0.463836 0.000000
vt 1.000000 0.541270
vt 0.541270 0.541270
vt 0.795622 0.000000
vt 0.796186 0.491531
vt 0.795622 0.795622
vt 0.463836 0.463836
vt 1.000000 0.440644
vt 0.762531 0.294490
vt 1.000000 0.383100
vt 0.440644 0.440644
vt 0.658835 0.341424
vt 0.443909 0.000000
vt 0.837993 0.608022
vt 0.837795 0.744735
vt 0.092221 0.000000
vt 0.208435 0.000000
vt 0.350395 0.116809
vt 0.381277 0.146961
vt 0.634981 0.402949
vt 0.208435 0.208435
vt 0.092221 0.092221
vt 0.085349 0.000000
vt 0.181983 0.000000
vt 0.829141 0.000000
vt 0.931047 0.000000
vt 0.931016 0.070871
vt 1.000000 0.818017
vt 1.000000 0.914651
vt 0.931047 0.931047
vt 0.829141 0.829141
vt 0.865538 0.800254
vt 0.478466 0.422928
vt 0.219440 0.088286
vt 0.923699 0.087521
vt 0.923635 0.340585
vt 0.624096 0.401236
vt 0.483606 0.429372
vt 0.587788 0.462134
vt 0.587338 0.461858
vt 0.574481 0.453932
vt 0.574481 0.432653
vt 0.600543 0.424400
vt 0.597059 0.451994
vt 0.593004 0.459993
vt 0.589030 0.461628
vt 0.558675 0.446538
vt 0.559721 0.440941
vt 0.562319 0.427236
vt 0.574481 0.432653
vt 0.574481 0.453932
vt 0.568239 0.454191
vt 0.760953 0.760953
vt 0.817243 0.000000
vt 0.783072 0.447098
vt 0.585225 0.065314
vt 0.567646 0.061045
vt 0.519664 0.049625
vt 0.179008 0.000000
vt 0.209892 0.000000
vt 0.290746 0.018776
vt 0.787244 0.000000
vt 0.788014 0.583134
vt 0.304184 0.070783
vt 0.218792 0.000000
vt 1.000000 0.781208
vt 0.323071 0.323071
vt 1.000000 0.212756
vt 0.796205 0.796205
vt 0.536510 0.000000
vt 0.796563 0.313171
vt 0.825705 0.825705
vt 1.000000 0.557302
vt 0.463490 0.000000
vt 0.353536 0.114895
vt 0.436503 0.000000
vt 0.838877 0.000000
vt 0.837999 0.603964
vt 0.631790 0.396372
vt 0.786673 0.000000
vt 0.980778 0.000000
vt 0.988223 0.325924
vt 0.838877 0.838877
vt 0.436503 0.436503
vt 0.978860 0.019824
vt 1.000000 0.019222
vt 1.000000 0.213327
vt 0.877869 0.022815
vt 0.209892 0.209892
vt 0.179008 0.179008
vt 0.505801 0.183767
vt 0.505872 0.201929
vt 0.266295 0.209834
vt 0.568053 0.454199
vt 0.540478 0.455346
vt 0.531248 0.455720
vt 0.531019 0.451815
vt 0.532694 0.439270
vt 0.558857 0.446868
vt 0.816575 0.744469
vt 0.569292 0.331542
vt 0.863648 0.594523
vt 0.879921 0.848290
vt 1.000000 0.825705
vt 0.785129 0.479864
vt 0.609969 0.370196
vt 0.308058 0.052083
vt 0.442698 0.000000
vt 0.317483 0.119850
vt 1.000000 0.082644
vt 1.000000 0.340338
vt 0.340337 0.340337
vt 0.082644 0.082644
vt 1.000000 0.089036
vt 0.962529 0.151943
vt 0.345933 0.345933
vt 0.089036 0.089036
vt 0.168920 0.055371
vt 0.393801 0.000000
vt 0.873159 0.000000
vt 0.873159 0.873159
vt 0.393801 0.393801
vt 1.000000 0.469206
vt 0.871180 0.715698
vt 0.871220 0.871220
vt 0.469206 0.469206
vt 0.698003 0.510879
vt 0.629254 0.000000
vt 0.769949 0.011050
vt 0.711910 0.143646
vt 0.177194 0.060221
vt 0.115847 0.012288
vt 0.234090 0.000000
vt 0.750791 0.096822
vt 0.755005 0.099446
vt 0.827829 0.119020
vt 0.793180 0.089469
vt 0.721441 0.079019
vt 0.590097 0.387062
vt 0.589519 0.385830
vt 0.595465 0.389464
vt 0.370746 0.000000
vt 0.765910 0.000000
vt 0.615547 0.031702
vt 0.566399 0.047368
vt 0.422822 0.086958
vt 1.000000 0.228798
vt 1.000000 0.947074
vt 0.918481 0.918481
vt 0.652729 0.652729
vt 0.462028 0.347393
vt 0.183839 0.009544
vt 0.199369 0.000000
vt 1.000000 0.885958
vt 0.947074 0.947074
vt 0.228798 0.228798
vt 1.000000 0.652729
vt 1.000000 0.918481
vt 0.307675 0.187835
vt 0.199369 0.199369
vt 0.762062 0.201338
vt 1.000000 0.454206
vt 0.454205 0.454205
vt 0.729820 0.453908
vt 1.000000 0.453934
vt 1.000000 0.029117
vt 1.000000 0.441337
vt 0.692577 0.361008
vt 0.723832 0.148887
vt 0.774266 0.011389
vt 0.754771 0.100130
vt 0.711280 0.092129
vt 0.631364 0.077597
vt 0.895033 0.159105
vt 0.955613 0.173173
vt 0.884483 0.167338
vt 0.828892 0.119927
vt 0.931014 0.074070
vt 0.930805 0.541066
vt 0.441337 0.441337
vt 0.029117 0.029117
vt 0.047409 0.000000
vt 0.823788 0.000000
vt 0.843803 0.013678
vt 0.845858 0.794138
vt 0.823788 0.823788
vt 0.047409 0.047409
vt 0.123076 0.045168
vt 0.281634 0.057790
vt 0.413833 0.100343
vt 0.353602 0.253461
vt 0.278767 0.173068
vt 0.310444 0.134765
vt 0.619368 0.449144
vt 0.593183 0.459919
vt 0.597198 0.452064
vt 0.615637 0.440589
vt 0.934209 0.658360
vt 0.885958 0.885958
vt 0.546066 0.000000
vt 1.000000 0.870933
vt 0.814067 0.685002
vt 0.769902 0.489527
vt 1.000000 0.396092
vt 0.602991 0.000000
vt 0.756245 0.756245
vt 0.602991 0.602991
vt 0.788099 0.000000
vt 0.787701 0.551111
vt 0.109400 0.109400
vt 0.165190 0.165190
vt 1.000000 0.219038
vt 0.219038 0.219038
vt 0.223593 0.161835
vt 0.254958 0.000000
vt 0.784902 0.000000
vt 1.000000 0.211901
vt 0.783694 0.392273
vt 0.784902 0.784902
vt 0.254958 0.254958
vt 0.100121 0.000000
vt 0.219075 0.000000
vt 0.113984 0.010832
vt 0.597299 0.067615
vt 0.610185 0.062812
vt 0.524211 0.050287
vt 0.566740 0.060414
vt 0.778002 0.419964
vt 1.000000 0.480967
vt 1.000000 0.903064
vt 0.912256 0.853746
vt 0.545781 0.356230
vt 0.923634 0.343433
vt 0.923495 0.890855
vt 0.903064 0.903064
vt 0.480967 0.480967
vt 0.484085 0.432701
vt 0.858025 0.356649
vt 0.575638 0.391108
vt 0.587995 0.384898
vt 0.589339 0.385719
vt 0.590038 0.387201
vt 0.590979 0.397298
vt 0.532714 0.439119
vt 0.535873 0.415456
vt 0.562182 0.427175
vt 0.558518 0.446473
vt 0.550108 0.444082
vt 0.726469 0.085636
vt 0.787808 0.101258
vt 0.832758 0.112792
vt 0.863453 0.591473
vt 0.660390 0.408983
vt 0.565991 0.326030
vt 0.503583 0.221817
vt 0.571191 0.049264
vt 0.780925 0.000000
vt 0.899879 0.000000
vt 0.119106 0.058111
vt 0.139049 0.000000
vt 1.000000 0.756245
vt 0.933914 0.766572
vt 0.788883 0.000000
vt 0.872164 0.290697
vt 0.870933 0.870933
vt 0.396092 0.396092
vt 0.243296 0.243296
vt 0.344278 0.173518
vt 1.000000 0.172099
vt 0.920588 0.216940
vt 1.000000 0.243296
vt 0.094857 0.094857
vt 0.549839 0.094614
vt 0.133735 0.075881
vt 0.914811 0.914811
vt 0.638683 0.638683
vt 0.872524 0.680066
vt 0.872730 0.872730
vt 0.373946 0.373946
vt 0.180866 0.000000
vt 0.172099 0.172099
vt 0.574594 0.574594
vt 1.000000 0.590684
vt 1.000000 0.574594
vt 1.000000 0.802471
vt 0.197469 0.000000
vt 0.802472 0.802472
vt 1.000000 0.121137
vt 0.914811 0.000000
vt 0.919829 0.919829
vt 0.638683 0.000000
vt 0.590684 0.590684
vt 0.504990 0.424288
vt 0.373946 0.000000
vt 0.872730 0.000000
vt 1.000000 0.094857
vt 0.688435 0.359925
vt 0.275069 0.251913
vt 0.231046 0.076495
vt 0.227246 0.099329
vt 0.184637 0.066036
vt 0.718646 0.154935
vt 0.627542 0.076288
vt 0.750015 0.098538
vt 0.745985 0.096005
vt 0.716231 0.078260
vt 0.616991 0.063803
vt 0.602599 0.069138
vt 0.277797 0.172026
vt 0.117663 0.000000
vt 0.716621 0.000000
vt 0.046540 0.000000
vt 0.102095 0.000000
vt 0.279853 0.057217
vt 0.164008 0.000000
vt 0.102095 0.102095
vt 0.046540 0.046540
vt 0.135880 0.000000
vt 0.543000 0.352454
vt 0.283379 0.000000
vt 0.882337 0.000000
vt 1.000000 0.088428
vt 1.000000 0.478043
vt 0.478043 0.478043
vt 0.088428 0.088428
vt 0.215780 0.088290
vt 0.481062 0.431339
vt 0.877144 0.741240
vt 1.000000 0.835992
vt 1.000000 0.864120
vt 0.600316 0.392430
vt 0.600438 0.393106
vt 0.600701 0.394574
vt 0.601964 0.401731
vt 0.591096 0.397345
vt 0.590361 0.389474
vt 0.590166 0.387313
vt 0.596186 0.389906
vt 0.597256 0.451554
vt 0.597281 0.451336
vt 0.600679 0.424357
vt 0.605391 0.422864
vt 0.607605 0.422172
vt 0.615588 0.440478
vt 0.615149 0.440751
vt 0.426604 0.093273
vt 0.555590 0.052712
vt 0.498643 0.213568
vt 1.000000 0.802531
vt 0.991208 0.806031
vt 0.913115 0.264126
vt 1.000000 0.642712
vt 1.000000 0.919829
vt 0.886819 0.886819
vt 0.874317 0.000000
vt 0.894573 0.223321
vt 0.374699 0.000000
vt 1.000000 0.819591
vt 0.874317 0.874317
vt 0.374699 0.374699
vt 0.450926 0.000000
vt 0.882617 0.000000
vt 0.819591 0.819591
vt 0.885271 0.000000
vt 1.000000 0.041444
vt 0.739875 0.367258
vt 0.661541 0.489662
vt 0.041444 0.041444
vt 0.723588 0.000000
vt 0.726288 0.059392
vt 1.000000 0.556986
vt 0.723588 0.723588
vt 1.000000 0.527812
vt 0.556986 0.556986
vt 0.660332 0.260727
vt 0.605214 0.372111
vt 0.527812 0.527812
vt 0.549074 0.000000
vt 0.138578 0.000000
vt 1.000000 0.124302
vt 1.000000 0.117383
vt 0.124302 0.124302
vt 0.426593 0.000000
vt 0.393887 0.045178
vt 0.347574 0.108742
vt 0.312861 0.080331
vt 0.215560 0.000000
vt 0.769125 0.000000
vt 0.426593 0.426593
vt 0.215560 0.215560
vt 0.188407 0.000000
vt 0.595723 0.067835
vt 0.573710 0.065811
vt 0.299245 0.020750
vt 0.889740 0.157876
vt 0.690869 0.098586
vt 0.662346 0.088898
vt 0.625000 0.076155
vt 0.610501 0.071963
vt 0.850801 0.791963
vt 0.617726 0.551011
vt 0.129688 0.044972
vt 0.867253 0.023129
vt 1.000000 0.230875
vt 1.000000 0.811593
vt 0.448304 0.099583
vt 0.739030 0.150448
vt 0.739027 0.505590
vt 1.000000 0.659324
vt 0.338128 0.000000
vt 0.864351 0.000000
vt 1.000000 0.158035
vt 0.659324 0.659324
vt 0.158035 0.158035
vt 0.658843 0.036895
vt 0.604938 0.362341
vt 0.135649 0.000000
vt 0.661872 0.000000
vt 0.834171 0.105940
vt 0.806764 0.298366
vt 0.778219 0.494835
vt 0.325103 0.000000
vt 0.352734 0.190563
vt 0.161639 0.000000
vt 0.325103 0.325103
vt 0.161639 0.161639
vt 0.229296 0.142500
vt 1.000000 0.158126
vt 1.000000 0.348639
vt 0.913890 0.144282
vt 1.000000 0.163412
vt 1.000000 0.473117
vt 0.348639 0.348639
vt 0.158126 0.158126
vt 0.758363 0.162921
vt 0.717671 0.404320
vt 0.678923 0.415383
vt 0.473117 0.473117
vt 0.163412 0.163412
vt 0.539252 0.455541
vt 0.540439 0.455490
vt 0.549164 0.455130
vt 0.552945 0.458842
vt 0.563131 0.468888
vt 0.565838 0.484076
vt 0.534165 0.462067
vt 0.533489 0.461590
vt 0.598114 0.000000
vt 1.000000 0.647943
vt 0.647943 0.647943
vt 0.209142 0.000000
vt 1.000000 0.086906
vt 1.000000 0.662892
vt 0.833723 0.775504
vt 0.664629 0.000000
vt 0.662892 0.662892
vt 0.086906 0.086906
vt 0.153760 0.000000
vt 0.775184 0.000000
vt 1.000000 0.401886
vt 0.856658 0.856658
vt 1.000000 0.960597
vt 0.960597 0.960597
vt 1.000000 0.790858
vt 1.000000 0.856658
vt 0.795971 0.737334
vt 0.854447 0.631169
vt 0.890578 0.686282
vt 0.421757 0.000000
vt 0.779182 0.000000
vt 1.000000 0.335371
vt 1.000000 0.846240
vt 0.856119 0.385255
vt 1.000000 0.374323
vt 1.000000 0.794077
vt 0.779182 0.779182
vt 0.421757 0.421757
vt 0.369282 0.326375
vt 0.580044 0.284069
vt 0.793397 0.241993
vt 0.794077 0.794077
vt 0.374323 0.374323
vt 0.886082 0.011552
vt 0.902951 0.269120
vt 0.846133 0.560371
vt 0.826039 0.662548
vt 0.358266 0.196078
vt 0.329515 0.000000
vt 0.885265 0.885265
vt 0.329515 0.329515
vt 1.000000 0.352592
vt 1.000000 0.891553
vt 0.891553 0.891553
vt 0.352592 0.352592
vt 0.477687 0.376472
vt 1.000000 0.476329
vt 1.000000 0.899868
vt 0.661482 0.424544
vt 0.718613 0.409090
vt 0.732873 0.441179
vt 0.864485 0.741785
vt 0.890925 0.821520
vt 0.900536 0.851059
vt 0.899868 0.899868
vt 0.476329 0.476329
vt 0.568407 0.458754
vt 0.563168 0.468631
vt 0.561993 0.467490
vt 0.557796 0.463372
vt 0.549416 0.455119
vt 0.570773 0.454237
vt 0.441752 0.106367
vt 1.000000 0.315191
vt 1.000000 0.662780
vt 1.000000 0.174734
vt 0.726092 0.688274
vt 0.662780 0.662780
vt 0.315191 0.315191
vt 0.802634 0.000000
vt 0.175311 0.000000
vt 0.174734 0.174734
vt 1.000000 0.175299
vt 0.824689 0.000000
vt 0.175300 0.175300
vt 0.138844 0.000000
vt 0.138844 0.138844
vt 0.038470 0.000000
vt 0.868238 0.746604
vt 0.810270 0.331431
vt 0.787223 0.162897
vt 0.920713 0.162787
vt 0.920913 0.870713
vt 0.902483 0.850756
vt 0.892954 0.822029
vt 0.574481 0.490081
vt 0.574481 0.484806
vt 0.583174 0.469298
vt 0.585438 0.465264
vt 0.586633 0.464520
vt 0.574481 0.490081
vt 0.567374 0.485143
vt 0.573739 0.484839
vt 0.574481 0.484806
vt 1.000000 0.961530
vt 1.000000 0.197366
vt 1.000000 0.592160
vt 0.821075 0.821075
vt 0.592160 0.592160
vt 1.000000 0.344539
vt 0.757355 0.757355
vt 0.777005 0.070977
vt 1.000000 0.202862
vt 1.000000 0.822535
vt 0.202863 0.202863
vt 0.721816 0.202960
vt 0.822535 0.822535
vt 1.000000 0.823515
vt 0.823515 0.823515
vt 1.000000 0.821075
vt 0.371590 0.028647
vt 1.000000 0.148162
vt 1.000000 0.658409
vt 0.907569 0.283446
vt 0.907259 0.743542
vt 0.829953 0.666451
vt 0.848546 0.570927
vt 0.779440 0.162903
vt 0.859795 0.726371
vt 0.720024 0.406069
vt 0.761249 0.162918
vt 0.583068 0.469290
vt 0.574481 0.484559
vt 0.574481 0.454084
vt 0.582396 0.458965
vt 0.583989 0.462336
vt 0.585348 0.465227
vt 0.574481 0.454084
vt 0.574481 0.484559
vt 0.568533 0.484809
vt 0.566960 0.484855
vt 0.565991 0.484182
vt 0.563319 0.468840
vt 0.570951 0.454230
vt 0.261861 0.202992
vt 0.341591 0.000000
vt 0.851838 0.000000
vt 1.000000 0.757355
vt 0.344539 0.344539
vt 0.741217 0.586069
vt 0.454929 0.349107
vt 0.740379 0.234596
vt 0.241179 0.139138
vt 0.684837 0.013632
vt 1.000000 0.020918
vt 1.000000 0.154324
vt 0.020918 0.020918
vt 0.661594 0.088233
vt 0.899697 0.141129
vt 0.154324 0.154324
vt 0.279642 0.210191
vt 0.505875 0.202680
vt 0.505954 0.222741
vt 0.531510 0.460195
vt 0.531257 0.455881
vt 0.539044 0.455550
vt 0.533378 0.461512
vt 0.401401 0.002280
vt 0.156461 0.156461
vt 0.824786 0.000000
vt 1.000000 0.156461
vt 0.725625 0.193080
vt 0.497895 0.417507
vt 0.549758 0.436331
vt 1.000000 0.601407
vt 0.824786 0.824786
vt 0.582251 0.522804
vt 0.888757 0.000000
vt 0.907761 0.000000
vt 0.907304 0.271778
vt 1.000000 0.894927
vt 1.000000 0.914541
vt 0.907761 0.907761
vt 0.888757 0.888757
vt 1.000000 0.903078
vt 1.000000 0.920927
vt 0.914541 0.914541
vt 0.894927 0.894927
vt 0.920915 0.877035
vt 0.920927 0.920927
vt 0.903078 0.903078
vt 0.903952 0.859031
vt 0.582586 0.459083
vt 0.587272 0.461972
vt 0.587712 0.462245
vt 0.587495 0.462707
vt 0.586741 0.464292
vt 0.585419 0.465099
vt 0.897533 0.185431
vt 0.898567 0.898567
vt 0.325546 0.325546
vt 0.485343 0.099392
vt 0.817134 0.171192
vt 1.000000 0.325546
vt 1.000000 0.898567
vt 0.101118 0.000000
vt 0.691091 0.000000
vt 1.000000 0.632317
vt 0.939622 0.664181
vt 0.199723 0.000000
vt 0.634213 0.000000
vt 0.632317 0.632317
vt 0.694583 0.694583
vt 0.800277 0.000000
vt 0.888230 0.077067
vt 0.886675 0.082078
vt 0.921068 0.921068
vt 0.485538 0.485538
vt 0.458343 0.244363
vt 0.608785 0.061260
vt 0.697075 0.262183
vt 0.706621 0.297924
vt 0.655194 0.009759
vt 0.646814 0.000000
vt 0.651145 0.000000
vt 0.482057 0.482057
vt 1.000000 0.485538
vt 1.000000 0.921068
vt 0.920077 0.920077
vt 0.959568 0.896543
vt 0.865420 0.730436
vt 1.000000 0.884791
vt 1.000000 0.948099
vt 0.982536 0.936107
vt 0.044592 0.000000
vt 0.359749 0.287407
vt 0.408211 0.331828
vt 0.847668 0.800509
vt 0.851576 0.805102
vt 0.849913 0.809884
vt 0.763816 0.737920
vt 0.047528 0.000000
vt 0.711428 0.534373
vt 0.697562 0.570579
vt 0.690610 0.571016
vt 0.684468 0.571387
vt 0.655188 0.558293
vt 0.651807 0.523157
vt 0.713343 0.529376
vt 0.646814 0.646814
vt 1.000000 0.482057
vt 1.000000 0.074386
vt 0.986560 0.176007
vt 0.651145 0.651145
vt 0.694583 0.000000
vt 0.804540 0.098105
vt 0.802222 0.110466
vt 0.691091 0.691091
vt 0.101118 0.101118
vt 0.634213 0.634213
vt 0.871450 0.578239
vt 0.869180 0.603958
vt 0.262863 0.000000
vt 0.874374 0.000000
vt 0.694334 0.000000
vt 0.817570 0.724836
vt 0.824742 0.739232
vt 0.800875 0.800875
vt 1.000000 0.509185
vt 0.445616 0.000000
vt 0.856398 0.421873
vt 0.509185 0.509185
vt 0.856786 0.000000
vt 0.554384 0.000000
vt 1.000000 0.392388
vt 1.000000 0.305666
vt 0.392388 0.392388
vt 0.658876 0.321963
vt 0.900762 0.259538
vt 0.956584 0.685774
vt 0.960906 0.785386
vt 0.966285 0.914406
vt 0.051548 0.000000
vt 0.511951 0.000000
vt 0.786917 0.423982
vt 0.511951 0.511951
vt 0.051548 0.051548
vt 0.066253 0.000000
vt 0.831790 0.000000
vt 0.652293 0.000000
vt 0.937458 0.000000
vt 0.937485 0.336157
vt 0.930869 0.330807
vt 0.657410 0.012340
vt 0.980138 0.956209
vt 0.914649 0.881489
vt 0.851008 0.810950
vt 0.852610 0.806317
vt 0.755927 0.548164
vt 0.758735 0.554489
vt 0.758713 0.556242
vt 0.757909 0.608567
vt 0.741698 0.601487
vt 0.742979 0.579220
vt 0.746032 0.525943
vt 0.652293 0.652293
vt 0.986613 0.177144
vt 1.000000 0.168210
vt 1.000000 0.933747
vt 0.937458 0.937458
vt 1.000000 0.800875
vt 0.874374 0.874374
vt 0.262863 0.262863
vt 0.856786 0.856786
vt 0.734347 0.137724
vt 0.884229 0.265503
vt 0.880248 0.880248
vt 0.662686 0.662686
vt 0.344541 0.000000
vt 0.443137 0.443137
vt 0.598688 0.431735
vt 1.000000 0.683456
vt 0.933703 0.933703
vt 0.661829 0.661829
vt 1.000000 0.880248
vt 0.659573 0.659573
vt 1.000000 0.662686
vt 1.000000 0.078676
vt 1.000000 0.578701
vt 0.427045 0.144944
vt 0.407444 0.131889
vt 0.303497 0.000000
vt 0.628899 0.000000
vt 1.000000 0.102272
vt 1.000000 0.675099
vt 0.439982 0.000000
vt 0.921645 0.000000
vt 0.421299 0.000000
vt 0.921324 0.000000
vt 0.921645 0.921645
vt 0.439982 0.439982
vt 1.000000 0.443137
vt 0.696503 0.000000
vt 0.942125 0.203677
vt 0.509212 0.326715
vt 1.000000 0.661829
vt 1.000000 0.933703
vt 0.246147 0.187865
vt 0.324901 0.000000
vt 0.897728 0.000000
vt 0.575137 0.000000
vt 0.703076 0.703076
vt 1.000000 0.703076
vt 0.958883 0.686608
vt 0.513688 0.000000
vt 0.185478 0.185478
vt 0.750226 0.184844
vt 1.000000 0.424863
vt 0.834705 0.000000
vt 0.513688 0.513688
vt 0.941803 0.130176
vt 1.000000 0.185478
vt 0.922098 0.922098
vt 0.743973 0.429976
vt 0.729810 0.380361
vt 0.697728 0.262011
vt 0.921120 0.921120
vt 1.000000 0.922098
vt 0.695247 0.618474
vt 0.690690 0.625032
vt 0.688946 0.609872
vt 0.684525 0.571539
vt 0.685515 0.571473
vt 0.691699 0.571078
vt 0.697597 0.570708
vt 0.709949 0.597282
vt 0.707712 0.644073
vt 0.671083 0.651656
vt 0.654911 0.646647
vt 0.689030 0.626327
vt 0.690575 0.625405
vt 0.691250 0.626127
vt 1.000000 0.165294
vt 0.986768 0.174489
vt 1.000000 0.073415
vt 1.000000 0.655458
vt 0.371101 0.000000
vt 0.999919 0.325135
vt 0.914738 0.914738
vt 0.321586 0.321586
vt 1.000000 0.323504
vt 1.000000 0.897311
vt 0.289917 0.186864
vt 0.356098 0.172542
vt 0.617716 0.099973
vt 0.609355 0.060566
vt 0.659118 0.000000
vt 0.936222 0.124872
vt 0.941431 0.129822
vt 0.696693 0.259267
vt 0.949222 0.913230
vt 0.525461 0.493681
vt 0.820394 0.678794
vt 0.864910 0.729851
vt 0.959512 0.896581
vt 0.982464 0.936057
vt 0.690543 0.625316
vt 0.661638 0.625316
vt 0.655202 0.558437
vt 0.684329 0.571512
vt 0.689770 0.618483
vt 0.654808 0.646615
vt 0.653360 0.646167
vt 0.662033 0.642332
vt 1.000000 0.321586
vt 1.000000 0.914738
vt 0.102689 0.000000
vt 0.676496 0.000000
vt 0.972286 0.167668
vt 1.000000 0.628975
vt 0.373350 0.000000
vt 0.724726 0.662350
vt 0.628975 0.628975
vt 0.798984 0.000000
vt 0.798984 0.798984
vt 0.793884 0.000000
vt 0.793884 0.793884
vt 1.000000 0.856799
vt 0.995308 0.860162
vt 0.856799 0.856799
vt 0.857080 0.000000
vt 0.656643 0.000000
vt 0.856824 0.163389
vt 0.857080 0.857080
vt 0.655073 0.000000
vt 0.656643 0.656643
vt 1.000000 0.626651
vt 0.372405 0.000000
vt 0.344927 0.000000
vt 0.372405 0.372405
vt 0.939870 0.910221
vt 0.983215 0.959847
vt 0.981462 0.962139
vt 0.765384 0.739536
vt 0.850467 0.810627
vt 0.713478 0.529390
vt 0.732041 0.531266
vt 0.731117 0.604388
vt 0.727287 0.603082
vt 0.710057 0.597164
vt 0.705237 0.586780
vt 0.697732 0.570597
vt 0.711487 0.534587
vt 0.731117 0.604388
vt 0.745893 0.525815
vt 0.745870 0.526221
vt 0.741521 0.601435
vt 1.000000 0.657337
vt 0.341585 0.000000
vt 0.657337 0.657337
vt 0.855258 0.000000
vt 0.855783 0.693571
vt 1.000000 0.658415
vt 0.922098 0.000000
vt 1.000000 0.674471
vt 1.000000 0.881002
vt 0.351280 0.232813
vt 0.334549 0.061888
vt 0.428616 0.000000
vt 0.881002 0.881002
vt 0.674471 0.674471
vt 1.000000 0.677069
vt 1.000000 0.443997
vt 0.428616 0.428616
vt 0.834553 0.432857
vt 0.576797 0.000000
vt 0.815437 0.000000
vt 0.948730 0.146174
vt 0.948109 0.948109
vt 0.705546 0.705546
vt 0.642552 0.360991
vt 1.000000 0.948109
vt 0.968771 0.916891
vt 0.959703 0.689560
vt 1.000000 0.705546
vt 1.000000 0.423203
vt 0.751979 0.184842
vt 1.000000 0.184563
vt 0.690663 0.625288
vt 0.695111 0.618844
vt 0.708067 0.600148
vt 0.710014 0.597350
vt 0.727321 0.603218
vt 0.731115 0.604508
vt 0.730852 0.625316
vt 0.690653 0.625316
vt 0.731102 0.639228
vt 0.723912 0.640719
vt 0.707826 0.644049
vt 0.691317 0.626064
vt 0.757879 0.610496
vt 0.754731 0.625316
vt 0.731115 0.604508
vt 0.741558 0.601551
vt 0.757907 0.608709
vt 0.556003 0.000000
vt 0.855391 0.431049
vt 0.855258 0.855258
vt 0.353753 0.000000
vt 0.581562 0.000000
vt 0.584599 0.080633
vt 0.588381 0.205502
vt 0.545009 0.241833
vt 0.508722 0.271864
vt 0.456547 0.000000
vt 0.762978 0.000000
vt 1.000000 0.236432
vt 1.000000 0.275578
vt 0.236297 0.000000
vt 0.266115 0.000000
vt 0.275578 0.275578
vt 0.236432 0.236432
vt 1.000000 0.234270
vt 1.000000 0.254379
vt 0.266115 0.266115
vt 0.236297 0.236297
vt 0.842260 0.250965
vt 1.000000 0.418438
vt 1.000000 0.646247
vt 0.271593 0.271593
vt 0.250153 0.250153
vt 0.686806 0.236496
vt 1.000000 0.237022
vt 1.000000 0.543453
vt 0.809672 0.465419
vt 0.797200 0.472331
vt 0.774942 0.484478
vt 0.737331 0.470926
vt 0.434379 0.359038
vt 0.365178 0.175358
vt 0.455381 0.169293
vt 0.561266 0.162892
vt 0.743969 0.385015
vt 0.852427 0.660842
vt 0.806557 0.000000
vt 0.877111 0.000000
vt 0.897361 0.055739
vt 0.938147 0.168657
vt 0.937970 0.738424
vt 1.000000 0.193442
vt 0.156769 0.156769
vt 0.109896 0.109896
vt 1.000000 0.122888
vt 1.000000 0.156769
vt 0.940503 0.011574
vt 0.949279 0.011682
vt 1.000000 0.109896
vt 0.935584 0.935584
vt 0.942546 0.934860
vt 0.944313 0.944313
vt 0.887682 0.494885
vt 0.882331 0.488621
vt 0.878439 0.484040
vt 0.880196 0.481531
vt 0.883565 0.476762
vt 0.898060 0.485695
vt 0.237392 0.237392
vt 0.303631 0.237278
vt 0.270702 0.270702
vt 0.557214 0.158640
vt 0.363667 0.171588
vt 0.348107 0.150487
vt 0.559175 0.150151
vt 0.877528 0.484389
vt 0.878354 0.484152
vt 0.887702 0.495164
vt 0.887830 0.495756
vt 0.270702 0.000000
vt 0.236271 0.236271
vt 0.237392 0.000000
vt 0.381810 0.381810
vt 0.234667 0.234667
vt 0.274872 0.000000
vt 1.000000 0.234667
vt 1.000000 0.381810
vt 0.766237 0.731355
vt 0.698693 0.660811
vt 0.626666 0.585353
vt 0.576539 0.463846
vt 0.484390 0.236524
vt 0.734760 0.231621
vt 0.593613 0.307592
vt 0.432836 0.000000
vt 0.696164 0.000000
vt 0.744983 0.698326
vt 0.696164 0.696164
vt 0.432836 0.432836
vt 0.743632 0.254838
vt 0.630015 0.243502
vt 0.563709 0.162131
vt 0.564524 0.150143
vt 0.719421 0.149896
vt 0.815169 0.332825
vt 0.867548 0.433344
vt 0.810957 0.464707
vt 0.938200 0.000000
vt 0.938149 0.162976
vt 0.878909 0.000000
vt 0.059148 0.043698
vt 0.062485 0.053778
vt 0.007089 0.000000
vt 0.044604 0.000000
vt 0.108090 0.108090
vt 0.012306 0.012306
vt 1.000000 0.061800
vt 1.000000 0.121091
vt 1.000000 0.012306
vt 1.000000 0.108090
vt 0.950199 0.011693
vt 1.000000 0.955120
vt 1.000000 0.992943
vt 0.994769 0.994769
vt 0.945229 0.945229
vt 0.943264 0.934785
vt 0.974857 0.931500
vt 0.889271 0.493907
vt 0.898205 0.485784
vt 0.902351 0.488339
vt 0.904867 0.490028
vt 0.905312 0.491024
vt 0.904447 0.498726
vt 0.895652 0.504386
vt 0.888091 0.496044
vt 0.887903 0.495172
vt 0.273744 0.273744
vt 0.237680 0.237680
vt 0.717721 0.237477
vt 0.937115 0.564110
vt 1.000000 0.237680
vt 1.000000 0.273744
vt 0.927676 0.237517
vt 0.432583 0.358375
vt 0.339999 0.324181
vt 0.206080 0.150713
vt 0.345766 0.150491
vt 0.362677 0.173435
vt 0.937969 0.742561
vt 0.937908 0.937908
vt 0.866716 0.866716
vt 0.852698 0.664760
vt 1.000000 0.937908
vt 0.999001 0.939214
vt 1.000000 0.866716
vt 0.877413 0.484263
vt 0.870595 0.476741
vt 0.878490 0.473634
vt 0.883460 0.476697
vt 0.878311 0.484003
vt 0.925827 0.235482
vt 1.000000 0.643037
vt 1.000000 0.677990
vt 0.696368 0.482663
vt 0.488455 0.235572
vt 0.721810 0.149892
vt 0.868214 0.149950
vt 0.912585 0.408385
vt 0.869018 0.432530
vt 0.855983 0.407511
vt 0.063824 0.055078
vt 0.045471 0.000000
vt 0.070625 0.000000
vt 0.160702 0.149129
vt 0.975678 0.931415
vt 1.000000 0.928886
vt 1.000000 0.954246
vt 0.902898 0.512382
vt 0.895768 0.504515
vt 0.904426 0.498912
vt 0.480873 0.480873
vt 1.000000 0.561844
vt 1.000000 0.744480
vt 0.731535 0.731535
vt 0.561844 0.561844
vt 0.648631 0.000000
vt 0.742454 0.000000
vt 0.744480 0.744480
vt 0.821476 0.514215
vt 1.000000 0.520119
vt 1.000000 0.577249
vt 0.577249 0.577249
vt 0.520119 0.520119
vt 0.632642 0.196621
vt 1.000000 0.480873
vt 1.000000 0.731535
vt 1.000000 0.257546
vt 1.000000 0.351369
vt 0.686220 0.000000
vt 0.749219 0.000000
vt 0.686220 0.686220
vt 0.749132 0.621366
vt 0.749220 0.749220
vt 0.746817 0.571280
vt 0.739213 0.584583
vt 0.308934 0.154233
vt 0.822520 0.436898
vt 0.583159 0.399492
vt 0.583333 0.398856
vt 0.583971 0.396637
vt 0.584251 0.396258
vt 0.585102 0.395109
vt 0.593720 0.398599
vt 0.589596 0.406242
vt 0.588700 0.405304
vt 0.720667 0.148733
vt 0.731511 0.149822
vt 0.751714 0.158956
vt 0.764947 0.165466
vt 0.701887 0.255940
vt 0.487064 0.217109
vt 0.696437 0.146266
vt 0.794616 0.045197
vt 0.794551 0.218804
vt 0.597391 0.000000
vt 0.749487 0.000000
vt 0.345576 0.345576
vt 0.249064 0.249064
vt 1.000000 0.250513
vt 1.000000 0.402609
vt 1.000000 0.249064
vt 1.000000 0.345575
vt 0.571813 0.000000
vt 0.733462 0.000000
vt 0.564330 0.150393
vt 0.252364 0.090885
vt 0.252487 0.000000
vt 0.626868 0.000000
vt 0.669769 0.169903
vt 0.733462 0.733462
vt 0.571813 0.571813
vt 0.481248 0.000000
vt 0.731130 0.000000
vt 0.269388 0.000000
vt 0.643414 0.000000
vt 0.626868 0.626868
vt 0.252487 0.252487
vt 1.000000 0.268870
vt 1.000000 0.518752
vt 0.643414 0.643414
vt 0.269388 0.269388
vt 0.583472 0.378102
vt 0.460690 0.000000
vt 0.529119 0.000000
vt 0.819483 0.337870
vt 0.819279 0.613190
vt 0.898040 0.494530
vt 1.000000 0.470881
vt 1.000000 0.539310
vt 0.577861 0.403623
vt 0.574106 0.400671
vt 0.573930 0.394301
vt 0.574557 0.394450
vt 0.583796 0.396673
vt 0.583630 0.397342
vt 0.583019 0.399461
vt 0.578650 0.402991
vt 0.578413 0.403182
vt 0.539999 0.414278
vt 0.550993 0.414278
vt 0.544820 0.419296
vt 0.539351 0.416869
vt 0.768177 0.164112
vt 0.747928 0.154770
vt 0.736168 0.148865
vt 0.902365 0.083484
vt 0.962018 0.056836
vt 0.954178 0.059893
vt 0.875093 0.124009
vt 0.853001 0.154020
vt 0.834117 0.157301
vt 0.823522 0.158935
vt 0.868893 0.356624
vt 0.532903 0.478454
vt 0.269116 0.000000
vt 0.523393 0.000000
vt 1.000000 0.371531
vt 1.000000 0.748648
vt 0.913485 0.748705
vt 0.857153 0.441082
vt 0.837537 0.330487
vt 0.748648 0.748648
vt 0.371531 0.371531
vt 0.496648 0.000000
vt 0.749287 0.000000
vt 0.749287 0.749287
vt 0.496648 0.496648
vt 1.000000 0.476607
vt 0.457280 0.000000
vt 0.578105 0.372751
vt 0.204213 0.000000
vt 1.000000 0.534578
vt 1.000000 0.845413
vt 0.743322 0.588693
vt 0.828434 0.440153
vt 0.534578 0.534578
vt 1.000000 0.570500
vt 1.000000 0.855268
vt 0.845413 0.845413
vt 0.570500 0.570500
vt 0.893081 0.495680
vt 1.000000 0.542720
vt 1.000000 0.795787
vt 0.855269 0.855269
vt 0.583087 0.399557
vt 0.589557 0.406315
vt 0.587097 0.410874
vt 0.586798 0.410644
vt 0.583901 0.408370
vt 0.577946 0.403690
vt 0.578464 0.403269
vt 0.851927 0.155480
vt 0.782032 0.250427
vt 0.776123 0.269359
vt 0.704360 0.256387
vt 0.767053 0.165509
vt 0.775519 0.164750
vt 0.833957 0.158425
vt 0.339048 0.339048
vt 0.248454 0.248454
vt 0.248805 0.000000
vt 0.317171 0.000000
vt 1.000000 0.339048
vt 0.618715 0.000000
vt 0.750698 0.000000
vt 1.000000 0.248454
vt 0.750096 0.228482
vt 0.750698 0.750698
vt 0.618714 0.618714
vt 0.581269 0.228905
vt 1.000000 0.682829
vt 1.000000 0.751195
vt 0.794624 0.751335
vt 0.585006 0.395071
vt 0.584102 0.396291
vt 0.583858 0.396573
vt 0.580386 0.395747
vt 0.573927 0.394189
vt 0.573826 0.390544
vt 0.533514 0.414278
vt 0.539806 0.414278
vt 0.539172 0.416789
vt 0.734189 0.148546
vt 0.724846 0.148071
vt 0.698766 0.145478
vt 0.970386 0.053573
vt 0.962275 0.056736
vt 0.856040 0.102868
vt 1.000000 0.109538
vt 1.000000 0.659856
vt 0.139998 0.000000
vt 1.000000 0.142220
vt 1.000000 0.635148
vt 0.659856 0.659856
vt 0.109538 0.109538
vt 0.635148 0.635148
vt 0.142220 0.142220
vt 0.488017 0.152049
vt 0.562957 0.232710
vt 1.000000 0.329161
vt 0.381563 0.000000
vt 0.578578 0.000000
vt 1.000000 0.065122
vt 0.065123 0.065123
vt 0.131517 0.000000
vt 0.860002 0.000000
vt 0.329161 0.329161
vt 0.600284 0.141568
vt 0.421422 0.000000
vt 0.618437 0.000000
vt 0.951167 0.285465
vt 1.000000 0.285357
vt 1.000000 0.352095
vt 0.595243 0.401489
vt 0.597081 0.399960
vt 0.602022 0.401961
vt 0.602678 0.402972
vt 0.598855 0.405653
vt 0.596526 0.405783
vt 0.596415 0.405417
vt 0.679932 0.460144
vt 0.654424 0.470786
vt 0.636024 0.476898
vt 0.352095 0.352095
vt 0.285357 0.285357
vt 0.405391 0.244743
vt 0.480048 0.238418
vt 0.607064 0.384579
vt 0.387323 0.000000
vt 0.799912 0.000000
vt 0.651557 0.317228
vt 1.000000 0.200088
vt 1.000000 0.612677
vt 0.045924 0.000000
vt 0.669245 0.000000
vt 0.669245 0.669245
vt 0.045924 0.045924
vt 1.000000 0.141962
vt 1.000000 0.715024
vt 0.853909 0.000000
vt 0.854461 0.854461
vt 0.364699 0.364699
vt 0.370437 0.000000
vt 0.653891 0.162228
vt 1.000000 0.364699
vt 1.000000 0.854461
vt 0.951500 0.805888
vt 1.000000 0.146091
vt 1.000000 0.629563
vt 0.731741 0.251371
vt 0.901390 0.047384
vt 0.589640 0.414013
vt 0.588419 0.414251
vt 0.588167 0.413648
vt 0.587469 0.411823
vt 0.589222 0.411637
vt 0.589299 0.412000
vt 0.770581 0.400333
vt 0.820304 0.355142
vt 0.882820 0.471612
vt 0.887636 0.479246
vt 0.800208 0.608754
vt 0.742343 0.521888
vt 0.732533 0.506639
vt 0.711128 0.471182
vt 0.126042 0.126042
vt 0.586944 0.125351
vt 0.714201 0.148137
vt 0.715024 0.715024
vt 0.141962 0.141962
vt 0.979447 0.257753
vt 1.000000 0.285944
vt 1.000000 0.758336
vt 0.539060 0.297433
vt 0.854335 0.662278
vt 0.907235 0.658574
vt 0.912067 0.912067
vt 0.772750 0.772750
vt 1.000000 0.685103
vt 1.000000 0.912096
vt 0.855528 0.855528
vt 0.364113 0.364113
vt 1.000000 0.912067
vt 0.912096 0.912096
vt 0.685103 0.685103
vt 1.000000 0.772750
vt 0.380633 0.234172
vt 0.239349 0.092677
vt 0.336063 0.000000
vt 0.376575 0.000000
vt 0.521437 0.084743
vt 0.366081 0.346847
vt 0.376575 0.376575
vt 0.336063 0.336063
vt 0.943373 0.658099
vt 0.586741 0.286270
vt 0.945860 0.285477
vt 1.000000 0.359209
vt 1.000000 0.717123
vt 0.600685 0.407613
vt 0.598961 0.405740
vt 0.599261 0.405524
vt 0.599892 0.405081
vt 0.602749 0.403082
vt 0.607574 0.410522
vt 0.604016 0.411214
vt 0.766750 0.658317
vt 0.730157 0.712522
vt 0.717123 0.717123
vt 0.359209 0.359209
vt 0.469021 0.410808
vt 0.568475 0.454330
vt 0.637745 0.481603
vt 0.759596 0.648424
vt 0.285944 0.285944
vt 1.000000 0.364113
vt 1.000000 0.855528
vt 0.758336 0.758336
vt 0.536147 0.118507
vt 1.000000 0.118450
vt 1.000000 0.598932
vt 0.708753 0.558261
vt 0.598932 0.598932
vt 0.118450 0.118450
vt 0.133978 0.000000
vt 0.708698 0.000000
vt 0.133978 0.133978
vt 1.000000 0.036442
vt 1.000000 0.661004
vt 0.708698 0.708698
vt 0.661004 0.661004
vt 0.036442 0.036442
vt 0.104482 0.000000
vt 0.858736 0.000000
vt 0.652270 0.000000
vt 0.652032 0.652032
vt 0.119832 0.119832
vt 0.147760 0.000000
vt 1.000000 0.676934
vt 0.652270 0.652270
vt 0.147759 0.147759
vt 1.000000 0.116487
vt 0.141265 0.000000
vt 0.895519 0.000000
vt 0.676934 0.676934
vt 0.648462 0.159052
vt 0.896022 0.694883
vt 0.943398 0.797774
vt 0.385790 0.239336
vt 0.528193 0.088696
vt 0.598873 0.405775
vt 0.599291 0.406226
vt 0.603886 0.411240
vt 0.589844 0.413973
vt 0.589524 0.411927
vt 0.589486 0.411562
vt 0.596741 0.405904
vt 0.687124 0.466317
vt 0.707528 0.473503
vt 0.729829 0.507117
vt 0.739444 0.521836
vt 0.798837 0.610786
vt 0.768456 0.655789
vt 0.740815 0.617964
vt 0.642364 0.482139
vt 0.659838 0.476097
vt 0.695464 0.451659
vt 1.000000 0.119832
vt 1.000000 0.652032
vt 0.735249 0.004788
vt 1.000000 0.042888
vt 1.000000 0.663784
vt 0.335118 0.000000
vt 0.853230 0.747341
vt 0.663784 0.663784
vt 0.042888 0.042888
vt 1.000000 0.383931
vt 1.000000 0.713328
vt 0.713328 0.713328
vt 0.383931 0.383931
vt 0.624653 0.335988
vt 0.873480 0.000000
vt 1.000000 0.043959
vt 1.000000 0.664882
vt 0.130012 0.000000
vt 0.873480 0.873480
vt 0.130012 0.130012
vt 0.063882 0.000000
vt 0.236158 0.000000
vt 0.374510 0.000000
vt 0.577381 0.000000
vt 0.457716 0.120264
vt 0.384517 0.091772
vt 1.000000 0.763842
vt 1.000000 0.936118
vt 0.577381 0.577381
vt 0.374510 0.374510
vt 0.553438 0.000000
vt 0.854053 0.000000
vt 0.896233 0.042222
vt 0.861346 0.084586
vt 0.727556 0.245472
vt 0.844796 0.190727
vt 0.844579 0.844579
vt 0.533684 0.533684
vt 0.833708 0.167231
vt 1.000000 0.533684
vt 0.854053 0.854053
vt 0.553438 0.553438
vt 0.587433 0.411728
vt 0.587135 0.410947
vt 0.593441 0.399292
vt 0.595142 0.401507
vt 0.596150 0.404830
vt 0.596446 0.405825
vt 0.589304 0.411516
vt 0.588601 0.411597
vt 0.776404 0.270549
vt 0.778752 0.277728
vt 0.819329 0.353325
vt 0.774564 0.393206
vt 0.707675 0.468855
vt 0.683024 0.460320
vt 0.547109 0.317281
vt 0.482924 0.237231
vt 0.495529 0.219644
vt 0.880280 0.390675
vt 1.000000 0.364237
vt 1.000000 0.533990
vt 0.429929 0.316956
vt 0.533990 0.533990
vt 0.364237 0.364237
vt 0.376594 0.284429
vt 0.844808 0.153673
vt 0.844799 0.180495
vt 0.836765 0.163497
vt 0.593799 0.398631
vt 0.596655 0.399788
vt 0.595077 0.401107
vt 0.593540 0.399109
vt 0.485138 0.217760
vt 0.492667 0.219125
vt 0.479635 0.235739
vt 0.415751 0.241238
vt 0.382231 0.000000
vt 0.556342 0.455361
vt 0.286640 0.000000
vt 1.000000 0.399610
vt 0.382231 0.382231
vt 0.286640 0.286640
vt 1.000000 0.284260
vt 0.399610 0.399610
vt 0.284260 0.284260
vt 0.283826 0.000000
vt 0.408930 0.000000
vt 1.000000 0.459244
vt 0.408930 0.408930
vt 0.283826 0.283826
vt 1.000000 0.284569
vt 0.459244 0.459244
vt 0.284569 0.284569
vt 0.369171 0.128546
vt 0.648047 0.200170
vt 0.980710 0.146627
vt 1.000000 0.261004
vt 1.000000 0.454680
vt 0.864433 0.439852
vt 0.830027 0.435026
vt 0.808867 0.411463
vt 0.702644 0.292165
vt 0.623689 0.145860
vt 0.588943 0.414278
vt 0.597909 0.412514
vt 0.598346 0.414278
vt 0.594692 0.421151
vt 0.593678 0.421398
vt 0.590267 0.422114
vt 0.589135 0.417215
vt 0.597660 0.416447
vt 0.594980 0.420699
vt 0.757649 0.548799
vt 1.000000 0.672076
vt 1.000000 0.713214
vt 0.713214 0.713214
vt 0.672076 0.672076
vt 1.000000 0.619776
vt 1.000000 0.713612
vt 0.713612 0.713612
vt 0.619776 0.619776
vt 0.600777 0.000000
vt 0.715124 0.000000
vt 0.457772 0.038945
vt 1.000000 0.284876
vt 1.000000 0.399223
vt 0.592372 0.211195
vt 0.868479 0.445783
vt 0.961518 0.455139
vt 1.000000 0.459809
vt 1.000000 0.637903
vt 0.861418 0.580020
vt 0.832863 0.442968
vt 0.791084 0.646240
vt 0.637903 0.637903
vt 0.530182 0.456629
vt 0.594779 0.426063
vt 0.591424 0.427121
vt 0.590297 0.422245
vt 0.591573 0.421963
vt 0.593603 0.421553
vt 0.594666 0.421363
vt 0.889756 0.481841
vt 0.895837 0.488356
vt 0.892703 0.569940
vt 0.855445 0.534015
vt 0.729759 0.243781
vt 1.000000 0.284148
vt 1.000000 0.449109
vt 0.599601 0.327214
vt 0.449109 0.449109
vt 0.284148 0.284148
vt 0.284592 0.000000
vt 0.566059 0.000000
vt 0.767316 0.357416
vt 0.499907 0.050886
vt 0.499606 0.000000
vt 0.712832 0.000000
vt 0.700898 0.610137
vt 0.562633 0.305478
vt 1.000000 0.433941
vt 1.000000 0.715408
vt 0.492103 0.492103
vt 0.325410 0.325410
vt 0.286780 0.280373
vt 0.287135 0.000000
vt 0.463473 0.000000
vt 0.463473 0.463473
vt 0.287135 0.287135
vt 0.287168 0.000000
vt 0.500394 0.000000
vt 0.512848 0.263109
vt 0.537160 0.145674
vt 0.625187 0.154207
vt 0.699330 0.292809
vt 0.663699 0.460881
vt 0.656413 0.494393
vt 0.480481 0.420909
vt 0.597987 0.412499
vt 0.600082 0.412087
vt 0.599808 0.414278
vt 0.598424 0.414278
vt 0.598342 0.413946
vt 0.600653 0.416279
vt 0.602087 0.419693
vt 0.603590 0.423287
vt 0.601642 0.423901
vt 0.598932 0.418742
vt 0.597745 0.416455
vt 0.886294 0.736777
vt 0.884476 0.784117
vt 0.819455 0.727989
vt 0.761128 0.677433
vt 0.804687 0.611197
vt 0.412094 0.412094
vt 0.285466 0.285466
vt 0.466099 0.256847
vt 0.674835 0.332037
vt 0.791468 0.668833
vt 0.712353 0.712353
vt 0.435011 0.435011
vt 0.366404 0.021739
vt 0.332499 0.000000
vt 0.378180 0.000000
vt 0.476253 0.419143
vt 0.378180 0.378180
vt 0.332499 0.332499
vt 0.236745 0.145029
vt 0.532289 0.145664
vt 0.514565 0.232466
vt 0.936251 0.654735
vt 1.000000 0.721233
vt 1.000000 0.880763
vt 0.405421 0.286671
vt 0.582827 0.286279
vt 0.607627 0.410603
vt 0.610011 0.414278
vt 0.599923 0.414278
vt 0.600204 0.412063
vt 0.607565 0.422034
vt 0.603700 0.423252
vt 0.602611 0.420675
vt 0.600243 0.415041
vt 0.884373 0.786788
vt 0.880763 0.880763
vt 0.721233 0.721233
vt 0.735800 0.715948
vt 0.760081 0.679025
vt 0.834317 0.743347
vt 1.000000 0.412094
vt 0.777999 0.381790
vt 0.435011 0.000000
vt 0.712353 0.000000
vt 1.000000 0.285466
vt 0.286328 0.000000
vt 0.460607 0.000000
vt 0.763689 0.299511
vt 0.691718 0.468196
vt 1.000000 0.283802
vt 1.000000 0.398691
vt 0.598530 0.000000
vt 0.715959 0.000000
vt 0.581828 0.284942
vt 0.506497 0.398062
vt 0.398691 0.398691
vt 0.283802 0.283802
vt 1.000000 0.539393
vt 1.000000 0.713672
vt 0.283413 0.000000
vt 0.409967 0.000000
vt 0.284041 0.000000
vt 0.401470 0.000000
vt 0.409967 0.409967
vt 0.283413 0.283413
vt 0.827003 0.439175
vt 0.847504 0.535692
vt 0.856440 0.577941
vt 0.660259 0.495999
vt 0.703138 0.298879
vt 0.806853 0.416144
vt 0.601526 0.423937
vt 0.594900 0.426025
vt 0.594837 0.423024
vt 0.594802 0.421252
vt 0.595072 0.420813
vt 0.597688 0.416635
vt 0.892591 0.572862
vt 0.886403 0.733950
vt 0.805640 0.609749
vt 0.854212 0.535889
vt 0.311822 0.000000
vt 0.487688 0.100963
vt 0.449254 0.449254
vt 0.011847 0.000000
vt 0.918795 0.212421
vt 0.688178 0.000000
vt 0.988153 0.000000
vt 0.856473 0.337214
vt 0.819178 0.202705
vt 0.818966 0.480155
vt 0.917463 0.527125
vt 0.897824 0.477633
vt 0.574281 0.407028
vt 0.574110 0.400838
vt 0.576729 0.402897
vt 0.576025 0.406264
vt 0.560009 0.426037
vt 0.544997 0.419374
vt 0.551283 0.414278
vt 0.561966 0.414278
vt 0.860879 0.164960
vt 0.953925 0.059992
vt 0.932404 0.068384
vt 0.904688 0.126937
vt 0.697554 0.301042
vt 0.557491 0.077891
vt 1.000000 0.005898
vt 1.000000 0.449254
vt 0.854410 0.000000
vt 1.000000 0.145736
vt 1.000000 0.503690
vt 0.484532 0.000000
vt 0.372843 0.242763
vt 0.410353 0.263041
vt 0.503690 0.503690
vt 0.145736 0.145736
vt 0.192812 0.145764
vt 0.170665 0.162213
vt 0.009396 0.000000
vt 0.306424 0.000000
vt 1.000000 0.146266
vt 1.000000 0.519470
vt 0.473707 0.000000
vt 0.853766 0.000000
vt 1.000000 0.145590
vt 1.000000 0.515468
vt 0.519470 0.519470
vt 0.146266 0.146266
vt 0.995301 0.000000
vt 0.853766 0.853766
vt 0.473707 0.473707
vt 0.552201 0.000000
vt 0.918344 0.527545
vt 1.000000 0.566484
vt 1.000000 0.757998
vt 0.967678 0.738292
vt 0.881929 0.429024
vt 0.898390 0.478492
vt 1.000000 0.534358
vt 1.000000 0.722046
vt 0.757998 0.757998
vt 0.566484 0.566484
vt 0.534358 0.534358
vt 0.686888 0.479656
vt 0.722046 0.722046
vt 0.576196 0.406161
vt 0.578517 0.404302
vt 0.584539 0.409036
vt 0.584038 0.409003
vt 0.583624 0.408974
vt 0.578379 0.407096
vt 0.576671 0.406478
vt 0.812937 0.335812
vt 0.778035 0.269835
vt 0.782910 0.252920
vt 0.860047 0.165899
vt 0.903697 0.128591
vt 0.900443 0.134272
vt 0.840098 0.246130
vt 0.822620 0.308577
vt 0.827535 0.585819
vt 1.000000 0.693576
vt 0.995301 0.995301
vt 0.552201 0.552201
vt 0.453791 0.453791
vt 0.009990 0.000000
vt 0.542844 0.000000
vt 1.000000 0.009982
vt 1.000000 0.453791
vt 0.552982 0.000000
vt 0.990006 0.990006
vt 0.552982 0.552982
vt 0.482162 0.000000
vt 0.855067 0.000000
vt 1.000000 0.457156
vt 1.000000 0.990010
vt 0.661124 0.597882
vt 0.777625 0.177349
vt 0.716867 0.582425
vt 0.264010 0.081638
vt 0.576160 0.406373
vt 0.583549 0.409055
vt 0.585655 0.414278
vt 0.574481 0.414278
vt 0.574283 0.407099
vt 0.590643 0.427366
vt 0.580803 0.430467
vt 0.574481 0.417294
vt 0.585655 0.414278
vt 0.566496 0.428915
vt 0.560131 0.426091
vt 0.562089 0.414278
vt 0.574481 0.417295
vt 0.905754 0.230180
vt 0.896566 0.469380
vt 0.824104 0.309039
vt 0.851408 0.223659
vt 0.904390 0.127593
vt 0.932229 0.068452
vt 0.923104 0.072010
vt 0.841182 0.201865
vt 1.000000 0.144933
vt 1.000000 0.517838
vt 0.322110 0.032584
vt 0.719669 0.140322
vt 0.778948 0.596446
vt 0.274758 0.182200
vt 0.580657 0.430513
vt 0.574481 0.432459
vt 0.574481 0.417588
vt 0.566667 0.428991
vt 0.574481 0.417588
vt 0.922860 0.072106
vt 0.911658 0.076474
vt 0.905890 0.226625
vt 0.916161 0.144040
vt 1.000000 0.146832
vt 1.000000 0.518100
vt 0.874903 0.501525
vt 0.798502 0.251915
vt 0.819353 0.232707
vt 0.638612 0.000000
vt 0.801949 0.153684
vt 0.203802 0.000000
vt 1.000000 0.762927
vt 1.000000 0.854865
vt 0.969428 0.744604
vt 0.367363 0.367363
vt 0.361388 0.000000
vt 0.796199 0.000000
vt 0.855042 0.064997
vt 0.854688 0.854688
vt 0.854865 0.854865
vt 0.762927 0.762927
vt 1.000000 0.727628
vt 1.000000 0.846175
vt 1.000000 0.367363
vt 1.000000 0.854688
vt 0.846175 0.846175
vt 0.727628 0.727628
vt 0.691178 0.478117
vt 0.583713 0.409073
vt 0.584662 0.409133
vt 0.586809 0.410820
vt 0.587071 0.411027
vt 0.588096 0.413717
vt 0.588298 0.414278
vt 0.585802 0.414278
vt 0.588664 0.415785
vt 0.591311 0.427156
vt 0.590733 0.427338
vt 0.896481 0.471577
vt 0.895942 0.485613
vt 0.889386 0.478504
vt 0.884583 0.471248
vt 0.813919 0.337668
vt 0.823212 0.311509
vt 0.146833 0.146833
vt 0.871479 0.145507
vt 0.945395 0.654305
vt 0.518100 0.518100
vt 1.000000 0.742689
vt 0.031096 0.000000
vt 0.299443 0.000000
vt 1.000000 0.615735
vt 0.742689 0.742689
vt 0.615735 0.615735
vt 0.742229 0.624740
vt 0.852493 0.822944
vt 1.000000 0.700557
vt 1.000000 0.968904
vt 0.880979 0.428560
vt 0.895793 0.471439
vt 0.880997 0.425662
vt 0.858235 0.343566
vt 0.576352 0.405933
vt 0.576555 0.404554
vt 0.576853 0.402994
vt 0.578452 0.404251
vt 0.475718 0.350883
vt 1.000000 0.463004
vt 1.000000 0.875115
vt 0.463004 0.463004
vt 1.000000 0.507934
vt 1.000000 0.908337
vt 0.875115 0.875115
vt 0.905317 0.327900
vt 0.908463 0.185399
vt 0.908337 0.908337
vt 0.507934 0.507934
vt 0.958617 0.740487
vt 0.908712 0.655131
vt 0.674683 0.395207
vt 0.654107 0.372067
vt 0.851552 0.323243
vt 1.000000 0.393127
vt 0.905413 0.417111
vt 0.485275 0.371585
vt 0.125036 0.010919
vt 0.179256 0.000000
vt 0.379078 0.000000
vt 0.393127 0.393127
vt 1.000000 0.245859
vt 0.379078 0.379078
vt 0.245859 0.245859
vt 0.241465 0.000000
vt 0.241465 0.241465
vt 0.427086 0.000000
vt 1.000000 0.153552
vt 0.701844 0.000000
vt 0.178659 0.000000
vt 1.000000 0.820744
vt 0.864948 0.000000
vt 0.864409 0.353863
vt 0.153552 0.153552
vt 0.298156 0.000000
vt 1.000000 0.572914
vt 0.135885 0.135885
vt 1.000000 0.135052
vt 0.673433 0.399550
vt 0.687316 0.412868
vt 0.688783 0.414278
vt 0.668476 0.414278
vt 0.667782 0.417042
vt 0.693474 0.459106
vt 0.682513 0.473596
vt 0.681757 0.473560
vt 0.657334 0.472325
vt 0.663017 0.436163
vt 0.178659 0.178659
vt 0.120887 0.075495
vt 0.135885 0.000000
vt 0.320931 0.181256
vt 0.650254 0.160793
vt 0.798513 0.659069
vt 0.863711 0.811682
vt 0.817471 0.125186
vt 0.789858 0.294611
vt 0.863897 0.689669
vt 0.840486 0.028328
vt 0.887092 0.000000
vt 0.948310 0.000000
vt 0.951437 0.147746
vt 0.651669 0.522978
vt 0.649982 0.519111
vt 0.651941 0.506642
vt 0.664140 0.524241
vt 0.048353 0.000000
vt 0.088051 0.033796
vt 0.051690 0.000000
vt 0.533867 0.000000
vt 0.644999 0.521073
vt 0.124272 0.000000
vt 1.000000 0.390093
vt 0.466133 0.000000
vt 0.875728 0.000000
vt 1.000000 0.090986
vt 1.000000 0.886920
vt 0.486714 0.373026
vt 0.903854 0.418464
vt 0.928482 0.444084
vt 1.000000 0.519984
vt 0.875837 0.473139
vt 0.933144 0.878085
vt 0.886920 0.886920
vt 0.519984 0.519984
vt 0.957672 0.442326
vt 0.960598 0.580555
vt 0.906473 0.511188
vt 0.682689 0.474410
vt 0.682604 0.473672
vt 0.693492 0.459285
vt 0.700176 0.523158
vt 0.700672 0.527940
vt 0.689004 0.526758
vt 0.372061 0.182726
vt 0.548827 0.386561
vt 0.390093 0.390093
vt 0.090986 0.090986
vt 0.998028 0.090596
vt 0.780503 0.489512
vt 0.335455 0.000000
vt 0.693832 0.000000
vt 0.752900 0.097854
vt 0.522512 0.507705
vt 1.000000 0.464272
vt 1.000000 0.876455
vt 0.801280 0.136605
vt 0.651605 0.490591
vt 0.318503 0.136784
vt 0.914411 0.822893
vt 0.090937 0.000000
vt 0.392794 0.000000
vt 0.389134 0.170588
vt 0.831615 0.457081
vt 1.000000 0.607206
vt 1.000000 0.909063
vt 0.876455 0.876455
vt 0.464272 0.464272
vt 0.606755 0.327816
vt 0.345281 0.092217
vt 0.306168 0.000000
vt 0.664545 0.000000
vt 0.673639 0.099005
vt 0.678384 0.153201
vt 0.630051 0.348546
vt 1.000000 0.517041
vt 0.931257 0.443908
vt 0.907260 0.417976
vt 1.000000 0.394344
vt 0.380334 0.000000
vt 0.808880 0.000000
vt 0.875440 0.470332
vt 0.517041 0.517041
vt 0.394345 0.394345
vt 0.795032 0.291420
vt 1.000000 0.247508
vt 1.000000 0.762264
vt 0.808880 0.808880
vt 0.380334 0.380334
vt 0.243255 0.000000
vt 0.740559 0.000000
vt 0.762264 0.762264
vt 0.247508 0.247508
vt 0.430280 0.000000
vt 1.000000 0.402398
vt 0.740559 0.740559
vt 0.243256 0.243256
vt 0.698242 0.000000
vt 1.000000 0.155363
vt 1.000000 0.720452
vt 0.402398 0.402398
vt 0.720452 0.720452
vt 0.155363 0.155363
vt 0.223625 0.171881
vt 0.864407 0.354987
vt 0.863902 0.686428
vt 0.788888 0.300561
vt 1.000000 0.569720
vt 0.301758 0.000000
vt 0.906098 0.510707
vt 0.843234 0.430138
vt 0.834504 0.423447
vt 0.711089 0.125274
vt 0.703652 0.113192
vt 0.723345 0.099531
vt 0.838850 0.029323
vt 0.951506 0.150996
vt 0.957653 0.441424
vt 0.682506 0.473708
vt 0.682599 0.474444
vt 0.688928 0.526751
vt 0.664414 0.524269
vt 0.651993 0.506311
vt 0.657316 0.472440
vt 0.563926 0.563926
vt 0.619414 0.000000
vt 1.000000 0.020381
vt 0.563926 0.000000
vt 0.264775 0.000000
vt 0.776981 0.600049
vt 0.745843 0.560421
vt 0.698613 0.468863
vt 1.000000 0.054984
vt 1.000000 0.749887
vt 0.819614 0.653937
vt 0.054984 0.054984
vt 0.380586 0.000000
vt 1.000000 0.735225
vt 0.749887 0.749887
vt 1.000000 0.179851
vt 1.000000 0.283005
vt 0.208855 0.000000
vt 0.193112 0.193112
vt 0.208856 0.208856
vt 0.481063 0.000000
vt 0.622429 0.622429
vt 1.000000 0.285264
vt 0.380185 0.000000
vt 0.285264 0.285264
vt 1.000000 0.518937
vt 0.690525 0.000000
vt 0.347361 0.000000
vt 0.566843 0.234884
vt 0.573174 0.242866
vt 0.563539 0.262988
vt 0.690525 0.690525
vt 0.283005 0.283005
vt 0.619815 0.000000
vt 0.622429 0.000000
vt 1.000000 0.193112
vt 0.908662 0.258545
vt 0.902377 0.263981
vt 0.651612 0.398807
vt 0.727312 0.363908
vt 0.582693 0.582693
vt 0.020381 0.020381
vt 0.230614 0.167931
vt 0.661899 0.281856
vt 0.704076 0.293129
vt 0.740514 0.332461
vt 0.318722 0.000000
vt 1.000000 0.889753
vt 0.889754 0.889754
vt 0.884961 0.884961
vt 0.778794 0.000000
vt 0.930035 0.930035
vt 0.778793 0.778793
vt 0.133818 0.000000
vt 0.873717 0.000000
vt 1.000000 0.681278
vt 0.392233 0.000000
vt 0.767369 0.000000
vt 1.000000 0.263531
vt 0.873717 0.873717
vt 0.115363 0.000000
vt 0.263531 0.263531
vt 0.320893 0.107082
vt 1.000000 0.866181
vt 0.115363 0.115363
vt 0.625233 0.116146
vt 0.757765 0.380986
vt 0.823676 0.185148
vt 0.864019 0.173276
vt 1.000000 0.232631
vt 1.000000 0.607767
vt 0.759037 0.239759
vt 0.794259 0.194112
vt 0.211853 0.000000
vt 0.901923 0.000000
vt 0.902573 0.902573
vt 0.195799 0.195799
vt 0.488121 0.000000
vt 1.000000 0.818961
vt 0.901923 0.901923
vt 0.211853 0.211853
vt 0.818684 0.433925
vt 0.818961 0.818961
vt 0.407397 0.000000
vt 0.694880 0.000000
vt 1.000000 0.511880
vt 0.587207 0.260994
vt 0.658551 0.433344
vt 0.909584 0.909584
vt 0.694880 0.694880
vt 0.556839 0.460715
vt 0.570380 0.255175
vt 0.575988 0.245700
vt 0.583377 0.251745
vt 0.642209 0.385829
vt 0.666248 0.374072
vt 0.675812 0.385531
vt 0.673207 0.392970
vt 0.673049 0.393410
vt 0.643735 0.400437
vt 0.902971 0.265419
vt 0.939382 0.234773
vt 1.000000 0.195799
vt 1.000000 0.902573
vt 0.608593 0.511109
vt 0.694187 0.297555
vt 0.362133 0.000000
vt 0.716118 0.000000
vt 0.500171 0.313867
vt 0.165656 0.000000
vt 1.000000 0.534830
vt 0.960224 0.532048
vt 0.915367 0.528717
vt 0.546733 0.517325
vt 0.534830 0.534830
vt 0.530799 0.000000
vt 0.542257 0.363472
vt 0.469201 0.000000
vt 1.000000 0.512343
vt 0.868771 0.644736
vt 0.716118 0.716118
vt 0.362133 0.362133
vt 0.512343 0.512343
vt 0.834344 0.000000
vt 0.662646 0.399103
vt 0.638433 0.096362
vt 0.715137 0.115440
vt 0.936613 0.443920
vt 1.000000 0.538092
vt 1.000000 0.609584
vt 0.881980 0.589090
vt 0.631344 0.299170
vt 0.529329 0.095517
vt 0.538574 0.092454
vt 0.575721 0.080903
vt 0.538092 0.538092
vt 0.989656 0.573084
vt 0.609584 0.609584
vt 0.354920 0.000000
vt 0.611353 0.000000
vt 0.374811 0.374811
vt 0.159329 0.159329
vt 1.000000 0.439561
vt 1.000000 0.607039
vt 0.809697 0.609167
vt 0.611353 0.611353
vt 0.354920 0.354920
vt 0.607039 0.607039
vt 0.439561 0.439561
vt 0.515108 0.000000
vt 0.675739 0.000000
vt 0.484892 0.000000
vt 0.257342 0.195693
vt 0.324261 0.000000
vt 0.435121 0.184122
vt 0.313229 0.098125
vt 0.108687 0.000000
vt 0.159329 0.000000
vt 0.374811 0.000000
vt 0.276458 0.000000
vt 1.000000 0.654752
vt 0.774598 0.379130
vt 0.654752 0.654752
vt 0.922415 0.000000
vt 0.928579 0.023814
vt 0.735234 0.735234
vt 1.000000 0.740281
vt 1.000000 0.735234
vt 0.434355 0.000000
vt 0.882708 0.882708
vt 0.711403 0.000000
vt 0.882653 0.445121
vt 1.000000 0.723542
vt 0.711403 0.711403
vt 1.000000 0.836552
vt 0.922415 0.922415
vt 0.836552 0.836552
vt 0.513560 0.004124
vt 0.666753 0.272551
vt 1.000000 0.431435
vt 0.431435 0.431435
vt 0.630917 0.000000
vt 0.369083 0.000000
vt 0.511204 0.511204
vt 1.000000 0.611742
vt 1.000000 0.756763
vt 0.868822 0.598204
vt 0.873367 0.596146
vt 0.883234 0.591759
vt 1.000000 0.773213
vt 0.756763 0.756763
vt 0.611742 0.611742
vt 1.000000 0.574342
vt 0.555393 0.222614
vt 0.567697 0.222599
vt 0.655604 0.222867
vt 1.000000 0.224064
vt 1.000000 0.377799
vt 0.602998 0.468917
vt 0.405487 0.271460
vt 0.260383 0.049981
vt 0.319690 0.137359
vt 0.328815 0.175041
vt 0.377799 0.377799
vt 0.224064 0.224064
vt 0.664327 0.371771
vt 0.666184 0.373995
vt 0.642159 0.385752
vt 0.637129 0.378764
vt 0.609556 0.493167
vt 0.651917 0.406057
vt 0.901101 0.267795
vt 0.899019 0.285304
vt 0.605953 0.508469
vt 0.529976 0.432481
vt 0.947623 0.667735
vt 0.773213 0.773213
vt 0.573986 0.573033
vt 0.740281 0.740281
vt 0.882708 0.000000
vt 0.886656 0.536991
vt 0.512192 0.501211
vt 0.468719 0.000000
vt 0.198160 0.000000
vt 0.465493 0.349937
vt 0.300423 0.000000
vt 0.488280 0.488280
vt 1.000000 0.163712
vt 0.163713 0.163713
vt 1.000000 0.801841
vt 1.000000 0.150392
vt 0.333853 0.000000
vt 0.089392 0.000000
vt 0.150392 0.150392
vt 1.000000 0.488280
vt 1.000000 0.531281
vt 0.540803 0.106776
vt 0.912500 0.448550
vt 0.433610 0.000000
vt 1.000000 0.699577
vt 0.882651 0.404637
vt 0.932335 0.437885
vt 0.941716 0.477320
vt 0.134486 0.089367
vt 0.089392 0.089392
vt 0.433610 0.433610
vt 0.835392 0.417140
vt 1.000000 0.285082
vt 1.000000 0.692277
vt 0.883790 0.579270
vt 0.993916 0.353604
vt 1.000000 0.308687
vt 1.000000 0.181003
vt 0.716036 0.115664
vt 0.860416 0.151574
vt 1.000000 0.280099
vt 1.000000 0.536688
vt 0.536687 0.536687
vt 0.280099 0.280099
vt 1.000000 0.251329
vt 1.000000 0.572370
vt 0.285529 0.285529
vt 0.629281 0.000000
vt 1.000000 0.281771
vt 0.620592 0.620592
vt 0.375578 0.000000
vt 0.281771 0.281771
vt 0.596191 0.000000
vt 0.576132 0.207086
vt 0.574482 0.241642
vt 0.566042 0.231817
vt 0.430197 0.080548
vt 0.349586 0.000000
vt 0.624422 0.000000
vt 1.000000 0.370719
vt 0.692277 0.692277
vt 0.285082 0.285082
vt 0.649382 0.067315
vt 0.662786 0.096261
vt 0.635631 0.094840
vt 0.448328 0.085091
vt 0.345916 0.080167
vt 0.234322 0.000000
vt 0.436149 0.186208
vt 0.648198 0.473838
vt 0.033489 0.000000
vt 0.012772 0.000000
vt 0.108094 0.000000
vt 0.651045 0.404962
vt 0.585539 0.544043
vt 0.572370 0.572370
vt 0.251329 0.251329
vt 0.285529 0.000000
vt 0.620592 0.000000
vt 1.000000 0.923023
vt 0.838223 0.838223
vt 0.088064 0.018311
vt 0.076977 0.000000
vt 1.000000 0.711200
vt 0.544658 0.365439
vt 0.711200 0.711200
vt 1.000000 0.002660
vt 0.928474 0.928474
vt 0.472423 0.000000
vt 1.000000 0.541319
vt 1.000000 0.991692
vt 0.735868 0.188398
vt 0.805659 0.346079
vt 0.991692 0.991692
vt 0.541319 0.541319
vt 0.955663 0.955663
vt 0.472423 0.472423
vt 1.000000 0.531028
vt 0.531029 0.531029
vt 0.838223 0.000000
vt 1.000000 0.097182
vt 1.000000 0.620322
vt 0.997340 0.000000
vt 0.920948 0.469045
vt 0.481386 0.000000
vt 0.782882 0.567548
vt 0.837224 0.670381
vt 0.875548 0.743371
vt 0.271599 0.000000
vt 0.994194 0.353034
vt 1.000000 0.341136
vt 1.000000 0.310198
vt 0.793788 0.507509
vt 0.691091 0.383260
vt 0.646203 0.328833
vt 0.633090 0.302656
vt 0.827766 0.527833
vt 0.881379 0.589926
vt 0.870709 0.594836
vt 0.867309 0.596376
vt 0.715169 0.176440
vt 0.581032 0.245696
vt 0.580331 0.238385
vt 0.599111 0.000000
vt 0.658864 0.000000
vt 0.555837 0.220594
vt 0.299826 0.000000
vt 1.000000 0.223265
vt 0.226460 0.000000
vt 0.259699 0.048973
vt 0.223265 0.223265
vt 0.226460 0.226460
vt 0.281309 0.000000
vt 1.000000 0.613626
vt 0.825016 0.825016
vt 0.376152 0.376152
vt 0.613603 0.000000
vt 0.700174 0.000000
vt 0.613626 0.613626
vt 1.000000 0.718691
vt 0.224197 0.000000
vt 0.613603 0.613603
vt 1.000000 0.609344
vt 0.678343 0.000000
vt 0.609344 0.609344
vt 0.224197 0.224197
vt 0.321656 0.000000
vt 0.253446 0.199044
vt 0.682159 0.500017
vt 0.649750 0.475035
vt 0.580243 0.364958
vt 0.567681 0.346522
vt 0.436933 0.185822
vt 0.405623 0.090758
vt 0.376152 0.000000
vt 0.825015 0.000000
vt 0.761971 0.534648
vt 0.760801 0.541958
vt 0.557708 0.331704
vt 0.517238 0.504165
vt 0.379678 0.000000
vt 0.902818 0.000000
vt 0.318048 0.120548
vt 0.544290 0.254753
vt 0.549214 0.282216
vt 0.642873 0.255170
vt 0.564679 0.176700
vt 0.642883 0.187490
vt 0.968312 0.945034
vt 0.968464 0.952218
vt 0.968316 0.952152
vt 0.732043 0.531116
vt 0.731436 0.531055
vt 0.732065 0.529377
vt 0.732775 0.530828
vt 0.522382 0.522382
vt 1.000000 0.485015
vt 0.355598 0.000000
vt 0.391295 0.391295
vt 0.539971 0.000000
vt 0.568488 0.193832
vt 0.401114 0.080172
vt 0.389449 0.032202
vt 0.624969 0.132899
vt 0.522382 0.000000
vt 1.000000 0.391295
vt 0.485015 0.485015
vt 0.634309 0.035379
vt 0.758830 0.211776
vt 0.751377 0.215959
vt 0.402779 0.402779
vt 0.035316 0.035316
vt 0.802578 0.555213
vt 0.759575 0.549225
vt 0.705233 0.541539
vt 0.575458 0.522812
vt 0.218282 0.000000
vt 0.734491 0.000000
vt 0.880346 0.267554
vt 0.879886 0.363315
vt 0.830443 0.486352
vt 0.265509 0.000000
vt 0.781718 0.000000
vt 1.000000 0.209393
vt 1.000000 0.740045
vt 0.665734 0.000000
vt 1.000000 0.644402
vt 0.740045 0.740045
vt 0.209393 0.209393
vt 0.837115 0.024076
vt 1.000000 0.030107
vt 1.000000 0.184419
vt 1.000000 0.046299
vt 1.000000 0.370271
vt 0.885001 0.344117
vt 0.184419 0.184419
vt 0.030107 0.030107
vt 0.680822 0.030120
vt 0.683096 0.000000
vt 0.532413 0.249381
vt 0.370271 0.370271
vt 0.046299 0.046299
vt 0.053086 0.000000
vt 1.000000 0.608491
vt 0.683096 0.683096
vt 0.053086 0.053086
vt 0.190772 0.000000
vt 0.608491 0.608491
vt 1.000000 0.637854
vt 0.421390 0.000000
vt 0.637854 0.637854
vt 0.031282 0.000000
vt 0.187900 0.000000
vt 0.288082 0.256858
vt 1.000000 0.584054
vt 0.527771 0.000000
vt 0.584054 0.584054
vt 1.000000 0.809228
vt 0.527771 0.527771
vt 1.000000 0.582193
vt 0.697568 0.378201
vt 0.707836 0.380133
vt 0.707711 0.387310
vt 0.707484 0.397407
vt 0.701610 0.393649
vt 0.699502 0.392280
vt 0.684670 0.382567
vt 0.332857 0.221624
vt 0.442381 0.275670
vt 0.884466 0.492832
vt 1.000000 0.578610
vt 0.582193 0.582193
vt 0.393864 0.350499
vt 0.304714 0.237649
vt 0.268176 0.191112
vt 1.000000 0.460029
vt 0.334266 0.000000
vt 0.035316 0.000000
vt 0.402779 0.000000
vt 0.485550 0.063677
vt 0.120245 0.000000
vt 0.787111 0.000000
vt 0.786985 0.666905
vt 0.087339 0.000000
vt 1.000000 0.803688
vt 0.787111 0.787111
vt 0.120245 0.120245
vt 1.000000 0.324998
vt 0.803688 0.803688
vt 0.327171 0.000000
vt 0.324998 0.324998
vt 1.000000 0.912661
vt 0.058586 0.000000
vt 0.497766 0.000000
vt 0.452157 0.000000
vt 0.833026 0.827933
vt 0.804702 0.804702
vt 0.541204 0.000000
vt 0.702655 0.321231
vt 0.886913 0.689166
vt 0.890345 0.696213
vt 0.761378 0.529043
vt 0.742656 0.491763
vt 0.640392 0.282921
vt 0.502234 0.000000
vt 0.941414 0.000000
vt 0.941152 0.610726
vt 0.452157 0.452157
vt 1.000000 0.458796
vt 0.289805 0.003811
vt 0.835076 0.024000
vt 1.000000 0.186343
vt 1.000000 0.691105
vt 1.000000 0.371498
vt 1.000000 0.711573
vt 0.691105 0.691105
vt 0.186343 0.186343
vt 0.711573 0.711573
vt 0.371498 0.371498
vt 0.532728 0.251404
vt 0.546299 0.272339
vt 0.739193 0.573767
vt 0.929749 0.261891
vt 0.929465 0.898387
vt 0.291207 0.259984
vt 0.189861 0.000000
vt 0.714155 0.000000
vt 0.707961 0.380157
vt 0.733480 0.384961
vt 0.733511 0.408339
vt 0.717940 0.404747
vt 0.711239 0.403195
vt 0.709012 0.402673
vt 0.707599 0.397571
vt 0.707944 0.380903
vt 0.742565 0.428284
vt 0.742727 0.426034
vt 0.743599 0.414278
vt 0.783276 0.414278
vt 0.787538 0.490464
vt 0.768038 0.488186
vt 0.672829 0.000000
vt 1.000000 0.804702
vt 0.194621 0.000000
vt 1.000000 0.912000
vt 0.204094 0.116215
vt 0.523570 0.523570
vt 0.578442 0.578442
vt 0.364235 0.364235
vt 0.367871 0.342603
vt 0.953043 0.343102
vt 0.912000 0.912000
vt 1.000000 0.805379
vt 0.195648 0.000000
vt 1.000000 0.523570
vt 0.475275 0.475275
vt 0.643342 0.000000
vt 1.000000 0.475275
vt 0.677877 0.000000
vt 0.195648 0.195648
vt 1.000000 0.790225
vt 0.383300 0.175280
vt 0.651818 0.161713
vt 1.000000 0.320624
vt 0.790225 0.790225
vt 0.320624 0.320624
vt 0.356658 0.000000
vt 1.000000 0.322122
vt 0.705104 0.406179
vt 0.708946 0.402760
vt 0.711209 0.403279
vt 0.730074 0.407624
vt 0.733511 0.408421
vt 0.733519 0.414278
vt 0.696077 0.414278
vt 0.733008 0.454700
vt 0.697518 0.496492
vt 0.689475 0.419303
vt 0.743459 0.414278
vt 0.742433 0.428262
vt 0.863964 0.423319
vt 0.880569 0.488548
vt 0.428168 0.267218
vt 0.265652 0.188889
vt 0.236620 0.166923
vt 0.165130 0.113734
vt 0.786378 0.113770
vt 0.788050 0.120642
vt 0.650182 0.592976
vt 0.057103 0.000000
vt 0.465432 0.000000
vt 0.487796 0.025176
vt 0.522876 0.000000
vt 1.000000 0.476484
vt 0.812294 0.348246
vt 0.825904 0.449574
vt 0.725219 0.348331
vt 0.912085 0.749947
vt 0.831712 0.545524
vt 0.476484 0.476484
vt 0.912514 0.000000
vt 0.943804 0.943804
vt 0.509504 0.509504
vt 1.000000 0.503060
vt 0.503060 0.503060
vt 1.000000 0.534568
vt 1.000000 0.942897
vt 0.941140 0.941140
vt 0.771726 0.409207
vt 0.539603 0.539603
vt 0.477124 0.000000
vt 0.539285 0.063013
vt 0.797693 0.325531
vt 0.841148 0.369998
vt 0.832785 0.000000
vt 0.800046 0.580028
vt 0.791322 0.578933
vt 0.740305 0.572320
vt 0.730887 0.557972
vt 0.533975 0.249646
vt 0.684960 0.000000
vt 1.000000 0.762637
vt 0.832785 0.832785
vt 0.684960 0.684960
vt 1.000000 0.610846
vt 1.000000 0.808938
vt 0.762637 0.762637
vt 0.610845 0.610845
vt 1.000000 0.640079
vt 0.886218 0.000000
vt 0.933609 0.056377
vt 0.808938 0.808938
vt 0.640079 0.640079
vt 0.423127 0.000000
vt 0.968269 0.952130
vt 0.961709 0.949190
vt 0.903974 0.758125
vt 0.837241 0.453139
vt 0.834692 0.425161
vt 0.843356 0.431665
vt 0.960629 0.582054
vt 0.968262 0.942697
vt 0.700798 0.527953
vt 0.700284 0.523035
vt 0.697562 0.496915
vt 0.733002 0.455204
vt 0.732072 0.528830
vt 0.731239 0.531035
vt 0.767943 0.488292
vt 0.767878 0.489139
vt 0.765617 0.517903
vt 0.733012 0.530735
vt 0.732072 0.528830
vt 0.733002 0.455204
vt 0.742498 0.428558
vt 0.847765 0.346985
vt 0.789781 0.113770
vt 1.000000 0.113782
vt 1.000000 0.576873
vt 0.885204 0.491600
vt 1.000000 0.943804
vt 0.087486 0.000000
vt 0.539603 0.000000
vt 1.000000 0.509504
vt 0.941003 0.609070
vt 0.522901 0.166847
vt 0.503005 0.000000
vt 0.941504 0.000000
vt 0.388975 0.058872
vt 1.000000 0.058496
vt 1.000000 0.496995
vt 0.715930 0.358391
vt 0.507625 0.256475
vt 0.470246 0.237719
vt 1.000000 0.692220
vt 1.000000 0.783753
vt 0.186882 0.000000
vt 0.288602 0.003766
vt 1.000000 0.712588
vt 1.000000 0.788291
vt 0.783753 0.783753
vt 0.692220 0.692220
vt 0.740258 0.574334
vt 0.799941 0.581882
vt 0.788291 0.788291
vt 0.712588 0.712588
vt 0.813118 0.000000
vt 0.929817 0.108117
vt 0.929750 0.260352
vt 0.715312 0.000000
vt 0.942786 0.910290
vt 0.939458 0.900998
vt 0.927935 0.867631
vt 0.904187 0.759099
vt 0.961681 0.949178
vt 0.957092 0.947120
vt 0.787549 0.490648
vt 0.788568 0.508870
vt 0.765757 0.517848
vt 0.768061 0.488391
vt 1.000000 0.737580
vt 0.644041 0.644041
vt 0.312894 0.000000
vt 1.000000 0.208570
vt 0.733933 0.138941
vt 0.795127 0.179151
vt 0.843555 0.211042
vt 0.887333 0.293546
vt 0.968104 0.446232
vt 0.985560 0.531041
vt 0.737580 0.737580
vt 0.208570 0.208570
vt 0.593753 0.047095
vt 0.689368 0.000000
vt 1.000000 0.310021
vt 1.000000 0.687106
vt 0.689369 0.689369
vt 1.000000 0.030127
vt 1.000000 0.045290
vt 0.700423 0.030121
vt 0.045290 0.045290
vt 0.030127 0.030127
vt 0.030127 0.000000
vt 0.051921 0.000000
vt 0.051921 0.051921
vt 0.030127 0.030127
vt 0.098304 0.000000
vt 0.186563 0.000000
vt 1.000000 0.817917
vt 0.182568 0.000000
vt 0.520719 0.000000
vt 1.000000 0.593073
vt 1.000000 0.901696
vt 0.817917 0.817917
vt 0.593073 0.593073
vt 1.000000 0.813437
vt 0.182568 0.182568
vt 1.000000 0.181404
vt 1.000000 0.576140
vt 0.520719 0.520719
vt 0.678343 0.384709
vt 0.684282 0.382698
vt 0.701622 0.393970
vt 0.707491 0.397878
vt 0.708817 0.402655
vt 0.704203 0.406782
vt 0.695806 0.414278
vt 0.688952 0.414278
vt 0.673448 0.399428
vt 0.673131 0.393465
vt 0.675500 0.386675
vt 0.675898 0.385543
vt 0.676840 0.385221
vt 0.689457 0.419132
vt 0.576140 0.576140
vt 0.181404 0.181404
vt 0.124684 0.113731
vt 0.163748 0.113734
vt 0.266007 0.189896
vt 0.302009 0.235476
vt 0.644041 0.000000
vt 0.618771 0.447743
vt 0.335713 0.164722
vt 0.689979 0.000000
vt 0.825810 0.715363
vt 0.109898 0.000000
vt 0.403907 0.000000
vt 0.848298 0.614639
vt 1.000000 0.232570
vt 0.403907 0.403907
vt 0.109899 0.109899
vt 0.386695 0.000000
vt 0.243052 0.000000
vt 0.232570 0.232570
vt 0.812742 0.000000
vt 1.000000 0.612767
vt 0.985362 0.649614
vt 0.613305 0.000000
vt 0.612767 0.612767
vt 0.202368 0.000000
vt 0.243052 0.243052
vt 0.187258 0.000000
vt 0.202368 0.202368
vt 0.640320 0.454786
vt 0.638041 0.454064
vt 0.618949 0.447959
vt 0.617143 0.443817
vt 0.641432 0.439810
vt 0.641351 0.440921
vt 0.757016 0.655566
vt 0.740805 0.599407
vt 0.795960 0.691763
vt 0.631645 0.144361
vt 0.633068 0.157398
vt 0.672975 0.537394
vt 0.302739 0.167467
vt 0.321619 0.086183
vt 0.502989 0.070666
vt 0.553155 0.059221
vt 0.560978 0.057402
vt 0.797934 0.000000
vt 0.953597 0.352077
vt 0.605258 0.000000
vt 0.982481 0.590171
vt 0.502253 0.249316
vt 0.657573 0.000000
vt 0.925122 0.000000
vt 1.000000 0.202066
vt 1.000000 0.394742
vt 0.894737 0.784661
vt 0.110698 0.000000
vt 0.479152 0.000000
vt 0.562225 0.325271
vt 0.488728 0.080104
vt 0.618960 0.194646
vt 1.000000 0.549681
vt 1.000000 0.834500
vt 0.969817 0.830182
vt 0.803587 0.803587
vt 0.536210 0.536210
vt 0.528355 0.462293
vt 0.513848 0.323177
vt 1.000000 0.204193
vt 0.479152 0.479152
vt 0.110698 0.110698
vt 0.384745 0.000000
vt 0.204194 0.204194
vt 0.244746 0.000000
vt 0.578724 0.374173
vt 0.244746 0.244746
vt 0.615255 0.000000
vt 1.000000 0.110686
vt 1.000000 0.495486
vt 0.496121 0.000000
vt 0.495486 0.495486
vt 0.110686 0.110686
vt 0.110733 0.000000
vt 1.000000 0.074878
vt 1.000000 0.342427
vt 0.600846 0.000000
vt 0.900377 0.000000
vt 0.744833 0.000000
vt 0.830043 0.000000
vt 0.973616 0.355959
vt 0.900377 0.900377
vt 0.600846 0.600846
vt 0.830023 0.744823
vt 0.830043 0.830043
vt 0.744833 0.744833
vt 1.000000 0.503879
vt 1.000000 0.889267
vt 0.655509 0.544826
vt 0.853911 0.356892
vt 0.790343 0.693134
vt 0.834500 0.834500
vt 0.549681 0.549681
vt 0.715223 0.231392
vt 0.727969 0.226840
vt 0.864003 0.239749
vt 0.864059 0.483324
vt 0.644089 0.462687
vt 0.656790 0.475127
vt 0.652891 0.499980
vt 0.646894 0.505031
vt 0.644658 0.506903
vt 0.634880 0.484486
vt 0.641670 0.464849
vt 0.642040 0.463786
vt 0.642857 0.461484
vt 0.140175 0.083835
vt 0.135283 0.073982
vt 0.492396 0.340701
vt 0.413594 0.336372
vt 0.202830 0.140478
vt 0.191869 0.129928
vt 0.142429 0.085891
vt 0.536210 0.000000
vt 0.803588 0.000000
vt 0.664557 0.115877
vt 0.631795 0.140844
vt 0.560859 0.053779
vt 1.000000 0.605972
vt 0.393158 0.000000
vt 0.605971 0.605971
vt 0.249972 0.000000
vt 0.583125 0.206537
vt 1.000000 0.506455
vt 1.000000 0.889818
vt 0.989442 0.671583
vt 0.889818 0.889818
vt 0.506455 0.506455
vt 0.567703 0.367657
vt 1.000000 0.750028
vt 0.760164 0.760164
vt 0.533759 0.533759
vt 0.341637 0.341637
vt 0.487314 0.082618
vt 0.526420 0.461291
vt 0.619013 0.448105
vt 0.640330 0.454925
vt 0.642716 0.461269
vt 0.641915 0.463628
vt 0.634784 0.484265
vt 0.494222 0.342247
vt 0.682325 0.501486
vt 0.738863 0.596156
vt 0.755644 0.654291
vt 0.415671 0.338303
vt 0.550181 0.055499
vt 0.322284 0.083322
vt 0.341637 0.000000
vt 0.533759 0.000000
vt 0.558019 0.053534
vt 0.606842 0.000000
vt 0.942107 0.754521
vt 0.807570 0.644679
vt 0.760164 0.000000
vt 1.000000 0.115399
vt 1.000000 0.466691
vt 0.597589 0.000000
vt 0.897175 0.000000
vt 0.491841 0.104046
vt 0.811353 0.000000
vt 1.000000 0.543751
vt 0.997258 0.532684
vt 1.000000 0.133693
vt 0.617292 0.193457
vt 0.718308 0.258891
vt 0.783774 0.296728
vt 0.948420 0.567008
vt 0.466691 0.466691
vt 0.115399 0.115399
vt 0.538920 0.532420
vt 0.543751 0.543751
vt 0.154797 0.000000
vt 0.687930 0.214202
vt 0.723391 0.225496
vt 0.513243 0.352401
vt 1.000000 0.845203
vt 0.811353 0.811353
vt 0.090723 0.043773
vt 0.035554 0.001430
vt 0.133975 0.073029
vt 0.140799 0.084516
vt 0.428630 0.261182
vt 0.271315 0.000000
vt 0.501127 0.000000
vt 1.000000 0.102825
vt 1.000000 0.402411
vt 0.619323 0.509434
vt 0.884945 0.000000
vt 1.000000 0.102308
vt 1.000000 0.400651
vt 0.532991 0.000000
vt 0.532991 0.532991
vt 0.431039 0.051857
vt 0.453346 0.000000
vt 0.724067 0.000000
vt 0.884945 0.884945
vt 0.724067 0.724067
vt 0.453346 0.453346
vt 0.705716 0.283561
vt 0.744596 0.347073
vt 0.393081 0.000000
vt 0.806043 0.089824
vt 0.801163 0.000000
vt 0.863961 0.053778
vt 0.864003 0.237893
vt 0.726038 0.223939
vt 0.690009 0.212637
vt 0.330782 0.072519
vt 0.159612 0.000000
vt 0.489335 0.102260
vt 0.637086 0.000000
vt 0.805628 0.000000
vt 0.528435 0.090485
vt 1.000000 0.606919
vt 1.000000 0.840388
vt 0.805628 0.805628
vt 0.637086 0.637086
vt 0.884640 0.000000
vt 0.702166 0.112326
vt 0.664862 0.096697
vt 0.616203 0.000000
vt 0.649914 0.518955
vt 0.644700 0.506999
vt 0.652861 0.500169
vt 0.089515 0.035156
vt 0.074102 0.019963
vt 0.048219 0.000000
vt 0.034324 0.000536
vt 0.089853 0.043061
vt 0.140836 0.084535
vt 0.201923 0.139634
vt 0.833743 0.083230
vt 0.599349 0.000000
vt 0.897692 0.000000
vt 0.972843 0.620523
vt 1.000000 0.610281
vt 0.387329 0.000000
vt 0.610281 0.610281
vt 0.204799 0.000000
vt 0.667145 0.651108
vt 0.204799 0.204799
vt 0.611687 0.000000
vt 1.000000 0.109333
vt 1.000000 0.475834
vt 0.328038 0.328038
vt 0.159074 0.159074
vt 0.519822 0.029169
vt 0.612671 0.000000
vt 0.611688 0.611688
vt 0.864060 0.484489
vt 0.864147 0.864147
vt 0.838574 0.838574
vt 0.806551 0.746311
vt 0.786970 0.598537
vt 1.000000 0.838574
vt 0.808074 0.808074
vt 0.902537 0.822862
vt 0.644123 0.462541
vt 0.642874 0.461291
vt 0.640418 0.454836
vt 0.641445 0.440970
vt 0.641532 0.439793
vt 0.662886 0.436270
vt 0.656809 0.475008
vt 1.000000 0.864147
vt 0.674504 0.538922
vt 0.632846 0.145466
vt 0.665617 0.119320
vt 0.808074 0.000000
vt 0.109333 0.109333
vt 0.498982 0.323571
vt 0.682937 0.000000
vt 1.000000 0.159074
vt 1.000000 0.328038
vt 0.837991 0.410529
vt 0.475834 0.475834
vt 0.249583 0.000000
vt 0.324586 0.000000
vt 0.305712 0.087427
vt 0.893825 0.692660
vt 0.525739 0.324822
vt 0.563897 0.000000
vt 0.892720 0.000000
vt 1.000000 0.675414
vt 1.000000 0.750417
vt 0.682260 0.575055
vt 0.107280 0.000000
vt 0.436103 0.000000
vt 0.874765 0.100442
vt 0.890580 0.237870
vt 0.902850 0.249322
vt 0.886919 0.227956
vt 0.779617 0.174574
vt 0.696320 0.095335
vt 0.673034 0.673034
vt 0.644086 0.282678
vt 0.882079 0.282526
vt 0.881408 0.881408
vt 0.610154 0.414278
vt 0.606950 0.409333
vt 0.621677 0.405807
vt 0.621706 0.414278
vt 0.617917 0.427070
vt 0.609683 0.426713
vt 0.607677 0.422115
vt 0.964595 0.653962
vt 1.000000 0.673034
vt 1.000000 0.881408
vt 0.956771 0.841229
vt 0.962370 0.706843
vt 0.302607 0.221923
vt 0.429583 0.429583
vt 0.104579 0.104579
vt 0.674348 0.105523
vt 0.388041 0.388041
vt 0.104579 0.000000
vt 0.429583 0.000000
vt 0.339991 0.339991
vt 0.301654 0.135940
vt 0.332835 0.135963
vt 0.371744 0.371744
vt 1.000000 0.339991
vt 1.000000 0.371744
vt 0.787551 0.184794
vt 0.781615 0.176596
vt 0.903292 0.249734
vt 0.617914 0.427430
vt 0.619117 0.443313
vt 0.617071 0.443653
vt 0.609747 0.426859
vt 0.797504 0.693197
vt 0.684276 0.502957
vt 0.963320 0.653275
vt 0.955395 0.839950
vt 0.665317 0.095015
vt 1.000000 0.094807
vt 1.000000 0.388042
vt 0.650224 0.334104
vt 0.466735 0.000000
vt 0.402436 0.402436
vt 0.285167 0.285167
vt 0.249697 0.000000
vt 1.000000 0.727619
vt 0.590292 0.343622
vt 1.000000 0.341989
vt 0.727619 0.727619
vt 0.341989 0.341989
vt 0.143732 0.000000
vt 1.000000 0.666930
vt 0.907509 0.212301
vt 1.000000 0.268890
vt 1.000000 0.786529
vt 0.666930 0.666930
vt 0.332596 0.000000
vt 0.757559 0.154857
vt 1.000000 0.533265
vt 1.000000 0.750303
vt 0.483566 0.323135
vt 0.286708 0.154894
vt 1.000000 0.898874
vt 0.632496 0.531202
vt 1.000000 0.531273
vt 1.000000 0.856268
vt 0.898874 0.898874
vt 0.531273 0.531273
vt 0.426784 0.242864
vt 0.667404 0.000000
vt 0.320232 0.320232
vt 0.136448 0.136448
vt 0.177407 0.064147
vt 1.000000 0.182310
vt 1.000000 0.137704
vt 0.968290 0.054314
vt 0.968316 0.054546
vt 0.355710 0.325506
vt 0.970889 0.136427
vt 1.000000 0.136448
vt 1.000000 0.320232
vt 0.945575 0.264667
vt 0.407126 0.390495
vt 0.316017 0.260606
vt 0.192804 0.080923
vt 0.295593 0.083865
vt 0.354515 0.155954
vt 0.473336 0.300995
vt 0.461029 0.315650
vt 0.237400 0.182274
vt 0.382374 0.382374
vt 0.182310 0.182310
vt 0.673363 0.399438
vt 0.668357 0.414278
vt 0.656346 0.414278
vt 0.654536 0.412594
vt 0.653653 0.411756
vt 0.654144 0.405513
vt 0.654751 0.397888
vt 0.663235 0.395857
vt 0.673343 0.399039
vt 0.656346 0.414278
vt 0.662890 0.436050
vt 0.660980 0.436367
vt 0.659168 0.427778
vt 1.000000 0.285166
vt 1.000000 0.402436
vt 0.786529 0.786529
vt 0.268889 0.268889
vt 0.738484 0.098414
vt 0.675763 0.000000
vt 0.731427 0.000000
vt 1.000000 0.717062
vt 0.731427 0.731427
vt 0.725842 0.665481
vt 1.000000 0.610741
vt 0.610741 0.610741
vt 1.000000 0.545704
vt 1.000000 0.751498
vt 0.717062 0.717062
vt 0.868230 0.153133
vt 0.832469 0.363239
vt 0.751498 0.751498
vt 0.545703 0.545703
vt 0.404440 0.153409
vt 1.000000 0.014192
vt 0.981786 0.035010
vt 0.971522 0.049276
vt 0.971538 0.050930
vt 1.000000 0.126835
vt 0.818232 0.000000
vt 1.000000 0.077627
vt 0.886920 0.366014
vt 0.014192 0.014192
vt 0.406759 0.393686
vt 0.411542 0.411542
vt 0.077627 0.077627
vt 0.190899 0.080869
vt 0.318600 0.267287
vt 0.431123 0.431123
vt 0.250110 0.182265
vt 1.000000 0.181768
vt 0.663392 0.395819
vt 0.672741 0.393581
vt 0.673061 0.393508
vt 0.673338 0.398946
vt 0.338291 0.338291
vt 1.000000 0.405186
vt 0.405186 0.405186
vt 0.349032 0.000000
vt 0.651134 0.000000
vt 1.000000 0.776508
vt 0.776508 0.776508
vt 1.000000 0.754143
vt 0.921752 0.000000
vt 1.000000 0.145320
vt 0.754143 0.754143
vt 0.475582 0.095984
vt 0.528246 0.000000
vt 1.000000 0.282114
vt 0.145320 0.145320
vt 0.888032 0.143449
vt 1.000000 0.338291
vt 0.282114 0.282114
vt 0.662502 0.175207
vt 1.000000 0.348866
vt 1.000000 0.650968
vt 0.603770 0.077827
vt 1.000000 0.078248
vt 1.000000 0.471754
vt 0.866570 0.664924
vt 1.000000 0.565693
vt 1.000000 0.893433
vt 0.904393 0.484461
vt 0.893433 0.893433
vt 0.565693 0.565693
vt 0.526984 0.201432
vt 0.893776 0.200436
vt 0.858163 0.294638
vt 0.854442 0.303410
vt 0.776415 0.476983
vt 0.677879 0.677879
vt 0.373198 0.373198
vt 0.334018 0.135964
vt 0.802039 0.136304
vt 0.779313 0.174992
vt 1.000000 0.373198
vt 1.000000 0.677879
vt 0.663261 0.451916
vt 0.494921 0.317639
vt 0.475106 0.301182
vt 0.347042 0.145401
vt 0.296695 0.083897
vt 0.695247 0.095304
vt 0.652662 0.412449
vt 0.650376 0.414278
vt 0.621812 0.414278
vt 0.621766 0.405786
vt 0.654660 0.397910
vt 0.653574 0.411715
vt 0.650004 0.433190
vt 0.649902 0.438205
vt 0.619195 0.443300
vt 0.617976 0.427129
vt 1.000000 0.256419
vt 0.673757 0.000000
vt 0.256419 0.256419
vt 0.541577 0.000000
vt 0.342871 0.286379
vt 0.607949 0.607949
vt 1.000000 0.674991
vt 1.000000 0.730757
vt 0.715812 0.715812
vt 0.674991 0.674991
vt 0.737680 0.639041
vt 0.730757 0.730757
vt 0.541577 0.541577
vt 0.662298 0.000000
vt 1.000000 0.607949
vt 1.000000 0.715812
vt 0.825556 0.339351
vt 0.348854 0.000000
vt 0.650807 0.000000
vt 0.405545 0.000000
vt 1.000000 0.220356
vt 0.650807 0.650807
vt 0.348854 0.348854
vt 0.241244 0.000000
vt 0.220356 0.220356
vt 0.326243 0.000000
vt 0.241244 0.241244
vt 1.000000 0.337702
vt 0.405545 0.405545
vt 0.970415 0.052724
vt 0.981189 0.038172
vt 1.000000 0.018588
vt 0.323471 0.323471
vt 0.708668 0.308405
vt 1.000000 0.414137
vt 0.018588 0.018588
vt 0.856776 0.305102
vt 0.860389 0.297015
vt 0.944282 0.266891
vt 0.973446 0.296078
vt 1.000000 0.323471
vt 0.679537 0.679537
vt 0.778157 0.477891
vt 0.414137 0.414137
vt 0.409462 0.395819
vt 0.476043 0.303703
vt 0.495737 0.319680
vt 0.663070 0.452950
vt 1.000000 0.679537
vt 0.643384 0.101455
vt 1.000000 0.101572
vt 1.000000 0.457566
vt 0.760879 0.567887
vt 0.457566 0.457566
vt 0.101572 0.101572
vt 0.143892 0.000000
vt 1.000000 0.328440
vt 0.328440 0.328440
vt 0.242704 0.000000
vt 0.804650 0.136306
vt 0.968466 0.136425
vt 0.943263 0.262901
vt 0.860140 0.293385
vt 0.653611 0.411826
vt 0.654494 0.412661
vt 0.656199 0.414278
vt 0.650569 0.414278
vt 0.658934 0.427344
vt 0.660821 0.436394
vt 0.650073 0.438177
vt 0.856108 0.000000
vt 0.856731 0.539515
vt 0.656092 0.390698
vt 0.242704 0.242704
vt 0.067657 0.000000
vt 0.484012 0.000000
vt 0.882048 0.455855
vt 0.793268 0.618466
vt 1.000000 0.646674
vt 1.000000 0.815458
vt 0.647153 0.598588
vt 0.931813 0.823018
vt 0.815458 0.815458
vt 0.646674 0.646674
vt 0.845964 0.000000
vt 0.931533 0.000000
vt 1.000000 0.515988
vt 1.000000 0.932343
vt 0.938596 0.930412
vt 0.923684 0.923684
vt 0.267537 0.267537
vt 0.955265 0.500802
vt 1.000000 0.262351
vt 1.000000 0.338286
vt 0.941007 0.292544
vt 0.262352 0.262352
vt 0.200311 0.067922
vt 1.000000 0.068467
vt 1.000000 0.154036
vt 0.338286 0.338286
vt 0.603680 0.000000
vt 0.629416 0.090614
vt 0.609044 0.101243
vt 0.506888 0.019476
vt 0.482611 0.000000
vt 1.000000 0.762702
vt 0.234966 0.070488
vt 0.650161 0.070729
vt 0.890014 0.272971
vt 1.000000 0.365725
vt 0.854516 0.737307
vt 0.762702 0.762702
vt 0.365725 0.365725
vt 0.374278 0.351919
vt 0.493697 0.159759
vt 0.937741 0.367088
vt 1.000000 0.396320
vt 1.000000 0.517389
vt 0.978074 0.601336
vt 0.978089 0.903390
vt 0.861797 0.440895
vt 0.869858 0.415964
vt 0.940266 0.536410
vt 0.733441 0.355294
vt 0.733442 0.355903
vt 0.733181 0.355706
vt 0.832591 0.414278
vt 0.833626 0.414278
vt 0.836912 0.415869
vt 0.850559 0.434832
vt 0.821172 0.489276
vt 0.787121 0.479753
vt 0.784306 0.430188
vt 0.888101 0.796382
vt 0.679543 0.121787
vt 1.000000 0.267537
vt 1.000000 0.923684
vt 0.979573 0.922462
vt 1.000000 0.144237
vt 0.845700 0.105438
vt 0.810146 0.067931
vt 1.000000 0.067971
vt 0.152259 0.000000
vt 0.144237 0.144237
vt 0.067971 0.067971
vt 0.067977 0.000000
vt 0.893404 0.070871
vt 1.000000 0.185967
vt 1.000000 0.364673
vt 0.651326 0.070730
vt 0.185967 0.185967
vt 0.484488 0.109732
vt 0.491457 0.150017
vt 0.492865 0.158339
vt 0.364673 0.364673
vt 0.945127 0.931621
vt 0.942950 0.910849
vt 0.957052 0.947102
vt 0.949703 0.943808
vt 0.825298 0.494415
vt 0.788770 0.508791
vt 0.787129 0.479892
vt 0.821225 0.489437
vt 0.821510 0.489783
vt 0.199634 0.131901
vt 0.350573 0.291853
vt 1.000000 0.847741
vt 1.000000 0.932023
vt 0.795685 0.727440
vt 0.823126 0.717666
vt 1.000000 0.847351
vt 1.000000 0.931599
vt 0.630616 0.089987
vt 0.604968 0.000000
vt 0.803077 0.000000
vt 0.485554 0.109460
vt 0.637339 0.070698
vt 0.974712 0.070558
vt 1.000000 0.196923
vt 1.000000 0.395032
vt 0.493933 0.158414
vt 0.938577 0.203432
vt 0.978048 0.081423
vt 0.978074 0.599345
vt 0.870333 0.414494
vt 0.949678 0.943797
vt 0.946242 0.942257
vt 0.945135 0.931695
vt 0.850649 0.434957
vt 0.874049 0.467471
vt 0.842499 0.487646
vt 0.825420 0.494367
vt 0.821315 0.489365
vt 0.932404 0.150556
vt 0.931599 0.931599
vt 0.847351 0.847351
vt 0.619922 0.102827
vt 0.600367 0.030928
vt 0.756260 0.580369
vt 0.476629 0.357887
vt 0.363521 0.267874
vt 0.083934 0.000000
vt 0.713455 0.000000
vt 0.734735 0.286944
vt 1.000000 0.286545
vt 1.000000 0.916066
vt 0.921538 0.921538
vt 0.269297 0.269297
vt 0.607203 0.102204
vt 0.349152 0.236851
vt 0.338213 0.242503
vt 0.236186 0.000000
vt 0.479859 0.000000
vt 1.000000 0.520141
vt 1.000000 0.763813
vt 0.884808 0.742079
vt 0.856675 0.736638
vt 1.000000 0.758957
vt 1.000000 0.845379
vt 0.962737 0.757559
vt 0.978089 0.907344
vt 0.978091 0.928733
vt 0.882083 0.874929
vt 0.845379 0.845379
vt 0.758957 0.758957
vt 0.861069 0.443148
vt 0.733090 0.355655
vt 0.732761 0.355698
vt 0.721091 0.357181
vt 0.733439 0.354032
vt 0.733441 0.355099
vt 0.833956 0.414278
vt 0.835767 0.414278
vt 0.836733 0.415621
vt 0.835883 0.766013
vt 0.622665 0.569861
vt 0.746940 0.491586
vt 1.000000 0.269297
vt 1.000000 0.921538
vt 0.972213 0.902428
vt 1.000000 0.806011
vt 0.205406 0.114096
vt 1.000000 0.113888
vt 0.806011 0.806011
vt 0.113888 0.113888
vt 0.081678 0.030537
vt 0.079718 0.000000
vt 0.733659 0.000000
vt 0.880159 0.314288
vt 1.000000 0.284288
vt 1.000000 0.914526
vt 0.121801 0.000000
vt 0.716673 0.000000
vt 0.284289 0.284289
vt 1.000000 0.266341
vt 1.000000 0.920282
vt 0.914526 0.914526
vt 0.721866 0.263401
vt 1.000000 0.283327
vt 1.000000 0.878199
vt 0.735266 0.613014
vt 0.685148 0.553067
vt 0.425477 0.242403
vt 0.336865 0.243199
vt 0.316550 0.253696
vt 0.062820 0.000000
vt 0.234631 0.000000
vt 1.000000 0.763681
vt 1.000000 0.968640
vt 0.101696 0.070410
vt 0.233978 0.070487
vt 0.706365 0.497836
vt 1.000000 0.765369
vt 1.000000 0.937180
vt 0.968640 0.968640
vt 0.763681 0.763681
vt 0.855101 0.738444
vt 0.884701 0.743555
vt 0.889148 0.744374
vt 1.000000 0.855050
vt 1.000000 0.865809
vt 0.888951 0.754790
vt 0.958149 0.757387
vt 0.865809 0.865809
vt 0.855050 0.855050
vt 0.874528 0.870696
vt 0.733044 0.355783
vt 0.733442 0.356082
vt 0.733480 0.384886
vt 0.697596 0.378112
vt 0.698833 0.374774
vt 0.703705 0.361646
vt 0.718998 0.357715
vt 0.720119 0.357429
vt 0.731208 0.356008
vt 0.732701 0.355822
vt 0.784300 0.430070
vt 0.783403 0.414278
vt 0.832288 0.414278
vt 0.829735 0.415121
vt 0.740783 0.480257
vt 0.284038 0.134132
vt 0.551847 0.136755
vt 0.767496 0.500492
vt 0.618264 0.000000
vt 0.653317 0.376392
vt 0.483489 0.000000
vt 1.000000 0.213908
vt 1.000000 0.264225
vt 0.212275 0.212275
vt 0.194196 0.000000
vt 0.264225 0.264225
vt 0.213908 0.213908
vt 0.380841 0.210862
vt 1.000000 0.805804
vt 0.449366 0.449366
vt 0.407939 0.018070
vt 0.946212 0.525875
vt 0.621408 0.479670
vt 0.588155 0.378613
vt 0.649189 0.317855
vt 0.694010 0.308324
vt 0.801004 0.285858
vt 1.000000 0.336851
vt 1.000000 0.515801
vt 0.227781 0.227781
vt 0.282958 0.000000
vt 0.480886 0.000000
vt 0.372009 0.203203
vt 0.233933 0.233933
vt 1.000000 0.519114
vt 1.000000 0.717042
vt 0.225981 0.000000
vt 0.461413 0.000000
vt 0.461413 0.461413
vt 0.225981 0.225981
vt 0.361917 0.109085
vt 0.631877 0.013867
vt 0.845256 0.189403
vt 0.822097 0.280535
vt 0.814627 0.309744
vt 0.586913 0.331078
vt 0.734824 0.368618
vt 0.784927 0.381395
vt 0.663617 0.461092
vt 0.647601 0.467968
vt 0.614239 0.493988
vt 0.515801 0.515801
vt 0.336851 0.336851
vt 0.483489 0.483489
vt 0.449366 0.000000
vt 1.000000 0.212275
vt 0.618264 0.618264
vt 0.979978 0.592777
vt 0.552046 0.552046
vt 0.189824 0.000000
vt 0.819137 0.377140
vt 0.189824 0.189824
vt 0.410547 0.000000
vt 0.838473 0.692614
vt 0.947141 0.526816
vt 1.000000 0.516730
vt 1.000000 0.719432
vt 0.859367 0.708314
vt 0.191534 0.000000
vt 0.231846 0.000000
vt 0.344411 0.080749
vt 0.236395 0.236395
vt 0.171650 0.171650
vt 1.000000 0.236395
vt 0.593833 0.233097
vt 0.487928 0.183270
vt 1.000000 0.171650
vt 0.026431 0.000000
vt 0.012637 0.000000
vt 0.010440 0.000000
vt 0.616990 0.551341
vt 0.719432 0.719432
vt 0.516729 0.516729
vt 0.613759 0.495027
vt 0.608001 0.525794
vt 0.589453 0.000000
vt 1.000000 0.552046
vt 0.826363 0.643111
vt 0.772277 0.621730
vt 0.418971 0.134828
vt 0.792266 0.343312
vt 0.798349 0.323134
vt 0.929415 0.337324
vt 0.951170 0.339982
vt 1.000000 0.380733
vt 1.000000 0.516127
vt 0.380733 0.380733
vt 0.788543 0.000000
vt 1.000000 0.498353
vt 0.516127 0.516127
vt 0.552076 0.000000
vt 0.498353 0.498353
vt 0.343805 0.000000
vt 0.618351 0.000000
vt 0.786683 0.541185
vt 0.766479 0.582184
vt 1.000000 0.590023
vt 0.740080 0.740080
vt 1.000000 0.712948
vt 0.590023 0.590023
vt 0.656195 0.000000
vt 1.000000 0.447924
vt 0.712948 0.712948
vt 0.624033 0.521869
vt 0.381649 0.000000
vt 0.836859 0.691401
vt 0.639746 0.543281
vt 0.593591 0.508496
vt 0.621083 0.480584
vt 0.817471 0.508453
vt 0.944800 0.526758
vt 0.906057 0.586001
vt 0.168834 0.168834
vt 0.188424 0.000000
vt 0.165628 0.096355
vt 0.157627 0.157627
vt 0.321841 0.000000
vt 0.301587 0.040351
vt 0.321841 0.321841
vt 1.000000 0.315225
vt 0.351164 0.000000
vt 0.315225 0.315225
vt 0.471848 0.180662
vt 0.247670 0.157451
vt 0.146959 0.146959
vt 1.000000 0.168834
vt 0.577992 0.178319
vt 0.634115 0.012529
vt 0.648836 0.000000
vt 1.000000 0.146959
vt 0.846914 0.187852
vt 0.157627 0.000000
vt 0.027496 0.000000
vt 0.010270 0.000000
vt 1.000000 0.740080
vt 1.000000 0.211457
vt 0.975221 0.722253
vt 1.000000 0.256177
vt 0.978863 0.257413
vt 0.794710 0.000000
vt 0.408835 0.000000
vt 0.256177 0.256177
vt 0.789411 0.000000
vt 1.000000 0.205290
vt 0.535389 0.086024
vt 1.000000 0.803388
vt 0.789411 0.789411
vt 0.803388 0.803388
vt 1.000000 0.812099
vt 0.672175 0.318623
vt 1.000000 0.591165
vt 0.812099 0.812099
vt 0.571506 0.232916
vt 0.230145 0.230145
vt 0.149562 0.149562
vt 0.234557 0.158424
vt 0.458617 0.182029
vt 1.000000 0.149562
vt 1.000000 0.230145
vt 0.818121 0.308243
vt 0.848927 0.190034
vt 0.613364 0.497140
vt 0.614434 0.494064
vt 0.624302 0.482831
vt 0.662417 0.461880
vt 0.599951 0.502918
vt 0.607492 0.524360
vt 0.986896 0.449644
vt 0.971550 0.426576
vt 1.000000 0.430778
vt 0.457788 0.457788
vt 0.430778 0.430778
vt 0.483996 0.000000
vt 0.616850 0.000000
vt 0.602860 0.115152
vt 0.580855 0.167733
vt 0.586302 0.225004
vt 0.616850 0.616850
vt 0.483996 0.483996
vt 0.592405 0.507602
vt 0.577711 0.496527
vt 0.540368 0.447529
vt 0.531199 0.435311
vt 0.586798 0.379964
vt 0.619456 0.479748
vt 0.595927 0.504048
vt 0.305285 0.037338
vt 0.324021 0.000000
vt 0.351119 0.000000
vt 0.351119 0.351119
vt 0.373815 0.323527
vt 1.000000 0.317810
vt 1.000000 0.436253
vt 0.436253 0.436253
vt 0.317810 0.317810
vt 0.354123 0.000000
vt 0.511230 0.000000
vt 0.364939 0.106486
vt 0.488770 0.000000
vt 0.645877 0.000000
vt 0.631268 0.012324
vt 0.820062 0.000000
vt 0.712181 0.223531
vt 0.700149 0.248392
vt 0.610636 0.000000
vt 0.820062 0.820062
vt 0.610636 0.610636
vt 0.834361 0.565116
vt 0.837389 0.826970
vt 0.803570 0.285322
vt 1.000000 0.244292
vt 1.000000 0.335465
vt 0.898375 0.309565
vt 0.313116 0.000000
vt 0.319301 0.134860
vt 0.230574 0.004116
vt 0.238342 0.000000
vt 0.368418 0.209904
vt 0.313117 0.313117
vt 0.238342 0.238342
vt 0.362701 0.211140
vt 0.335465 0.335465
vt 0.244292 0.244292
vt 0.506907 0.310773
vt 0.582036 0.329840
s 0
usemtl Material
f 20/1/1 14/2/1 15/3/1 17/4/1 21/5/1
f 12/6/2 11/7/2 10/8/2
f 7/9/3 9/10/3 18/11/3 19/12/3 6/13/3
f 11/14/4 12/15/4 15/16/4 14/17/4
f 22/18/5 6/19/5 19/20/5
f 23/21/6 1/22/6 7/23/6 6/24/6 22/25/6
f 15/26/7 12/27/7 10/28/7 9/29/7 7/30/7 1/30/7 17/31/7
f 23/32/8 24/33/8 1/22/8
f 24/34/9 21/35/9 17/36/9 1/30/9
f 18/37/10 9/38/10 10/39/10 11/40/10 14/41/10 20/42/10
f 4/43/11 3/44/11 2/45/11 8/46/11 5/47/11 13/48/11 16/49/11
f 54/50/12 26/51/12 44/52/12 55/53/12 53/54/12
f 47/55/13 48/56/13 49/57/13 46/58/13 45/59/13 43/60/13 29/51/13
f 44/61/14 26/22/14 43/62/14
f 28/22/15 43/63/15 26/51/15
f 28/51/16 29/22/16 43/64/16
f 28/51/17 26/22/17 29/30/17
f 26/51/18 27/22/18 29/30/18
f 27/51/19 50/65/19 29/30/19
f 50/66/20 47/67/20 29/30/20
f 49/68/21 48/69/21 51/70/21
f 26/30/22 54/71/22 52/72/22
f 52/73/23 50/74/23 27/22/23 26/30/23
f 32/75/24 25/76/24 30/77/24
f 33/78/25 31/79/25 37/80/25 42/81/25 40/82/25 39/83/25 38/84/25
f 36/85/26 30/86/26 25/87/26 41/88/26 35/89/26
f 41/90/27 25/91/27 32/92/27 34/93/27 38/94/27 39/95/27
f 57/30/28 83/96/28 82/97/28 79/98/28 77/99/28
f 84/100/29 89/101/29 87/102/29 86/103/29 85/104/29 83/105/29 57/30/29 59/51/29
f 59/51/30 58/22/30 78/106/30
f 58/51/31 57/22/31 77/107/31 78/108/31
f 81/109/32 76/51/32 59/22/32 78/110/32
f 76/22/33 81/111/33 80/112/33 75/113/33
f 58/51/34 59/22/34 57/30/34
f 59/30/35 76/114/35 84/115/35
f 86/116/36 88/117/36 85/118/36
f 61/119/37 67/120/37 56/121/37 72/122/37 74/123/37 64/124/37 63/125/37
f 66/126/38 70/127/38 73/128/38 56/121/38 67/120/38
f 69/129/39 64/130/39 74/131/39 68/132/39
f 72/133/40 56/134/40 73/135/40 71/136/40
f 62/137/41 60/138/41 61/139/41 63/140/41 65/141/41
f 95/142/42 96/143/42 94/22/42
f 95/144/43 94/51/43 93/22/43 97/145/43
f 98/146/44 97/147/44 93/51/44
f 96/148/45 99/149/45 94/22/45
f 94/30/46 99/150/46 100/151/46 93/22/46
f 103/152/47 98/153/47 93/30/47 122/154/47 123/155/47
f 102/156/48 113/157/48 115/158/48 117/159/48 125/160/48 122/161/48 93/30/48 100/162/48
f 108/163/49 109/164/49 110/165/49 107/166/49
f 109/167/50 108/168/50 112/169/50 111/170/50 114/171/50 115/172/50 113/173/50
f 123/174/51 124/175/51 106/176/51 103/177/51
f 125/178/52 117/179/52 118/180/52 128/181/52
f 115/182/53 114/183/53 129/184/53 126/185/53 118/186/53 117/187/53
f 111/188/54 90/22/54 130/189/54 129/190/54 114/191/54
f 99/192/55 96/193/55 95/194/55 97/195/55 98/196/55 103/197/55 106/198/55 121/199/55 130/200/55 90/30/55 110/201/55 109/202/55 113/203/55 102/204/55 100/205/55
f 90/22/56 111/206/56 112/207/56
f 90/30/57 107/208/57 110/209/57
f 90/30/58 112/210/58 108/211/58 107/212/58
f 104/213/59 101/214/59 116/215/59 119/216/59 105/217/59
f 120/218/60 91/219/60 92/220/60 127/221/60
f 126/222/61 121/223/61 106/224/61 124/225/61 128/226/61 118/227/61
f 135/51/62 143/228/62 149/229/62 148/230/62
f 141/231/63 140/232/63 139/233/63 133/22/63 138/234/63
f 147/235/64 136/236/64 137/237/64 138/238/64 133/30/64 135/51/64 148/239/64
f 135/51/65 133/22/65 139/240/65 144/241/65 143/242/65
f 150/243/66 131/22/66 137/244/66 136/245/66 147/246/66
f 131/22/67 150/247/67 149/248/67 143/249/67 144/250/67 132/30/67
f 132/51/68 140/251/68 141/252/68
f 138/253/69 137/254/69 132/51/69 141/255/69
f 140/256/70 132/51/70 144/257/70 139/258/70
f 137/259/71 131/51/71 132/22/71
f 146/260/72 134/261/72 142/262/72 145/263/72
f 179/264/73 154/265/73 155/266/73 157/267/73 180/268/73
f 160/269/74 151/22/74 181/270/74 180/271/74 157/272/74 158/273/74
f 152/22/75 151/30/75 163/274/75 165/275/75
f 164/276/76 163/277/76 151/22/76 160/278/76
f 151/51/77 152/22/77 182/279/77 181/280/77
f 166/281/78 167/282/78 168/283/78 183/284/78 182/285/78 152/51/78 165/286/78
f 172/287/79 184/288/79 185/289/79 178/290/79 174/291/79 175/292/79 176/293/79
f 178/294/80 171/295/80 169/296/80 174/297/80
f 172/298/81 154/299/81 179/300/81 184/301/81
f 160/302/82 158/303/82 164/304/82
f 169/305/83 170/306/83 175/307/83 174/308/83
f 170/309/84 167/310/84 166/311/84 176/312/84 175/313/84
f 183/314/85 168/315/85 171/316/85 178/317/85 185/318/85
f 157/319/86 155/320/86 172/321/86 176/322/86 166/323/86 165/324/86 163/325/86 164/326/86 158/327/86
f 172/328/87 155/329/87 154/330/87
f 153/331/88 156/332/88 159/333/88 161/334/88 162/335/88 177/336/88 173/337/88
f 169/338/89 171/339/89 168/340/89 167/341/89 170/342/89
f 204/343/90 202/344/90 187/30/90 200/345/90
f 187/51/91 202/346/91 203/347/91 195/348/91 193/349/91 194/350/91 196/351/91 197/352/91 191/353/91
f 195/354/92 199/355/92 193/356/92
f 200/357/93 187/22/93 189/358/93
f 199/359/94 186/51/94 194/360/94 193/361/94
f 194/362/95 186/30/95 196/363/95
f 186/30/96 190/364/96 188/365/96 197/366/96 196/367/96
f 190/368/97 186/22/97 199/369/97 195/370/97 203/371/97 204/372/97 200/373/97 189/374/97
f 188/375/98 191/376/98 197/377/98
f 192/378/99 201/379/99 198/380/99
f 187/51/100 191/381/100 188/382/100 190/383/100 189/384/100
f 223/385/101 222/386/101 224/387/101
f 225/388/102 207/51/102 226/389/102 223/390/102 224/391/102
f 228/392/103 214/393/103 227/394/103
f 217/395/104 207/22/104 225/396/104 227/397/104 214/398/104
f 231/399/105 219/400/105 220/401/105 230/402/105
f 217/403/106 214/404/106 228/405/106 232/406/106 218/407/106
f 232/408/107 221/409/107 218/410/107
f 230/411/108 220/412/108 221/413/108 232/414/108
f 215/415/109 212/416/109 209/417/109 210/418/109 206/419/109 205/420/109 208/421/109 216/422/109
f 229/423/110 206/424/110 210/425/110 211/426/110 213/427/110
f 218/428/111 221/429/111 220/430/111 219/431/111 226/432/111 207/51/111 217/433/111
f 239/434/112 265/435/112 264/436/112 238/437/112 240/438/112
f 238/439/113 259/440/113 281/441/113 280/442/113 277/443/113 261/444/113 263/445/113 234/30/113 248/446/113 240/447/113
f 267/448/114 266/449/114 246/450/114 247/451/114
f 248/452/115 243/453/115 239/454/115 240/455/115
f 269/456/116 270/457/116 271/458/116
f 272/459/117 274/460/117 273/461/117
f 274/462/118 275/463/118 257/464/118 276/465/118 273/466/118
f 276/467/119 257/468/119 259/469/119 238/470/119 264/471/119
f 261/472/120 277/473/120 278/474/120
f 267/475/121 247/476/121 263/477/121 261/478/121 278/479/121
f 243/480/122 234/22/122 279/481/122 265/482/122 239/483/122
f 247/484/123 246/485/123 249/486/123 279/487/123 234/22/123 263/488/123
f 275/489/124 281/490/124 259/491/124 257/492/124
f 248/493/125 234/30/125 243/494/125
f 235/495/126 268/496/126 250/497/126 252/498/126 233/499/126 254/500/126 255/501/126 258/502/126 241/503/126 242/504/126
f 260/505/127 236/506/127 233/499/127 252/507/127 251/508/127 244/509/127 245/510/127 262/511/127
f 233/499/128 236/512/128 237/513/128 256/514/128 253/515/128 254/516/128
f 269/517/129 249/518/129 246/519/129 266/520/129 270/521/129
f 291/522/130 288/523/130 283/51/130 290/524/130 289/525/130
f 294/526/131 286/527/131 296/528/131
f 290/529/132 283/22/132 287/530/132 297/531/132
f 289/532/133 299/533/133 298/534/133 291/535/133
f 297/536/134 299/537/134 289/538/134 290/539/134
f 285/540/135 292/541/135 282/542/135 284/543/135 293/544/135 295/545/135
f 286/546/136 288/547/136 291/548/136 298/549/136 296/550/136
f 287/551/137 283/22/137 288/552/137 286/553/137 294/554/137
f 305/555/138 306/556/138 304/22/138
f 305/557/139 304/51/139 307/558/139 308/559/139 309/560/139
f 311/561/140 307/562/140 304/51/140 310/563/140
f 312/564/141 310/565/141 304/51/141
f 314/566/142 303/22/142 315/567/142 316/568/142 313/569/142
f 303/51/143 304/22/143 306/570/143 315/571/143
f 317/572/144 304/30/144 303/51/144 318/573/144
f 304/30/145 317/574/145 319/575/145
f 312/576/146 304/30/146 319/577/146 320/578/146 321/579/146
f 318/580/147 303/22/147 314/581/147
f 302/30/148 309/582/148 308/583/148
f 316/584/149 301/51/149 300/22/149 313/585/149
f 313/586/150 300/51/150 320/587/150 319/588/150 317/589/150 318/590/150 314/591/150
f 302/30/151 308/592/151 307/593/151 311/594/151
f 321/595/152 300/22/152 302/30/152 311/596/152 310/597/152 312/598/152
f 300/51/153 301/22/153 302/30/153
f 300/30/154 321/599/154 320/600/154
f 309/601/155 302/51/155 301/22/155 316/602/155 315/603/155 306/604/155 305/605/155
f 324/606/156 333/607/156 332/608/156
f 333/609/157 324/610/157 328/611/157 334/612/157
f 334/613/158 328/614/158 330/615/158 329/616/158 335/617/158
f 336/618/159 330/619/159 328/620/159 324/621/159 332/622/159
f 330/623/160 336/624/160 337/625/160 329/626/160
f 329/627/161 337/628/161 335/629/161
f 322/630/162 325/631/162 326/632/162 327/633/162 331/634/162 323/635/162
f 344/636/163 349/637/163 348/638/163 342/639/163 345/640/163
f 342/641/164 348/642/164 350/643/164 351/644/164
f 353/645/165 344/646/165 345/647/165 352/648/165
f 349/649/166 344/650/166 353/651/166
f 346/652/167 354/653/167 347/654/167
f 343/655/168 340/656/168 339/657/168 354/658/168 346/659/168 341/660/168
f 351/661/169 338/662/169 352/663/169 345/664/169 342/665/169
f 362/666/170 380/667/170 381/668/170 382/669/170 361/670/170
f 365/671/171 358/22/171 383/672/171 380/673/171 362/674/171 366/675/171
f 383/676/172 358/51/172 384/677/172
f 368/678/173 361/679/173 382/680/173 385/681/173
f 372/682/174 370/683/174 371/684/174 358/22/174 365/685/174
f 373/686/175 374/687/175 368/688/175 385/689/175 386/690/175
f 377/691/176 357/22/176 358/30/176 376/692/176
f 384/693/177 358/30/177 357/51/177 387/694/177
f 387/695/178 357/51/178 377/696/178 388/697/178
f 377/698/179 376/699/179 371/700/179 370/701/179 389/702/179 390/703/179 388/704/179
f 362/705/180 361/706/180 368/707/180 374/708/180 366/709/180
f 372/710/181 365/711/181 366/712/181 374/713/181 373/714/181
f 386/715/182 389/716/182 370/717/182 372/718/182 373/719/182
f 379/720/183 356/721/183 360/722/183 359/723/183 364/724/183 367/725/183 378/726/183
f 360/727/184 356/728/184 355/729/184 375/730/184 369/731/184 363/732/184
f 371/733/185 376/734/185 358/30/185
f 391/22/186 426/735/186 427/736/186 428/737/186
f 419/738/187 393/739/187 420/740/187
f 421/741/188 422/742/188 398/743/188 399/744/188 396/745/188
f 396/746/189 424/747/189 423/748/189 421/749/189
f 405/750/190 391/51/190 404/751/190
f 391/22/191 405/752/191 407/753/191 403/754/191 425/755/191 426/756/191
f 404/757/192 391/51/192 409/758/192 408/759/192
f 399/760/193 398/761/193 410/762/193 411/763/193
f 409/764/194 391/30/194 428/765/194 429/766/194 415/767/194
f 419/768/195 425/769/195 403/770/195 393/771/195
f 411/772/196 410/773/196 417/774/196 418/775/196
f 398/776/197 422/777/197 420/778/197 393/779/197 403/780/197 407/781/197 408/782/197 409/783/197 415/784/197 417/785/197 410/786/197
f 405/787/198 404/788/198 408/789/198 407/790/198
f 414/791/199 413/792/199 412/793/199 400/794/199 401/795/199 430/796/199
f 402/797/200 392/798/200 394/799/200 397/800/200 395/801/200 400/802/200 412/803/200 406/804/200
f 424/805/201 396/806/201 399/807/201 411/808/201 418/809/201 416/810/201
f 416/811/202 418/812/202 417/813/202 415/814/202 429/815/202
f 437/816/203 435/22/203 453/817/203 452/818/203
f 454/819/204 453/820/204 435/51/204
f 435/51/205 433/22/205 455/821/205 454/822/205
f 455/823/206 433/51/206 442/824/206 456/825/206
f 443/826/207 435/22/207 437/827/207
f 435/30/208 443/828/208 444/829/208
f 435/30/209 444/830/209 445/831/209
f 447/832/210 448/833/210 446/834/210 435/30/210 445/835/210
f 446/836/211 449/837/211 433/22/211 435/30/211
f 448/838/212 447/839/212 434/840/212 451/841/212 450/842/212
f 447/843/213 432/844/213 434/845/213
f 450/846/214 449/847/214 446/848/214 448/849/214
f 441/850/215 457/851/215 436/852/215 438/853/215 439/854/215 440/855/215
f 451/856/216 434/857/216 432/858/216 431/859/216 456/860/216 442/861/216
f 444/862/217 443/863/217 437/864/217 452/865/217 431/866/217 432/867/217 447/868/217 445/869/217
f 451/870/218 442/871/218 433/30/218 449/872/218 450/873/218
f 465/874/219 464/875/219 462/876/219
f 464/877/220 467/878/220 459/879/220 462/880/220
f 466/881/221 459/882/221 467/883/221
f 458/884/222 461/885/222 463/886/222 460/887/222
f 466/888/223 465/889/223 462/890/223 459/891/223
f 476/892/224 474/51/224 473/893/224
f 473/894/225 474/22/225 478/895/225 477/896/225
f 475/897/226 478/898/226 474/51/226
f 470/899/227 471/900/227 472/901/227 469/902/227 468/903/227
f 476/904/228 473/905/228 477/906/228
f 502/907/229 501/908/229 503/909/229 484/22/229
f 502/910/230 484/51/230 504/911/230
f 504/912/231 484/22/231 490/913/231 505/914/231
f 493/915/232 491/916/232 492/917/232 494/918/232 506/919/232 507/920/232
f 493/921/233 507/922/233 508/923/233 498/924/233
f 484/22/234 503/925/234 509/926/234 499/927/234 490/928/234
f 494/929/235 499/930/235 509/931/235 506/932/235
f 510/933/236 498/934/236 508/935/236
f 511/936/237 492/937/237 491/938/237 512/939/237
f 498/940/238 510/941/238 513/942/238 514/943/238 512/944/238 491/945/238 493/946/238
f 486/947/239 488/948/239 489/949/239 482/950/239 483/951/239 479/952/239 480/953/239 485/954/239
f 500/955/240 487/956/240 485/957/240 480/958/240 481/959/240 497/960/240 496/961/240 495/962/240
f 511/963/241 505/964/241 490/965/241 499/966/241 494/967/241 492/968/241
f 522/969/242 524/970/242 528/22/242 523/971/242
f 525/972/243 523/973/243 528/51/243 526/974/243
f 524/975/244 527/976/244 528/22/244
f 520/977/245 516/978/245 515/979/245 518/980/245 519/981/245 521/982/245
f 518/983/246 515/984/246 517/985/246
f 532/986/247 533/987/247 534/988/247 535/989/247 536/990/247
f 529/30/248 530/22/248 535/991/248 534/992/248 539/993/248 540/994/248 541/995/248 543/996/248 545/997/248
f 540/998/249 539/999/249 548/1000/249
f 540/1001/250 548/1002/250 549/1003/250 541/1004/250
f 543/1005/251 541/1006/251 549/1007/251 550/1008/251
f 547/1009/252 548/1010/252 539/1011/252 534/1012/252 533/1013/252
f 533/1014/253 532/1015/253 529/51/253 552/1016/253 547/1017/253
f 535/1018/254 530/51/254 536/1019/254
f 530/51/255 529/22/255 532/1020/255 536/1021/255
f 552/1022/256 529/30/256 545/1023/256 546/1024/256
f 538/1025/257 537/1026/257 531/1027/257 551/1028/257 544/1029/257 542/1030/257
f 550/1031/258 546/1032/258 545/1033/258 543/1034/258
f 574/1035/259 556/1036/259 555/51/259 573/1037/259
f 575/1038/260 559/1039/260 561/1040/260 576/1041/260
f 577/1042/261 563/1043/261 565/1044/261 559/1045/261 575/1046/261
f 566/1047/262 563/1048/262 577/1049/262 578/1050/262
f 579/1051/263 555/22/263 556/1052/263 566/1053/263 578/1054/263
f 573/1055/264 555/30/264 579/1056/264 581/1057/264 580/1058/264
f 582/1059/265 580/1060/265 581/1061/265
f 576/1062/266 561/1063/266 583/1064/266
f 561/1065/267 559/1066/267 565/1067/267 584/1068/267 583/1069/267
f 569/1070/268 571/1071/268 585/1072/268 558/1073/268 557/1074/268
f 568/1075/269 567/1076/269 564/1077/269 560/1078/269 562/1079/269 572/1080/269 554/1081/269 585/1082/269 571/1083/269 570/1084/269
f 556/1085/270 574/1086/270 553/1087/270 584/1088/270 565/1089/270 563/1090/270 566/1091/270
f 586/22/271 594/1092/271 596/1093/271 595/1094/271
f 594/1095/272 586/51/272 597/1096/272
f 598/1097/273 586/22/273 595/1098/273 599/1099/273
f 598/1100/274 600/1101/274 586/30/274
f 588/22/275 586/30/275 600/1102/275 601/1103/275
f 586/30/276 602/1104/276 597/1105/276
f 607/1106/277 606/1107/277 590/51/277 588/22/277 601/1108/277 608/1109/277
f 590/22/278 606/1110/278 609/1111/278
f 588/30/279 590/51/279 611/1112/279 610/1113/279 604/1114/279
f 611/1115/280 590/51/280 609/1116/280
f 587/1117/281 589/1118/281 608/1119/281 601/1120/281 600/1121/281 598/1122/281 599/1123/281
f 608/1124/282 589/1125/282 607/1126/282
f 596/1127/283 592/1128/283 593/1129/283 591/1130/283 587/1131/283 599/1132/283 595/1133/283
f 593/1134/284 592/1135/284 603/1136/284 605/1137/284
f 591/1138/285 593/1139/285 605/1140/285 604/1141/285 610/1142/285
f 592/1143/286 596/1144/286 594/1145/286 597/1146/286 602/1147/286 603/1148/286
f 607/1149/287 589/1150/287 587/1151/287 591/1152/287 610/1153/287 611/1154/287 609/1155/287 606/1156/287
f 604/1157/288 605/1158/288 603/1159/288 602/1160/288 586/30/288 588/51/288
f 616/1161/289 613/51/289 618/1162/289
f 618/1163/290 613/51/290 619/1164/290
f 619/1165/291 613/51/291 620/1166/291
f 625/1167/292 620/1168/292 613/51/292 624/1169/292
f 623/1170/293 626/1171/293 622/1172/293
f 614/1173/294 622/1174/294 626/1175/294 621/1176/294
f 625/1177/295 612/1178/295 617/1179/295 616/1180/295 618/1181/295 619/1182/295 620/1183/295
f 615/1184/296 624/1185/296 613/51/296 616/1186/296 617/1187/296
f 655/1188/297 654/1189/297 634/51/297 638/1190/297
f 657/1191/298 641/1192/298 658/1193/298 656/1194/298
f 658/1195/299 641/1196/299 643/1197/299 635/22/299 659/1198/299
f 635/51/300 634/22/300 654/1199/300 659/1200/300
f 647/1201/301 634/30/301 635/51/301 645/1202/301 646/1203/301 648/1204/301
f 650/1205/302 653/1206/302 627/22/302 664/1207/302 661/1208/302 660/1209/302 655/1210/302 638/1211/302 652/1212/302 651/1213/302
f 634/30/303 651/1214/303 652/1215/303
f 634/30/304 652/1216/304 638/1217/304
f 645/1218/305 635/22/305 643/1219/305
f 653/1220/306 650/1221/306 649/1222/306
f 648/1223/307 663/1224/307 662/1225/307 627/51/307 653/51/307 649/1226/307 647/1227/307
f 662/1228/308 664/1229/308 627/51/308
f 663/1230/309 648/1231/309 646/1232/309 665/1233/309
f 629/1234/310 630/1235/310 631/1236/310 632/1237/310 633/1238/310 642/1239/310 639/1240/310 628/1241/310
f 644/1242/311 636/1243/311 637/1244/311 628/1245/311 639/1246/311 640/1247/311
f 641/1248/312 657/1249/312 665/1250/312 646/1251/312 645/1252/312 643/1253/312
f 650/1254/313 651/1255/313 634/30/313 647/1256/313 649/1257/313
f 671/1258/314 668/22/314 669/1259/314 670/1260/314
f 669/1261/315 668/51/315 667/22/315 672/1262/315
f 673/1263/316 672/1264/316 667/51/316 675/1265/316 674/1266/316
f 673/1267/317 674/1268/317 676/1269/317
f 678/1270/318 679/1271/318 677/1272/318 668/22/318 671/1273/318
f 668/30/319 677/1274/319 680/1275/319
f 675/1276/320 667/22/320 668/30/320 680/1277/320
f 676/51/321 666/51/321 670/1278/321 669/1279/321 672/1280/321 673/1281/321
f 666/51/322 676/1282/322 674/1283/322 675/1284/322 680/1285/322 677/1286/322 679/1287/322
f 678/1288/323 671/1289/323 670/1290/323 666/30/323
f 679/1291/324 678/1292/324 666/30/324
f 681/22/325 684/1293/325 685/1294/325
f 684/1295/326 681/51/326 687/1296/326 686/1297/326
f 681/30/327 689/1298/327 693/1299/327 692/1300/327
f 692/1301/328 687/1302/328 681/30/328
f 684/1303/329 686/1304/329 682/1305/329 691/1306/329 688/1307/329 685/1308/329
f 689/1309/330 690/1310/330 683/1311/330 693/1312/330
f 691/1313/331 682/1314/331 683/1315/331 690/1316/331
f 683/1317/332 682/1318/332 686/1319/332 687/1320/332 692/1321/332 693/1322/332
f 688/1323/333 691/1324/333 690/1325/333 689/1326/333 681/22/333 685/1327/333
f 702/1328/334 700/1329/334 701/1330/334
f 699/22/335 704/1331/335 703/1332/335
f 699/51/336 705/1333/336 704/1334/336
f 705/1335/337 699/51/337 721/1336/337 722/1337/337 708/1338/337
f 724/1339/338 698/51/338 712/1340/338 711/1341/338 723/1342/338
f 723/1343/339 711/1344/339 725/1345/339
f 721/1346/340 699/51/340 698/22/340 724/1347/340
f 697/51/341 699/22/341 703/1348/341 714/1349/341
f 715/1350/342 697/22/342 714/1351/342 702/1352/342 701/1353/342
f 718/1354/343 699/22/343 719/1355/343 717/1356/343 716/1357/343
f 719/1358/344 699/51/344 697/22/344 715/1359/344
f 698/22/345 699/30/345 718/1360/345 720/1361/345 712/1362/345
f 708/1363/346 722/1364/346 726/1365/346
f 703/1366/347 704/1367/347 705/1368/347 708/1369/347 726/1370/347 727/1371/347 700/1372/347 702/1373/347 714/1374/347
f 728/1375/348 716/1376/348 717/1377/348
f 728/1378/349 720/1379/349 718/1380/349 716/1381/349
f 715/1382/350 701/1383/350 700/1384/350 727/1385/350 728/1386/350 717/1387/350 719/1388/350
f 713/1389/351 694/1390/351 696/1391/351 695/1392/351 707/1393/351 706/1394/351 710/1395/351 709/1396/351
f 720/1397/352 728/1398/352 725/1399/352 711/1400/352 712/1401/352
f 741/1402/353 736/1403/353 737/1404/353 738/1405/353 739/1406/353 740/1407/353
f 745/1408/354 744/1409/354 737/1410/354 736/1411/354 742/1412/354 743/1413/354 746/1414/354
f 745/1415/355 746/1416/355 748/1417/355 747/1418/355
f 742/1419/356 749/1420/356 750/1421/356
f 743/1422/357 742/1423/357 750/1424/357
f 741/1425/358 730/1426/358 729/1427/358 736/1428/358
f 742/1429/359 736/1430/359 729/1431/359 749/1432/359
f 731/1433/360 739/1434/360 738/1435/360
f 739/1436/361 731/1437/361 732/1438/361 734/1439/361 733/1440/361 735/1441/361 740/1442/361
f 735/1443/362 730/1444/362 741/1445/362 740/1446/362
f 748/1447/363 733/1448/363 734/1449/363 747/1450/363
f 734/1451/364 732/1452/364 744/1453/364 745/1454/364 747/1455/364
f 749/1456/365 729/1457/365 730/1458/365 735/1459/365 733/1460/365 748/1461/365 746/1462/365 743/1463/365 750/1464/365
f 744/1465/366 732/1466/366 731/1467/366 738/1468/366 737/1469/366
f 759/1470/367 755/1471/367 756/1472/367 758/1473/367 757/1474/367
f 759/1475/368 757/1476/368 761/1477/368 760/1478/368
f 762/1479/369 760/1480/369 761/1481/369 763/1482/369 764/1483/369
f 771/1484/370 770/1485/370 769/1486/370
f 771/1487/371 764/1488/371 763/1489/371 770/1490/371
f 774/1491/372 767/1492/372 766/1493/372 751/22/372
f 774/1494/373 751/51/373 775/1495/373
f 751/22/374 766/1496/374 765/1497/374 755/1498/374 759/1499/374 760/1500/374 762/1501/374
f 751/30/375 762/1502/375 764/1503/375
f 775/1504/376 751/30/376 764/1505/376 771/1506/376 769/1507/376 776/1508/376
f 765/1509/377 756/1510/377 755/1511/377
f 770/1512/378 763/1513/378 761/1514/378 757/1515/378 758/1516/378 768/1517/378 776/1518/378 769/1519/378
f 772/1520/379 752/1521/379 753/1522/379 754/1523/379 773/1524/379
f 768/1525/380 758/1526/380 756/1527/380 765/1528/380 766/1529/380 767/1530/380
f 792/1531/381 779/22/381 791/1532/381
f 791/1533/382 779/51/382 783/1534/382 793/1535/382
f 779/22/383 792/1536/383 794/1537/383
f 779/30/384 794/1538/384 795/1539/384 785/1540/384 786/1541/384
f 783/1542/385 779/30/385 786/1543/385 789/1544/385 788/1545/385 790/1546/385
f 796/1547/386 790/1548/386 788/1549/386 797/1550/386
f 789/1551/387 785/1552/387 795/1553/387 797/1554/387 788/1555/387
f 790/1556/388 796/1557/388 793/1558/388 783/1559/388
f 784/1560/389 781/1561/389 780/1562/389 782/1563/389 777/1564/389 778/1565/389 787/1566/389
f 789/1567/390 786/1568/390 785/1569/390
f 799/1570/391 800/1571/391 798/22/391
f 799/1572/392 798/51/392 802/1573/392 801/1574/392
f 803/1575/393 798/22/393 800/1576/393
f 803/1577/394 804/1578/394 805/1579/394 798/30/394
f 798/30/395 805/1580/395 802/1581/395
f 799/1582/396 801/1583/396 804/1584/396 803/1585/396 800/1586/396
f 804/1587/397 801/1588/397 802/1589/397 805/1590/397
f 807/1591/398 806/1592/398 808/1593/398 809/1594/398
f 811/1595/399 809/1596/399 808/1597/399 810/1598/399
f 810/1599/400 806/1600/400 807/1601/400 811/1602/400
f 808/1603/401 806/1604/401 810/1605/401
f 807/1606/402 809/1607/402 811/1608/402
f 815/1609/403 816/1610/403 814/30/403
f 819/1611/404 814/30/404 816/1612/404 817/1613/404 818/1614/404
f 821/1615/405 824/1616/405 814/30/405
f 825/1617/406 815/1618/406 814/30/406 824/1619/406
f 827/1620/407 818/1621/407 817/1622/407 826/1623/407 828/1624/407
f 819/1625/408 822/1626/408 823/1627/408 820/1628/408 821/1629/408 814/30/408
f 830/1630/409 813/51/409 831/1631/409
f 835/1632/410 813/22/410 834/1633/410
f 832/1634/411 833/1635/411 813/22/411 830/1636/411 827/1637/411 828/1638/411 829/1639/411
f 844/1640/412 845/1641/412 843/1642/412 842/1643/412
f 813/30/413 835/1644/413 831/1645/413
f 846/1646/414 836/1647/414 813/30/414 833/1648/414
f 826/1649/415 812/51/415 829/1650/415 828/1651/415
f 832/1652/416 829/1653/416 812/51/416 838/1654/416 836/1655/416 846/1656/416
f 832/1657/417 846/1658/417 833/1659/417
f 812/22/418 826/1660/418 817/1661/418 816/1662/418 815/1663/418 825/1664/418 840/1665/418 839/1666/418
f 837/1667/419 812/30/419 839/1668/419
f 812/30/420 837/1669/420 838/1670/420
f 823/1671/421 822/1672/421 845/1673/421 844/1674/421
f 842/1675/422 841/1676/422 820/1677/422 823/1678/422 844/1679/422
f 819/1680/423 818/1681/423 827/1682/423 830/1683/423 831/1684/423 835/1685/423 834/1686/423 843/1687/423 845/1688/423 822/1689/423
f 821/1690/424 820/1691/424 841/1692/424 840/1693/424 825/1694/424 824/1695/424
f 839/1696/425 840/1697/425 841/1698/425 842/1699/425 843/1700/425 834/1701/425 813/51/425 836/1702/425 838/1703/425 837/1704/425
f 868/1705/426 851/1706/426 850/1707/426 867/1708/426
f 867/1709/427 850/1710/427 854/1711/427 855/1712/427 856/1713/427 869/1714/427
f 870/1715/428 861/1716/428 849/22/428 871/1717/428
f 871/1718/429 849/51/429 872/1719/429
f 849/51/430 873/1720/430 872/1721/430
f 866/1722/431 874/1723/431 873/1724/431 849/51/431
f 866/1725/432 849/51/432 861/1726/432 858/1727/432 859/1728/432
f 868/1729/433 875/1730/433 851/1731/433
f 851/1732/434 875/1733/434 876/1734/434 854/1735/434 850/1736/434
f 866/1737/435 859/1738/435 855/1739/435 854/1740/435 876/1741/435 874/1742/435
f 858/1743/436 861/1744/436 870/1745/436 869/1746/436 856/1747/436
f 848/1748/437 847/1749/437 853/1750/437 852/1751/437 857/1752/437 860/1753/437 862/1754/437 863/1755/437 864/1756/437 865/1757/437
f 856/1758/438 855/1759/438 859/1760/438 858/1761/438
f 891/1762/439 890/1763/439 882/1764/439 878/22/439
f 878/51/440 892/1765/440 891/1766/440
f 878/51/441 893/1767/441 892/1768/441
f 885/1769/442 878/22/442 882/1770/442 886/1771/442
f 887/1772/443 878/30/443 885/1773/443
f 894/1774/444 893/1775/444 878/30/444 887/1776/444 888/1777/444
f 882/1778/445 890/1779/445 895/1780/445 886/1781/445
f 896/1782/446 894/1783/446 888/1784/446
f 877/1785/447 879/1786/447 880/1787/447 881/1788/447 883/1789/447 884/1790/447 889/1791/447
f 887/1792/448 885/1793/448 886/1794/448 895/1795/448 896/1796/448 888/1797/448
f 901/1798/449 898/22/449 900/1799/449
f 900/1800/450 898/51/450 904/1801/450 903/1802/450 902/1803/450
f 902/1804/451 903/1805/451 905/1806/451 906/1807/451 907/1808/451
f 899/1809/452 912/1810/452 911/1811/452
f 905/1812/453 908/1813/453 909/1814/453 897/22/453 906/1815/453
f 912/1816/454 899/1817/454 907/1818/454 906/1819/454 897/51/454 910/1820/454
f 903/1821/455 904/1822/455 908/1823/455 905/1824/455
f 897/22/456 909/1825/456 910/1826/456
f 907/1827/457 899/1828/457 911/1829/457 901/1830/457 900/1831/457 902/1832/457
f 898/51/458 901/1833/458 911/1834/458 912/1835/458 910/1836/458 909/1837/458 908/1838/458 904/1839/458
f 931/1840/459 932/1841/459 933/1842/459 917/1843/459
f 918/1844/460 934/1845/460 931/1846/460 917/1847/460
f 921/1848/461 935/1849/461 934/1850/461 918/1851/461
f 921/1852/462 922/1853/462 936/1854/462 935/1855/462
f 937/1856/463 936/1857/463 922/1858/463 924/1859/463
f 927/1860/464 938/1861/464 937/1862/464 924/1863/464
f 940/1864/465 938/1865/465 927/1866/465 941/1867/465 939/1868/465
f 922/1869/466 921/1870/466 918/1871/466 917/1872/466 933/1873/466 942/1874/466 941/1875/466 927/1876/466 924/1877/466
f 928/1878/467 929/1879/467 913/1880/467
f 928/1881/468 913/1882/468 914/1883/468 916/1884/468 930/1885/468
f 926/1886/469 930/1887/469 916/1888/469 915/1889/469 919/1890/469 920/1891/469 923/1892/469 925/1893/469
f 946/1894/470 947/1895/470 945/22/470
f 948/1896/471 946/1897/471 945/51/471
f 945/22/472 947/1898/472 949/1899/472
f 948/1900/473 945/30/473 950/1901/473 951/1902/473 952/1903/473
f 955/1904/474 954/1905/474 953/1906/474 952/1907/474 951/1908/474
f 956/1909/475 957/1910/475 958/1911/475
f 944/1912/476 943/1913/476 953/1914/476 954/1915/476
f 944/1916/477 954/1917/477 955/1918/477
f 949/1919/478 947/1920/478 946/1921/478 948/1922/478 952/1923/478 953/1924/478 943/1925/478 957/1926/478 956/1927/478
f 950/1928/479 958/1929/479 957/1930/479 943/1931/479 944/1932/479 955/1933/479 951/1934/479
f 956/1935/480 958/1936/480 950/1937/480 945/30/480 949/1938/480
f 964/1939/481 966/1940/481 965/1941/481
f 963/51/482 967/1942/482 968/1943/482 970/1944/482 969/1945/482
f 966/1946/483 964/1947/483 972/1948/483 963/22/483 969/1949/483 971/1950/483 973/1951/483
f 980/1952/484 988/1953/484 987/1954/484 977/1955/484
f 986/1956/485 976/1957/485 978/1958/485 977/1959/485 987/1960/485
f 982/1961/486 985/1962/486 963/22/486 972/1963/486
f 967/1964/487 963/30/487 985/1965/487
f 983/1966/488 984/1967/488 988/1968/488 980/1969/488
f 986/1970/489 991/1971/489 960/22/489 959/30/489 976/1972/489
f 960/51/490 991/1973/490 992/1974/490 965/1975/490 966/1976/490 973/1977/490
f 959/51/491 970/1978/491 968/1979/491
f 960/22/492 973/1980/492 971/1981/492
f 977/1982/493 978/1983/493 959/22/493 968/1984/493 967/1985/493 985/1986/493 982/1987/493 983/1988/493 980/1989/493
f 959/30/494 960/51/494 971/1990/494 969/1991/494 970/1992/494
f 976/1993/495 959/30/495 978/1994/495
f 972/1995/496 964/1996/496 965/1997/496 992/1998/496 989/1999/496
f 981/2000/497 961/2001/497 962/2002/497 974/2003/497 975/2004/497 979/2005/497 990/2006/497
f 984/2007/498 983/2008/498 982/2009/498 972/2010/498 989/2011/498
f 995/22/499 997/2012/499 996/2013/499
f 995/51/500 999/2014/500 998/2015/500 997/2016/500
f 997/2017/501 998/2018/501 1000/2019/501 1001/2020/501
f 1001/2021/502 1000/2022/502 1004/2023/502 1019/2024/502 1018/2025/502 1002/2026/502
f 1018/2027/503 1020/2028/503 1002/2029/503
f 1007/2030/504 1009/2031/504 1008/2032/504
f 1007/2033/505 1010/2034/505 1011/2035/505 1009/2036/505
f 999/2037/506 995/22/506 996/2038/506 1011/2039/506 1010/2040/506
f 1004/2041/507 1012/2042/507 1021/2043/507 1019/2044/507
f 1023/2045/508 1021/2046/508 1012/2047/508 1016/2048/508 1022/2049/508
f 1022/2050/509 1016/2051/509 1024/2052/509
f 1004/2053/510 1000/2054/510 998/2055/510 999/2056/510 1010/2057/510 1007/2058/510 1008/2059/510 1025/2060/510 1024/2061/510 1016/2062/510 1012/2063/510
f 1020/2064/511 1026/2065/511 1025/2066/511 1008/2067/511 1009/2068/511 1011/2069/511 996/2070/511 997/2071/511 1001/2072/511 1002/2073/511
f 1017/2074/512 994/2075/512 993/2076/512 1015/2077/512 1014/2078/512
f 993/2079/513 1006/2080/513 1003/2081/513 1005/2082/513 1013/2083/513 1015/2084/513
f 1044/2085/514 1035/2086/514 1045/2087/514 1046/2088/514 1043/2089/514
f 1035/2090/515 1037/2091/515 1047/2092/515 1045/2093/515
f 1037/2094/516 1039/2095/516 1048/2096/516 1047/2097/516
f 1049/2098/517 1048/2099/517 1039/2100/517 1042/2101/517 1041/2102/517
f 1050/2103/518 1049/2104/518 1041/2105/518
f 1035/2106/519 1044/2107/519 1051/2108/519 1042/2109/519 1039/2110/519 1037/2111/519
f 1042/2112/520 1051/2113/520 1052/2114/520 1050/2115/520 1041/2116/520
f 1032/2117/521 1031/2118/521 1027/2119/521 1030/2120/521 1028/2121/521
f 1027/2122/522 1031/2123/522 1034/2124/522
f 1030/2125/523 1027/2126/523 1034/2127/523 1033/2128/523 1036/2129/523 1038/2130/523 1040/2131/523 1029/2132/523
f 1061/2133/524 1053/51/524 1058/2134/524 1056/2135/524
f 1053/22/525 1061/2136/525 1062/2137/525
f 1057/2138/526 1058/2139/526 1053/30/526 1062/2140/526
f 1060/2141/527 1055/2142/527 1054/2143/527 1059/2144/527
f 1056/2145/528 1058/2146/528 1057/2147/528
f 1070/2148/529 1069/2149/529 1065/2150/529
f 1066/2151/530 1072/2152/530 1071/2153/530
f 1071/2154/531 1070/2155/531 1065/2156/531 1066/2157/531
f 1072/2158/532 1066/2159/532 1065/2160/532 1069/2161/532
f 1064/2162/533 1067/2163/533 1068/2164/533 1063/2165/533
f 1078/2166/534 1077/2167/534 1074/2168/534
f 1078/2169/535 1074/2170/535 1079/2171/535
f 1079/2172/536 1074/2173/536 1077/2174/536
f 1073/2175/537 1075/2176/537 1076/2177/537
f 1110/2178/538 1086/2179/538 1084/2180/538 1087/2181/538 1082/2182/538 1109/2183/538
f 1112/2184/539 1088/2185/539 1090/2186/539 1089/2187/539 1111/2188/539
f 1082/2189/540 1113/2190/540 1109/2191/540
f 1080/22/541 1095/2192/541 1094/2193/541 1088/2194/541 1112/2195/541 1114/2196/541
f 1099/2197/542 1098/2198/542 1095/2199/542 1080/51/542 1081/22/542 1097/2200/542
f 1081/51/543 1100/2201/543 1097/2202/543
f 1101/2203/544 1116/2204/544 1115/2205/544
f 1118/2206/545 1081/51/545 1117/2207/545
f 1117/2208/546 1081/51/546 1080/22/546 1114/2209/546
f 1100/2210/547 1081/51/547 1106/2211/547
f 1116/2212/548 1101/2213/548 1108/2214/548 1119/2215/548
f 1090/2216/549 1084/2217/549 1086/2218/549 1089/2219/549
f 1089/2220/550 1086/2221/550 1110/2222/550 1111/2223/550
f 1094/2224/551 1095/2225/551 1098/2226/551
f 1087/2227/552 1084/2228/552 1090/2229/552 1088/2230/552 1094/2231/552 1098/2232/552 1099/2233/552
f 1115/2234/553 1113/2235/553 1082/2236/553 1087/2237/553 1099/2238/553 1097/2239/553 1100/2240/553 1106/2241/553 1108/2242/553 1101/2243/553
f 1085/2244/554 1083/2245/554 1093/2246/554 1102/2247/554 1103/2248/554 1107/2249/554 1105/2250/554 1104/2251/554 1096/2252/554 1092/2253/554 1091/2254/554
f 1118/2255/555 1119/2256/555 1108/2257/555 1106/2258/555 1081/22/555
f 1140/2259/556 1121/22/556 1124/2260/556
f 1121/30/557 1120/51/557 1123/22/557
f 1128/2261/558 1121/30/558 1123/51/558 1127/2262/558
f 1120/22/559 1121/30/559 1140/2263/559 1141/2264/559
f 1123/22/560 1143/2265/560 1142/2266/560
f 1123/51/561 1120/22/561 1141/2267/561 1143/2268/561
f 1133/2269/562 1123/30/562 1142/2270/562 1144/2271/562
f 1123/30/563 1133/2272/563 1135/2273/563 1134/2274/563
f 1136/2275/564 1127/2276/564 1123/30/564 1134/2277/564 1137/2278/564
f 1135/2279/565 1133/2280/565 1144/2281/565 1145/2282/565 1136/2283/565 1137/2284/565
f 1134/2285/566 1135/2286/566 1137/2287/566
f 1131/2288/567 1129/2289/567 1126/2290/567 1138/2291/567 1139/2292/567 1122/2293/567 1132/2294/567 1130/2295/567
f 1127/2296/568 1136/2297/568 1145/2298/568 1125/2299/568 1128/2300/568
f 1121/30/569 1128/2301/569 1125/2302/569 1124/2303/569
f 1151/2304/570 1152/2305/570 1146/2306/570 1147/2307/570
f 1147/2308/571 1146/2309/571 1152/2310/571 1153/2311/571
f 1150/2312/572 1149/2313/572 1148/2314/572
f 1153/2315/573 1151/2316/573 1147/2317/573
f 1156/2318/574 1157/2319/574 1155/51/574
f 1159/2320/575 1155/22/575 1157/2321/575 1158/2322/575
f 1160/2323/576 1155/30/576 1168/2324/576 1169/2325/576
f 1155/30/577 1160/2326/577 1156/2327/577
f 1159/2328/578 1163/2329/578 1155/30/578
f 1166/2330/579 1171/2331/579 1170/2332/579 1155/30/579 1163/2333/579
f 1155/30/580 1170/2334/580 1168/2335/580
f 1166/2336/581 1172/2337/581 1171/2338/581
f 1172/2339/582 1166/2340/582 1163/2341/582 1159/2342/582 1158/2343/582 1173/2344/582
f 1154/2345/583 1162/2346/583 1161/2347/583 1164/2348/583 1165/2349/583 1167/2350/583
f 1160/2351/584 1169/2352/584 1173/2353/584 1158/2354/584 1157/2355/584 1156/2356/584
f 1180/2357/585 1187/2358/585 1186/2359/585
f 1188/2360/586 1187/2361/586 1180/2362/586 1185/2363/586 1182/2364/586 1184/2365/586
f 1182/2366/587 1174/2367/587 1175/2368/587 1184/2369/587
f 1184/2370/588 1175/2371/588 1176/2372/588 1189/2373/588 1188/2374/588
f 1174/2375/589 1182/2376/589 1185/2377/589
f 1176/2378/590 1190/2379/590 1189/2380/590
f 1190/2381/591 1176/2382/591 1175/2383/591 1174/2384/591 1185/2385/591 1180/2386/591 1186/2387/591
f 1183/2388/592 1177/2389/592 1178/2390/592 1179/2391/592 1181/2392/592
f 1194/22/593 1195/2393/593 1196/2394/593
f 1195/2395/594 1194/51/594 1193/22/594 1197/2396/594
f 1193/51/595 1198/2397/595 1197/2398/595
f 1213/2399/596 1212/2400/596 1199/2401/596 1200/2402/596
f 1212/2403/597 1214/2404/597 1194/22/597 1196/2405/597 1199/2406/597
f 1194/30/598 1214/2407/598 1215/2408/598
f 1216/2409/599 1193/22/599 1194/30/599 1215/2410/599
f 1198/2411/600 1193/30/600 1216/2412/600 1217/2413/600 1206/2414/600 1207/2415/600
f 1218/2416/601 1209/2417/601 1210/2418/601 1206/2419/601 1217/2420/601
f 1209/2421/602 1220/2422/602 1219/2423/602 1210/2424/602
f 1218/2425/603 1220/2426/603 1209/2427/603
f 1196/2428/604 1195/2429/604 1197/2430/604 1198/2431/604 1207/2432/604 1200/2433/604 1199/2434/604
f 1210/2435/605 1219/2436/605 1213/2437/605 1200/2438/605 1207/2439/605 1206/2440/605
f 1208/2441/606 1205/2442/606 1204/2443/606 1203/2444/606 1201/2445/606 1202/2446/606 1191/2447/606 1192/2448/606 1211/2449/606
f 1225/22/607 1229/2450/607 1228/2451/607 1230/2452/607
f 1229/2453/608 1225/51/608 1231/2454/608
f 1232/2455/609 1231/2456/609 1225/51/609 1222/22/609
f 1232/2457/610 1222/51/610 1233/2458/610
f 1233/2459/611 1222/51/611 1234/2460/611 1235/2461/611 1236/2462/611
f 1222/22/612 1237/2463/612 1234/2464/612
f 1222/51/613 1238/2465/613 1237/2466/613
f 1222/22/614 1239/2467/614 1240/2468/614 1242/2469/614 1241/2470/614
f 1239/2471/615 1222/51/615 1225/22/615 1230/2472/615
f 1227/22/616 1222/30/616 1241/2473/616 1243/2474/616
f 1222/30/617 1227/51/617 1244/2475/617 1245/2476/617
f 1222/30/618 1245/2477/618 1238/2478/618
f 1244/2479/619 1227/22/619 1246/2480/619
f 1243/2481/620 1246/2482/620 1227/51/620
f 1221/51/621 1242/2483/621 1240/2484/621
f 1246/2485/622 1243/2486/622 1241/2487/622 1242/2488/622 1221/51/622 1223/2489/622 1224/2490/622 1235/2491/622 1234/2492/622 1237/2493/622 1238/2494/622 1245/2495/622 1244/2496/622
f 1224/2497/623 1236/2498/623 1235/2499/623
f 1223/2500/624 1221/30/624 1226/2501/624
f 1224/2502/625 1223/2503/625 1226/2504/625 1228/2505/625 1229/2506/625 1231/2507/625 1232/2508/625 1233/2509/625 1236/2510/625
f 1226/2511/626 1221/22/626 1240/2512/626 1239/2513/626 1230/2514/626 1228/2515/626
f 1251/2516/627 1247/22/627 1252/2517/627 1250/2518/627
f 1252/2519/628 1247/51/628 1253/2520/628
f 1247/22/629 1251/2521/629 1260/2522/629 1261/2523/629
f 1256/2524/630 1247/30/630 1261/2525/630 1262/2526/630
f 1247/30/631 1256/2527/631 1259/2528/631 1258/2529/631
f 1263/2530/632 1260/2531/632 1251/2532/632 1250/2533/632
f 1258/2534/633 1259/2535/633 1264/2536/633 1263/2537/633 1250/2538/633 1252/2539/633 1253/2540/633
f 1262/2541/634 1264/2542/634 1259/2543/634 1256/2544/634
f 1248/2545/635 1249/2546/635 1257/2547/635 1255/2548/635 1254/2549/635
f 1247/30/636 1258/2550/636 1253/2551/636
f 1278/2552/637 1279/2553/637 1277/2554/637
f 1267/2555/638 1266/30/638 1277/2556/638 1279/2557/638
f 1268/2558/639 1265/22/639 1266/30/639 1267/2559/639
f 1265/51/640 1283/2560/640 1282/2561/640 1266/30/640
f 1266/30/641 1282/2562/641 1273/2563/641 1275/2564/641
f 1276/2565/642 1266/30/642 1275/2566/642
f 1277/2567/643 1266/30/643 1276/30/643 1274/2568/643 1278/2569/643
f 1268/2570/644 1284/2571/644 1283/2572/644 1265/22/644
f 1272/2573/645 1284/2574/645 1268/2575/645 1267/2576/645 1279/2577/645 1278/2578/645 1274/2579/645
f 1269/2580/646 1270/2581/646 1271/2582/646 1280/2583/646 1281/2584/646
f 1276/2585/647 1275/2586/647 1273/2587/647 1272/2588/647 1274/2589/647
f 1288/2590/648 1289/2591/648 1287/2592/648 1290/2593/648
f 1288/2594/649 1290/2595/649 1292/2596/649 1295/2597/649 1294/2598/649
f 1298/2599/650 1287/2600/650 1289/2601/650
f 1294/2602/651 1299/2603/651 1286/2604/651 1298/2605/651 1289/2606/651 1288/2607/651
f 1295/2608/652 1299/2609/652 1294/2610/652
f 1290/2611/653 1287/2612/653 1298/2613/653 1292/2614/653
f 1291/2615/654 1297/2616/654 1296/2617/654
f 1296/2618/655 1297/2616/655 1285/2619/655 1293/2620/655
f 1302/2621/656 1301/2622/656 1303/2623/656
f 1300/2624/657 1303/2625/657 1301/2626/657
f 1300/2627/658 1301/2628/658 1302/2629/658
f 1303/2630/659 1300/2631/659 1302/2632/659
f 1306/2633/660 1304/2634/660 1305/2635/660
f 1310/2636/661 1307/2637/661 1308/2638/661 1311/2639/661
f 1307/2640/662 1309/2641/662 1308/2642/662
f 1306/2643/663 1305/2644/663 1310/2645/663 1311/2646/663
f 1308/2647/664 1309/2648/664 1304/2649/664 1306/2650/664 1311/2651/664
f 1310/2652/665 1305/2653/665 1304/2654/665 1309/2655/665 1307/2656/665
f 1325/2657/666 1324/2658/666 1317/2659/666 1318/2660/666 1314/2661/666
f 1317/2662/667 1324/2663/667 1326/2664/667 1320/2665/667
f 1320/2666/668 1326/2667/668 1327/2668/668
f 1325/2669/669 1314/2670/669 1322/2671/669 1328/2672/669
f 1329/2673/670 1328/2674/670 1322/2675/670
f 1330/2676/671 1329/2677/671 1322/2678/671 1314/2679/671 1318/2680/671
f 1327/2681/672 1330/2682/672 1318/2683/672 1317/2684/672 1320/2685/672
f 1319/2686/673 1315/2687/673 1316/2688/673 1323/2689/673 1312/2690/673 1313/2691/673 1321/2692/673
f 1352/2693/674 1351/2694/674 1338/2695/674 1335/2696/674
f 1353/2697/675 1339/2698/675 1343/2699/675 1342/2700/675 1354/2701/675
f 1347/2702/676 1356/2703/676 1355/2704/676
f 1338/2705/677 1351/2706/677 1356/2707/677 1347/2708/677
f 1349/2709/678 1357/2710/678 1354/2711/678 1342/2712/678
f 1357/2713/679 1349/2714/679 1358/2715/679
f 1355/2716/680 1359/2717/680 1331/51/680 1340/51/680 1335/2718/680 1338/2719/680 1347/2720/680
f 1342/2721/681 1343/2722/681 1360/2723/681 1358/2724/681 1349/2725/681
f 1331/22/682 1359/2726/682 1361/2727/682
f 1331/30/683 1361/2728/683 1360/2729/683 1343/2730/683 1339/2731/683 1340/2732/683
f 1346/2733/684 1336/2734/684 1337/2735/684 1341/2736/684 1344/2737/684 1348/2738/684 1350/2739/684 1333/2740/684 1334/2741/684 1332/2742/684 1345/2743/684
f 1340/2744/685 1339/2745/685 1353/2746/685 1352/2747/685 1335/2748/685
f 1387/2749/686 1365/2750/686 1386/2751/686
f 1365/2752/687 1387/2753/687 1388/2754/687 1371/2755/687 1370/2756/687 1368/2757/687
f 1373/2758/688 1368/2759/688 1370/2760/688 1372/2761/688 1374/2762/688
f 1389/2763/689 1375/2764/689 1376/2765/689 1377/2766/689 1390/2767/689
f 1377/2768/690 1380/2769/690 1391/2770/690 1390/2771/690
f 1388/2772/691 1391/2773/691 1380/2774/691 1382/2775/691 1383/2776/691 1371/2777/691
f 1382/2778/692 1384/2779/692 1385/2780/692 1383/2781/692
f 1373/2782/693 1362/22/693 1392/2783/693 1386/2784/693 1365/2785/693 1368/2786/693
f 1389/2787/694 1392/2788/694 1362/51/694 1375/2789/694
f 1385/51/695 1363/51/695 1372/2790/695 1370/2791/695 1371/2792/695 1383/2793/695
f 1372/2794/696 1363/22/696 1374/2795/696
f 1374/2796/697 1363/51/697 1362/22/697 1373/2797/697
f 1375/2798/698 1362/30/698 1363/51/698 1376/2799/698
f 1377/2800/699 1376/2801/699 1363/51/699 1384/2802/699 1382/2803/699 1380/2804/699
f 1385/2805/700 1384/2806/700 1363/22/700
f 1369/2807/701 1367/2808/701 1366/2809/701 1364/2810/701 1378/2811/701 1379/2812/701 1381/2813/701
f 1398/2814/702 1397/2815/702 1402/2816/702 1403/2817/702 1400/2818/702
f 1397/2819/703 1398/2820/703 1401/2821/703
f 1404/2822/704 1402/2823/704 1397/2824/704 1401/2825/704 1405/2826/704
f 1403/2827/705 1406/2828/705 1400/2829/705
f 1400/2830/706 1406/2831/706 1405/2832/706 1401/2833/706 1398/2834/706
f 1395/2835/707 1393/2836/707 1399/2837/707 1396/2838/707 1394/2839/707
f 1411/2840/708 1412/2841/708 1413/2842/708
f 1416/2843/709 1414/2844/709 1417/2845/709 1415/2846/709
f 1414/2847/710 1409/2848/710 1407/2849/710 1418/2850/710 1417/2851/710
f 1418/2852/711 1407/2853/711 1408/2854/711
f 1413/2855/712 1412/2856/712 1409/2857/712 1414/2858/712 1416/2859/712
f 1415/2860/713 1410/2861/713 1411/2862/713 1413/2863/713 1416/2864/713
f 1418/2865/714 1408/2866/714 1410/2867/714 1415/2868/714 1417/2869/714
f 1412/2870/715 1411/2871/715 1410/2872/715 1408/2873/715 1407/2874/715 1409/2875/715
f 1441/2876/716 1440/2877/716 1422/2878/716 1423/2879/716
f 1428/2880/717 1425/2881/717 1446/2882/717 1427/2883/717
f 1427/2884/718 1446/2885/718 1447/2886/718
f 1422/2887/719 1440/2888/719 1442/2889/719 1430/2890/719
f 1443/2891/720 1432/2892/720 1430/2893/720 1442/2894/720
f 1432/2895/721 1443/2896/721 1444/2897/721 1434/2898/721
f 1434/2899/722 1444/2900/722 1445/2901/722 1438/2902/722 1437/2903/722 1439/2904/722
f 1446/2905/723 1425/2906/723 1438/2907/723 1445/2908/723
f 1439/2909/724 1420/2910/724 1419/2911/724 1423/2912/724 1422/2913/724 1430/2914/724 1432/2915/724 1434/2916/724
f 1419/2917/725 1420/2918/725 1437/2919/725 1438/2920/725 1425/2921/725 1428/2922/725
f 1447/2923/726 1441/2924/726 1423/2925/726 1419/2926/726 1428/2927/726 1427/2928/726
f 1437/2929/727 1420/2930/727 1439/2931/727
f 1431/2932/728 1421/2933/728 1424/2934/728 1429/2935/728 1426/2936/728 1436/2937/728 1435/2938/728 1433/2939/728
f 1465/2940/729 1464/2941/729 1449/2942/729 1463/2943/729
f 1449/2944/730 1464/2945/730 1466/2946/730 1453/2947/730
f 1467/2948/731 1455/2949/731 1456/2950/731 1468/2951/731
f 1461/2952/732 1458/2953/732 1469/2954/732 1470/2955/732
f 1461/2956/733 1470/2957/733 1471/2958/733
f 1471/2959/734 1465/2960/734 1463/2961/734 1461/2962/734
f 1456/2963/735 1453/2964/735 1466/2965/735 1468/2966/735
f 1448/2967/736 1455/2968/736 1467/2969/736 1469/2970/736 1458/2971/736
f 1448/2972/737 1458/2973/737 1461/2974/737 1463/2975/737
f 1455/2976/738 1448/2977/738 1463/2978/738 1449/2979/738 1453/2980/738 1456/2981/738
f 1459/2982/739 1454/2983/739 1457/2984/739 1452/2985/739 1450/2986/739 1451/2987/739 1462/2988/739 1460/2989/739
f 1478/2990/740 1491/2991/740 1490/2992/740 1476/2993/740 1481/2994/740 1480/2995/740
f 1491/2996/741 1478/2997/741 1482/2998/741 1492/2999/741
f 1485/3000/742 1493/3001/742 1492/3002/742 1482/3003/742 1484/3004/742
f 1488/3005/743 1494/3006/743 1493/3007/743 1485/3008/743
f 1476/3009/744 1489/3010/744 1481/3011/744
f 1489/3012/745 1472/3013/745 1473/3014/745 1480/3015/745 1481/3016/745
f 1482/3017/746 1478/3018/746 1480/3019/746 1473/3020/746 1484/3021/746
f 1472/3022/747 1489/3023/747 1476/3024/747 1490/3025/747 1495/3026/747 1474/3027/747
f 1488/3028/748 1474/3029/748 1495/3030/748 1494/3031/748
f 1485/3032/749 1484/3033/749 1473/3034/749 1472/3035/749 1474/3036/749 1488/3037/749
f 1475/3038/750 1477/3039/750 1479/3040/750 1483/3041/750 1486/3042/750 1487/3043/750
f 1513/3044/751 1514/3045/751 1502/3046/751 1501/3047/751 1500/3048/751
f 1506/3049/752 1508/3050/752 1517/3051/752 1511/3052/752
f 1517/3053/753 1518/3054/753 1511/3055/753
f 1500/3056/754 1498/3057/754 1499/3058/754 1497/3059/754 1507/3060/754 1506/3061/754 1511/3062/754 1518/3063/754 1513/3064/754
f 1509/3065/755 1499/3066/755 1498/3067/755 1501/3068/755 1502/3069/755
f 1498/3070/756 1500/3071/756 1501/3072/756
f 1497/3073/757 1499/3074/757 1509/3075/757 1510/3076/757
f 1507/3077/758 1497/3078/758 1510/3079/758
f 1496/3080/759 1512/3081/759 1516/3082/759 1515/3083/759 1504/3084/759 1503/3085/759
f 1509/3086/760 1502/3087/760 1514/3088/760 1505/3089/760 1508/3090/760 1506/3091/760 1507/3092/760 1510/3093/760
f 1523/3094/761 1522/3095/761 1524/3096/761 1553/3097/761 1552/3098/761
f 1523/3099/762 1552/3100/762 1554/3101/762 1527/3102/762
f 1530/3103/763 1527/3104/763 1554/3105/763 1555/3106/763
f 1531/3107/764 1530/3108/764 1555/3109/764 1556/3110/764 1533/3111/764
f 1533/3112/765 1556/3113/765 1557/3114/765 1535/3115/765 1534/3116/765
f 1535/3117/766 1557/3118/766 1558/3119/766 1537/3120/766 1540/3121/766 1539/3122/766
f 1537/3123/767 1558/3124/767 1559/3125/767 1541/3126/767
f 1559/3127/768 1560/3128/768 1544/3129/768 1545/3130/768 1541/3131/768
f 1560/3132/769 1561/3133/769 1547/3134/769 1544/3135/769
f 1561/3136/770 1562/3137/770 1549/3138/770 1547/3139/770
f 1551/3140/771 1550/3141/771 1549/3142/771 1562/3143/771 1553/3144/771 1524/3145/771
f 1519/3146/772 1521/3147/772 1520/3148/772 1551/3149/772 1524/3150/772 1522/3151/772
f 1534/3152/773 1531/3153/773 1533/3154/773
f 1545/3155/774 1544/3156/774 1547/3157/774 1549/3158/774 1550/3159/774
f 1537/3160/775 1520/3161/775 1521/3162/775 1540/3163/775
f 1545/3164/776 1550/3165/776 1551/3166/776 1520/3167/776 1537/3168/776 1541/3169/776
f 1540/3170/777 1521/3171/777 1519/3172/777 1539/3173/777
f 1519/3174/778 1522/3175/778 1523/3176/778 1527/3177/778 1530/3178/778 1531/3179/778 1534/3180/778 1535/3181/778 1539/3182/778
f 1542/3183/779 1538/3184/779 1536/3185/779 1532/3186/779 1529/3187/779 1528/3188/779 1525/3189/779 1526/3190/779 1548/3191/779 1546/3192/779 1543/3193/779
f 1573/3194/780 1574/3195/780 1566/3196/780 1565/3197/780
f 1566/3198/781 1574/3199/781 1575/3200/781
f 1565/3201/782 1564/3202/782 1578/3203/782 1573/3204/782
f 1571/3205/783 1578/3206/783 1564/3207/783 1572/3208/783
f 1563/3209/784 1577/3210/784 1576/3211/784 1569/3212/784 1568/3213/784 1567/3214/784
f 1572/3215/785 1564/3216/785 1565/3217/785 1566/3218/785 1575/3219/785 1570/3220/785
f 1571/3221/786 1572/3222/786 1570/3223/786
f 1584/3224/787 1587/3225/787 1588/3226/787 1583/3227/787
f 1586/3228/788 1584/3229/788 1583/3230/788
f 1581/3231/789 1589/3232/789 1590/3233/789
f 1581/3234/790 1590/3235/790 1587/3236/790 1584/3237/790 1586/3238/790
f 1579/3239/791 1585/3240/791 1582/3241/791 1580/3242/791
f 1588/3243/792 1589/3244/792 1581/3245/792 1586/3246/792 1583/3247/792
f 1594/3248/793 1601/3249/793 1600/3250/793 1593/3251/793
f 1599/3252/794 1602/3253/794 1601/3254/794 1594/3255/794 1597/3256/794
f 1597/3257/795 1604/3258/795 1603/3259/795 1599/3260/795
f 1599/3261/796 1603/3262/796 1602/3263/796
f 1604/3264/797 1597/3265/797 1593/3266/797 1600/3267/797
f 1591/3268/798 1592/3269/798 1595/3270/798 1596/3271/798 1598/3272/798
f 1593/3273/799 1597/3274/799 1594/3275/799
f 1608/3276/800 1607/3277/800 1614/3278/800 1613/3279/800 1610/3280/800
f 1614/3281/801 1607/3282/801 1615/3283/801
f 1610/3284/802 1605/3285/802 1608/3286/802
f 1613/3287/803 1616/3288/803 1605/3289/803 1610/3290/803
f 1612/3291/804 1606/3292/804 1609/3293/804 1611/3294/804
f 1608/3295/805 1605/3296/805 1616/3297/805 1615/3298/805 1607/3299/805
f 1641/3300/806 1640/3301/806 1642/3302/806
f 1638/3303/807 1639/3304/807 1647/3305/807 1645/3306/807 1646/3307/807 1644/3308/807 1643/3309/807
f 1651/3310/808 1650/3311/808 1620/3312/808 1621/3313/808
f 1620/3314/809 1650/3315/809 1652/3316/809 1618/22/809 1640/3317/809 1641/3318/809
f 1618/51/810 1624/3319/810 1625/3320/810 1626/3321/810 1642/3322/810 1640/3323/810
f 1627/3324/811 1624/3325/811 1618/51/811 1617/22/811
f 1627/3326/812 1617/51/812 1628/3327/812
f 1628/3328/813 1617/51/813 1629/3329/813
f 1645/3330/814 1647/3331/814 1653/3332/814
f 1636/3333/815 1653/3334/815 1647/3335/815 1639/3336/815
f 1618/22/816 1652/3337/816 1654/3338/816 1617/51/816
f 1637/3339/817 1634/3340/817 1655/3341/817
f 1645/3342/818 1653/3343/818 1651/3344/818 1621/3345/818 1646/3346/818
f 1626/3347/819 1643/3348/819 1644/3349/819
f 1643/3350/820 1626/3351/820 1625/3352/820 1635/3353/820 1638/3354/820
f 1646/3355/821 1621/3356/821 1620/3357/821 1641/3358/821 1642/3359/821 1626/3360/821 1644/3361/821
f 1625/3362/822 1624/3363/822 1627/3364/822 1628/3365/822 1629/3366/822 1633/3367/822 1635/3368/822
f 1632/3369/823 1631/3370/823 1623/3371/823 1619/3372/823 1622/3373/823 1630/3374/823 1648/3375/823 1649/3376/823
f 1629/3377/824 1617/22/824 1654/3378/824 1655/3379/824 1634/3380/824 1633/3381/824
f 1638/3382/825 1635/3383/825 1633/3384/825 1634/3385/825 1637/3386/825 1636/3387/825 1639/3388/825
f 1660/3389/826 1657/3390/826 1658/3391/826 1659/3392/826
f 1657/3393/827 1661/3394/827 1658/3395/827
f 1658/3396/828 1661/3397/828 1656/3398/828 1659/3399/828
f 1660/3400/829 1656/3401/829 1661/3402/829 1657/3403/829
f 1659/3404/830 1656/3405/830 1660/3406/830
f 1662/3407/831 1667/3408/831 1666/3409/831 1665/3410/831 1668/3411/831
f 1662/3412/832 1663/3413/832 1667/3414/832
f 1664/3415/833 1666/3416/833 1667/3417/833 1663/3418/833
f 1664/3419/834 1663/3420/834 1662/3421/834 1668/3422/834 1665/3423/834
f 1664/3424/835 1665/3425/835 1666/3426/835
f 1671/3427/836 1672/3428/836 1673/3429/836 1674/3430/836 1679/3431/836 1677/3432/836
f 1670/51/837 1672/3433/837 1671/3434/837
f 1678/3435/838 1670/22/838 1671/3436/838 1677/3437/838
f 1669/22/839 1670/30/839 1676/3438/839 1675/3439/839
f 1669/51/840 1674/3440/840 1673/3441/840 1670/30/840
f 1670/30/841 1673/3442/841 1672/3443/841
f 1675/3444/842 1679/3445/842 1674/3446/842 1669/51/842
f 1670/30/843 1678/3447/843 1676/3448/843
f 1677/3449/844 1679/3450/844 1675/3451/844 1676/3452/844 1678/3453/844
f 1684/3454/845 1683/3455/845 1682/3456/845 1685/3457/845 1681/3458/845 1680/3459/845
f 1689/3460/846 1690/3461/846 1686/3462/846 1687/3463/846 1688/3464/846
f 1691/3465/847 1692/3466/847 1687/3467/847 1686/3468/847 1694/3469/847 1693/3470/847
f 1693/3471/848 1694/3472/848 1696/3473/848 1697/3474/848 1695/3475/848
f 1683/3476/849 1684/3477/849 1698/3478/849
f 1699/3479/850 1695/3480/850 1697/3481/850
f 1697/3482/851 1696/3483/851 1690/3484/851 1689/3485/851 1682/3486/851 1683/3487/851 1698/3488/851 1699/3489/851
f 1694/3490/852 1686/3491/852 1690/3492/852 1696/3493/852
f 1685/3494/853 1682/3495/853 1689/3496/853 1688/3497/853
f 1692/3498/854 1691/3499/854 1680/3500/854 1681/3501/854
f 1698/3502/855 1684/3503/855 1680/3504/855 1691/3505/855 1693/3506/855 1695/3507/855 1699/3508/855
f 1692/3509/856 1681/3510/856 1685/3511/856 1688/3512/856 1687/3513/856
f 1703/3514/857 1704/3515/857 1705/3516/857 1706/3517/857 1702/3518/857
f 1707/3519/858 1709/3520/858 1708/3521/858
f 1720/3522/859 1710/3523/859 1707/3524/859 1708/3525/859 1712/3526/859 1713/3527/859 1714/3528/859 1721/3529/859
f 1718/3530/860 1716/3531/860 1717/3532/860
f 1716/3533/861 1718/3534/861 1719/3535/861 1714/3536/861 1713/3537/861
f 1717/3538/862 1700/3539/862 1706/3540/862 1705/3541/862 1719/3542/862 1718/3543/862
f 1704/3544/863 1722/3545/863 1721/3546/863 1714/3547/863 1719/3548/863 1705/3549/863
f 1710/3550/864 1720/3551/864 1722/3552/864 1704/3553/864 1703/3554/864
f 1713/3555/865 1712/3556/865 1700/3557/865 1717/3558/865 1716/3559/865
f 1709/3560/866 1702/3561/866 1706/3562/866 1700/3563/866 1712/3564/866 1708/3565/866
f 1701/3566/867 1711/3567/867 1715/3568/867
f 1703/3569/868 1702/3570/868 1709/3571/868 1707/3572/868 1710/3573/868
f 1723/22/869 1731/3574/869 1732/3575/869
f 1731/3576/870 1723/51/870 1733/3577/870
f 1733/3578/871 1723/51/871 1741/3579/871 1740/3580/871
f 1724/51/872 1736/3581/872 1737/3582/872
f 1723/51/873 1724/22/873 1737/3583/873 1742/3584/873 1741/3585/873
f 1736/3586/874 1724/22/874 1739/3587/874
f 1730/3588/875 1729/3589/875 1728/3590/875 1727/3591/875
f 1726/3592/876 1727/3593/876 1728/3594/876
f 1736/3595/877 1739/3596/877 1730/3597/877 1727/3598/877 1726/3599/877 1743/3600/877 1742/3601/877 1737/3602/877
f 1740/3603/878 1743/3604/878 1726/3605/878 1728/3606/878 1729/3607/878 1732/3608/878 1731/3609/878 1733/3610/878
f 1738/3611/879 1725/3612/879 1734/3613/879 1735/3614/879
f 1723/51/880 1732/3615/880 1729/3616/880 1730/3617/880 1739/3618/880 1724/51/880
f 1745/22/881 1744/30/881 1759/3619/881 1760/3620/881 1751/3621/881
f 1766/3622/882 1765/3623/882 1745/51/882 1751/3624/882 1750/3625/882
f 1766/3626/883 1750/3627/883 1761/3628/883
f 1762/3629/884 1755/3630/884 1767/3631/884
f 1755/3632/885 1756/3633/885 1744/22/885 1768/3634/885 1767/3635/885
f 1744/51/886 1769/3636/886 1768/3637/886
f 1744/22/887 1747/3638/887 1769/3639/887
f 1744/30/888 1756/3640/888 1759/3641/888
f 1759/3642/889 1756/3643/889 1755/3644/889 1762/3645/889 1761/3646/889 1760/3647/889
f 1750/3648/890 1751/3649/890 1760/3650/890 1761/3651/890
f 1764/3652/891 1763/3653/891 1753/3654/891 1757/3655/891 1758/3656/891
f 1752/3657/892 1754/3658/892 1753/3659/892 1763/3660/892 1748/3661/892 1749/3662/892
f 1744/51/893 1745/22/893 1765/3663/893 1746/3664/893 1747/3665/893
f 1778/3666/894 1775/3667/894 1771/51/894 1776/3668/894 1777/3669/894
f 1771/51/895 1779/3670/895 1776/3671/895
f 1788/3672/896 1789/3673/896 1787/3674/896
f 1792/3675/897 1785/3676/897 1779/3677/897 1771/30/897 1783/3678/897
f 1777/3679/898 1774/3680/898 1778/3681/898
f 1792/3682/899 1793/3683/899 1772/3684/899 1785/3685/899
f 1774/3686/900 1777/3687/900 1776/3688/900 1779/3689/900 1785/3690/900 1772/3691/900
f 1778/3692/901 1774/3693/901 1772/3694/901 1793/3695/901 1794/3696/901 1790/3697/901 1775/3698/901
f 1770/3699/902 1773/3700/902 1786/3701/902 1791/3702/902 1780/3703/902 1782/3704/902
f 1784/3705/903 1770/3706/903 1782/3707/903 1781/3708/903
f 1790/3709/904 1787/3710/904 1789/3711/904 1783/3712/904 1771/22/904 1775/3713/904
f 1815/3714/905 1817/3715/905 1797/30/905
f 1803/3716/906 1798/51/906 1797/22/906 1804/3717/906
f 1805/3718/907 1797/30/907 1817/3719/907 1816/3720/907 1818/3721/907
f 1809/3722/908 1806/3723/908 1808/3724/908 1810/3725/908
f 1815/3726/909 1797/22/909 1798/30/909 1812/3727/909 1814/3728/909
f 1802/3729/910 1811/3730/910 1813/3731/910 1812/3732/910 1798/22/910 1803/3733/910
f 1800/3734/911 1799/3735/911 1796/22/911 1818/3736/911 1816/3737/911 1801/3738/911
f 1818/3739/912 1796/22/912 1807/3740/912 1805/3741/912
f 1810/3742/913 1796/51/913 1799/3743/913 1809/3744/913
f 1807/3745/914 1796/51/914 1810/3746/914 1808/3747/914
f 1795/22/915 1800/3748/915 1801/3749/915
f 1814/3750/916 1795/22/916 1801/3751/916 1816/3752/916 1817/3753/916 1815/3754/916
f 1809/3755/917 1799/3756/917 1800/3757/917 1795/51/917 1802/3758/917 1803/3759/917 1804/3760/917 1806/3761/917
f 1814/3762/918 1812/3763/918 1813/3764/918 1795/22/918
f 1813/3765/919 1811/3766/919 1795/30/919
f 1795/30/920 1811/3767/920 1802/3768/920
f 1806/3769/921 1804/3770/921 1797/51/921 1805/3771/921 1807/3772/921 1808/3773/921
f 1830/3774/922 1831/3775/922 1821/3776/922 1822/3777/922
f 1826/3778/923 1829/3779/923 1828/3780/923 1819/22/923
f 1826/3781/924 1819/51/924 1827/3782/924
f 1822/3783/925 1827/3784/925 1819/51/925 1828/3785/925 1830/3786/925
f 1822/3787/926 1821/3788/926 1831/3789/926 1826/3790/926 1827/3791/926
f 1825/3792/927 1820/3793/927 1823/3794/927 1824/3795/927
f 1829/3796/928 1826/3797/928 1831/3798/928
f 1839/3799/929 1834/22/929 1837/3800/929 1838/3801/929
f 1837/3802/930 1834/51/930 1841/3803/930 1842/3804/930 1840/3805/930
f 1836/22/931 1843/3806/931 1844/3807/931
f 1853/3808/932 1845/3809/932 1843/3810/932 1836/51/932 1854/3811/932
f 1853/3812/933 1855/3813/933 1834/22/933 1839/3814/933 1845/3815/933
f 1858/3816/934 1851/3817/934 1857/3818/934
f 1858/3819/935 1854/3820/935 1836/22/935 1844/3821/935 1851/3822/935
f 1839/3823/936 1838/3824/936 1859/3825/936 1857/3826/936 1851/3827/936 1844/3828/936 1843/3829/936 1845/3830/936
f 1849/3831/937 1860/3832/937 1842/3833/937 1841/3834/937
f 1840/3835/938 1842/3836/938 1860/3837/938 1861/3838/938
f 1837/3839/939 1840/3840/939 1861/3841/939 1859/3842/939 1838/3843/939
f 1832/3844/940 1835/3845/940 1833/3846/940 1856/3847/940 1848/3848/940 1846/3849/940 1847/3850/940 1852/3851/940 1850/3852/940
f 1849/3853/941 1841/3854/941 1834/30/941 1855/3855/941
f 1867/3856/942 1880/3857/942 1879/3858/942
f 1864/22/943 1870/3859/943 1881/3860/943 1882/3861/943
f 1867/3862/944 1870/3863/944 1864/51/944 1883/3864/944 1880/3865/944
f 1886/3866/945 1887/3867/945 1865/22/945 1889/3868/945 1888/3869/945
f 1865/51/946 1864/22/946 1882/3870/946 1889/3871/946
f 1864/30/947 1865/51/947 1887/3872/947 1873/3873/947
f 1870/3874/948 1867/3875/948 1879/3876/948 1890/3877/948 1881/3878/948
f 1878/3879/949 1871/3880/949 1869/3881/949 1863/3882/949 1862/3883/949 1875/3884/949 1876/3885/949
f 1862/3883/950 1885/3886/950 1884/3887/950 1877/3888/950 1875/3884/950
f 1872/3889/951 1885/3890/951 1862/3891/951 1863/3892/951 1866/3893/951 1868/3894/951
f 1874/3895/952 1883/3896/952 1864/51/952 1873/3897/952
f 1894/3898/953 1896/3899/953 1895/3900/953
f 1897/3901/954 1899/3902/954 1898/3903/954 1892/51/954
f 1892/22/955 1898/3904/955 1900/3905/955
f 1897/3906/956 1892/51/956 1902/3907/956 1901/3908/956
f 1902/3909/957 1892/51/957 1903/3910/957
f 1905/3911/958 1906/3912/958 1904/3913/958
f 1906/3914/959 1905/3915/959 1903/3916/959 1892/22/959 1900/3917/959
f 1891/3918/960 1894/3919/960 1895/3920/960 1899/3921/960 1897/3922/960
f 1904/3923/961 1893/3924/961 1896/3925/961 1894/3926/961 1891/3927/961 1901/3928/961 1902/3929/961 1903/3930/961 1905/3931/961
f 1891/3932/962 1897/3933/962 1901/3934/962
f 1900/3935/963 1898/3936/963 1899/3937/963 1895/3938/963 1896/3939/963 1893/3940/963 1904/3941/963 1906/3942/963
f 1919/3943/964 1912/3944/964 1915/3945/964 1916/3946/964 1918/3947/964
f 1916/3948/965 1915/3949/965 1917/3950/965
f 1915/3951/966 1912/3952/966 1909/3953/966 1907/3954/966 1917/3955/966
f 1908/3956/967 1921/3957/967 1920/3958/967
f 1919/3959/968 1921/3960/968 1908/3961/968 1909/3962/968 1912/3963/968
f 1913/3964/969 1910/3965/969 1911/3966/969 1914/3967/969
f 1917/3968/970 1907/3969/970 1909/3970/970 1908/3971/970 1920/3972/970 1918/3973/970 1916/3974/970
f 1946/3975/971 1948/3976/971 1947/3977/971
f 1948/3978/972 1946/3979/972 1950/3980/972 1935/3981/972 1933/3982/972 1925/22/972 1934/3983/972 1949/3984/972
f 1938/3985/973 1934/3986/973 1925/51/973
f 1943/3987/974 1926/22/974 1925/30/974 1940/3988/974
f 1925/30/975 1926/51/975 1944/3989/975 1945/3990/975
f 1945/3991/976 1938/3992/976 1925/30/976
f 1933/3993/977 1935/3994/977 1942/3995/977
f 1942/3996/978 1935/3997/978 1950/3998/978 1952/3999/978
f 1927/4000/979 1954/4001/979 1953/4002/979 1955/4003/979
f 1927/4004/980 1956/4005/980 1954/4006/980
f 1936/4007/981 1929/4008/981 1923/4009/981 1931/4010/981 1932/4011/981
f 1923/4012/982 1924/4013/982 1928/4014/982 1951/4015/982 1941/4016/982 1937/4017/982 1930/4018/982 1931/4019/982
f 1940/4020/983 1939/4021/983 1956/4022/983 1927/4023/983 1955/4024/983 1949/4025/983 1934/4026/983 1938/4027/983 1945/4028/983 1944/4029/983 1926/4030/983 1943/4031/983
f 1952/4032/984 1939/4033/984 1940/4034/984 1925/22/984 1933/4035/984 1942/4036/984
f 1958/4037/985 1961/4038/985 1959/4039/985 1960/4040/985
f 1957/22/986 1962/4041/986 1958/4042/986 1960/4043/986 1967/4044/986
f 1957/51/987 1963/4045/987 1962/4046/987
f 1959/4047/988 1961/4048/988 1964/4049/988 1974/4050/988 1973/4051/988
f 1963/22/989 1957/30/989 1969/4052/989 1968/4053/989
f 1975/4054/990 1969/4055/990 1957/30/990 1967/4056/990 1977/4057/990 1976/4058/990
f 1964/4059/991 1961/4060/991 1958/4061/991 1962/4062/991 1963/4063/991 1968/4064/991
f 1975/4065/992 1974/4066/992 1964/4067/992 1968/4068/992 1969/4069/992
f 1965/4070/993 1966/4071/993 1970/4072/993 1971/4073/993 1972/4074/993
f 1967/4075/994 1960/4076/994 1959/4077/994 1973/4078/994 1977/4079/994
f 1983/4080/995 1982/22/995 1984/4081/995
f 1984/4082/996 1982/51/996 1985/4083/996 1986/4084/996
f 1987/51/997 1982/22/997 1983/4085/997
f 1988/4086/998 1982/30/998 1987/51/998 1989/4087/998
f 1990/4088/999 1985/4089/999 1982/30/999 1988/4090/999
f 1995/4091/1000 1996/4092/1000 1991/4093/1000 1987/4094/1000 1992/4095/1000
f 1989/4096/1001 1987/30/1001 1991/4097/1001
f 1998/4098/1002 1978/4099/1002 1997/4100/1002
f 1997/4101/1003 1978/4102/1003 1985/4103/1003 1990/4104/1003 1999/4105/1003
f 1987/4106/1004 1983/4107/1004 1984/4108/1004 1986/4109/1004 1992/4110/1004
f 1985/4111/1005 1978/4112/1005 1998/4113/1005 1995/4114/1005 1992/4115/1005 1986/4116/1005
f 1993/4117/1006 1980/4118/1006 1979/4119/1006 1981/4120/1006 1994/4121/1006
f 1996/4122/1007 1999/4123/1007 1990/4124/1007 1988/4125/1007 1989/4126/1007 1991/4127/1007
f 2005/4128/1008 2018/4129/1008 2017/4130/1008
f 2007/4131/1009 2006/4132/1009 2013/22/1009
f 2007/4133/1010 2013/4134/1010 2010/4135/1010 2008/4136/1010 2009/4137/1010
f 2019/4138/1011 2018/4139/1011 2005/4140/1011 2009/4141/1011 2008/4142/1011 2020/4143/1011
f 2014/4144/1012 2024/4145/1012 2023/4146/1012 2010/4147/1012 2013/4148/1012
f 2010/4149/1013 2023/4150/1013 2025/4151/1013 2020/4152/1013 2008/4153/1013
f 2024/4154/1014 2014/4155/1014 2015/4156/1014
f 2001/4157/1015 2000/4158/1015 2002/4159/1015 2021/4160/1015 2022/4161/1015 2003/4162/1015 2004/4163/1015 2011/4164/1015
f 2001/4165/1016 2011/4166/1016 2012/4167/1016
f 2006/4168/1017 2007/4169/1017 2009/4170/1017 2005/4171/1017 2017/4172/1017 2016/4173/1017
f 2015/4174/1018 2014/4175/1018 2013/51/1018 2006/4176/1018 2016/4177/1018
f 2030/4178/1019 2029/4179/1019 2031/4180/1019
f 2028/22/1020 2032/4181/1020 2030/4182/1020 2031/4183/1020 2033/4184/1020
f 2045/4185/1021 2044/4186/1021 2028/22/1021 2033/4187/1021
f 2028/30/1022 2044/4188/1022 2046/4189/1022
f 2047/4190/1023 2043/4191/1023 2028/30/1023 2046/4192/1023 2048/4193/1023
f 2047/4194/1024 2048/4195/1024 2049/4196/1024
f 2033/4197/1025 2031/4198/1025 2029/4199/1025 2051/4200/1025 2050/4201/1025 2045/4202/1025
f 2026/4203/1026 2041/4204/1026 2039/4205/1026 2038/4206/1026 2036/4207/1026 2037/4208/1026
f 2041/4209/1027 2026/4203/1027 2027/4210/1027 2034/4211/1027 2035/4212/1027 2040/4213/1027
f 2032/4214/1028 2042/4215/1028 2051/4216/1028 2029/4217/1028 2030/4218/1028
f 2028/51/1029 2043/4219/1029 2042/4220/1029 2032/4221/1029
f 2054/4222/1030 2055/4223/1030 2053/4224/1030
f 2061/4225/1031 2059/4226/1031 2058/4227/1031 2060/4228/1031
f 2061/4229/1032 2060/4230/1032 2062/4231/1032
f 2060/4232/1033 2058/4233/1033 2057/4234/1033 2052/4235/1033 2062/4236/1033
f 2059/4237/1034 2061/4238/1034 2062/4239/1034 2052/4240/1034 2053/4241/1034 2055/4242/1034
f 2054/4243/1035 2053/4244/1035 2052/4245/1035 2057/4246/1035 2056/4247/1035
f 2058/4248/1036 2059/4249/1036 2055/4250/1036 2054/4251/1036 2056/4252/1036 2057/4253/1036
f 2066/4254/1037 2095/4255/1037 2094/4256/1037
f 2070/4257/1038 2067/4258/1038 2068/4259/1038 2096/4260/1038 2095/4261/1038 2066/4262/1038
f 2068/4263/1039 2071/4264/1039 2063/22/1039 2097/4265/1039 2096/4266/1039
f 2098/4267/1040 2097/4268/1040 2063/51/1040 2073/4269/1040 2074/4270/1040
f 2073/4271/1041 2063/51/1041 2077/22/1041 2076/4272/1041
f 2078/4273/1042 2100/4274/1042 2099/4275/1042
f 2082/4276/1043 2067/4277/1043 2070/4278/1043 2081/4279/1043
f 2083/4280/1044 2063/22/1044 2071/4281/1044 2084/4282/1044
f 2085/4283/1045 2082/4284/1045 2081/4285/1045 2087/4286/1045 2086/4287/1045
f 2063/30/1046 2083/4288/1046 2077/22/1046
f 2091/4289/1047 2088/4290/1047 2089/4291/1047 2090/4292/1047
f 2100/4293/1048 2078/4294/1048 2093/4295/1048 2090/4296/1048 2089/4297/1048 2101/4298/1048
f 2086/4299/1049 2087/4300/1049 2088/4301/1049 2091/4302/1049
f 2093/4303/1050 2074/4304/1050 2073/4305/1050 2076/4306/1050 2077/4307/1050 2083/4308/1050 2084/4309/1050 2085/4310/1050 2086/4311/1050 2091/4312/1050 2090/4313/1050
f 2098/4314/1051 2074/4315/1051 2093/4316/1051 2078/4317/1051 2099/4318/1051
f 2089/4319/1052 2088/4320/1052 2087/4321/1052 2081/4322/1052 2070/4323/1052 2066/4324/1052 2094/4325/1052 2101/4326/1052
f 2064/4327/1053 2065/4328/1053 2069/4329/1053 2072/4330/1053 2075/4331/1053 2079/4332/1053 2080/4333/1053 2092/4334/1053
f 2068/4335/1054 2067/4336/1054 2082/4337/1054 2085/4338/1054 2084/4339/1054 2071/4340/1054
f 2115/4341/1055 2105/4342/1055 2104/4343/1055 2106/4344/1055 2114/4345/1055
f 2104/4346/1056 2105/4347/1056 2110/4348/1056 2109/4349/1056
f 2112/4350/1057 2111/4351/1057 2113/4352/1057
f 2113/4353/1058 2109/4354/1058 2110/4355/1058 2112/4356/1058
f 2104/4357/1059 2109/4358/1059 2113/4359/1059 2111/4360/1059 2116/4361/1059 2117/4362/1059 2106/4363/1059
f 2114/4364/1060 2106/4365/1060 2117/4366/1060
f 2112/4367/1061 2110/4368/1061 2105/4369/1061 2115/4370/1061 2116/4371/1061 2111/4372/1061
f 2107/4373/1062 2103/4374/1062 2102/4375/1062 2108/4376/1062
f 2127/22/1063 2134/4377/1063 2133/4378/1063 2120/4379/1063
f 2118/22/1064 2135/4380/1064 2134/4381/1064 2127/51/1064
f 2137/4382/1065 2138/4383/1065 2135/4384/1065 2118/51/1065 2136/4385/1065
f 2137/4386/1066 2139/4387/1066 2138/4388/1066
f 2127/4389/1067 2128/4390/1067 2118/22/1067
f 2129/4391/1068 2118/30/1068 2128/4392/1068
f 2140/4393/1069 2136/4394/1069 2118/30/1069 2129/4395/1069 2132/4396/1069 2141/4397/1069
f 2127/4398/1070 2120/4399/1070 2132/4400/1070 2129/4401/1070 2128/4402/1070
f 2120/4403/1071 2133/4404/1071 2141/4405/1071 2132/4406/1071
f 2119/4407/1072 2121/4408/1072 2122/4409/1072 2123/4410/1072 2126/4411/1072 2130/4412/1072 2131/4413/1072
f 2130/4412/1073 2126/4411/1073 2125/4414/1073 2124/4415/1073
f 2159/4416/1074 2149/4417/1074 2158/4418/1074
f 2146/22/1075 2151/4419/1075 2149/4420/1075 2159/4421/1075 2160/4422/1075
f 2152/4423/1076 2151/4424/1076 2146/51/1076 2145/22/1076
f 2147/4425/1077 2153/4426/1077 2152/4427/1077 2145/51/1077
f 2145/30/1078 2146/51/1078 2160/4428/1078
f 2163/4429/1079 2153/4430/1079 2147/4431/1079 2145/4432/1079 2157/4433/1079 2164/4434/1079
f 2165/4435/1080 2164/4436/1080 2157/4437/1080 2156/4438/1080
f 2161/4439/1081 2144/4440/1081 2162/4441/1081
f 2154/4442/1082 2150/4443/1082 2148/4444/1082 2142/4445/1082 2143/4446/1082 2144/4440/1082 2161/4447/1082
f 2149/4448/1083 2151/4449/1083 2152/4450/1083 2153/4451/1083 2163/4452/1083 2158/4453/1083
f 2145/30/1084 2160/4454/1084 2155/4455/1084 2156/4456/1084 2157/4457/1084
f 2177/4458/1085 2174/4459/1085 2175/4460/1085 2178/4461/1085 2176/4462/1085
f 2203/4463/1086 2174/4464/1086 2177/4465/1086 2204/4466/1086
f 2182/4467/1087 2181/4468/1087 2184/4469/1087 2183/4470/1087
f 2184/4471/1088 2181/4472/1088 2185/4473/1088 2169/22/1088 2188/4474/1088 2187/4475/1088 2186/4476/1088
f 2169/51/1089 2167/22/1089 2189/4477/1089 2188/4478/1089
f 2167/51/1090 2168/22/1090 2190/4479/1090 2189/4480/1090
f 2176/4481/1091 2178/4482/1091 2191/4483/1091 2190/4484/1091 2168/51/1091 2192/4485/1091
f 2194/4486/1092 2192/4487/1092 2168/51/1092 2193/4488/1092
f 2197/4489/1093 2196/4490/1093 2195/4491/1093
f 2200/4492/1094 2168/22/1094 2198/4493/1094 2195/4494/1094 2196/4495/1094 2199/4496/1094
f 2167/22/1095 2201/4497/1095 2198/4498/1095 2168/51/1095
f 2201/4499/1096 2167/51/1096 2169/22/1096 2185/4500/1096
f 2168/30/1097 2202/4501/1097 2193/4502/1097
f 2168/30/1098 2200/4503/1098 2202/4504/1098
f 2199/4505/1099 2194/4506/1099 2193/4507/1099 2202/4508/1099 2200/4509/1099
f 2172/4510/1100 2206/4511/1100 2205/4512/1100 2170/4513/1100
f 2196/4514/1101 2197/4515/1101 2170/4516/1101 2205/4517/1101 2204/4518/1101 2177/4519/1101 2176/4520/1101 2192/4521/1101 2194/4522/1101 2199/4523/1101
f 2191/4524/1102 2187/4525/1102 2188/4526/1102 2189/4527/1102 2190/4528/1102
f 2207/4529/1103 2206/4530/1103 2172/4531/1103 2182/4532/1103 2183/4533/1103
f 2191/4534/1104 2178/4535/1104 2175/4536/1104 2186/4537/1104 2187/4538/1104
f 2186/4539/1105 2175/4540/1105 2174/4541/1105 2203/4542/1105 2207/4543/1105 2183/4544/1105 2184/4545/1105
f 2180/4546/1106 2171/4547/1106 2173/4548/1106 2166/4549/1106 2179/4550/1106
f 2185/4551/1107 2181/4552/1107 2182/4553/1107 2172/4554/1107 2170/4555/1107 2197/4556/1107 2195/4557/1107 2198/4558/1107 2201/4559/1107
f 2213/22/1108 2217/4560/1108 2216/4561/1108
f 2217/4562/1109 2213/51/1109 2215/22/1109 2218/4563/1109
f 2219/4564/1110 2218/4565/1110 2215/51/1110 2214/22/1110 2220/4566/1110
f 2221/4567/1111 2220/4568/1111 2214/51/1111 2234/4569/1111 2222/4570/1111
f 2223/4571/1112 2221/4572/1112 2222/4573/1112 2225/4574/1112 2224/4575/1112
f 2230/4576/1113 2228/4577/1113 2229/4578/1113 2226/4579/1113 2227/4580/1113
f 2213/30/1114 2210/51/1114 2211/22/1114
f 2211/51/1115 2214/22/1115 2213/30/1115
f 2213/30/1116 2214/51/1116 2215/22/1116
f 2234/4581/1117 2210/22/1117 2213/30/1117 2232/4582/1117
f 2211/51/1118 2210/22/1118 2214/30/1118
f 2214/30/1119 2210/51/1119 2234/4583/1119
f 2228/4584/1120 2230/4585/1120 2235/4586/1120 2236/4587/1120
f 2224/4588/1121 2208/4589/1121 2223/4590/1121
f 2225/4591/1122 2209/4592/1122 2208/4593/1122 2224/4594/1122
f 2233/4595/1123 2212/4596/1123 2209/4597/1123 2225/4598/1123 2222/4599/1123 2234/4600/1123 2232/4601/1123
f 2229/4602/1124 2228/4603/1124 2236/4604/1124 2212/4605/1124 2233/4606/1124
f 2223/4607/1125 2208/4608/1125 2209/4609/1125 2212/4610/1125 2236/4611/1125 2235/4612/1125 2219/4613/1125 2220/4614/1125 2221/4615/1125
f 2230/4616/1126 2227/4617/1126 2231/4618/1126 2216/4619/1126 2217/4620/1126 2218/4621/1126 2219/4622/1126 2235/4623/1126
f 2226/4624/1127 2231/4625/1127 2227/4626/1127
f 2229/4627/1128 2233/4628/1128 2232/4629/1128 2213/22/1128 2216/4630/1128 2231/4631/1128 2226/4632/1128
f 2244/4633/1129 2239/51/1129 2243/4634/1129 2245/4635/1129
f 2237/51/1130 2247/4636/1130 2239/30/1130
f 2247/4637/1131 2243/4638/1131 2239/30/1131
f 2237/22/1132 2239/30/1132 2241/51/1132
f 2251/4639/1133 2249/4640/1133 2250/4641/1133
f 2253/4642/1134 2252/4643/1134 2241/22/1134 2248/4644/1134
f 2247/4645/1135 2237/30/1135 2254/4646/1135
f 2241/51/1136 2252/4647/1136 2255/4648/1136 2237/30/1136
f 2249/4649/1137 2254/4650/1137 2237/30/1137 2255/4651/1137 2256/4652/1137 2250/4653/1137
f 2246/4654/1138 2244/4655/1138 2245/4656/1138 2238/4657/1138
f 2246/4658/1139 2238/4659/1139 2240/4660/1139 2253/4661/1139 2248/4662/1139
f 2252/4663/1140 2253/4664/1140 2240/4665/1140 2242/4666/1140 2256/4667/1140 2255/4668/1140
f 2256/4669/1141 2242/4670/1141 2251/4671/1141 2250/4672/1141
f 2238/4673/1142 2245/4674/1142 2243/4675/1142 2247/4676/1142 2254/4677/1142 2249/4678/1142 2251/4679/1142 2242/4680/1142 2240/4681/1142
f 2248/4682/1143 2241/22/1143 2239/22/1143 2244/4683/1143 2246/4684/1143
f 2262/4685/1144 2263/4686/1144 2259/22/1144 2264/4687/1144
f 2264/4688/1145 2259/51/1145 2261/22/1145 2265/4689/1145
f 2265/4690/1146 2261/51/1146 2266/4691/1146 2267/4692/1146
f 2271/4693/1147 2259/22/1147 2263/4694/1147
f 2268/4695/1148 2261/22/1148 2269/4696/1148
f 2269/4697/1149 2261/51/1149 2270/4698/1149
f 2258/51/1150 2261/22/1150 2259/30/1150
f 2271/4699/1151 2258/22/1151 2259/30/1151
f 2272/4700/1152 2266/4701/1152 2261/30/1152 2268/4702/1152
f 2260/22/1153 2261/30/1153 2258/51/1153
f 2260/51/1154 2273/4703/1154 2270/4704/1154 2261/30/1154
f 2258/22/1155 2271/4705/1155 2273/4706/1155 2260/51/1155
f 2257/4707/1156 2267/4708/1156 2266/4709/1156 2272/4710/1156
f 2267/4711/1157 2257/4712/1157 2262/4713/1157 2264/4714/1157 2265/4715/1157
f 2271/4716/1158 2263/4717/1158 2262/4718/1158 2257/4719/1158 2272/4720/1158 2268/4721/1158 2269/4722/1158 2270/4723/1158 2273/4724/1158
f 2279/4725/1159 2280/4726/1159 2277/22/1159 2281/4727/1159
f 2281/4728/1160 2277/51/1160 2282/4729/1160 2278/4730/1160
f 2277/51/1161 2276/22/1161 2283/4731/1161 2282/4732/1161
f 2276/22/1162 2284/4733/1162 2285/4734/1162
f 2284/4735/1163 2276/51/1163 2277/22/1163 2280/4736/1163
f 2276/30/1164 2290/4737/1164 2283/4738/1164
f 2290/4739/1165 2276/30/1165 2288/4740/1165 2291/4741/1165
f 2278/4742/1166 2275/4743/1166 2279/4744/1166 2281/4745/1166
f 2291/4746/1167 2274/22/1167 2275/4747/1167 2278/4748/1167 2282/4749/1167 2283/4750/1167 2290/4751/1167
f 2274/51/1168 2286/4752/1168 2289/4753/1168
f 2287/4754/1169 2274/22/1169 2291/4755/1169 2288/4756/1169
f 2274/30/1170 2287/4757/1170 2286/4758/1170
f 2284/4759/1171 2280/4760/1171 2279/4761/1171 2275/4762/1171 2274/51/1171 2289/4763/1171 2285/4764/1171
f 2276/51/1172 2285/4765/1172 2289/4766/1172 2286/4767/1172 2287/4768/1172 2288/4769/1172
f 2299/4770/1173 2297/4771/1173 2294/22/1173 2298/4772/1173
f 2300/4773/1174 2298/4774/1174 2294/51/1174 2301/4775/1174
f 2301/4776/1175 2294/51/1175 2303/4777/1175 2302/4778/1175
f 2306/4779/1176 2294/51/1176 2304/4780/1176 2307/4781/1176 2305/4782/1176
f 2294/22/1177 2306/4783/1177 2308/4784/1177 2311/4785/1177
f 2309/4786/1178 2295/22/1178 2310/4787/1178
f 2297/4788/1179 2310/4789/1179 2295/51/1179 2294/22/1179
f 2311/4790/1180 2296/22/1180 2294/30/1180
f 2296/51/1181 2303/4791/1181 2294/30/1181
f 2304/4792/1182 2294/30/1182 2295/51/1182 2312/4793/1182 2313/4794/1182
f 2296/51/1183 2311/4795/1183 2303/4796/1183
f 2295/51/1184 2309/4797/1184 2314/4798/1184 2312/4799/1184
f 2299/4800/1185 2292/4801/1185 2293/4802/1185 2314/4803/1185 2309/4804/1185 2310/4805/1185 2297/4806/1185
f 2307/4807/1186 2292/4808/1186 2299/4809/1186 2298/4810/1186 2300/4811/1186 2305/4812/1186
f 2306/4813/1187 2305/4814/1187 2300/4815/1187 2301/4816/1187 2302/4817/1187 2308/4818/1187
f 2311/4819/1188 2308/4820/1188 2302/4821/1188 2303/4822/1188
f 2313/4823/1189 2293/4824/1189 2292/4825/1189 2307/4826/1189 2304/4827/1189
f 2293/4828/1190 2313/4829/1190 2312/4830/1190 2314/4831/1190
f 2319/4832/1191 2321/4833/1191 2320/4834/1191 2322/4835/1191 2323/4836/1191
f 2326/4837/1192 2320/4838/1192 2321/4839/1192 2325/4840/1192 2324/4841/1192
f 2328/4842/1193 2326/4843/1193 2324/4844/1193 2327/4845/1193
f 2328/4846/1194 2327/4847/1194 2332/4848/1194 2331/4849/1194
f 2331/4850/1195 2333/4851/1195 2318/4852/1195 2316/4853/1195 2322/4854/1195 2320/4855/1195 2326/4856/1195 2328/4857/1195
f 2316/4858/1196 2323/4859/1196 2322/4860/1196
f 2323/4861/1197 2316/4862/1197 2318/4863/1197 2319/4864/1197
f 2325/4865/1198 2321/4866/1198 2319/4867/1198 2318/4868/1198 2333/4869/1198 2334/4870/1198
f 2334/4871/1199 2332/4872/1199 2327/4873/1199 2324/4874/1199 2325/4875/1199
f 2330/4876/1200 2315/4877/1200 2317/4878/1200 2329/4879/1200
f 2337/4880/1201 2336/30/1201 2338/4881/1201
f 2339/4882/1202 2340/4883/1202 2336/30/1202 2337/4884/1202 2341/4885/1202
f 2340/4886/1203 2342/4887/1203 2336/30/1203
f 2345/4888/1204 2338/4889/1204 2336/30/1204 2344/4890/1204
f 2343/4891/1205 2344/4892/1205 2336/30/1205 2342/4893/1205
f 2348/4894/1206 2346/4895/1206 2335/51/1206
f 2350/4896/1207 2335/22/1207 2352/4897/1207 2351/4898/1207 2349/4899/1207
f 2354/4900/1208 2352/4901/1208 2335/51/1208 2353/4902/1208
f 2353/4903/1209 2335/22/1209 2347/4904/1209 2355/4905/1209
f 2350/4906/1210 2348/4907/1210 2335/30/1210
f 2355/4908/1211 2347/4909/1211 2341/4910/1211 2337/4911/1211 2338/4912/1211 2345/4913/1211 2351/4914/1211 2352/4915/1211 2354/4916/1211
f 2344/4917/1212 2343/4918/1212 2349/4919/1212 2351/4920/1212 2345/4921/1212
f 2355/4922/1213 2354/4923/1213 2353/4924/1213
f 2339/4925/1214 2346/4926/1214 2348/4927/1214 2350/4928/1214 2349/4929/1214 2343/4930/1214 2342/4931/1214 2340/4932/1214
f 2335/22/1215 2346/4933/1215 2339/4934/1215 2341/4935/1215 2347/4936/1215
f 2360/4937/1216 2357/4938/1216 2358/4939/1216 2356/51/1216 2359/4940/1216
f 2357/4941/1217 2360/4942/1217 2361/4943/1217
f 2362/4944/1218 2356/22/1218 2358/4945/1218
f 2364/4946/1219 2356/30/1219 2362/4947/1219 2363/4948/1219
f 2359/4949/1220 2356/30/1220 2364/4950/1220
f 2363/4951/1221 2361/4952/1221 2360/4953/1221 2359/4954/1221 2364/4955/1221
f 2357/4956/1222 2361/4957/1222 2363/4958/1222 2362/4959/1222 2358/4960/1222
f 2374/4961/1223 2369/4962/1223 2375/4963/1223
f 2366/4964/1224 2376/4965/1224 2367/4966/1224
f 2365/4967/1225 2372/4968/1225 2373/4969/1225 2370/4970/1225 2371/4971/1225
f 2369/4972/1226 2367/4973/1226 2376/4974/1226 2375/4975/1226
f 2374/4976/1227 2368/4977/1227 2366/4978/1227 2367/4979/1227 2369/4980/1227
f 2383/4981/1228 2381/4982/1228 2382/4983/1228
f 2380/22/1229 2384/4984/1229 2385/4985/1229
f 2388/4986/1230 2384/4987/1230 2380/51/1230 2386/4988/1230 2387/4989/1230 2389/4990/1230
f 2382/4991/1231 2381/4992/1231 2389/4993/1231 2387/4994/1231 2390/4995/1231
f 2393/4996/1232 2391/4997/1232 2392/4998/1232
f 2393/4999/1233 2392/5000/1233 2386/5001/1233 2380/22/1233 2385/5002/1233
f 2383/5003/1234 2377/5004/1234 2388/5005/1234 2389/5006/1234 2381/5007/1234
f 2378/5008/1235 2379/5009/1235 2377/5010/1235 2383/5011/1235 2382/5012/1235 2390/5013/1235
f 2385/5014/1236 2384/5015/1236 2388/5016/1236 2377/5017/1236 2379/5018/1236 2391/5019/1236 2393/5020/1236
f 2378/5021/1237 2390/5022/1237 2387/5023/1237 2386/5024/1237 2392/5025/1237 2391/5026/1237 2379/5027/1237
f 2400/5028/1238 2397/51/1238 2422/5029/1238 2399/5030/1238
f 2422/5031/1239 2423/5032/1239 2399/5033/1239
f 2403/5034/1240 2397/22/1240 2400/5035/1240
f 2425/5036/1241 2424/5037/1241 2397/30/1241 2407/5038/1241 2405/5039/1241
f 2422/5040/1242 2397/30/1242 2424/5041/1242
f 2409/5042/1243 2410/5043/1243 2397/30/1243 2403/5044/1243 2408/5045/1243
f 2397/30/1244 2410/5046/1244 2407/5047/1244
f 2412/5048/1245 2411/5049/1245 2413/5050/1245
f 2417/5051/1246 2414/5052/1246 2416/5053/1246 2415/5054/1246
f 2409/5055/1247 2408/5056/1247 2417/5057/1247 2415/5058/1247
f 2419/5059/1248 2416/5060/1248 2414/5061/1248 2418/5062/1248 2398/22/1248 2420/5063/1248
f 2398/51/1249 2421/5064/1249 2420/5065/1249
f 2398/51/1250 2418/5066/1250 2412/5067/1250 2413/5068/1250 2421/5069/1250
f 2416/5070/1251 2419/5071/1251 2395/5072/1251 2405/5073/1251 2407/5074/1251 2410/5075/1251 2409/5076/1251 2415/5077/1251
f 2405/5078/1252 2395/5079/1252 2426/5080/1252 2425/5081/1252
f 2411/5082/1253 2427/5083/1253 2426/5084/1253 2395/5085/1253 2419/5086/1253 2420/5087/1253 2421/5088/1253 2413/5089/1253
f 2406/5090/1254 2396/5091/1254 2394/5092/1254 2402/5093/1254 2401/5094/1254 2404/5095/1254
f 2403/5096/1255 2400/5097/1255 2399/5098/1255 2423/5099/1255 2427/5100/1255 2411/5101/1255 2412/5102/1255 2418/5103/1255 2414/5104/1255 2417/5105/1255 2408/5106/1255
f 2433/5107/1256 2430/5108/1256 2435/5109/1256
f 2430/5110/1257 2428/5111/1257 2434/5112/1257 2435/5113/1257
f 2431/5114/1258 2429/5115/1258 2432/5116/1258
f 2433/5117/1259 2434/5118/1259 2428/5119/1259 2430/5120/1259
f 2455/5121/1260 2454/5122/1260 2440/5123/1260
f 2443/5124/1261 2440/5125/1261 2454/5126/1261 2456/5127/1261
f 2457/5128/1262 2438/22/1262 2458/5129/1262
f 2443/5130/1263 2456/5131/1263 2458/5132/1263 2438/51/1263 2446/5133/1263
f 2448/5134/1264 2446/5135/1264 2438/51/1264 2447/5136/1264
f 2459/5137/1265 2460/5138/1265 2450/5139/1265
f 2453/5140/1266 2447/5141/1266 2438/51/1266 2461/5142/1266 2459/5143/1266 2450/5144/1266
f 2461/5145/1267 2438/22/1267 2457/5146/1267
f 2453/5147/1268 2463/5148/1268 2462/5149/1268 2448/5150/1268 2447/5151/1268
f 2462/5152/1269 2455/5153/1269 2440/5154/1269 2443/5155/1269 2446/5156/1269 2448/5157/1269
f 2460/5158/1270 2463/5159/1270 2453/5160/1270 2450/5161/1270
f 2445/5162/1271 2442/5163/1271 2439/5164/1271 2441/5165/1271 2436/5166/1271 2437/5167/1271 2451/5168/1271 2449/5169/1271 2452/5170/1271 2444/5171/1271
f 2468/5172/1272 2469/5173/1272 2487/5174/1272 2488/5175/1272
f 2468/5176/1273 2488/5177/1273 2494/22/1273 2472/5178/1273
f 2494/51/1274 2467/22/1274 2473/5179/1274 2472/5180/1274
f 2474/5181/1275 2473/5182/1275 2467/51/1275
f 2487/5183/1276 2469/5184/1276 2476/5185/1276 2489/5186/1276
f 2479/5187/1277 2478/5188/1277 2491/5189/1277 2490/5190/1277
f 2491/5191/1278 2478/5192/1278 2481/5193/1278 2494/5194/1278
f 2481/5195/1279 2482/5196/1279 2467/22/1279 2494/30/1279
f 2474/5197/1280 2467/30/1280 2482/5198/1280 2484/5199/1280 2483/5200/1280
f 2485/5201/1281 2483/5202/1281 2484/5203/1281
f 2490/5204/1282 2492/5205/1282 2479/5206/1282
f 2492/5207/1283 2493/5208/1283 2465/5209/1283 2485/5210/1283 2484/5211/1283 2482/5212/1283 2481/5213/1283 2478/5214/1283 2479/5215/1283
f 2476/5216/1284 2465/5217/1284 2493/5218/1284 2489/5219/1284
f 2471/5220/1285 2470/5221/1285 2475/5222/1285 2464/5223/1285 2486/5224/1285 2477/5225/1285 2480/5226/1285 2466/5227/1285
f 2485/5228/1286 2465/5229/1286 2476/5230/1286 2469/5231/1286 2468/5232/1286 2472/5233/1286 2473/5234/1286 2474/5235/1286 2483/5236/1286
f 2520/5237/1287 2506/5238/1287 2522/5239/1287
f 2498/22/1288 2507/5240/1288 2506/5241/1288 2520/5242/1288 2521/5243/1288
f 2508/5244/1289 2507/5245/1289 2498/51/1289 2500/22/1289
f 2523/5246/1290 2524/5247/1290 2499/51/1290 2512/5248/1290 2511/5249/1290
f 2500/51/1291 2499/22/1291 2524/5250/1291
f 2514/5251/1292 2500/22/1292 2513/5252/1292
f 2513/5253/1293 2500/51/1293 2521/5254/1293 2525/5255/1293
f 2500/51/1294 2498/22/1294 2521/5256/1294
f 2500/30/1295 2514/5257/1295 2517/5258/1295
f 2519/5259/1296 2512/5260/1296 2500/30/1296 2517/5261/1296 2518/5262/1296
f 2512/5263/1297 2499/22/1297 2500/30/1297
f 2525/5264/1298 2526/5265/1298 2527/5266/1298 2518/5267/1298 2517/5268/1298 2514/5269/1298 2513/5270/1298
f 2518/5271/1299 2527/5272/1299 2528/5273/1299 2519/5274/1299
f 2511/5275/1300 2529/5276/1300 2523/5277/1300
f 2519/5278/1301 2528/5279/1301 2529/5280/1301 2511/5281/1301 2512/5282/1301
f 2508/5283/1302 2531/5284/1302 2530/5285/1302 2522/5286/1302 2506/5287/1302 2507/5288/1302
f 2501/5289/1303 2497/5290/1303 2496/5291/1303 2495/5292/1303 2503/5293/1303 2510/5294/1303 2509/5295/1303 2502/5296/1303
f 2516/5297/1304 2505/5298/1304 2504/5299/1304 2495/5300/1304 2496/5301/1304 2515/5302/1304
f 2508/5303/1305 2500/51/1305 2524/5304/1305 2531/5305/1305
f 2548/5306/1306 2542/5307/1306 2541/5308/1306 2533/5309/1306 2540/5310/1306 2545/5311/1306
f 2537/51/1307 2553/5312/1307 2552/5313/1307 2541/5314/1307 2542/5315/1307
f 2542/5316/1308 2548/5317/1308 2534/51/1308 2537/22/1308
f 2553/5318/1309 2537/30/1309 2536/51/1309
f 2537/30/1310 2534/51/1310 2536/22/1310
f 2553/5319/1311 2536/51/1311 2549/5320/1311 2554/5321/1311
f 2534/22/1312 2548/5322/1312 2536/51/1312
f 2551/5323/1313 2549/5324/1313 2536/22/1313
f 2551/5325/1314 2547/5326/1314 2555/5327/1314 2554/5328/1314 2549/5329/1314
f 2546/5330/1315 2539/5331/1315 2556/5332/1315 2555/5333/1315 2547/5334/1315
f 2540/5335/1316 2539/5336/1316 2546/5337/1316 2545/5338/1316
f 2540/5339/1317 2533/5340/1317 2557/5341/1317 2556/5342/1317 2539/5343/1317
f 2550/5344/1318 2532/5345/1318 2538/5346/1318 2535/5347/1318 2543/5348/1318 2544/5349/1318
f 2533/5350/1319 2541/5351/1319 2552/5352/1319 2557/5353/1319
f 2536/22/1320 2548/5354/1320 2545/5355/1320 2546/5356/1320 2547/5357/1320 2551/5358/1320
f 2559/5359/1321 2560/5360/1321 2562/5361/1321
f 2562/5362/1322 2560/5363/1322 2561/5364/1322
f 2571/5365/1323 2562/5366/1323 2561/5367/1323 2564/5368/1323 2563/5369/1323 2570/5370/1323
f 2570/5371/1324 2563/5372/1324 2567/5373/1324
f 2572/5374/1325 2570/5375/1325 2567/5376/1325 2568/5377/1325
f 2558/5378/1326 2559/5379/1326 2562/5380/1326 2571/5381/1326 2572/5382/1326 2568/5383/1326
f 2561/5384/1327 2560/5385/1327 2559/5386/1327 2558/5387/1327 2564/5388/1327
f 2565/5389/1328 2569/5390/1328 2566/5391/1328
f 2558/5392/1329 2568/5393/1329 2567/5394/1329 2563/5395/1329 2564/5396/1329
f 2581/5397/1330 2579/5398/1330 2578/5399/1330 2580/5400/1330 2582/5401/1330
f 2592/5402/1331 2593/5403/1331 2573/22/1331 2583/5404/1331 2579/5405/1331 2581/5406/1331
f 2580/5407/1332 2578/5408/1332 2587/5409/1332
f 2573/30/1333 2593/5410/1333 2594/5411/1333 2590/5412/1333
f 2573/30/1334 2590/5413/1334 2591/5414/1334 2585/5415/1334
f 2574/5416/1335 2575/5417/1335 2582/5418/1335 2580/5419/1335 2587/5420/1335
f 2578/5421/1336 2579/5422/1336 2583/5423/1336 2586/5424/1336 2576/5425/1336 2574/5426/1336 2587/5427/1336
f 2594/5428/1337 2595/5429/1337 2575/5430/1337 2574/5431/1337 2576/5432/1337 2591/5433/1337 2590/5434/1337
f 2585/5435/1338 2591/5436/1338 2576/5437/1338 2586/5438/1338
f 2582/5439/1339 2575/5440/1339 2595/5441/1339 2592/5442/1339 2581/5443/1339
f 2577/5444/1340 2589/5445/1340 2588/5446/1340 2584/5447/1340
f 2586/5448/1341 2583/5449/1341 2573/51/1341 2585/5450/1341
f 2620/5451/1342 2621/5452/1342 2603/5453/1342 2602/5454/1342
f 2596/51/1343 2611/5455/1343 2610/5456/1343
f 2611/5457/1344 2596/51/1344 2623/5458/1344 2624/5459/1344
f 2614/5460/1345 2597/51/1345 2596/22/1345
f 2614/5461/1346 2615/5462/1346 2596/30/1346
f 2596/30/1347 2615/5463/1347 2617/5464/1347 2616/5465/1347 2625/5466/1347 2623/5467/1347
f 2626/5468/1348 2625/5469/1348 2616/5470/1348
f 2627/5471/1349 2603/5472/1349 2621/5473/1349
f 2614/5474/1350 2608/5475/1350 2617/5476/1350 2615/5477/1350
f 2606/5478/1351 2609/5479/1351 2600/5480/1351 2628/5481/1351 2607/5482/1351
f 2624/5483/1352 2629/5484/1352 2600/5485/1352 2609/5486/1352 2610/5487/1352 2611/5488/1352
f 2601/5489/1353 2598/5490/1353 2605/5491/1353 2604/5492/1353 2622/5493/1353
f 2619/5494/1354 2599/5495/1354 2613/5496/1354 2612/5497/1354 2618/5498/1354
f 2628/5499/1355 2600/5500/1355 2629/5501/1355 2626/5502/1355 2616/5503/1355 2617/5504/1355 2608/5505/1355 2602/5506/1355 2603/5507/1355 2627/5508/1355
f 2608/5509/1356 2614/5510/1356 2596/22/1356 2610/5511/1356 2609/5512/1356 2606/5513/1356 2607/5514/1356 2620/5515/1356 2602/5516/1356
f 2645/5517/1357 2666/5518/1357 2662/5519/1357 2636/30/1357
f 2644/5520/1358 2645/5521/1358 2636/30/1358 2664/5522/1358 2665/5523/1358
f 2653/5524/1359 2658/5525/1359 2657/5526/1359 2668/5527/1359 2667/5528/1359 2650/5529/1359
f 2663/5530/1360 2638/22/1360 2636/30/1360 2662/5531/1360
f 2636/30/1361 2638/51/1361 2637/22/1361
f 2652/5532/1362 2648/5533/1362 2637/30/1362
f 2652/5534/1363 2637/30/1363 2638/51/1363
f 2635/22/1364 2663/5535/1364 2669/5536/1364
f 2663/5537/1365 2635/51/1365 2638/22/1365
f 2652/5538/1366 2638/30/1366 2635/51/1366
f 2658/5539/1367 2659/5540/1367 2657/5541/1367
f 2637/30/1368 2648/5542/1368 2649/5543/1368 2650/5544/1368 2667/5545/1368 2664/5546/1368 2636/30/1368
f 2660/5547/1369 2641/5548/1369 2640/5549/1369 2671/5550/1369 2668/5551/1369 2657/5552/1369
f 2652/5553/1370 2659/5554/1370 2658/5555/1370 2653/5556/1370 2649/5557/1370 2648/5558/1370
f 2670/5559/1371 2672/5560/1371 2673/5561/1371 2674/5562/1371 2641/5563/1371 2660/5564/1371
f 2640/5565/1372 2641/5566/1372 2674/5567/1372 2675/5568/1372
f 2665/5569/1373 2673/5570/1373 2672/5571/1373 2676/5572/1373 2644/5573/1373
f 2644/5574/1374 2676/5575/1374 2666/5576/1374 2645/5577/1374
f 2671/5578/1375 2640/5579/1375 2675/5580/1375
f 2639/5581/1376 2633/5582/1376 2632/5583/1376 2630/5584/1376 2643/5585/1376 2642/5586/1376 2651/5587/1376 2654/5588/1376
f 2655/5589/1377 2647/5590/1377 2646/5591/1377 2634/5592/1377 2631/5593/1377 2661/5594/1377 2656/5595/1377
f 2653/5596/1378 2650/5597/1378 2649/5598/1378
f 2635/22/1379 2669/5599/1379 2670/5600/1379 2660/5601/1379 2657/5602/1379 2659/5603/1379 2652/5604/1379
f 2681/5605/1380 2680/5606/1380 2682/5607/1380
f 2679/22/1381 2683/5608/1381 2681/5609/1381 2682/5610/1381 2684/5611/1381
f 2685/5612/1382 2683/5613/1382 2679/51/1382
f 2687/5614/1383 2677/22/1383 2686/5615/1383
f 2691/5616/1384 2688/5617/1384 2686/5618/1384 2677/51/1384 2689/5619/1384 2690/5620/1384
f 2678/22/1385 2692/5621/1385 2689/5622/1385 2677/51/1385
f 2679/22/1386 2693/5623/1386 2692/5624/1386 2678/51/1386
f 2695/5625/1387 2694/5626/1387 2693/5627/1387 2679/51/1387 2684/5628/1387
f 2677/22/1388 2679/30/1388 2678/51/1388
f 2677/51/1389 2687/5629/1389 2696/5630/1389 2679/30/1389
f 2685/5631/1390 2679/30/1390 2696/5632/1390
f 2690/5633/1391 2689/5634/1391 2692/5635/1391 2693/5636/1391 2694/5637/1391
f 2691/5638/1392 2690/5639/1392 2694/5640/1392 2695/5641/1392
f 2687/5642/1393 2686/5643/1393 2688/5644/1393 2680/5645/1393 2681/5646/1393 2683/5647/1393 2685/5648/1393 2696/5649/1393
f 2684/5650/1394 2682/5651/1394 2680/5652/1394 2688/5653/1394 2691/5654/1394 2695/5655/1394
f 2700/5656/1395 2712/5657/1395 2711/5658/1395
f 2714/5659/1396 2713/5660/1396 2703/5661/1396 2702/5662/1396
f 2714/5663/1397 2702/5664/1397 2715/5665/1397
f 2707/5666/1398 2703/5667/1398 2713/5668/1398 2716/5669/1398 2709/5670/1398 2710/5671/1398
f 2709/5672/1399 2716/5673/1399 2717/5674/1399
f 2709/5675/1400 2717/5676/1400 2712/5677/1400 2700/5678/1400 2710/5679/1400
f 2711/5680/1401 2718/5681/1401 2707/5682/1401 2710/5683/1401 2700/5684/1401
f 2715/5685/1402 2702/5686/1402 2703/5687/1402 2707/5688/1402 2718/5689/1402
f 2701/5690/1403 2697/5691/1403 2708/5692/1403 2704/5693/1403 2705/5694/1403 2706/5695/1403 2698/5696/1403 2699/5697/1403
f 2721/5698/1404 2719/22/1404 2720/5699/1404
f 2720/5700/1405 2719/51/1405 2723/5701/1405 2722/5702/1405 2742/5703/1405 2741/5704/1405
f 2743/5705/1406 2742/5706/1406 2722/5707/1406 2726/5708/1406
f 2730/5709/1407 2719/22/1407 2721/5710/1407
f 2728/5711/1408 2729/5712/1408 2719/30/1408
f 2729/5713/1409 2723/5714/1409 2719/30/1409
f 2728/5715/1410 2719/30/1410 2730/5716/1410 2732/5717/1410 2731/5718/1410
f 2734/5719/1411 2744/5720/1411 2743/5721/1411 2726/5722/1411
f 2737/5723/1412 2735/5724/1412 2745/5725/1412 2744/5726/1412 2734/5727/1412
f 2740/5728/1413 2739/5729/1413 2746/5730/1413 2745/5731/1413 2735/5732/1413
f 2730/5733/1414 2721/5734/1414 2720/5735/1414 2741/5736/1414 2746/5737/1414 2739/5738/1414
f 2730/5739/1415 2739/5740/1415 2740/5741/1415 2732/5742/1415
f 2732/5743/1416 2740/5744/1416 2735/5745/1416 2737/5746/1416 2731/5747/1416
f 2734/5748/1417 2726/5749/1417 2722/5750/1417 2723/5751/1417 2729/5752/1417 2728/5753/1417 2731/5754/1417 2737/5755/1417
f 2725/5756/1418 2727/5757/1418 2733/5758/1418 2736/5759/1418 2738/5760/1418 2724/5761/1418
f 2759/5762/1419 2750/5763/1419 2760/5764/1419
f 2748/22/1420 2762/5765/1420 2761/5766/1420 2760/5767/1420 2750/5768/1420 2754/5769/1420
f 2748/51/1421 2763/5770/1421 2762/5771/1421
f 2748/22/1422 2764/5772/1422 2763/5773/1422
f 2764/5774/1423 2748/51/1423 2757/5775/1423
f 2757/5776/1424 2748/51/1424 2758/5777/1424
f 2754/5778/1425 2750/5779/1425 2759/5780/1425 2765/5781/1425 2764/5782/1425 2757/5783/1425 2758/5784/1425
f 2747/5785/1426 2752/5786/1426 2753/5787/1426 2755/5788/1426 2756/5789/1426
f 2747/5790/1427 2749/5791/1427 2751/5792/1427 2752/5793/1427
f 2758/5794/1428 2748/22/1428 2754/5795/1428
f 2782/5796/1429 2767/30/1429 2781/5797/1429
f 2782/5798/1430 2770/5799/1430 2767/30/1430
f 2767/30/1431 2772/5800/1431 2786/5801/1431 2785/5802/1431
f 2787/5803/1432 2767/30/1432 2785/5804/1432 2788/5805/1432
f 2767/30/1433 2787/5806/1433 2789/5807/1433
f 2767/30/1434 2789/5808/1434 2781/5809/1434
f 2790/5810/1435 2774/5811/1435 2773/5812/1435
f 2782/5813/1436 2791/5814/1436 2783/5815/1436 2770/5816/1436
f 2786/5817/1437 2772/5818/1437 2774/5819/1437 2790/5820/1437
f 2777/5821/1438 2778/5822/1438 2766/5823/1438 2769/5824/1438 2768/5825/1438 2779/5826/1438
f 2766/5827/1439 2778/5828/1439 2775/5829/1439 2776/5830/1439 2780/5831/1439 2784/5832/1439 2771/5833/1439
f 2783/5834/1440 2773/5835/1440 2774/5836/1440 2772/5837/1440 2767/30/1440 2770/5838/1440
f 2799/5839/1441 2797/5840/1441 2798/5841/1441
f 2799/5842/1442 2800/5843/1442 2793/5844/1442 2797/5845/1442
f 2793/5846/1443 2801/5847/1443 2798/5848/1443 2797/5849/1443
f 2793/5850/1444 2800/5851/1444 2801/5852/1444
f 2794/5853/1445 2792/5854/1445 2796/5855/1445 2795/5856/1445
f 2818/5857/1446 2813/5858/1446 2804/51/1446
f 2809/5859/1447 2804/22/1447 2813/5860/1447 2814/5861/1447
f 2812/5862/1448 2810/5863/1448 2818/5864/1448 2804/30/1448 2809/5865/1448 2811/5866/1448
f 2810/5867/1449 2815/5868/1449 2818/5869/1449
f 2812/5870/1450 2816/5871/1450 2815/5872/1450 2810/5873/1450
f 2811/5874/1451 2817/5875/1451 2816/5876/1451 2812/5877/1451
f 2814/5878/1452 2817/5879/1452 2811/5880/1452 2809/5881/1452
f 2806/5882/1453 2802/5883/1453 2803/5884/1453 2805/5885/1453 2808/5886/1453 2807/5887/1453
f 2841/5888/1454 2842/5889/1454 2826/5890/1454 2825/5891/1454 2828/5892/1454
f 2826/5893/1455 2842/5894/1455 2843/5895/1455 2830/5896/1455
f 2845/5897/1456 2844/5898/1456 2834/5899/1456 2820/22/1456
f 2820/51/1457 2846/5900/1457 2845/5901/1457
f 2838/5902/1458 2820/51/1458 2834/5903/1458 2839/5904/1458 2840/5905/1458
f 2833/5906/1459 2823/5907/1459 2824/5908/1459 2825/5909/1459 2826/5910/1459 2830/5911/1459
f 2839/5912/1460 2821/5913/1460 2840/5914/1460
f 2822/5915/1461 2823/5916/1461 2833/5917/1461 2832/5918/1461
f 2828/5919/1462 2825/5920/1462 2824/5921/1462 2847/5922/1462 2841/5923/1462
f 2824/5924/1463 2823/5925/1463 2822/5926/1463 2821/5927/1463 2839/5928/1463 2834/5929/1463 2844/5930/1463 2847/5931/1463
f 2836/5932/1464 2837/5933/1464 2831/5934/1464 2829/5935/1464 2827/5936/1464 2819/5937/1464 2835/5938/1464
f 2821/5939/1465 2822/5940/1465 2832/5941/1465 2838/5942/1465 2840/5943/1465
f 2820/51/1466 2838/5944/1466 2832/5945/1466 2833/5946/1466 2830/5947/1466 2843/5948/1466 2846/5949/1466
f 2855/5950/1467 2869/5951/1467 2868/5952/1467 2854/5953/1467
f 2848/51/1468 2860/5954/1468 2858/5955/1468 2859/5956/1468 2857/5957/1468
f 2861/5958/1469 2862/5959/1469 2849/22/1469
f 2870/5960/1470 2861/5961/1470 2849/51/1470 2871/5962/1470
f 2849/51/1471 2862/5963/1471 2865/5964/1471 2848/30/1471
f 2860/5965/1472 2848/30/1472 2865/5966/1472 2867/5967/1472 2866/5968/1472
f 2862/5969/1473 2861/5970/1473 2870/5971/1473 2872/5972/1473 2867/5973/1473 2865/5974/1473
f 2867/5975/1474 2872/5976/1474 2873/5977/1474 2866/5978/1474
f 2858/5979/1475 2874/5980/1475 2869/5981/1475 2855/5982/1475 2859/5983/1475
f 2855/5984/1476 2854/5985/1476 2857/5986/1476 2859/5987/1476
f 2852/5988/1477 2851/5989/1477 2850/5990/1477 2863/5991/1477 2864/5992/1477 2853/5993/1477 2856/5994/1477
f 2858/5995/1478 2860/5996/1478 2866/5997/1478 2873/5998/1478 2874/5999/1478
f 2849/51/1479 2848/22/1479 2857/6000/1479 2854/6001/1479 2868/6002/1479 2871/6003/1479
f 2890/6004/1480 2913/6005/1480 2911/6006/1480 2906/6007/1480 2912/6008/1480 2878/30/1480 2895/6009/1480 2896/6010/1480
f 2904/6011/1481 2910/6012/1481 2907/6013/1481
f 2911/6014/1482 2903/6015/1482 2906/6016/1482
f 2915/6017/1483 2893/6018/1483 2901/6019/1483 2902/6020/1483 2899/6021/1483 2879/51/1483 2897/6022/1483
f 2908/6023/1484 2883/6024/1484 2891/6025/1484 2914/6026/1484
f 2893/6027/1485 2915/6028/1485 2914/6029/1485 2891/6030/1485
f 2895/6031/1486 2878/30/1486 2879/51/1486 2899/6032/1486 2898/6033/1486 2900/6034/1486
f 2907/6035/1487 2910/6036/1487 2909/6037/1487 2883/6038/1487 2908/6039/1487
f 2876/51/1488 2890/6040/1488 2896/6041/1488
f 2896/6042/1489 2895/6043/1489 2900/6044/1489 2876/22/1489
f 2876/30/1490 2917/6045/1490 2913/6046/1490 2890/6047/1490
f 2898/6048/1491 2875/22/1491 2876/30/1491 2900/6049/1491
f 2909/6050/1492 2917/6051/1492 2876/30/1492 2875/30/1492 2901/6052/1492 2893/6053/1492 2891/6054/1492 2883/6055/1492
f 2875/30/1493 2902/6056/1493 2901/6057/1493
f 2887/6058/1494 2905/6059/1494 2881/6060/1494 2884/6061/1494 2892/6062/1494 2894/6063/1494 2916/6064/1494 2888/6065/1494
f 2889/6066/1495 2877/6067/1495 2880/6068/1495 2882/6069/1495 2885/6070/1495 2886/6071/1495
f 2875/22/1496 2898/6072/1496 2899/6073/1496 2902/6074/1496
f 2912/6075/1497 2897/6076/1497 2879/22/1497 2878/22/1497
f 2934/6077/1498 2933/6078/1498 2924/6079/1498
f 2921/6080/1499 2932/6081/1499 2935/6082/1499 2929/6083/1499 2927/6084/1499
f 2927/6085/1500 2920/6086/1500 2936/6087/1500 2923/6088/1500 2921/6089/1500
f 2937/6090/1501 2936/6091/1501 2920/6092/1501 2927/6093/1501 2929/6094/1501 2935/6095/1501
f 2926/6096/1502 2918/6097/1502 2928/6098/1502 2922/6099/1502 2925/6100/1502
f 2930/6101/1503 2919/6102/1503 2918/6097/1503 2926/6096/1503 2931/6103/1503
f 2924/6104/1504 2933/6105/1504 2932/6106/1504 2921/6107/1504 2923/6108/1504
f 2939/22/1505 2953/6109/1505 2954/6110/1505
f 2955/6111/1506 2953/6112/1506 2939/51/1506 2943/6113/1506
f 2943/6114/1507 2939/51/1507 2945/6115/1507
f 2945/6116/1508 2939/51/1508 2940/22/1508 2956/6117/1508 2957/6118/1508
f 2956/6119/1509 2940/51/1509 2958/6120/1509
f 2960/6121/1510 2959/6122/1510 2958/6123/1510 2940/51/1510
f 2940/51/1511 2961/6124/1511 2960/6125/1511
f 2939/22/1512 2954/6126/1512 2962/6127/1512
f 2961/6128/1513 2940/22/1513 2939/30/1513 2962/6129/1513
f 2945/6130/1514 2957/6131/1514 2963/6132/1514 2955/6133/1514 2943/6134/1514
f 2944/6135/1515 2938/6136/1515 2949/6137/1515 2950/6138/1515 2951/6139/1515 2952/6140/1515 2942/6141/1515 2941/6142/1515
f 2949/6143/1516 2938/6136/1516 2947/6144/1516 2946/6145/1516 2948/6146/1516
f 2968/22/1517 2983/6147/1517 2984/6148/1517
f 2983/6149/1518 2968/51/1518 2986/6150/1518 2985/6151/1518
f 2968/22/1519 2984/6152/1519 2992/6153/1519 2988/6154/1519 2991/6155/1519 2990/6156/1519 2976/6157/1519 2981/6158/1519
f 2991/6159/1520 2988/6160/1520 2989/6161/1520
f 2974/6162/1521 2968/30/1521 2981/6163/1521 2982/6164/1521
f 2976/6165/1522 2993/6166/1522 2994/6167/1522 2995/6168/1522 2982/6169/1522 2981/6170/1522
f 2995/6171/1523 2973/6172/1523 2974/6173/1523 2982/6174/1523
f 2976/6175/1524 2990/6176/1524 2993/6177/1524
f 2980/6178/1525 2979/6179/1525 2978/6180/1525 2970/6181/1525 2969/6182/1525 2971/6183/1525 2964/6184/1525
f 2980/6185/1526 2964/6184/1526 2966/6186/1526 2965/6187/1526 2975/6188/1526 2977/6189/1526
f 2967/6190/1527 2966/6191/1527 2964/6184/1527 2971/6192/1527 2972/6193/1527 2987/6194/1527
f 2968/51/1528 2974/6195/1528 2973/6196/1528 2986/6197/1528
f 3001/6198/1529 3002/6199/1529 3004/6200/1529 3003/6201/1529 3000/6202/1529 2999/6203/1529
f 3008/6204/1530 3015/6205/1530 3016/6206/1530 3005/6207/1530
f 3017/6208/1531 3009/6209/1531 3005/6210/1531 3016/6211/1531
f 3018/6212/1532 3012/6213/1532 3009/6214/1532 3017/6215/1532
f 3019/6216/1533 3002/6217/1533 3001/6218/1533 3012/6219/1533 3018/6220/1533
f 3020/6221/1534 3015/6222/1534 3008/6223/1534
f 2999/6224/1535 2998/6225/1535 2997/6226/1535 2996/6227/1535 3008/6228/1535 3005/6229/1535 3009/6230/1535 3012/6231/1535 3001/6232/1535
f 3008/6233/1536 2996/6234/1536 3004/6235/1536 3002/6236/1536 3019/6237/1536 3020/6238/1536
f 2996/6239/1537 2997/6240/1537 3003/6241/1537 3004/6242/1537
f 2997/6243/1538 2998/6244/1538 3000/6245/1538 3003/6246/1538
f 2998/6247/1539 2999/6248/1539 3000/6249/1539
f 3011/6250/1540 3010/6251/1540 3007/6252/1540 3006/6253/1540 3014/6254/1540 3013/6255/1540
f 3024/6256/1541 3029/6257/1541 3023/6258/1541
f 3021/6259/1542 3023/6260/1542 3029/6261/1542 3028/6262/1542
f 3025/6263/1543 3027/6264/1543 3026/6265/1543 3022/6266/1543
f 3023/6267/1544 3021/6268/1544 3024/6269/1544
f 3033/6270/1545 3048/6271/1545 3052/6272/1545
f 3048/6273/1546 3033/6274/1546 3036/6275/1546 3040/6276/1546 3038/6277/1546 3039/6278/1546 3049/6279/1546
f 3041/6280/1547 3043/6281/1547 3042/6282/1547 3044/6283/1547
f 3050/6284/1548 3044/6285/1548 3042/6286/1548 3051/6287/1548
f 3033/6288/1549 3052/6289/1549 3053/6290/1549 3051/6291/1549 3042/6292/1549 3043/6293/1549 3036/6294/1549
f 3054/6295/1550 3049/6296/1550 3039/6297/1550
f 3044/6298/1551 3050/6299/1551 3055/6300/1551 3041/6301/1551
f 3038/6302/1552 3056/6303/1552 3054/6304/1552 3039/6305/1552
f 3056/6306/1553 3038/6307/1553 3040/6308/1553
f 3041/6309/1554 3055/6310/1554 3056/6311/1554 3040/6312/1554 3036/6313/1554 3043/6314/1554
f 3034/6315/1555 3037/6316/1555 3030/6317/1555 3032/6318/1555 3031/6319/1555 3045/6320/1555 3046/6321/1555 3047/6322/1555 3035/6323/1555
f 3060/6324/1556 3065/6325/1556 3066/6326/1556 3063/6327/1556
f 3065/6328/1557 3060/6329/1557 3067/6330/1557
f 3063/6331/1558 3059/6332/1558 3068/6333/1558 3067/6334/1558 3060/6335/1558
f 3066/6336/1559 3069/6337/1559 3059/6338/1559 3063/6339/1559
f 3069/6340/1560 3068/6341/1560 3059/6342/1560
f 3064/6343/1561 3058/6344/1561 3057/6345/1561 3062/6346/1561 3061/6347/1561
f 3078/6348/1562 3075/6349/1562 3076/6350/1562 3072/6351/1562 3077/6352/1562
f 3078/6353/1563 3079/6354/1563 3070/6355/1563 3076/6356/1563 3075/6357/1563
f 3077/6358/1564 3072/6359/1564 3070/6360/1564 3079/6361/1564
f 3076/6362/1565 3070/6363/1565 3072/6364/1565
f 3071/6365/1566 3074/6366/1566 3073/6367/1566
f 3083/6368/1567 3081/6369/1567 3094/6370/1567 3095/6371/1567
f 3081/6372/1568 3085/6373/1568 3096/6374/1568 3094/6375/1568
f 3097/6376/1569 3088/6377/1569 3098/6378/1569
f 3098/6379/1570 3088/6380/1570 3090/6381/1570 3083/6382/1570 3095/6383/1570
f 3096/6384/1571 3085/6385/1571 3091/6386/1571 3099/6387/1571
f 3091/6388/1572 3100/6389/1572 3099/6390/1572
f 3088/6391/1573 3097/6392/1573 3101/6393/1573 3090/6394/1573
f 3084/6395/1574 3082/6396/1574 3086/6397/1574 3092/6398/1574 3093/6399/1574 3080/6400/1574 3087/6401/1574 3089/6402/1574
f 3091/6403/1575 3085/6404/1575 3081/6405/1575 3083/6406/1575 3090/6407/1575 3101/6408/1575 3100/6409/1575
f 3123/6410/1576 3124/6411/1576 3108/6412/1576 3122/6413/1576
f 3109/6414/1577 3125/6415/1577 3122/6416/1577 3108/6417/1577
f 3125/6418/1578 3109/6419/1578 3111/6420/1578 3126/6421/1578
f 3117/6422/1579 3128/6423/1579 3127/6424/1579 3114/6425/1579 3113/6426/1579
f 3126/6427/1580 3111/6428/1580 3118/6429/1580 3129/6430/1580
f 3130/6431/1581 3121/6432/1581 3114/6433/1581 3127/6434/1581
f 3129/6435/1582 3118/6436/1582 3121/6437/1582 3130/6438/1582
f 3128/6439/1583 3117/6440/1583 3103/6441/1583 3132/6442/1583 3131/6443/1583
f 3113/6444/1584 3103/6445/1584 3117/6446/1584
f 3116/6447/1585 3104/6448/1585 3107/6449/1585 3106/6450/1585 3110/6451/1585 3112/6452/1585 3119/6453/1585 3120/6454/1585 3115/6455/1585
f 3107/6456/1586 3104/6457/1586 3102/6458/1586 3105/6459/1586
f 3118/6460/1587 3111/6461/1587 3109/6462/1587 3108/6463/1587 3124/6464/1587 3132/6465/1587 3103/6466/1587 3113/6467/1587 3114/6468/1587 3121/6469/1587
f 3140/6470/1588 3153/6471/1588 3150/6472/1588 3138/6473/1588
f 3142/6474/1589 3148/6475/1589 3149/6476/1589 3145/6477/1589 3141/6478/1589
f 3148/6479/1590 3142/6480/1590 3146/6481/1590 3150/6482/1590
f 3150/6483/1591 3146/6484/1591 3138/6485/1591
f 3145/6486/1592 3149/6487/1592 3151/6488/1592
f 3134/6489/1593 3152/6490/1593 3153/6491/1593 3140/6492/1593
f 3134/6493/1594 3136/6494/1594 3154/6495/1594 3152/6496/1594
f 3136/6497/1595 3141/6498/1595 3145/6499/1595 3151/6500/1595 3154/6501/1595
f 3147/6502/1596 3139/6503/1596 3135/6504/1596 3137/6505/1596 3133/6506/1596 3144/6507/1596 3143/6508/1596
f 3141/6509/1597 3136/6510/1597 3134/6511/1597 3140/6512/1597 3138/6513/1597 3146/6514/1597 3142/6515/1597
f 3158/6516/1598 3165/6517/1598 3166/6518/1598 3159/6519/1598
f 3158/6520/1599 3160/6521/1599 3167/6522/1599 3165/6523/1599
f 3169/6524/1600 3167/6525/1600 3160/6526/1600 3168/6527/1600
f 3159/6528/1601 3166/6529/1601 3170/6530/1601
f 3164/6531/1602 3157/6532/1602 3156/6533/1602 3161/6534/1602 3163/6535/1602 3171/6536/1602
f 3171/6537/1603 3163/6538/1603 3162/6539/1603
f 3158/6540/1604 3159/6541/1604 3170/6542/1604 3155/6543/1604 3168/6544/1604 3160/6545/1604
f 3189/6546/1605 3175/6547/1605 3174/6548/1605
f 3185/6549/1606 3176/6550/1606 3175/6551/1606 3189/6552/1606
f 3176/6553/1607 3185/6554/1607 3186/6555/1607 3178/6556/1607
f 3181/6557/1608 3180/6558/1608 3187/6559/1608 3188/6560/1608
f 3188/6561/1609 3189/6562/1609 3174/6563/1609 3181/6564/1609
f 3190/6565/1610 3187/6566/1610 3180/6567/1610
f 3186/6568/1611 3191/6569/1611 3178/6570/1611
f 3182/6571/1612 3184/6572/1612 3172/6573/1612 3179/6574/1612 3177/6575/1612 3173/6576/1612 3183/6577/1612
f 3174/6578/1613 3175/6579/1613 3176/6580/1613 3178/6581/1613 3191/6582/1613 3190/6583/1613 3180/6584/1613 3181/6585/1613
f 3198/6586/1614 3210/6587/1614 3196/6588/1614
f 3210/6589/1615 3198/6590/1615 3199/6591/1615 3206/6592/1615
f 3206/6593/1616 3199/6594/1616 3202/6595/1616 3207/6596/1616
f 3209/6597/1617 3211/6598/1617 3194/6599/1617 3193/6600/1617
f 3205/6601/1618 3194/6602/1618 3211/6603/1618 3204/6604/1618
f 3209/6605/1619 3193/6606/1619 3196/6607/1619 3210/6608/1619
f 3208/6609/1620 3192/6610/1620 3195/6611/1620 3197/6612/1620 3200/6613/1620 3201/6614/1620
f 3198/6615/1621 3196/6616/1621 3193/6617/1621 3194/6618/1621 3205/6619/1621 3203/6620/1621 3202/6621/1621 3199/6622/1621
f 3203/6623/1622 3205/6624/1622 3204/6625/1622 3207/6626/1622 3202/6627/1622
f 3219/6628/1623 3216/6629/1623 3228/6630/1623 3229/6631/1623
f 3221/6632/1624 3230/6633/1624 3231/6634/1624 3220/6635/1624
f 3227/6636/1625 3233/6637/1625 3224/6638/1625 3225/6639/1625
f 3231/6640/1626 3233/6641/1626 3227/6642/1626 3220/6643/1626
f 3229/6644/1627 3234/6645/1627 3214/6646/1627 3212/6647/1627 3219/6648/1627
f 3215/6649/1628 3212/6650/1628 3214/6651/1628
f 3214/6652/1629 3234/6653/1629 3230/6654/1629 3221/6655/1629 3215/6656/1629
f 3217/6657/1630 3232/6658/1630 3226/6659/1630 3223/6660/1630 3222/6661/1630 3213/6662/1630 3218/6663/1630
f 3219/6664/1631 3212/6665/1631 3215/6666/1631 3221/6667/1631 3220/6668/1631 3227/6669/1631 3225/6670/1631 3216/6671/1631
f 3216/6672/1632 3225/6673/1632 3224/6674/1632 3228/6675/1632
f 3236/6676/1633 3235/6677/1633 3237/6678/1633
f 3252/6679/1634 3237/6680/1634 3235/6681/1634 3238/6682/1634 3253/6683/1634
f 3238/6684/1635 3242/6685/1635 3254/6686/1635 3253/6687/1635
f 3254/6688/1636 3242/6689/1636 3243/6690/1636 3255/6691/1636
f 3249/6692/1637 3247/6693/1637 3246/6694/1637 3258/6695/1637
f 3250/6696/1638 3249/6697/1638 3258/6698/1638 3255/6699/1638
f 3255/6700/1639 3243/6701/1639 3250/6702/1639
f 3236/6703/1640 3237/6704/1640 3252/6705/1640 3256/6706/1640 3245/6707/1640
f 3248/6708/1641 3257/6709/1641 3244/6710/1641 3239/6711/1641 3240/6712/1641 3241/6713/1641 3251/6714/1641
f 3243/6715/1642 3242/6716/1642 3238/6717/1642 3235/6718/1642 3236/6719/1642 3245/6720/1642 3247/6721/1642 3249/6722/1642 3250/6723/1642
f 3256/6724/1643 3246/6725/1643 3247/6726/1643 3245/6727/1643
f 3262/6728/1644 3277/6729/1644 3278/6730/1644
f 3279/6731/1645 3277/6732/1645 3262/6733/1645 3265/6734/1645 3266/6735/1645
f 3266/6736/1646 3265/6737/1646 3268/6738/1646
f 3269/6739/1647 3262/6740/1647 3278/6741/1647 3280/6742/1647
f 3269/6743/1648 3280/6744/1648 3281/6745/1648 3272/6746/1648
f 3275/6747/1649 3282/6748/1649 3283/6749/1649 3273/6750/1649
f 3272/6751/1650 3281/6752/1650 3282/6753/1650 3275/6754/1650
f 3259/6755/1651 3284/6756/1651 3279/6757/1651 3266/6758/1651 3268/6759/1651
f 3283/6760/1652 3284/6761/1652 3260/6762/1652 3273/6763/1652
f 3260/6764/1653 3284/6765/1653 3259/6766/1653
f 3267/6767/1654 3261/6768/1654 3276/6769/1654 3274/6770/1654 3271/6771/1654 3270/6772/1654 3264/6773/1654 3263/6774/1654
f 3260/6775/1655 3259/6776/1655 3268/6777/1655 3265/6778/1655 3262/6779/1655 3269/6780/1655 3272/6781/1655 3275/6782/1655 3273/6783/1655
f 3291/6784/1656 3288/6785/1656 3292/6786/1656
f 3293/6787/1657 3292/6788/1657 3288/6789/1657 3289/6790/1657
f 3294/6791/1658 3293/6792/1658 3289/6793/1658
f 3285/6794/1659 3286/6795/1659 3287/6796/1659 3290/6797/1659
f 3294/6798/1660 3289/6799/1660 3288/6800/1660 3291/6801/1660
f 3297/6802/1661 3316/6803/1661 3308/6804/1661
f 3300/6805/1662 3297/6806/1662 3308/6807/1662 3309/6808/1662
f 3300/6809/1663 3309/6810/1663 3310/6811/1663 3303/6812/1663
f 3304/6813/1664 3303/6814/1664 3310/6815/1664 3311/6816/1664
f 3304/6817/1665 3311/6818/1665 3312/6819/1665 3313/6820/1665
f 3314/6821/1666 3315/6822/1666 3316/6823/1666 3297/6824/1666 3300/6825/1666 3303/6826/1666 3304/6827/1666 3313/6828/1666
f 3295/6829/1667 3306/6830/1667 3307/6831/1667
f 3301/6832/1668 3298/6833/1668 3299/6834/1668 3296/6835/1668 3295/6829/1668 3307/6831/1668 3305/6836/1668 3302/6837/1668
f 3333/6838/1669 3319/6839/1669 3328/6840/1669
f 3328/6841/1670 3319/6842/1670 3323/6843/1670 3329/6844/1670
f 3329/6845/1671 3323/6846/1671 3324/6847/1671 3330/6848/1671
f 3331/6849/1672 3330/6850/1672 3324/6851/1672 3326/6852/1672
f 3323/6853/1673 3319/6854/1673 3333/6855/1673 3317/6856/1673 3326/6857/1673 3324/6858/1673
f 3332/6859/1674 3317/6860/1674 3333/6861/1674
f 3327/6862/1675 3318/6863/1675 3321/6864/1675 3320/6865/1675 3322/6866/1675 3325/6867/1675
f 3317/6868/1676 3332/6869/1676 3331/6870/1676 3326/6871/1676
f 3352/6872/1677 3351/6873/1677 3335/6874/1677
f 3337/6875/1678 3335/6876/1678 3351/6877/1678 3353/6878/1678 3339/6879/1678
f 3354/6880/1679 3341/6881/1679 3340/6882/1679 3355/6883/1679
f 3356/6884/1680 3357/6885/1680 3339/6886/1680 3353/6887/1680
f 3358/6888/1681 3359/6889/1681 3360/6890/1681 3361/6891/1681 3348/6892/1681
f 3348/6893/1682 3361/6894/1682 3355/6895/1682 3340/6896/1682
f 3339/6897/1683 3357/6898/1683 3358/6899/1683 3348/6900/1683 3340/6901/1683 3341/6902/1683 3337/6903/1683
f 3346/6904/1684 3344/6905/1684 3345/6906/1684 3349/6907/1684 3347/6908/1684
f 3349/6907/1685 3345/6906/1685 3338/6909/1685 3334/6910/1685 3336/6911/1685 3342/6912/1685 3343/6913/1685 3350/6914/1685
f 3354/6915/1686 3352/6916/1686 3335/6917/1686 3337/6918/1686 3341/6919/1686
f 3371/6920/1687 3377/6921/1687 3378/6922/1687
f 3380/6923/1688 3379/6924/1688 3376/6925/1688 3370/6926/1688
f 3366/6927/1689 3365/6928/1689 3364/6929/1689
f 3368/6930/1690 3364/6931/1690 3365/6932/1690 3381/6933/1690 3380/6934/1690 3370/6935/1690
f 3365/6936/1691 3366/6937/1691 3383/6938/1691 3382/6939/1691 3381/6940/1691
f 3367/6941/1692 3362/6942/1692 3374/6943/1692 3375/6944/1692
f 3374/6943/1693 3362/6942/1693 3363/6945/1693 3373/6946/1693 3372/6947/1693 3369/6948/1693
f 3378/6949/1694 3383/6950/1694 3366/6951/1694 3364/6952/1694 3368/6953/1694 3371/6954/1694
f 3371/6955/1695 3368/6956/1695 3370/6957/1695 3376/6958/1695 3377/6959/1695
f 3397/6960/1696 3385/6961/1696 3384/6962/1696 3396/6963/1696
f 3399/6964/1697 3390/6965/1697 3391/6966/1697 3398/6967/1697
f 3400/6968/1698 3392/6969/1698 3390/6970/1698 3399/6971/1698
f 3385/6972/1699 3397/6973/1699 3401/6974/1699 3394/6975/1699
f 3398/6976/1700 3391/6977/1700 3394/6978/1700 3401/6979/1700
f 3391/6980/1701 3390/6981/1701 3392/6982/1701 3384/6983/1701 3385/6984/1701 3394/6985/1701
f 3386/6986/1702 3393/6987/1702 3389/6988/1702 3388/6989/1702 3395/6990/1702 3387/6991/1702
f 3400/6992/1703 3396/6993/1703 3384/6994/1703 3392/6995/1703
f 3409/6996/1704 3408/6997/1704 3405/6998/1704 3411/6999/1704
f 3412/7000/1705 3409/7001/1705 3411/7002/1705
f 3412/7003/1706 3415/7004/1706 3416/7005/1706 3408/7006/1706 3409/7007/1706
f 3414/7008/1707 3403/7009/1707 3410/7010/1707 3407/7011/1707
f 3413/7012/1708 3402/7013/1708 3403/7014/1708 3414/7015/1708
f 3408/7016/1709 3416/7017/1709 3404/7018/1709 3405/7019/1709
f 3404/7020/1710 3406/7021/1710 3411/7022/1710 3405/7023/1710
f 3436/7024/1711 3435/7025/1711 3422/7026/1711 3421/7027/1711
f 3423/7028/1712 3424/7029/1712 3422/7030/1712 3435/7031/1712 3437/7032/1712
f 3439/7033/1713 3438/7034/1713 3427/7035/1713
f 3440/7036/1714 3432/7037/1714 3429/7038/1714 3441/7039/1714
f 3436/7040/1715 3421/7041/1715 3432/7042/1715 3440/7043/1715
f 3438/7044/1716 3441/7045/1716 3429/7046/1716 3433/7047/1716
f 3434/7048/1717 3417/7049/1717 3423/7050/1717 3437/7051/1717 3439/7052/1717 3427/7053/1717
f 3418/7054/1718 3424/7055/1718 3423/7056/1718 3417/7057/1718
f 3418/7058/1719 3422/7059/1719 3424/7060/1719
f 3426/7061/1720 3428/7062/1720 3425/7063/1720 3419/7064/1720 3420/7065/1720 3430/7066/1720 3431/7067/1720
f 3422/7068/1721 3418/7069/1721 3417/7070/1721 3434/7071/1721 3433/7072/1721 3429/7073/1721 3432/7074/1721 3421/7075/1721
f 3434/7076/1722 3427/7077/1722 3438/7078/1722 3433/7079/1722
f 3445/7080/1723 3458/7081/1723 3462/7082/1723
f 3458/7083/1724 3445/7084/1724 3446/7085/1724
f 3458/7086/1725 3446/7087/1725 3447/7088/1725 3459/7089/1725
f 3462/7090/1726 3458/7091/1726 3449/7092/1726
f 3455/7093/1727 3457/7094/1727 3456/7095/1727
f 3444/7096/1728 3448/7097/1728 3461/7098/1728 3442/7099/1728 3463/7100/1728
f 3453/7101/1729 3450/7102/1729 3451/7103/1729 3442/7099/1729 3461/7104/1729
f 3452/7105/1730 3443/7106/1730 3463/7107/1730 3442/7099/1730 3451/7108/1730
f 3455/7109/1731 3460/7110/1731 3447/7111/1731 3446/7112/1731 3445/7113/1731 3462/7114/1731 3457/7115/1731
f 3454/7116/1732 3459/7117/1732 3447/7118/1732 3460/7119/1732
f 3469/7120/1733 3470/7121/1733 3468/7122/1733
f 3465/7123/1734 3471/7124/1734 3466/7125/1734
f 3471/7124/1735 3467/7126/1735 3466/7127/1735
f 3469/7128/1736 3464/7129/1736 3470/7130/1736
f 3489/7131/1737 3488/7132/1737 3480/7133/1737 3482/7134/1737 3484/7135/1737 3483/7136/1737
f 3472/7137/1738 3492/7138/1738 3493/7139/1738
f 3483/7140/1739 3494/7141/1739 3489/7142/1739
f 3476/7143/1740 3472/7144/1740 3493/7145/1740 3495/7146/1740 3496/7147/1740
f 3494/7148/1741 3483/7149/1741 3484/7150/1741 3497/7151/1741
f 3476/7152/1742 3496/7153/1742 3497/7154/1742 3484/7155/1742 3482/7156/1742
f 3481/7157/1743 3485/7158/1743 3478/7159/1743 3479/7160/1743 3477/7161/1743 3475/7162/1743 3490/7163/1743
f 3490/7163/1744 3475/7162/1744 3474/7164/1744 3473/7165/1744 3486/7166/1744
f 3491/7167/1745 3492/7168/1745 3472/7169/1745 3476/7170/1745 3482/7171/1745 3480/7172/1745
f 3488/7173/1746 3487/7174/1746 3491/7175/1746 3480/7176/1746
f 3504/7177/1747 3505/7178/1747 3498/7179/1747 3499/7180/1747
f 3504/7181/1748 3499/7182/1748 3506/7183/1748
f 3507/7184/1749 3498/7185/1749 3505/7186/1749
f 3499/7187/1750 3498/7188/1750 3507/7189/1750 3506/7190/1750
f 3501/7191/1751 3500/7192/1751 3502/7193/1751 3503/7194/1751
f 3529/7195/1752 3517/7196/1752 3530/7197/1752
f 3517/7198/1753 3520/7199/1753 3531/7200/1753 3530/7201/1753
f 3526/7202/1754 3532/7203/1754 3531/7204/1754 3520/7205/1754 3528/7206/1754 3525/7207/1754 3524/7208/1754 3523/7209/1754 3527/7210/1754
f 3520/7211/1755 3517/7212/1755 3529/7213/1755 3533/7214/1755 3534/7215/1755 3508/22/1755
f 3508/51/1756 3528/7216/1756 3520/7217/1756
f 3508/51/1757 3509/22/1757 3525/7218/1757 3528/7219/1757
f 3525/7220/1758 3509/51/1758 3524/7221/1758
f 3524/7222/1759 3509/51/1759 3523/7223/1759
f 3526/7224/1760 3527/7225/1760 3510/22/1760
f 3535/7226/1761 3508/22/1761 3534/7227/1761
f 3510/51/1762 3536/7228/1762 3532/7229/1762 3526/7230/1762
f 3510/51/1763 3509/22/1763 3508/30/1763
f 3509/30/1764 3510/51/1764 3527/7231/1764 3523/7232/1764
f 3510/30/1765 3537/7233/1765 3536/7234/1765
f 3514/7235/1766 3512/7236/1766 3511/7237/1766 3538/7238/1766
f 3516/7239/1767 3538/7238/1767 3511/7237/1767 3518/7240/1767 3519/7241/1767 3521/7242/1767 3522/7243/1767 3513/7244/1767
f 3510/22/1768 3508/30/1768 3535/7245/1768 3515/7246/1768 3537/7247/1768
f 3546/7248/1769 3543/7249/1769 3545/7250/1769
f 3547/7251/1770 3540/7252/1770 3543/7253/1770 3546/7254/1770
f 3543/7255/1771 3540/7256/1771 3548/7257/1771 3545/7258/1771
f 3539/7259/1772 3541/7260/1772 3544/7261/1772 3542/7262/1772
f 3540/7263/1773 3547/7264/1773 3548/7265/1773
f 3551/7266/1774 3559/7267/1774 3560/7268/1774
f 3556/7269/1775 3551/7270/1775 3560/7271/1775 3561/7272/1775
f 3563/7273/1776 3559/7274/1776 3551/7275/1776 3556/7276/1776 3557/7277/1776
f 3554/7278/1777 3564/7279/1777 3563/7280/1777 3557/7281/1777
f 3562/7282/1778 3564/7283/1778 3554/7284/1778
f 3555/7285/1779 3553/7286/1779 3552/7287/1779 3549/7288/1779 3550/7289/1779 3558/7290/1779
f 3554/7291/1780 3557/7292/1780 3556/7293/1780 3561/7294/1780 3562/7295/1780
f 3596/7296/1781 3584/7297/1781 3583/7298/1781 3585/7299/1781 3580/7300/1781 3582/7301/1781 3595/7302/1781
f 3593/7303/1782 3577/7304/1782 3594/7305/1782
f 3591/7306/1783 3592/7307/1783 3574/7308/1783 3573/7309/1783 3571/7310/1783
f 3574/7311/1784 3592/7312/1784 3595/7313/1784 3582/7314/1784
f 3587/7315/1785 3588/7316/1785 3583/7317/1785 3584/7318/1785 3589/7319/1785 3590/7320/1785 3586/7321/1785
f 3573/7322/1786 3574/7323/1786 3582/7324/1786 3580/7325/1786
f 3585/7326/1787 3566/7327/1787 3571/7328/1787 3573/7329/1787 3580/7330/1787
f 3583/7331/1788 3588/7332/1788 3567/7333/1788 3566/7334/1788 3585/7335/1788
f 3587/7336/1789 3568/7337/1789 3567/7338/1789 3588/7339/1789
f 3586/7340/1790 3565/22/1790 3569/7341/1790 3568/7342/1790 3587/7343/1790
f 3565/51/1791 3590/7344/1791 3589/7345/1791 3570/7346/1791 3569/7347/1791
f 3570/7348/1792 3589/7349/1792 3584/7350/1792 3596/7351/1792 3594/7352/1792 3577/7353/1792
f 3565/22/1793 3586/7354/1793 3590/7355/1793
f 3571/7356/1794 3566/7357/1794 3567/7358/1794 3568/7359/1794 3569/7360/1794 3570/7361/1794 3577/7362/1794 3593/7363/1794 3591/7364/1794
f 3581/7365/1795 3575/7366/1795 3572/7367/1795 3576/7368/1795 3578/7369/1795 3579/7370/1795
f 3601/7371/1796 3599/51/1796 3602/7372/1796 3603/7373/1796
f 3599/51/1797 3601/7374/1797 3600/7375/1797
f 3610/7376/1798 3609/7377/1798 3614/7378/1798 3613/7379/1798 3611/7380/1798 3612/7381/1798
f 3613/7382/1799 3602/7383/1799 3599/22/1799 3600/7384/1799 3611/7385/1799
f 3606/7386/1800 3597/22/1800 3608/7387/1800
f 3598/51/1801 3610/7388/1801 3612/7389/1801
f 3610/7390/1802 3598/51/1802 3609/7391/1802
f 3598/30/1803 3605/7392/1803 3604/7393/1803
f 3607/7394/1804 3597/22/1804 3598/30/1804 3604/7395/1804
f 3609/7396/1805 3598/30/1805 3597/51/1805 3614/7397/1805
f 3597/51/1806 3606/7398/1806 3603/7399/1806 3602/7400/1806 3613/7401/1806 3614/7402/1806
f 3608/7403/1807 3597/51/1807 3607/7404/1807
f 3605/7405/1808 3598/22/1808 3612/7406/1808 3611/7407/1808 3600/7408/1808 3601/7409/1808
f 3605/7410/1809 3601/7411/1809 3603/7412/1809 3606/7413/1809 3608/7414/1809 3607/7415/1809 3604/7416/1809
f 3622/7417/1810 3617/22/1810 3623/7418/1810
f 3617/51/1811 3618/22/1811 3623/7419/1811
f 3623/7420/1812 3618/51/1812 3616/22/1812
f 3624/7421/1813 3623/7422/1813 3616/51/1813
f 3624/7423/1814 3616/51/1814 3625/7424/1814
f 3626/7425/1815 3617/22/1815 3622/7426/1815
f 3627/7427/1816 3628/7428/1816 3629/7429/1816 3617/30/1816 3626/7430/1816
f 3639/7431/1817 3616/22/1817 3617/30/1817 3629/7432/1817 3638/7433/1817
f 3617/30/1818 3616/51/1818 3618/22/1818
f 3625/7434/1819 3616/30/1819 3639/7435/1819 3640/7436/1819 3632/7437/1819
f 3634/7438/1820 3635/7439/1820 3628/7440/1820 3627/7441/1820 3636/7442/1820 3637/7443/1820
f 3634/7444/1821 3642/7445/1821 3641/7446/1821 3635/7447/1821
f 3637/7448/1822 3615/22/1822 3643/7449/1822 3642/7450/1822 3634/7451/1822
f 3640/7452/1823 3643/7453/1823 3615/51/1823 3632/7454/1823
f 3636/7455/1824 3615/22/1824 3637/7456/1824
f 3624/7457/1825 3625/7458/1825 3632/7459/1825 3615/30/1825 3636/7460/1825 3627/7461/1825 3626/7462/1825 3622/7463/1825 3623/7464/1825
f 3631/7465/1826 3630/7466/1826 3619/7467/1826 3620/7468/1826 3621/7469/1826 3633/7470/1826
f 3629/7471/1827 3628/7472/1827 3635/7473/1827 3641/7474/1827 3638/7475/1827
f 3649/7476/1828 3650/7477/1828 3651/7478/1828
f 3653/7479/1829 3652/7480/1829 3644/22/1829 3656/7481/1829 3655/7482/1829 3654/7483/1829
f 3657/7484/1830 3656/7485/1830 3644/51/1830 3659/7486/1830 3658/7487/1830
f 3659/7488/1831 3644/22/1831 3661/7489/1831 3660/7490/1831 3651/7491/1831 3650/7492/1831
f 3661/7493/1832 3644/51/1832 3652/7494/1832 3662/7495/1832
f 3646/7496/1833 3649/7497/1833 3651/7498/1833 3660/7499/1833 3662/7500/1833 3652/7501/1833 3653/7502/1833 3648/7503/1833 3647/7504/1833 3645/7505/1833
f 3660/7506/1834 3661/7507/1834 3662/7508/1834
f 3645/7509/1835 3657/7510/1835 3658/7511/1835 3646/7512/1835
f 3647/7513/1836 3655/7514/1836 3656/7515/1836 3657/7516/1836 3645/7517/1836
f 3655/7518/1837 3647/7519/1837 3648/7520/1837 3654/7521/1837
f 3648/7522/1838 3653/7523/1838 3654/7524/1838
f 3659/7525/1839 3650/7526/1839 3649/7527/1839 3646/7528/1839 3658/7529/1839
f 3673/7530/1840 3665/22/1840 3672/7531/1840
f 3675/7532/1841 3672/7533/1841 3665/51/1841 3676/7534/1841 3674/7535/1841
f 3677/7536/1842 3666/51/1842 3663/22/1842 3678/7537/1842
f 3666/22/1843 3677/7538/1843 3685/7539/1843
f 3688/7540/1844 3663/51/1844 3680/7541/1844 3689/7542/1844
f 3663/51/1845 3665/22/1845 3673/7543/1845 3680/7544/1845
f 3667/22/1846 3682/7545/1846 3676/7546/1846 3665/51/1846
f 3682/7547/1847 3667/51/1847 3684/7548/1847 3683/7549/1847
f 3666/22/1848 3665/30/1848 3663/51/1848
f 3665/30/1849 3666/51/1849 3685/7550/1849
f 3667/22/1850 3665/30/1850 3685/7551/1850 3686/7552/1850
f 3667/51/1851 3686/7553/1851 3684/7554/1851
f 3683/7555/1852 3668/7556/1852 3674/7557/1852 3676/7558/1852 3682/7559/1852
f 3669/7560/1853 3668/7561/1853 3683/7562/1853 3684/7563/1853
f 3680/7564/1854 3673/7565/1854 3672/7566/1854 3675/7567/1854 3670/7568/1854 3690/7569/1854 3689/7570/1854
f 3674/7571/1855 3668/7572/1855 3669/7573/1855 3670/7574/1855 3675/7575/1855
f 3664/7576/1856 3671/7577/1856 3679/7578/1856 3681/7579/1856
f 3686/7580/1857 3685/7581/1857 3677/7582/1857 3678/7583/1857 3687/7584/1857 3690/7585/1857 3670/7586/1857 3669/7587/1857 3684/7588/1857
f 3678/7589/1858 3663/51/1858 3688/7590/1858 3687/7591/1858
f 3705/7592/1859 3702/7593/1859 3693/51/1859 3695/51/1859 3704/7594/1859 3703/7595/1859
f 3707/7596/1860 3692/22/1860 3693/30/1860 3708/7597/1860
f 3692/51/1861 3695/22/1861 3693/30/1861
f 3710/7598/1862 3695/30/1862 3692/51/1862
f 3710/7599/1863 3704/7600/1863 3695/30/1863
f 3692/22/1864 3711/7601/1864 3710/7602/1864
f 3692/51/1865 3712/7603/1865 3711/7604/1865
f 3708/7605/1866 3693/22/1866 3702/7606/1866 3706/7607/1866 3709/7608/1866
f 3714/7609/1867 3692/22/1867 3707/7610/1867
f 3718/7611/1868 3716/7612/1868 3717/7613/1868 3713/7614/1868 3712/7615/1868 3692/30/1868 3714/7616/1868 3715/7617/1868
f 3717/7618/1869 3701/7619/1869 3700/7620/1869 3705/7621/1869 3703/7622/1869 3713/7623/1869
f 3706/7624/1870 3696/7625/1870 3694/7626/1870 3709/7627/1870
f 3709/7628/1871 3694/7629/1871 3697/7630/1871 3708/7631/1871
f 3698/7632/1872 3699/7633/1872 3691/22/1872 3718/7634/1872 3715/7635/1872
f 3691/51/1873 3716/7636/1873 3718/7637/1873
f 3703/7638/1874 3704/7639/1874 3710/7640/1874 3711/7641/1874 3712/7642/1874 3713/7643/1874
f 3716/7644/1875 3691/22/1875 3699/7645/1875 3701/7646/1875 3717/7647/1875
f 3701/7648/1876 3699/7649/1876 3698/7650/1876 3697/7651/1876 3694/7652/1876 3696/7653/1876 3700/7652/1876
f 3702/7654/1877 3705/7655/1877 3700/7656/1877 3696/7657/1877 3706/7658/1877
f 3714/7659/1878 3707/7660/1878 3708/7661/1878 3697/7662/1878 3698/7663/1878 3715/7664/1878
f 3722/22/1879 3739/7665/1879 3751/7666/1879 3721/51/1879 3723/51/1879
f 3740/7667/1880 3739/7668/1880 3722/22/1880 3741/7669/1880 3742/7670/1880
f 3741/7671/1881 3722/51/1881 3743/7672/1881
f 3743/7673/1882 3723/51/1882 3744/7674/1882 3745/7675/1882 3746/7676/1882
f 3747/7677/1883 3748/7678/1883 3746/7679/1883 3745/7680/1883
f 3722/51/1884 3723/22/1884 3743/7681/1884
f 3744/7682/1885 3723/51/1885 3721/22/1885 3750/7683/1885
f 3750/7684/1886 3721/51/1886 3751/7685/1886 3732/7686/1886 3733/7687/1886
f 3743/7688/1887 3749/7689/1887 3731/7690/1887 3730/7691/1887 3729/7692/1887 3728/7693/1887 3741/7694/1887
f 3747/7695/1888 3727/7696/1888 3748/7697/1888
f 3724/7698/1889 3725/7699/1889 3726/7700/1889 3735/7701/1889 3732/7702/1889 3751/7703/1889 3739/7704/1889 3740/7705/1889
f 3749/7706/1890 3743/7707/1890 3746/7708/1890 3748/7709/1890 3727/7710/1890
f 3741/7711/1891 3728/7712/1891 3719/22/1891 3742/7713/1891
f 3719/51/1892 3724/7714/1892 3740/7715/1892 3742/7716/1892
f 3724/7717/1893 3719/51/1893 3725/7718/1893
f 3719/22/1894 3729/7719/1894 3730/7720/1894 3738/7721/1894 3736/7722/1894
f 3728/7723/1895 3729/7724/1895 3719/51/1895
f 3725/7725/1896 3719/30/1896 3720/51/1896 3726/7726/1896
f 3736/7727/1897 3737/7728/1897 3719/30/1897
f 3734/7729/1898 3720/22/1898 3719/30/1898 3737/7730/1898
f 3726/7731/1899 3720/51/1899 3734/7732/1899 3735/7733/1899
f 3727/7734/1900 3747/7735/1900 3745/7736/1900 3744/7737/1900 3750/7738/1900 3733/7739/1900 3738/7740/1900 3730/7741/1900 3731/7742/1900 3749/7743/1900
f 3736/7744/1901 3738/7745/1901 3733/7746/1901 3732/7747/1901 3735/7748/1901 3734/7749/1901 3737/7750/1901
f 3757/7751/1902 3758/7752/1902 3756/7753/1902
f 3758/7754/1903 3759/7755/1903 3756/7756/1903
f 3752/7757/1904 3753/7758/1904 3755/7759/1904
f 3754/7760/1905 3752/7757/1905 3755/7759/1905
f 3770/7761/1906 3777/7762/1906 3763/30/1906
f 3771/7763/1907 3764/22/1907 3763/30/1907 3772/7764/1907
f 3768/7765/1908 3765/7766/1908 3766/7767/1908 3767/7768/1908 3769/7769/1908 3770/7770/1908 3763/51/1908
f 3772/7771/1909 3763/30/1909 3777/7772/1909
f 3794/7773/1910 3779/7774/1910 3778/7775/1910 3775/7776/1910 3776/7777/1910
f 3789/7778/1911 3783/7779/1911 3781/7780/1911 3795/7781/1911 3796/7782/1911 3784/7783/1911 3785/7784/1911 3786/7785/1911 3787/7786/1911
f 3784/7787/1912 3796/7788/1912 3797/7789/1912 3791/7790/1912
f 3792/7791/1913 3764/22/1913 3771/7792/1913 3791/7793/1913 3797/7794/1913
f 3779/7795/1914 3798/7796/1914 3778/7797/1914
f 3781/7798/1915 3774/7799/1915 3775/7800/1915 3778/7801/1915 3798/7802/1915 3795/7803/1915
f 3765/7804/1916 3768/7805/1916 3774/7806/1916 3781/7807/1916 3783/7808/1916
f 3760/22/1917 3766/7809/1917 3765/7810/1917 3783/7811/1917 3789/7812/1917
f 3766/7813/1918 3760/51/1918 3761/22/1918 3767/7814/1918
f 3761/51/1919 3769/7815/1919 3767/7816/1919
f 3798/7817/1920 3779/7818/1920 3794/7819/1920
f 3761/22/1921 3787/7820/1921 3786/7821/1921
f 3787/7822/1922 3761/51/1922 3760/22/1922 3789/7823/1922
f 3761/30/1923 3786/7824/1923 3785/7825/1923
f 3762/7826/1924 3780/7827/1924 3793/7828/1924 3773/7829/1924 3790/7830/1924 3788/7831/1924 3782/7832/1924
f 3772/7833/1925 3777/7834/1925 3770/7835/1925 3769/7836/1925 3761/30/1925 3785/7837/1925 3784/7838/1925 3791/7839/1925 3771/7840/1925
f 3768/7841/1926 3763/30/1926 3764/51/1926 3792/7842/1926 3776/7843/1926 3775/7844/1926 3774/7845/1926
f 3823/7846/1927 3824/7847/1927 3822/7848/1927
f 3825/7849/1928 3799/22/1928 3826/7850/1928 3824/7851/1928 3823/7852/1928
f 3799/51/1929 3800/22/1929 3827/7853/1929 3826/7854/1929
f 3800/51/1930 3828/7855/1930 3827/7856/1930
f 3799/22/1931 3825/7857/1931 3831/7858/1931 3817/7859/1931 3821/7860/1931
f 3830/7861/1932 3829/7862/1932 3799/51/1932 3814/7863/1932 3813/7864/1932 3810/7865/1932 3811/7866/1932
f 3815/7867/1933 3816/7868/1933 3819/7869/1933 3817/7870/1933 3831/7871/1933 3832/7872/1933
f 3821/7873/1934 3814/7874/1934 3799/30/1934
f 3815/7875/1935 3811/7876/1935 3810/7877/1935 3816/7878/1935
f 3813/7879/1936 3819/7880/1936 3816/7881/1936 3810/7882/1936
f 3819/7883/1937 3813/7884/1937 3814/7885/1937 3821/7886/1937 3817/7887/1937
f 3832/7888/1938 3833/7889/1938 3830/7890/1938 3811/7891/1938 3815/7892/1938
f 3812/7893/1939 3801/7894/1939 3803/7895/1939 3802/7896/1939 3805/7897/1939 3807/7898/1939 3808/7899/1939 3809/7900/1939
f 3806/7901/1940 3804/7902/1940 3803/7903/1940 3801/7904/1940 3820/7905/1940 3818/7906/1940
f 3828/7907/1941 3800/22/1941 3799/22/1941 3829/7908/1941
f 3854/7909/1942 3835/22/1942 3855/7910/1942 3853/7911/1942
f 3835/30/1943 3844/7912/1943 3846/7913/1943 3840/7914/1943 3857/7915/1943 3856/7916/1943 3855/7917/1943
f 3835/22/1944 3854/7918/1944 3858/7919/1944
f 3844/7920/1945 3835/30/1945 3845/7921/1945
f 3848/7922/1946 3845/7923/1946 3835/30/1946 3836/51/1946
f 3859/7924/1947 3836/22/1947 3835/30/1947 3858/7925/1947
f 3861/7926/1948 3860/7927/1948 3862/7928/1948 3851/7929/1948
f 3861/7930/1949 3851/7931/1949 3848/7932/1949 3836/22/1949 3859/7933/1949
f 3852/7934/1950 3847/7935/1950 3843/7936/1950 3838/7937/1950 3837/7938/1950 3834/7939/1950 3850/7940/1950
f 3850/7940/1951 3834/7939/1951 3842/7941/1951 3841/7942/1951 3849/7943/1951
f 3842/7941/1952 3834/7939/1952 3837/7944/1952 3839/7945/1952
f 3846/7946/1953 3844/7947/1953 3845/7948/1953 3848/7949/1953 3851/7950/1953 3862/7951/1953 3857/7952/1953 3840/7953/1953
f 3889/7954/1954 3890/7955/1954 3871/7956/1954 3870/7957/1954
f 3874/7958/1955 3867/22/1955 3873/7959/1955
f 3891/7960/1956 3893/7961/1956 3892/7962/1956
f 3894/7963/1957 3896/7964/1957 3873/7965/1957 3867/51/1957 3895/7966/1957
f 3897/7967/1958 3882/7968/1958 3884/7969/1958
f 3884/7970/1959 3871/7971/1959 3890/7972/1959 3897/7973/1959
f 3886/7974/1960 3881/7975/1960 3867/51/1960 3874/7976/1960 3887/7977/1960 3888/7978/1960 3885/7979/1960
f 3863/7980/1961 3870/7981/1961 3871/7982/1961 3884/7983/1961 3882/7984/1961 3881/7985/1961 3886/7986/1961
f 3864/7987/1962 3863/7988/1962 3886/7989/1962 3885/7990/1962
f 3865/7991/1963 3864/7992/1963 3885/7993/1963 3888/7994/1963
f 3898/7995/1964 3899/7996/1964 3865/7997/1964 3888/7998/1964 3887/7999/1964
f 3891/8000/1965 3889/8001/1965 3870/8002/1965 3863/8003/1965 3864/8004/1965 3865/8005/1965 3899/8006/1965 3893/8007/1965
f 3868/8008/1966 3866/8009/1966 3875/8010/1966 3879/8011/1966 3878/8012/1966 3876/8013/1966
f 3883/8014/1967 3872/8015/1967 3869/8016/1967 3877/8017/1967 3878/8018/1967 3879/8019/1967 3880/8020/1967
f 3873/8021/1968 3896/8022/1968 3898/8023/1968 3887/8024/1968 3874/8025/1968
f 3897/8026/1969 3895/8027/1969 3867/51/1969 3881/8028/1969 3882/8029/1969
f 3912/8030/1970 3905/8031/1970 3906/8032/1970 3913/8033/1970
f 3914/8034/1971 3913/8035/1971 3906/8036/1971 3910/8037/1971 3909/8038/1971 3908/8039/1971
f 3909/8040/1972 3900/8041/1972 3901/8042/1972 3908/8043/1972
f 3910/8044/1973 3902/8045/1973 3900/8046/1973 3909/8047/1973
f 3906/8048/1974 3905/8049/1974 3902/8050/1974 3910/8051/1974
f 3901/8052/1975 3915/8053/1975 3914/8054/1975 3908/8055/1975
f 3901/8056/1976 3900/8057/1976 3902/8058/1976 3905/8059/1976 3912/8060/1976 3915/8061/1976
f 3911/8062/1977 3903/8063/1977 3904/8064/1977 3907/8065/1977
f 3930/8066/1978 3927/8067/1978 3918/51/1978 3943/8068/1978 3942/8069/1978
f 3931/8070/1979 3933/8071/1979 3937/8072/1979 3936/8073/1979 3935/8074/1979 3934/8075/1979 3930/8076/1979 3942/8077/1979 3944/8078/1979
f 3945/8079/1980 3918/22/1980 3924/8080/1980
f 3943/8081/1981 3918/30/1981 3945/8082/1981
f 3946/8083/1982 3931/8084/1982 3944/8085/1982
f 3931/8086/1983 3946/8087/1983 3947/8088/1983 3933/8089/1983
f 3933/8090/1984 3947/8091/1984 3948/8092/1984 3937/8093/1984
f 3950/8094/1985 3949/8095/1985 3935/8096/1985 3936/8097/1985
f 3948/8098/1986 3950/8099/1986 3936/8100/1986 3937/8101/1986
f 3949/8102/1987 3951/8103/1987 3934/8104/1987 3935/8105/1987
f 3916/8106/1988 3932/8107/1988 3928/8108/1988 3929/8109/1988 3938/8110/1988 3939/8111/1988 3940/8112/1988 3952/8113/1988 3922/8114/1988 3920/8115/1988 3921/8116/1988 3919/8117/1988 3917/8118/1988
f 3952/8113/1989 3940/8112/1989 3941/8119/1989
f 3934/8120/1990 3951/8121/1990 3923/8122/1990 3925/8123/1990 3927/8124/1990 3930/8125/1990
f 3918/51/1991 3927/8126/1991 3925/8127/1991 3926/8128/1991 3924/8129/1991
f 3966/8130/1992 3967/8131/1992 3955/8132/1992 3956/8133/1992
f 3954/22/1993 3959/8134/1993 3955/8135/1993 3967/8136/1993 3968/8137/1993
f 3961/8138/1994 3959/8139/1994 3954/51/1994
f 3964/8140/1995 3954/22/1995 3970/8141/1995 3969/8142/1995
f 3954/51/1996 3968/8143/1996 3970/8144/1996
f 3954/51/1997 3965/8145/1997 3961/8146/1997
f 3964/8147/1998 3965/8148/1998 3954/51/1998
f 3960/8149/1999 3958/8150/1999 3957/8151/1999 3971/8152/1999 3962/8153/1999 3963/8154/1999
f 3966/8155/2000 3956/8156/2000 3953/8157/2000
f 3965/8158/2001 3964/8159/2001 3969/8160/2001 3953/8161/2001 3956/8162/2001 3955/8163/2001 3959/8164/2001 3961/8165/2001
f 3975/8166/2002 3974/8167/2002 3973/8168/2002
f 3976/8169/2003 3977/8170/2003 3978/8171/2003 3979/8172/2003
f 3975/8173/2004 3973/8174/2004 4000/8175/2004 4001/8176/2004 3980/8177/2004 3983/8178/2004
f 3998/8179/2005 3977/8180/2005 3976/8181/2005 3974/8182/2005 3975/8183/2005 3983/8184/2005 3988/8185/2005 3989/8186/2005 3991/8187/2005
f 3972/22/2006 3984/8188/2006 3980/8189/2006 4001/8190/2006 4002/8191/2006
f 3984/8192/2007 3972/51/2007 3986/8193/2007
f 3988/8194/2008 3986/8195/2008 3972/51/2008 4002/8196/2008 4003/8197/2008 3989/8198/2008
f 3991/8199/2009 3989/8200/2009 4003/8201/2009 4004/8202/2009
f 3979/8203/2010 3978/8204/2010 3992/8205/2010 3993/8206/2010
f 3996/8207/2011 4006/8208/2011 4005/8209/2011 3993/8210/2011 3992/8211/2011
f 4007/8212/2012 4006/8213/2012 3996/8214/2012
f 3991/8215/2013 4004/8216/2013 4008/8217/2013 3998/8218/2013
f 3973/8219/2014 3974/8220/2014 3976/8221/2014 3979/8222/2014 3993/8223/2014 4005/8224/2014 4000/8225/2014
f 3982/8226/2015 3981/8227/2015 3994/8228/2015 3995/8229/2015 3997/8230/2015 3999/8231/2015 3990/8232/2015 3987/8233/2015 3985/8234/2015
f 3978/8235/2016 3977/8236/2016 3998/8237/2016 4008/8238/2016 4007/8239/2016 3996/8240/2016 3992/8241/2016
f 3988/8242/2017 3983/8243/2017 3980/8244/2017 3984/8245/2017 3986/8246/2017
f 4010/22/2018 4022/8247/2018 4023/8248/2018
f 4022/8249/2019 4010/51/2019 4014/8250/2019 4015/8251/2019 4016/8252/2019 4024/8253/2019
f 4025/8254/2020 4024/8255/2020 4016/8256/2020 4017/8257/2020
f 4014/8258/2021 4010/30/2021 4021/8259/2021
f 4015/8260/2022 4009/8261/2022 4017/8262/2022 4016/8263/2022
f 4019/8264/2023 4012/8265/2023 4011/8266/2023 4013/8267/2023 4018/8268/2023
f 4017/8269/2024 4009/8270/2024 4020/8271/2024 4026/8272/2024 4025/8273/2024
f 4021/8274/2025 4020/8275/2025 4009/8276/2025 4015/8277/2025 4014/8278/2025
f 4010/51/2026 4023/8279/2026 4026/8280/2026 4020/8281/2026 4021/8282/2026
f 4029/8283/2027 4028/8284/2027 4030/8285/2027 4031/8286/2027
f 4032/8287/2028 4033/8288/2028 4027/22/2028 4039/8289/2028 4038/8290/2028 4036/8291/2028 4035/8292/2028
f 4034/8293/2029 4033/8294/2029 4032/8295/2029 4028/8296/2029 4029/8297/2029
f 4038/8298/2030 4039/8299/2030 4027/51/2030 4034/8300/2030 4029/8301/2030 4031/8302/2030 4037/8303/2030
f 4034/8304/2031 4027/30/2031 4033/8305/2031
f 4028/8306/2032 4032/8307/2032 4035/8308/2032 4030/8309/2032
f 4036/8310/2033 4038/8311/2033 4037/8312/2033 4031/8313/2033 4030/8314/2033 4035/8315/2033
f 4051/8316/2034 4048/8317/2034 4047/8318/2034 4050/8319/2034
f 4050/8320/2035 4044/8321/2035 4052/8322/2035 4053/8323/2035 4051/8324/2035
f 4053/8325/2036 4052/8326/2036 4054/8327/2036 4055/8328/2036
f 4043/8329/2037 4042/8330/2037 4040/8331/2037 4058/8332/2037 4049/8333/2037 4048/8334/2037 4051/8335/2037 4053/8336/2037 4055/8337/2037
f 4044/8338/2038 4045/8339/2038 4054/8340/2038 4052/8341/2038
f 4043/8342/2039 4055/8343/2039 4054/8344/2039 4045/8345/2039
f 4042/8346/2040 4043/8347/2040 4045/8348/2040 4044/8349/2040
f 4041/8350/2041 4056/8351/2041 4057/8352/2041
f 4058/8353/2042 4040/8354/2042 4042/8355/2042 4044/8356/2042 4050/8357/2042 4047/8358/2042 4046/8359/2042
f 4046/8360/2043 4047/8361/2043 4048/8362/2043 4049/8363/2043
f 4061/22/2044 4075/8364/2044 4076/8365/2044
f 4075/8366/2045 4061/51/2045 4065/8367/2045 4077/8368/2045
f 4065/8369/2046 4061/51/2046 4079/8370/2046 4078/8371/2046 4066/8372/2046
f 4069/8373/2047 4072/8374/2047 4073/8375/2047
f 4061/51/2048 4076/8376/2048 4079/8377/2048
f 4080/8378/2049 4081/8379/2049 4059/30/2049 4073/8380/2049 4072/8381/2049 4071/8382/2049
f 4073/8383/2050 4059/30/2050 4070/8384/2050 4069/8385/2050
f 4067/8386/2051 4068/8387/2051 4063/8388/2051 4062/8389/2051 4064/8390/2051 4060/8391/2051 4074/8392/2051
f 4059/22/2052 4081/8393/2052 4077/8394/2052 4065/8395/2052 4066/8396/2052 4070/8397/2052
f 4078/8398/2053 4080/8399/2053 4071/8400/2053 4072/8401/2053 4069/8402/2053 4070/8403/2053 4066/8404/2053
f 4088/8405/2054 4086/8406/2054 4087/8407/2054
f 4095/8408/2055 4096/8409/2055 4089/8410/2055 4094/8411/2055
f 4086/8412/2056 4088/8413/2056 4097/8414/2056 4094/8415/2056 4089/8416/2056
f 4098/8417/2057 4084/8418/2057 4087/8419/2057 4086/8420/2057 4089/8421/2057 4096/8422/2057
f 4084/8423/2058 4098/8424/2058 4099/8425/2058 4100/8426/2058
f 4082/8427/2059 4085/8428/2059 4090/8429/2059 4092/8430/2059
f 4091/8431/2060 4093/8432/2060 4083/8433/2060 4082/8427/2060 4092/8430/2060
f 4087/8434/2061 4084/8435/2061 4100/8436/2061 4097/8437/2061 4088/8438/2061
f 4107/8439/2062 4105/8440/2062 4110/8441/2062 4111/8442/2062
f 4104/8443/2063 4110/8444/2063 4105/8445/2063
f 4101/8446/2064 4113/8447/2064 4112/8448/2064 4108/8449/2064
f 4101/8450/2065 4108/8451/2065 4104/8452/2065 4105/8453/2065 4107/8454/2065
f 4103/8455/2066 4109/8456/2066 4102/8457/2066 4106/8458/2066
f 4113/8459/2067 4101/8460/2067 4107/8461/2067 4111/8462/2067
f 4112/8463/2068 4110/8464/2068 4104/8465/2068 4108/8466/2068
f 4120/8467/2069 4118/8468/2069 4119/8469/2069 4121/8470/2069
f 4123/8471/2070 4138/8472/2070 4139/8473/2070
f 4123/8474/2071 4139/8475/2071 4140/8476/2071 4115/22/2071 4125/8477/2071
f 4128/8478/2072 4129/8479/2072 4127/8480/2072 4125/8481/2072 4115/51/2072 4130/8482/2072
f 4141/8483/2073 4120/8484/2073 4121/8485/2073 4131/8486/2073 4142/8487/2073
f 4143/8488/2074 4144/8489/2074 4145/8490/2074
f 4115/22/2075 4140/8491/2075 4143/8492/2075 4145/8493/2075 4146/8494/2075 4130/8495/2075
f 4128/8496/2076 4147/8497/2076 4148/8498/2076 4149/8499/2076 4131/8500/2076 4121/8501/2076 4119/8502/2076 4129/8503/2076
f 4146/8504/2077 4147/8505/2077 4128/8506/2077 4130/8507/2077
f 4118/8508/2078 4120/8509/2078 4141/8510/2078 4138/8511/2078 4123/8512/2078 4125/8513/2078 4127/8514/2078
f 4142/8515/2079 4131/8516/2079 4149/8517/2079
f 4117/8518/2080 4116/8519/2080 4135/8520/2080 4134/8521/2080 4126/8522/2080 4124/8523/2080 4122/8524/2080 4132/8525/2080 4133/8526/2080
f 4135/8527/2081 4116/8519/2081 4114/8528/2081 4137/8529/2081 4136/8530/2081
f 4119/8531/2082 4118/8532/2082 4127/8533/2082 4129/8534/2082
f 4155/8535/2083 4153/8536/2083 4154/8537/2083
f 4156/8538/2084 4154/8539/2084 4153/8540/2084 4157/8541/2084
f 4157/8542/2085 4158/8543/2085 4159/8544/2085 4156/8545/2085
f 4164/8546/2086 4160/8547/2086 4159/8548/2086 4158/8549/2086 4163/8550/2086
f 4150/22/2087 4155/8551/2087 4154/8552/2087 4156/8553/2087 4159/8554/2087 4160/8555/2087
f 4150/51/2088 4165/8556/2088 4166/8557/2088 4153/8558/2088 4155/8559/2088
f 4157/8560/2089 4153/8561/2089 4166/8562/2089 4163/8563/2089 4158/8564/2089
f 4160/8565/2090 4164/8566/2090 4165/8567/2090 4150/30/2090
f 4161/8568/2091 4152/8569/2091 4151/8570/2091 4162/8571/2091
f 4168/8572/2092 4169/8573/2092 4167/30/2092
f 4167/30/2093 4169/8574/2093 4170/8575/2093 4172/8576/2093 4171/8577/2093
f 4167/30/2094 4171/8578/2094 4173/8579/2094
f 4189/8580/2095 4188/8581/2095 4167/30/2095 4173/8582/2095 4190/8583/2095 4191/8584/2095
f 4179/8585/2096 4167/30/2096 4188/8586/2096 4192/8587/2096
f 4168/8588/2097 4167/30/2097 4179/8589/2097
f 4180/8590/2098 4172/8591/2098 4170/8592/2098
f 4193/8593/2099 4189/8594/2099 4191/8595/2099
f 4182/8596/2100 4185/8597/2100 4195/8598/2100 4194/8599/2100
f 4195/8600/2101 4185/8601/2101 4197/8602/2101 4196/8603/2101
f 4173/8604/2102 4171/8605/2102 4172/8606/2102 4180/8607/2102 4182/8608/2102 4194/8609/2102 4190/8610/2102
f 4185/8611/2103 4182/8612/2103 4180/8613/2103 4170/8614/2103 4169/8615/2103 4168/8616/2103 4179/8617/2103 4192/8618/2103 4197/8619/2103
f 4176/8620/2104 4181/8621/2104 4187/8622/2104 4186/8623/2104 4178/8624/2104 4175/8625/2104
f 4187/8622/2105 4181/8621/2105 4177/8626/2105 4174/8627/2105 4183/8628/2105 4184/8629/2105
f 4200/8630/2106 4201/8631/2106 4199/22/2106
f 4200/8632/2107 4199/51/2107 4203/8633/2107 4202/8634/2107
f 4207/8635/2108 4204/8636/2108 4206/8637/2108 4205/8638/2108
f 4204/8639/2109 4208/8640/2109 4206/8641/2109
f 4203/8642/2110 4199/51/2110 4209/8643/2110 4207/8644/2110 4205/8645/2110
f 4212/8646/2111 4210/8647/2111 4211/8648/2111
f 4213/8649/2112 4199/22/2112 4214/8650/2112 4211/8651/2112 4210/8652/2112
f 4199/51/2113 4215/8653/2113 4214/8654/2113
f 4201/8655/2114 4215/8656/2114 4199/51/2114
f 4209/8657/2115 4199/30/2115 4213/8658/2115
f 4205/8659/2116 4206/8660/2116 4208/8661/2116 4198/30/2116 4202/8662/2116 4203/8663/2116
f 4204/8664/2117 4198/30/2117 4208/8665/2117
f 4214/8666/2118 4215/8667/2118 4201/8668/2118 4200/8669/2118 4202/8670/2118 4198/30/2118 4212/8671/2118 4211/8672/2118
f 4198/30/2119 4204/8673/2119 4207/8674/2119 4209/8675/2119 4213/8676/2119 4210/8677/2119 4212/8678/2119
f 4226/8679/2120 4228/8680/2120 4227/8681/2120
f 4229/8682/2121 4227/8683/2121 4228/8684/2121 4230/8685/2121 4216/22/2121 4222/8686/2121
f 4222/8687/2122 4216/51/2122 4223/8688/2122
f 4232/8689/2123 4229/8690/2123 4222/8691/2123 4223/8692/2123
f 4220/8693/2124 4217/8694/2124 4218/8695/2124 4231/8696/2124
f 4231/8696/2125 4218/8695/2125 4219/8697/2125 4221/8698/2125 4224/8699/2125
f 4216/51/2126 4230/8700/2126 4225/8701/2126 4232/8702/2126 4223/8703/2126
f 4256/8704/2127 4234/8705/2127 4233/8706/2127
f 4239/8707/2128 4236/8708/2128 4237/8709/2128 4238/8710/2128
f 4255/8711/2129 4237/8712/2129 4236/8713/2129 4240/8714/2129 4254/8715/2129
f 4234/8716/2130 4256/8717/2130 4260/8718/2130 4259/8719/2130 4244/8720/2130 4248/8721/2130
f 4252/8722/2131 4250/8723/2131 4251/8724/2131
f 4252/8725/2132 4261/8726/2132 4254/8727/2132 4240/8728/2132 4250/8729/2132
f 4239/8730/2133 4238/8731/2133 4233/8732/2133 4234/8733/2133 4248/8734/2133
f 4247/8735/2134 4243/8736/2134 4261/8737/2134 4252/8738/2134 4251/8739/2134
f 4244/8740/2135 4247/8741/2135 4251/8742/2135 4250/8743/2135 4240/8744/2135 4236/8745/2135 4239/8746/2135 4248/8747/2135
f 4255/8748/2136 4256/8749/2136 4233/8750/2136 4238/8751/2136 4237/8752/2136
f 4249/8753/2137 4258/8754/2137 4245/8755/2137
f 4258/8756/2138 4249/8757/2138 4235/8758/2138 4242/8759/2138 4241/8760/2138 4253/8761/2138 4257/8762/2138
f 4243/8763/2139 4247/8764/2139 4244/8765/2139 4259/8766/2139 4246/8767/2139
f 4266/8768/2140 4264/8769/2140 4272/8770/2140 4273/8771/2140
f 4268/8772/2141 4266/8773/2141 4273/8774/2141 4274/8775/2141
f 4276/8776/2142 4263/8777/2142 4271/8778/2142 4270/8779/2142
f 4263/8780/2143 4264/8781/2143 4266/8782/2143 4268/8783/2143 4271/8784/2143
f 4264/8785/2144 4263/8786/2144 4276/8787/2144 4272/8788/2144
f 4265/8789/2145 4262/8790/2145 4275/8791/2145 4269/8792/2145 4267/8793/2145
f 4270/8794/2146 4271/8795/2146 4268/8796/2146 4274/8797/2146
f 4287/8798/2147 4280/8799/2147 4282/8800/2147 4288/8801/2147
f 4285/8802/2148 4286/8803/2148 4277/8804/2148
f 4280/8805/2149 4291/8806/2149 4290/8807/2149 4277/8808/2149 4286/8809/2149 4282/8810/2149
f 4277/8811/2150 4290/8812/2150 4289/8813/2150 4285/8814/2150
f 4287/8815/2151 4291/8816/2151 4280/8817/2151
f 4284/8818/2152 4278/8819/2152 4279/8820/2152 4281/8821/2152 4283/8822/2152
f 4289/8823/2153 4288/8824/2153 4282/8825/2153 4286/8826/2153 4285/8827/2153
f 4297/8828/2154 4296/8829/2154 4306/8830/2154 4307/8831/2154 4294/8832/2154 4295/8833/2154
f 4294/8834/2155 4307/8835/2155 4308/8836/2155 4300/8837/2155
f 4304/8838/2156 4293/8839/2156 4297/8840/2156 4295/8841/2156 4305/8842/2156
f 4305/8843/2157 4295/8844/2157 4294/8845/2157 4300/8846/2157
f 4293/8847/2158 4296/8848/2158 4297/8849/2158
f 4302/8850/2159 4311/8851/2159 4306/8852/2159 4296/8853/2159 4293/8854/2159 4304/8855/2159
f 4301/8856/2160 4299/8857/2160 4298/8858/2160 4292/8859/2160 4310/8860/2160
f 4310/8861/2161 4292/8862/2161 4309/8863/2161
f 4302/8864/2162 4304/8865/2162 4305/8866/2162 4300/8867/2162 4308/8868/2162 4303/8869/2162
f 4319/8870/2163 4333/8871/2163 4332/8872/2163
f 4319/8873/2164 4332/8874/2164 4334/8875/2164 4335/8876/2164 4320/8877/2164 4323/8878/2164
f 4325/8879/2165 4336/8880/2165 4337/8881/2165 4324/8882/2165
f 4325/8883/2166 4320/8884/2166 4335/8885/2166 4336/8886/2166
f 4328/8887/2167 4324/8888/2167 4337/8889/2167 4338/8890/2167 4329/8891/2167 4330/8892/2167
f 4330/8893/2168 4340/8894/2168 4339/8895/2168 4328/8896/2168
f 4323/8897/2169 4342/8898/2169 4341/8899/2169 4333/8900/2169 4319/8901/2169
f 4328/8902/2170 4339/8903/2170 4342/8904/2170 4323/8905/2170 4320/8906/2170 4325/8907/2170 4324/8908/2170
f 4329/8909/2171 4343/8910/2171 4340/8911/2171 4330/8912/2171
f 4343/8913/2172 4329/8914/2172 4338/8915/2172
f 4321/8916/2173 4322/8917/2173 4315/8918/2173 4316/8919/2173 4313/8920/2173 4314/8921/2173 4312/8922/2173 4331/8923/2173 4327/8924/2173 4326/8925/2173
f 4318/8926/2174 4315/8927/2174 4322/8928/2174 4317/8929/2174
f 4350/8930/2175 4349/8931/2175 4352/8932/2175 4351/8933/2175
f 4355/8934/2176 4353/8935/2176 4354/8936/2176
f 4357/8937/2177 4358/8938/2177 4356/8939/2177 4346/51/2177 4359/8940/2177
f 4358/8941/2178 4357/8942/2178 4360/8943/2178
f 4359/8944/2179 4346/30/2179 4361/8945/2179 4362/8946/2179
f 4361/8947/2180 4354/8948/2180 4353/8949/2180 4345/8950/2180 4344/8951/2180 4351/8952/2180 4352/8953/2180 4362/8954/2180
f 4351/8955/2181 4344/8956/2181 4347/8957/2181 4349/8958/2181 4350/8959/2181
f 4347/8960/2182 4344/8961/2182 4345/8962/2182 4348/8963/2182
f 4348/8964/2183 4345/8965/2183 4353/8966/2183 4355/8967/2183 4356/8968/2183 4358/8969/2183 4360/8970/2183
f 4349/8971/2184 4347/8972/2184 4348/8973/2184 4360/8974/2184 4357/8975/2184 4359/8976/2184 4362/8977/2184 4352/8978/2184
f 4354/8979/2185 4361/8980/2185 4346/22/2185 4356/8981/2185 4355/8982/2185
f 4372/8983/2186 4370/8984/2186 4365/51/2186 4373/8985/2186
f 4374/8986/2187 4373/8987/2187 4365/51/2187 4369/8988/2187
f 4368/8989/2188 4370/8990/2188 4372/8991/2188 4363/8992/2188 4364/8993/2188
f 4367/8994/2189 4364/8995/2189 4363/8996/2189 4366/8997/2189 4371/8998/2189
f 4366/8999/2190 4374/9000/2190 4369/9001/2190 4371/9002/2190
f 4368/9003/2191 4364/9004/2191 4367/9005/2191
f 4366/9006/2192 4363/9007/2192 4372/9008/2192 4373/9009/2192 4374/9010/2192
f 4369/9011/2193 4365/22/2193 4370/9012/2193 4368/9013/2193 4367/9014/2193 4371/9015/2193
f 4384/9016/2194 4383/9017/2194 4379/9018/2194 4380/9019/2194 4381/9020/2194 4382/9021/2194
f 4381/9022/2195 4385/9023/2195 4378/22/2195 4386/9024/2195 4382/9025/2195
f 4378/51/2196 4387/9026/2196 4386/9027/2196
f 4390/9028/2197 4388/9029/2197 4389/9030/2197 4391/9031/2197
f 4394/9032/2198 4378/30/2198 4392/9033/2198
f 4395/9034/2199 4378/30/2199 4394/9035/2199
f 4390/9036/2200 4387/9037/2200 4378/30/2200 4395/9038/2200 4396/9039/2200 4388/9040/2200
f 4391/9041/2201 4377/9042/2201 4384/9043/2201 4382/9044/2201 4386/9045/2201 4387/9046/2201 4390/9047/2201
f 4396/9048/2202 4375/51/2202 4389/9049/2202 4388/9050/2202
f 4377/9051/2203 4375/51/2203 4383/9052/2203 4384/9053/2203
f 4383/9054/2204 4375/51/2204 4376/22/2204 4379/9055/2204
f 4380/9056/2205 4379/9057/2205 4376/51/2205
f 4394/9058/2206 4392/9059/2206 4393/9060/2206 4376/51/2206 4375/22/2206 4396/9061/2206 4395/9062/2206
f 4381/9063/2207 4380/9064/2207 4376/22/2207 4393/9065/2207 4385/9066/2207
f 4377/9067/2208 4391/9068/2208 4389/9069/2208 4375/51/2208
f 4392/9070/2209 4378/22/2209 4385/9071/2209 4393/9072/2209
f 4397/22/2210 4399/9073/2210 4400/9074/2210 4401/9075/2210
f 4402/9076/2211 4399/9077/2211 4397/51/2211
f 4404/9078/2212 4397/22/2212 4401/9079/2212 4403/9080/2212
f 4405/9081/2213 4397/30/2213 4404/9082/2213
f 4397/30/2214 4405/9083/2214 4406/9084/2214
f 4407/9085/2215 4402/9086/2215 4397/30/2215 4406/9087/2215
f 4407/9088/2216 4398/9089/2216 4400/9090/2216 4399/9091/2216 4402/9092/2216
f 4400/9093/2217 4398/9094/2217 4403/9095/2217 4401/9096/2217
f 4406/9097/2218 4405/9098/2218 4404/9099/2218 4403/9100/2218 4398/9101/2218 4407/9102/2218
f 4411/9103/2219 4413/9104/2219 4412/9105/2219
f 4411/9106/2220 4412/9107/2220 4417/9108/2220 4414/9109/2220 4415/9110/2220 4416/9111/2220
f 4418/9112/2221 4414/9113/2221 4417/9114/2221
f 4413/9115/2222 4408/9116/2222 4409/9117/2222 4410/9118/2222 4418/9119/2222 4417/9120/2222 4412/9121/2222
f 4413/9122/2223 4411/9123/2223 4408/9124/2223
f 4408/9125/2224 4411/9126/2224 4416/9127/2224 4409/9128/2224
f 4409/9129/2225 4416/9130/2225 4415/9131/2225 4410/9132/2225
f 4418/9133/2226 4410/9134/2226 4415/9135/2226 4414/9136/2226
f 4421/9137/2227 4422/9138/2227 4423/9139/2227 4424/9140/2227
f 4421/9141/2228 4424/9142/2228 4426/9143/2228 4425/9144/2228
f 4423/9145/2229 4419/9146/2229 4426/9147/2229 4424/9148/2229
f 4420/9149/2230 4419/9150/2230 4423/9151/2230 4422/9152/2230
f 4425/9153/2231 4420/9154/2231 4422/9155/2231 4421/9156/2231
f 4426/9157/2232 4419/9158/2232 4420/9159/2232 4425/9160/2232
f 4436/522/130 4433/523/130 4428/51/130 4435/524/130 4434/525/130
f 4439/526/131 4431/527/131 4441/528/131
f 4435/529/132 4428/22/132 4432/530/132 4442/531/132
f 4434/532/133 4444/533/133 4443/534/133 4436/535/133
f 4442/536/134 4444/537/134 4434/538/134 4435/539/134
f 4430/540/135 4437/541/135 4427/542/135 4429/543/135 4438/544/135 4440/545/135
f 4431/546/136 4433/547/136 4436/548/136 4443/549/136 4441/550/136
f 4432/551/137 4428/22/137 4433/552/137 4431/553/137 4439/554/137
f 4450/555/138 4451/556/138 4449/22/138
f 4450/557/139 4449/51/139 4452/558/139 4453/559/139 4454/560/139
f 4456/561/140 4452/562/140 4449/51/140 4455/563/140
f 4457/564/141 4455/565/141 4449/51/141
f 4459/566/142 4448/22/142 4460/567/142 4461/568/142 4458/569/142
f 4448/51/143 4449/22/143 4451/570/143 4460/571/143
f 4462/572/144 4449/30/144 4448/51/144 4463/573/144
f 4449/30/145 4462/574/145 4464/575/145
f 4457/576/146 4449/30/146 4464/577/146 4465/578/146 4466/579/146
f 4463/580/147 4448/22/147 4459/581/147
f 4447/30/148 4454/582/148 4453/583/148
f 4461/584/149 4446/51/149 4445/22/149 4458/585/149
f 4458/586/150 4445/51/150 4465/587/150 4464/588/150 4462/589/150 4463/590/150 4459/591/150
f 4447/30/151 4453/592/151 4452/593/151 4456/594/151
f 4466/595/152 4445/22/152 4447/30/152 4456/596/152 4455/597/152 4457/598/152
f 4445/51/153 4446/22/153 4447/30/153
f 4445/30/154 4466/599/154 4465/600/154
f 4454/601/155 4447/51/155 4446/22/155 4461/602/155 4460/603/155 4451/604/155 4450/605/155
f 4469/606/156 4478/607/156 4477/608/156
f 4478/609/157 4469/610/157 4473/611/157 4479/612/157
f 4479/613/158 4473/614/158 4475/615/158 4474/616/158 4480/617/158
f 4481/618/159 4475/619/159 4473/620/159 4469/621/159 4477/622/159
f 4475/623/160 4481/624/160 4482/625/160 4474/626/160
f 4474/627/161 4482/628/161 4480/629/161
f 4467/630/162 4470/631/162 4471/632/162 4472/633/162 4476/634/162 4468/635/162
f 4489/636/163 4494/637/163 4493/638/163 4487/639/163 4490/640/163
f 4487/641/164 4493/642/164 4495/643/164 4496/644/164
f 4498/645/165 4489/646/165 4490/647/165 4497/648/165
f 4494/649/166 4489/650/166 4498/651/166
f 4491/652/167 4499/653/167 4492/654/167
f 4488/655/168 4485/656/168 4484/657/168 4499/658/168 4491/659/168 4486/660/168
f 4496/661/169 4483/662/169 4497/663/169 4490/664/169 4487/665/169
f 4507/666/170 4525/667/170 4526/668/170 4527/669/170 4506/670/170
f 4510/671/171 4503/22/171 4528/672/171 4525/673/171 4507/674/171 4511/675/171
f 4528/676/172 4503/51/172 4529/677/172
f 4513/678/173 4506/679/173 4527/680/173 4530/681/173
f 4517/682/174 4515/683/174 4516/684/174 4503/22/174 4510/685/174
f 4518/686/175 4519/687/175 4513/688/175 4530/689/175 4531/690/175
f 4522/691/176 4502/22/176 4503/30/176 4521/692/176
f 4529/693/177 4503/30/177 4502/51/177 4532/694/177
f 4532/695/178 4502/51/178 4522/696/178 4533/697/178
f 4522/698/179 4521/699/179 4516/700/179 4515/701/179 4534/702/179 4535/703/179 4533/704/179
f 4507/705/180 4506/706/180 4513/707/180 4519/708/180 4511/709/180
f 4517/710/181 4510/711/181 4511/712/181 4519/713/181 4518/714/181
f 4531/715/182 4534/716/182 4515/717/182 4517/718/182 4518/719/182
f 4524/720/183 4501/721/183 4505/722/183 4504/723/183 4509/724/183 4512/725/183 4523/726/183
f 4505/727/184 4501/728/184 4500/729/184 4520/730/184 4514/731/184 4508/732/184
f 4516/733/185 4521/734/185 4503/30/185
f 4536/22/186 4571/735/186 4572/736/186 4573/737/186
f 4564/738/187 4538/739/187 4565/740/187
f 4566/741/188 4567/742/188 4543/743/188 4544/744/188 4541/745/188
f 4541/746/189 4569/747/189 4568/748/189 4566/749/189
f 4550/750/190 4536/51/190 4549/751/190
f 4536/22/191 4550/752/191 4552/753/191 4548/754/191 4570/755/191 4571/756/191
f 4549/757/192 4536/51/192 4554/758/192 4553/759/192
f 4544/760/193 4543/761/193 4555/762/193 4556/763/193
f 4554/764/194 4536/30/194 4573/765/194 4574/766/194 4560/767/194
f 4564/768/195 4570/769/195 4548/770/195 4538/771/195
f 4556/772/196 4555/773/196 4562/774/196 4563/775/196
f 4543/776/197 4567/777/197 4565/778/197 4538/779/197 4548/780/197 4552/781/197 4553/782/197 4554/783/197 4560/784/197 4562/785/197 4555/786/197
f 4550/787/198 4549/788/198 4553/789/198 4552/790/198
f 4559/791/199 4558/792/199 4557/793/199 4545/794/199 4546/795/199 4575/796/199
f 4547/797/200 4537/798/200 4539/799/200 4542/800/200 4540/801/200 4545/802/200 4557/803/200 4551/804/200
f 4569/805/201 4541/806/201 4544/807/201 4556/808/201 4563/809/201 4561/810/201
f 4561/811/202 4563/812/202 4562/813/202 4560/814/202 4574/815/202
f 4582/816/203 4580/22/203 4598/817/203 4597/818/203
f 4599/819/204 4598/820/204 4580/51/204
f 4580/51/205 4578/22/205 4600/821/205 4599/822/205
f 4600/823/206 4578/51/206 4587/824/206 4601/825/206
f 4588/826/207 4580/22/207 4582/827/207
f 4580/30/208 4588/828/208 4589/829/208
f 4580/30/209 4589/830/209 4590/831/209
f 4592/832/210 4593/833/210 4591/834/210 4580/30/210 4590/835/210
f 4591/836/211 4594/837/211 4578/22/211 4580/30/211
f 4593/838/212 4592/839/212 4579/840/212 4596/841/212 4595/842/212
f 4592/843/213 4577/844/213 4579/845/213
f 4595/846/214 4594/847/214 4591/848/214 4593/849/214
f 4586/850/215 4602/851/215 4581/852/215 4583/853/215 4584/854/215 4585/855/215
f 4596/856/216 4579/857/216 4577/858/216 4576/859/216 4601/860/216 4587/861/216
f 4589/862/217 4588/863/217 4582/864/217 4597/865/217 4576/866/217 4577/867/217 4592/868/217 4590/869/217
f 4596/870/218 4587/871/218 4578/30/218 4594/872/218 4595/873/218
f 4610/874/219 4609/875/219 4607/876/219
f 4609/877/220 4612/878/220 4604/879/220 4607/880/220
f 4611/881/221 4604/882/221 4612/883/221
f 4603/884/222 4606/885/222 4608/886/222 4605/887/222
f 4611/888/223 4610/889/223 4607/890/223 4604/891/223
f 4621/892/224 4619/51/224 4618/893/224
f 4618/894/225 4619/22/225 4623/895/225 4622/896/225
f 4620/897/226 4623/898/226 4619/51/226
f 4615/899/227 4616/900/227 4617/901/227 4614/902/227 4613/903/227
f 4621/904/228 4618/905/228 4622/906/228
f 4647/907/229 4646/908/229 4648/909/229 4629/22/229
f 4647/910/230 4629/51/230 4649/911/230
f 4649/912/231 4629/22/231 4635/913/231 4650/914/231
f 4638/915/232 4636/916/232 4637/917/232 4639/918/232 4651/919/232 4652/920/232
f 4638/921/233 4652/922/233 4653/923/233 4643/924/233
f 4629/22/234 4648/925/234 4654/926/234 4644/927/234 4635/928/234
f 4639/929/235 4644/930/235 4654/931/235 4651/932/235
f 4655/933/236 4643/934/236 4653/935/236
f 4656/936/237 4637/937/237 4636/938/237 4657/939/237
f 4643/940/238 4655/941/238 4658/942/238 4659/943/238 4657/944/238 4636/945/238 4638/946/238
f 4631/947/239 4633/948/239 4634/949/239 4627/950/239 4628/951/239 4624/952/239 4625/953/239 4630/954/239
f 4645/955/240 4632/956/240 4630/957/240 4625/958/240 4626/959/240 4642/960/240 4641/961/240 4640/962/240
f 4656/963/241 4650/964/241 4635/965/241 4644/966/241 4639/967/241 4637/968/241
f 4667/969/242 4669/970/242 4673/22/242 4668/971/242
f 4670/972/243 4668/973/243 4673/51/243 4671/974/243
f 4669/975/244 4672/976/244 4673/22/244
f 4665/977/245 4661/978/245 4660/979/245 4663/980/245 4664/981/245 4666/982/245
f 4663/983/246 4660/984/246 4662/985/246
f 4677/986/247 4678/987/247 4679/988/247 4680/989/247 4681/990/247
f 4674/30/248 4675/22/248 4680/991/248 4679/992/248 4684/993/248 4685/994/248 4686/995/248 4688/996/248 4690/997/248
f 4685/998/249 4684/999/249 4693/1000/249
f 4685/1001/250 4693/1002/250 4694/1003/250 4686/1004/250
f 4688/1005/251 4686/1006/251 4694/1007/251 4695/1008/251
f 4692/1009/252 4693/1010/252 4684/1011/252 4679/1012/252 4678/1013/252
f 4678/1014/253 4677/1015/253 4674/51/253 4697/1016/253 4692/1017/253
f 4680/1018/254 4675/51/254 4681/1019/254
f 4675/51/255 4674/22/255 4677/1020/255 4681/1021/255
f 4697/1022/256 4674/30/256 4690/1023/256 4691/1024/256
f 4683/1025/257 4682/1026/257 4676/1027/257 4696/1028/257 4689/1029/257 4687/1030/257
f 4695/1031/258 4691/1032/258 4690/1033/258 4688/1034/258
f 4719/1035/259 4701/1036/259 4700/51/259 4718/1037/259
f 4720/1038/260 4704/1039/260 4706/1040/260 4721/1041/260
f 4722/1042/261 4708/1043/261 4710/1044/261 4704/1045/261 4720/1046/261
f 4711/1047/262 4708/1048/262 4722/1049/262 4723/1050/262
f 4724/1051/263 4700/22/263 4701/1052/263 4711/1053/263 4723/1054/263
f 4718/1055/264 4700/30/264 4724/1056/264 4726/1057/264 4725/1058/264
f 4727/1059/265 4725/1060/265 4726/1061/265
f 4721/1062/266 4706/1063/266 4728/1064/266
f 4706/1065/267 4704/1066/267 4710/1067/267 4729/1068/267 4728/1069/267
f 4714/1070/268 4716/1071/268 4730/1072/268 4703/1073/268 4702/1074/268
f 4713/1075/269 4712/1076/269 4709/1077/269 4705/1078/269 4707/1079/269 4717/1080/269 4699/1081/269 4730/1082/269 4716/1083/269 4715/1084/269
f 4701/1085/270 4719/1086/270 4698/1087/270 4729/1088/270 4710/1089/270 4708/1090/270 4711/1091/270
f 4731/22/271 4739/1092/271 4741/1093/271 4740/1094/271
f 4739/1095/272 4731/51/272 4742/1096/272
f 4743/1097/273 4731/22/273 4740/1098/273 4744/1099/273
f 4743/1100/274 4745/1101/274 4731/30/274
f 4733/22/275 4731/30/275 4745/1102/275 4746/1103/275
f 4731/30/276 4747/1104/276 4742/1105/276
f 4752/1106/277 4751/1107/277 4735/51/277 4733/22/277 4746/1108/277 4753/1109/277
f 4735/22/278 4751/1110/278 4754/1111/278
f 4733/30/279 4735/51/279 4756/1112/279 4755/1113/279 4749/1114/279
f 4756/1115/280 4735/51/280 4754/1116/280
f 4732/1117/281 4734/1118/281 4753/1119/281 4746/1120/281 4745/1121/281 4743/1122/281 4744/1123/281
f 4753/1124/282 4734/1125/282 4752/1126/282
f 4741/1127/283 4737/1128/283 4738/1129/283 4736/1130/283 4732/1131/283 4744/1132/283 4740/1133/283
f 4738/1134/284 4737/1135/284 4748/1136/284 4750/1137/284
f 4736/1138/285 4738/1139/285 4750/1140/285 4749/1141/285 4755/1142/285
f 4737/1143/286 4741/1144/286 4739/1145/286 4742/1146/286 4747/1147/286 4748/1148/286
f 4752/1149/287 4734/1150/287 4732/1151/287 4736/1152/287 4755/1153/287 4756/1154/287 4754/1155/287 4751/1156/287
f 4749/1157/288 4750/1158/288 4748/1159/288 4747/1160/288 4731/30/288 4733/51/288
f 4761/1161/289 4758/51/289 4763/1162/289
f 4763/1163/290 4758/51/290 4764/1164/290
f 4764/1165/291 4758/51/291 4765/1166/291
f 4770/1167/292 4765/1168/292 4758/51/292 4769/1169/292
f 4768/1170/293 4771/1171/293 4767/1172/293
f 4759/1173/294 4767/1174/294 4771/1175/294 4766/1176/294
f 4770/1177/295 4757/1178/295 4762/1179/295 4761/1180/295 4763/1181/295 4764/1182/295 4765/1183/295
f 4760/1184/296 4769/1185/296 4758/51/296 4761/1186/296 4762/1187/296
f 4800/1188/297 4799/1189/297 4779/51/297 4783/1190/297
f 4802/1191/298 4786/1192/298 4803/1193/298 4801/1194/298
f 4803/1195/299 4786/1196/299 4788/1197/299 4780/22/299 4804/1198/299
f 4780/51/300 4779/22/300 4799/1199/300 4804/1200/300
f 4792/1201/301 4779/30/301 4780/51/301 4790/1202/301 4791/1203/301 4793/1204/301
f 4795/1205/302 4798/1206/302 4772/22/302 4809/1207/302 4806/1208/302 4805/1209/302 4800/1210/302 4783/1211/302 4797/1212/302 4796/1213/302
f 4779/30/303 4796/1214/303 4797/1215/303
f 4779/30/304 4797/1216/304 4783/1217/304
f 4790/1218/305 4780/22/305 4788/1219/305
f 4798/1220/306 4795/1221/306 4794/1222/306
f 4793/1223/307 4808/1224/307 4807/1225/307 4772/51/307 4798/51/307 4794/1226/307 4792/1227/307
f 4807/1228/308 4809/1229/308 4772/51/308
f 4808/1230/309 4793/1231/309 4791/1232/309 4810/1233/309
f 4774/1234/310 4775/1235/310 4776/1236/310 4777/1237/310 4778/1238/310 4787/1239/310 4784/1240/310 4773/1241/310
f 4789/1242/311 4781/1243/311 4782/1244/311 4773/1245/311 4784/1246/311 4785/1247/311
f 4786/1248/312 4802/1249/312 4810/1250/312 4791/1251/312 4790/1252/312 4788/1253/312
f 4795/1254/313 4796/1255/313 4779/30/313 4792/1256/313 4794/1257/313
f 4816/1258/314 4813/22/314 4814/1259/314 4815/1260/314
f 4814/1261/315 4813/51/315 4812/22/315 4817/1262/315
f 4818/1263/316 4817/1264/316 4812/51/316 4820/1265/316 4819/1266/316
f 4818/1267/317 4819/1268/317 4821/1269/317
f 4823/1270/318 4824/1271/318 4822/1272/318 4813/22/318 4816/1273/318
f 4813/30/319 4822/1274/319 4825/1275/319
f 4820/1276/320 4812/22/320 4813/30/320 4825/1277/320
f 4821/51/321 4811/51/321 4815/1278/321 4814/1279/321 4817/1280/321 4818/1281/321
f 4811/51/322 4821/1282/322 4819/1283/322 4820/1284/322 4825/1285/322 4822/1286/322 4824/1287/322
f 4823/1288/323 4816/1289/323 4815/1290/323 4811/30/323
f 4824/1291/324 4823/1292/324 4811/30/324
f 4826/22/325 4829/1293/325 4830/1294/325
f 4829/1295/326 4826/51/326 4832/1296/326 4831/1297/326
f 4826/30/327 4834/1298/327 4838/1299/327 4837/1300/327
f 4837/1301/328 4832/1302/328 4826/30/328
f 4829/1303/329 4831/1304/329 4827/1305/329 4836/1306/329 4833/1307/329 4830/1308/329
f 4834/1309/330 4835/1310/330 4828/1311/330 4838/1312/330
f 4836/1313/331 4827/1314/331 4828/1315/331 4835/1316/331
f 4828/1317/332 4827/1318/332 4831/1319/332 4832/1320/332 4837/1321/332 4838/1322/332
f 4833/1323/333 4836/1324/333 4835/1325/333 4834/1326/333 4826/22/333 4830/1327/333
f 4847/1328/334 4845/1329/334 4846/1330/334
f 4844/22/335 4849/1331/335 4848/1332/335
f 4844/51/336 4850/1333/336 4849/1334/336
f 4850/1335/337 4844/51/337 4866/1336/337 4867/1337/337 4853/1338/337
f 4869/1339/338 4843/51/338 4857/1340/338 4856/1341/338 4868/1342/338
f 4868/1343/339 4856/1344/339 4870/1345/339
f 4866/1346/340 4844/51/340 4843/22/340 4869/1347/340
f 4842/51/341 4844/22/341 4848/1348/341 4859/1349/341
f 4860/1350/342 4842/22/342 4859/1351/342 4847/1352/342 4846/1353/342
f 4863/1354/343 4844/22/343 4864/1355/343 4862/1356/343 4861/1357/343
f 4864/1358/344 4844/51/344 4842/22/344 4860/1359/344
f 4843/22/345 4844/30/345 4863/1360/345 4865/1361/345 4857/1362/345
f 4853/1363/346 4867/1364/346 4871/1365/346
f 4848/1366/347 4849/1367/347 4850/1368/347 4853/1369/347 4871/1370/347 4872/1371/347 4845/1372/347 4847/1373/347 4859/1374/347
f 4873/1375/348 4861/1376/348 4862/1377/348
f 4873/1378/349 4865/1379/349 4863/1380/349 4861/1381/349
f 4860/1382/350 4846/1383/350 4845/1384/350 4872/1385/350 4873/1386/350 4862/1387/350 4864/1388/350
f 4858/1389/351 4839/1390/351 4841/1391/351 4840/1392/351 4852/1393/351 4851/1394/351 4855/1395/351 4854/1396/351
f 4865/1397/352 4873/1398/352 4870/1399/352 4856/1400/352 4857/1401/352
f 4879/1258/314 4876/22/314 4877/1259/314 4878/1260/314
f 4877/1261/315 4876/51/315 4875/22/315 4880/1262/315
f 4881/1263/316 4880/1264/316 4875/51/316 4883/1265/316 4882/1266/316
f 4881/1267/317 4882/1268/317 4884/1269/317
f 4886/1270/318 4887/1271/318 4885/1272/318 4876/22/318 4879/1273/318
f 4876/30/2233 4885/1274/2233 4888/1275/2233
f 4883/1276/320 4875/22/320 4876/30/320 4888/1277/320
f 4884/51/321 4874/51/321 4878/1278/321 4877/1279/321 4880/1280/321 4881/1281/321
f 4874/51/322 4884/1282/322 4882/1283/322 4883/1284/322 4888/1285/322 4885/1286/322 4887/1287/322
f 4886/1288/323 4879/1289/323 4878/1290/323 4874/30/323
f 4887/1291/324 4886/1292/324 4874/30/324
f 4889/22/2234 4892/1293/2234 4893/1294/2234
f 4892/1295/326 4889/51/326 4895/1296/326 4894/1297/326
f 4889/30/2235 4897/1298/2235 4901/1299/2235 4900/1300/2235
f 4900/1301/328 4895/1302/328 4889/30/328
f 4892/1303/329 4894/1304/329 4890/1305/329 4899/1306/329 4896/1307/329 4893/1308/329
f 4897/1309/2236 4898/1310/2236 4891/1311/2236 4901/1312/2236
f 4899/1313/331 4890/1314/331 4891/1315/331 4898/1316/331
f 4891/1317/332 4890/1318/332 4894/1319/332 4895/1320/332 4900/1321/332 4901/1322/332
f 4896/1323/333 4899/1324/333 4898/1325/333 4897/1326/333 4889/22/333 4893/1327/333
f 4910/1328/334 4908/1329/334 4909/1330/334
f 4907/22/335 4912/1331/335 4911/1332/335
f 4907/51/2237 4913/1333/2237 4912/1334/2237
f 4913/1335/337 4907/51/337 4929/1336/337 4930/1337/337 4916/1338/337
f 4932/1339/338 4906/51/338 4920/1340/338 4919/1341/338 4931/1342/338
f 4931/1343/339 4919/1344/339 4933/1345/339
f 4929/1346/340 4907/51/340 4906/22/340 4932/1347/340
f 4905/51/341 4907/22/341 4911/1348/341 4922/1349/341
f 4923/1350/342 4905/22/342 4922/1351/342 4910/1352/342 4909/1353/342
f 4926/1354/343 4907/22/343 4927/1355/343 4925/1356/343 4924/1357/343
f 4927/1358/344 4907/51/344 4905/22/344 4923/1359/344
f 4906/22/345 4907/30/345 4926/1360/345 4928/1361/345 4920/1362/345
f 4916/1363/346 4930/1364/346 4934/1365/346
f 4911/1366/347 4912/1367/347 4913/1368/347 4916/1369/347 4934/1370/347 4935/1371/347 4908/1372/347 4910/1373/347 4922/1374/347
f 4936/1375/2238 4924/1376/2238 4925/1377/2238
f 4936/1378/349 4928/1379/349 4926/1380/349 4924/1381/349
f 4923/1382/350 4909/1383/350 4908/1384/350 4935/1385/350 4936/1386/350 4925/1387/350 4927/1388/350
f 4921/1389/351 4902/1390/351 4904/1391/351 4903/1392/351 4915/1393/351 4914/1394/351 4918/1395/351 4917/1396/351
f 4928/1397/352 4936/1398/352 4933/1399/352 4919/1400/352 4920/1401/352
f 4949/1402/353 4944/1403/353 4945/1404/353 4946/1405/353 4947/1406/353 4948/1407/353
f 4953/1408/354 4952/1409/354 4945/1410/354 4944/1411/354 4950/1412/354 4951/1413/354 4954/1414/354
f 4953/1415/355 4954/1416/355 4956/1417/355 4955/1418/355
f 4950/1419/2239 4957/1420/2239 4958/1421/2239
f 4951/1422/2240 4950/1423/2240 4958/1424/2240
f 4949/1425/358 4938/1426/358 4937/1427/358 4944/1428/358
f 4950/1429/359 4944/1430/359 4937/1431/359 4957/1432/359
f 4939/1433/360 4947/1434/360 4946/1435/360
f 4947/1436/361 4939/1437/361 4940/1438/361 4942/1439/361 4941/1440/361 4943/1441/361 4948/1442/361
f 4943/1443/362 4938/1444/362 4949/1445/362 4948/1446/362
f 4956/1447/363 4941/1448/363 4942/1449/363 4955/1450/363
f 4942/1451/364 4940/1452/364 4952/1453/364 4953/1454/364 4955/1455/364
f 4957/1456/365 4937/1457/365 4938/1458/365 4943/1459/365 4941/1460/365 4956/1461/365 4954/1462/365 4951/1463/365 4958/1464/365
f 4952/1465/366 4940/1466/366 4939/1467/366 4946/1468/366 4945/1469/366
f 4967/1470/367 4963/1471/367 4964/1472/367 4966/1473/367 4965/1474/367
f 4967/1475/368 4965/1476/368 4969/1477/368 4968/1478/368
f 4970/1479/369 4968/1480/369 4969/1481/369 4971/1482/369 4972/1483/369
f 4979/1484/2241 4978/1485/2241 4977/1486/2241
f 4979/1487/2242 4972/1488/2242 4971/1489/2242 4978/1490/2242
f 4982/1491/372 4975/1492/372 4974/1493/372 4959/22/372
f 4982/1494/373 4959/51/373 4983/1495/373
f 4959/22/374 4974/1496/374 4973/1497/374 4963/1498/374 4967/1499/374 4968/1500/374 4970/1501/374
f 4959/30/375 4970/1502/375 4972/1503/375
f 4983/1504/376 4959/30/376 4972/1505/376 4979/1506/376 4977/1507/376 4984/1508/376
f 4973/1509/377 4964/1510/377 4963/1511/377
f 4978/1512/378 4971/1513/378 4969/1514/378 4965/1515/378 4966/1516/378 4976/1517/378 4984/1518/378 4977/1519/378
f 4980/1520/379 4960/1521/379 4961/1522/379 4962/1523/379 4981/1524/379
f 4976/1525/380 4966/1526/380 4964/1527/380 4973/1528/380 4974/1529/380 4975/1530/380
f 5000/1531/2243 4987/22/2243 4999/1532/2243
f 4999/1533/382 4987/51/382 4991/1534/382 5001/1535/382
f 4987/22/383 5000/1536/383 5002/1537/383
f 4987/30/384 5002/1538/384 5003/1539/384 4993/1540/384 4994/1541/384
f 4991/1542/385 4987/30/385 4994/1543/385 4997/1544/385 4996/1545/385 4998/1546/385
f 5004/1547/386 4998/1548/386 4996/1549/386 5005/1550/386
f 4997/1551/387 4993/1552/387 5003/1553/387 5005/1554/387 4996/1555/387
f 4998/1556/388 5004/1557/388 5001/1558/388 4991/1559/388
f 4992/1560/389 4989/1561/389 4988/1562/389 4990/1563/389 4985/1564/389 4986/1565/389 4995/1566/389
f 4997/1567/390 4994/1568/390 4993/1569/390
f 5007/1570/2244 5008/1571/2244 5006/22/2244
f 5007/1572/2245 5006/51/2245 5010/1573/2245 5009/1574/2245
f 5011/1575/2246 5006/22/2246 5008/1576/2246
f 5011/1577/394 5012/1578/394 5013/1579/394 5006/30/394
f 5006/30/2247 5013/1580/2247 5010/1581/2247
f 5007/1582/396 5009/1583/396 5012/1584/396 5011/1585/396 5008/1586/396
f 5012/1587/397 5009/1588/397 5010/1589/397 5013/1590/397
f 5015/1591/398 5014/1592/398 5016/1593/398 5017/1594/398
f 5019/1595/399 5017/1596/399 5016/1597/399 5018/1598/399
f 5018/1599/400 5014/1600/400 5015/1601/400 5019/1602/400
f 5016/1603/401 5014/1604/401 5018/1605/401
f 5015/1606/402 5017/1607/402 5019/1608/402
f 5023/1609/403 5024/1610/403 5022/30/403
f 5027/1611/404 5022/30/404 5024/1612/404 5025/1613/404 5026/1614/404
f 5029/1615/405 5032/1616/405 5022/30/405
f 5033/1617/406 5023/1618/406 5022/30/406 5032/1619/406
f 5035/1620/407 5026/1621/407 5025/1622/407 5034/1623/407 5036/1624/407
f 5027/1625/408 5030/1626/408 5031/1627/408 5028/1628/408 5029/1629/408 5022/30/408
f 5038/1630/409 5021/51/409 5039/1631/409
f 5043/1632/410 5021/22/410 5042/1633/410
f 5040/1634/411 5041/1635/411 5021/22/411 5038/1636/411 5035/1637/411 5036/1638/411 5037/1639/411
f 5052/1640/412 5053/1641/412 5051/1642/412 5050/1643/412
f 5021/30/413 5043/1644/413 5039/1645/413
f 5054/1646/414 5044/1647/414 5021/30/414 5041/1648/414
f 5034/1649/2248 5020/51/2248 5037/1650/2248 5036/1651/2248
f 5040/1652/416 5037/1653/416 5020/51/416 5046/1654/416 5044/1655/416 5054/1656/416
f 5040/1657/2249 5054/1658/2249 5041/1659/2249
f 5020/22/418 5034/1660/418 5025/1661/418 5024/1662/418 5023/1663/418 5033/1664/418 5048/1665/418 5047/1666/418
f 5045/1667/419 5020/30/419 5047/1668/419
f 5020/30/2250 5045/1669/2250 5046/1670/2250
f 5031/1671/421 5030/1672/421 5053/1673/421 5052/1674/421
f 5050/1675/422 5049/1676/422 5028/1677/422 5031/1678/422 5052/1679/422
f 5027/1680/2251 5026/1681/2251 5035/1682/2251 5038/1683/2251 5039/1684/2251 5043/1685/2251 5042/1686/2251 5051/1687/2251 5053/1688/2251 5030/1689/2251
f 5029/1690/424 5028/1691/424 5049/1692/424 5048/1693/424 5033/1694/424 5032/1695/424
f 5047/1696/425 5048/1697/425 5049/1698/425 5050/1699/425 5051/1700/425 5042/1701/425 5021/51/425 5044/1702/425 5046/1703/425 5045/1704/425
f 5076/1705/426 5059/1706/426 5058/1707/426 5075/1708/426
f 5075/1709/427 5058/1710/427 5062/1711/427 5063/1712/427 5064/1713/427 5077/1714/427
f 5078/1715/428 5069/1716/428 5057/22/428 5079/1717/428
f 5079/1718/429 5057/51/429 5080/1719/429
f 5057/51/430 5081/1720/430 5080/1721/430
f 5074/1722/431 5082/1723/431 5081/1724/431 5057/51/431
f 5074/1725/2252 5057/51/2252 5069/1726/2252 5066/1727/2252 5067/1728/2252
f 5076/1729/433 5083/1730/433 5059/1731/433
f 5059/1732/434 5083/1733/434 5084/1734/434 5062/1735/434 5058/1736/434
f 5074/1737/435 5067/1738/435 5063/1739/435 5062/1740/435 5084/1741/435 5082/1742/435
f 5066/1743/436 5069/1744/436 5078/1745/436 5077/1746/436 5064/1747/436
f 5056/1748/437 5055/1749/437 5061/1750/437 5060/1751/437 5065/1752/437 5068/1753/437 5070/1754/437 5071/1755/437 5072/1756/437 5073/1757/437
f 5064/1758/438 5063/1759/438 5067/1760/438 5066/1761/438
f 5099/1762/2253 5098/1763/2253 5090/1764/2253 5086/22/2253
f 5086/51/440 5100/1765/440 5099/1766/440
f 5086/51/441 5101/1767/441 5100/1768/441
f 5093/1769/442 5086/22/442 5090/1770/442 5094/1771/442
f 5095/1772/443 5086/30/443 5093/1773/443
f 5102/1774/444 5101/1775/444 5086/30/444 5095/1776/444 5096/1777/444
f 5090/1778/445 5098/1779/445 5103/1780/445 5094/1781/445
f 5104/1782/446 5102/1783/446 5096/1784/446
f 5085/1785/447 5087/1786/447 5088/1787/447 5089/1788/447 5091/1789/447 5092/1790/447 5097/1791/447
f 5095/1792/448 5093/1793/448 5094/1794/448 5103/1795/448 5104/1796/448 5096/1797/448
f 5109/1798/449 5106/22/449 5108/1799/449
f 5108/1800/450 5106/51/450 5112/1801/450 5111/1802/450 5110/1803/450
f 5110/1804/451 5111/1805/451 5113/1806/451 5114/1807/451 5115/1808/451
f 5107/1809/452 5120/1810/452 5119/1811/452
f 5113/1812/453 5116/1813/453 5117/1814/453 5105/22/453 5114/1815/453
f 5120/1816/454 5107/1817/454 5115/1818/454 5114/1819/454 5105/51/454 5118/1820/454
f 5111/1821/455 5112/1822/455 5116/1823/455 5113/1824/455
f 5105/22/456 5117/1825/456 5118/1826/456
f 5115/1827/457 5107/1828/457 5119/1829/457 5109/1830/457 5108/1831/457 5110/1832/457
f 5106/51/458 5109/1833/458 5119/1834/458 5120/1835/458 5118/1836/458 5117/1837/458 5116/1838/458 5112/1839/458
f 5139/1840/459 5140/1841/459 5141/1842/459 5125/1843/459
f 5126/1844/460 5142/1845/460 5139/1846/460 5125/1847/460
f 5129/1848/461 5143/1849/461 5142/1850/461 5126/1851/461
f 5129/1852/462 5130/1853/462 5144/1854/462 5143/1855/462
f 5145/1856/463 5144/1857/463 5130/1858/463 5132/1859/463
f 5135/1860/464 5146/1861/464 5145/1862/464 5132/1863/464
f 5148/1864/465 5146/1865/465 5135/1866/465 5149/1867/465 5147/1868/465
f 5130/1869/466 5129/1870/466 5126/1871/466 5125/1872/466 5141/1873/466 5150/1874/466 5149/1875/466 5135/1876/466 5132/1877/466
f 5136/1878/467 5137/1879/467 5121/1880/467
f 5136/1881/468 5121/1882/468 5122/1883/468 5124/1884/468 5138/1885/468
f 5134/1886/469 5138/1887/469 5124/1888/469 5123/1889/469 5127/1890/469 5128/1891/469 5131/1892/469 5133/1893/469
f 5154/1894/2254 5155/1895/2254 5153/22/2254
f 5156/1896/2255 5154/1897/2255 5153/51/2255
f 5153/22/472 5155/1898/472 5157/1899/472
f 5156/1900/473 5153/30/473 5158/1901/473 5159/1902/473 5160/1903/473
f 5163/1904/474 5162/1905/474 5161/1906/474 5160/1907/474 5159/1908/474
f 5164/1909/2256 5165/1910/2256 5166/1911/2256
f 5152/1912/476 5151/1913/476 5161/1914/476 5162/1915/476
f 5152/1916/477 5162/1917/477 5163/1918/477
f 5157/1919/478 5155/1920/478 5154/1921/478 5156/1922/478 5160/1923/478 5161/1924/478 5151/1925/478 5165/1926/478 5164/1927/478
f 5158/1928/479 5166/1929/479 5165/1930/479 5151/1931/479 5152/1932/479 5163/1933/479 5159/1934/479
f 5164/1935/480 5166/1936/480 5158/1937/480 5153/30/480 5157/1938/480
f 5172/1939/481 5174/1940/481 5173/1941/481
f 5171/51/482 5175/1942/482 5176/1943/482 5178/1944/482 5177/1945/482
f 5174/1946/483 5172/1947/483 5180/1948/483 5171/22/483 5177/1949/483 5179/1950/483 5181/1951/483
f 5188/1952/484 5196/1953/484 5195/1954/484 5185/1955/484
f 5194/1956/2257 5184/1957/2257 5186/1958/2257 5185/1959/2257 5195/1960/2257
f 5190/1961/486 5193/1962/486 5171/22/486 5180/1963/486
f 5175/1964/487 5171/30/487 5193/1965/487
f 5191/1966/488 5192/1967/488 5196/1968/488 5188/1969/488
f 5194/1970/489 5199/1971/489 5168/22/489 5167/30/489 5184/1972/489
f 5168/51/490 5199/1973/490 5200/1974/490 5173/1975/490 5174/1976/490 5181/1977/490
f 5167/51/491 5178/1978/491 5176/1979/491
f 5168/22/492 5181/1980/492 5179/1981/492
f 5185/1982/493 5186/1983/493 5167/22/493 5176/1984/493 5175/1985/493 5193/1986/493 5190/1987/493 5191/1988/493 5188/1989/493
f 5167/30/494 5168/51/494 5179/1990/494 5177/1991/494 5178/1992/494
f 5184/1993/495 5167/30/495 5186/1994/495
f 5180/1995/496 5172/1996/496 5173/1997/496 5200/1998/496 5197/1999/496
f 5189/2000/497 5169/2001/497 5170/2002/497 5182/2003/497 5183/2004/497 5187/2005/497 5198/2006/497
f 5192/2007/498 5191/2008/498 5190/2009/498 5180/2010/498 5197/2011/498
f 5203/22/499 5205/2012/499 5204/2013/499
f 5203/51/500 5207/2014/500 5206/2015/500 5205/2016/500
f 5205/2017/501 5206/2018/501 5208/2019/501 5209/2020/501
f 5209/2021/502 5208/2022/502 5212/2023/502 5227/2024/502 5226/2025/502 5210/2026/502
f 5226/2027/503 5228/2028/503 5210/2029/503
f 5215/2030/504 5217/2031/504 5216/2032/504
f 5215/2033/505 5218/2034/505 5219/2035/505 5217/2036/505
f 5207/2037/506 5203/22/506 5204/2038/506 5219/2039/506 5218/2040/506
f 5212/2041/507 5220/2042/507 5229/2043/507 5227/2044/507
f 5231/2045/508 5229/2046/508 5220/2047/508 5224/2048/508 5230/2049/508
f 5230/2050/509 5224/2051/509 5232/2052/509
f 5212/2053/510 5208/2054/510 5206/2055/510 5207/2056/510 5218/2057/510 5215/2058/510 5216/2059/510 5233/2060/510 5232/2061/510 5224/2062/510 5220/2063/510
f 5228/2064/511 5234/2065/511 5233/2066/511 5216/2067/511 5217/2068/511 5219/2069/511 5204/2070/511 5205/2071/511 5209/2072/511 5210/2073/511
f 5225/2074/512 5202/2075/512 5201/2076/512 5223/2077/512 5222/2078/512
f 5201/2079/513 5214/2080/513 5211/2081/513 5213/2082/513 5221/2083/513 5223/2084/513
f 5252/2085/2258 5243/2086/2258 5253/2087/2258 5254/2088/2258 5251/2089/2258
f 5243/2090/515 5245/2091/515 5255/2092/515 5253/2093/515
f 5245/2094/516 5247/2095/516 5256/2096/516 5255/2097/516
f 5257/2098/517 5256/2099/517 5247/2100/517 5250/2101/517 5249/2102/517
f 5258/2103/518 5257/2104/518 5249/2105/518
f 5243/2106/519 5252/2107/519 5259/2108/519 5250/2109/519 5247/2110/519 5245/2111/519
f 5250/2112/520 5259/2113/520 5260/2114/520 5258/2115/520 5249/2116/520
f 5240/2117/521 5239/2118/521 5235/2119/521 5238/2120/521 5236/2121/521
f 5235/2122/522 5239/2123/522 5242/2124/522
f 5238/2125/523 5235/2126/523 5242/2127/523 5241/2128/523 5244/2129/523 5246/2130/523 5248/2131/523 5237/2132/523
f 5269/2133/524 5261/51/524 5266/2134/524 5264/2135/524
f 5261/22/525 5269/2136/525 5270/2137/525
f 5265/2138/2259 5266/2139/2259 5261/30/2259 5270/2140/2259
f 5268/2141/527 5263/2142/527 5262/2143/527 5267/2144/527
f 5264/2145/528 5266/2146/528 5265/2147/528
f 5278/2148/529 5277/2149/529 5273/2150/529
f 5274/2151/530 5280/2152/530 5279/2153/530
f 5279/2154/2260 5278/2155/2260 5273/2156/2260 5274/2157/2260
f 5280/2158/532 5274/2159/532 5273/2160/532 5277/2161/532
f 5272/2162/533 5275/2163/533 5276/2164/533 5271/2165/533
f 5286/2166/2261 5285/2167/2261 5282/2168/2261
f 5286/2169/535 5282/2170/535 5287/2171/535
f 5287/2172/536 5282/2173/536 5285/2174/536
f 5281/2175/537 5283/2176/537 5284/2177/537
f 5318/2178/538 5294/2179/538 5292/2180/538 5295/2181/538 5290/2182/538 5317/2183/538
f 5320/2184/539 5296/2185/539 5298/2186/539 5297/2187/539 5319/2188/539
f 5290/2189/2262 5321/2190/2262 5317/2191/2262
f 5288/22/541 5303/2192/541 5302/2193/541 5296/2194/541 5320/2195/541 5322/2196/541
f 5307/2197/542 5306/2198/542 5303/2199/542 5288/51/542 5289/22/542 5305/2200/542
f 5289/51/543 5308/2201/543 5305/2202/543
f 5309/2203/544 5324/2204/544 5323/2205/544
f 5326/2206/545 5289/51/545 5325/2207/545
f 5325/2208/546 5289/51/546 5288/22/546 5322/2209/546
f 5308/2210/547 5289/51/547 5314/2211/547
f 5324/2212/548 5309/2213/548 5316/2214/548 5327/2215/548
f 5298/2216/549 5292/2217/549 5294/2218/549 5297/2219/549
f 5297/2220/550 5294/2221/550 5318/2222/550 5319/2223/550
f 5302/2224/551 5303/2225/551 5306/2226/551
f 5295/2227/552 5292/2228/552 5298/2229/552 5296/2230/552 5302/2231/552 5306/2232/552 5307/2233/552
f 5323/2234/553 5321/2235/553 5290/2236/553 5295/2237/553 5307/2238/553 5305/2239/553 5308/2240/553 5314/2241/553 5316/2242/553 5309/2243/553
f 5293/2244/554 5291/2245/554 5301/2246/554 5310/2247/554 5311/2248/554 5315/2249/554 5313/2250/554 5312/2251/554 5304/2252/554 5300/2253/554 5299/2254/554
f 5326/2255/555 5327/2256/555 5316/2257/555 5314/2258/555 5289/22/555
f 5348/2259/556 5329/22/556 5332/2260/556
f 5329/30/557 5328/51/557 5331/22/557
f 5336/2261/558 5329/30/558 5331/51/558 5335/2262/558
f 5328/22/559 5329/30/559 5348/2263/559 5349/2264/559
f 5331/22/560 5351/2265/560 5350/2266/560
f 5331/51/2263 5328/22/2263 5349/2267/2263 5351/2268/2263
f 5341/2269/562 5331/30/562 5350/2270/562 5352/2271/562
f 5331/30/563 5341/2272/563 5343/2273/563 5342/2274/563
f 5344/2275/564 5335/2276/564 5331/30/564 5342/2277/564 5345/2278/564
f 5343/2279/565 5341/2280/565 5352/2281/565 5353/2282/565 5344/2283/565 5345/2284/565
f 5342/2285/566 5343/2286/566 5345/2287/566
f 5339/2288/567 5337/2289/567 5334/2290/567 5346/2291/567 5347/2292/567 5330/2293/567 5340/2294/567 5338/2295/567
f 5335/2296/568 5344/2297/568 5353/2298/568 5333/2299/568 5336/2300/568
f 5329/30/569 5336/2301/569 5333/2302/569 5332/2303/569
f 5359/2304/570 5360/2305/570 5354/2306/570 5355/2307/570
f 5355/2308/571 5354/2309/571 5360/2310/571 5361/2311/571
f 5358/2312/572 5357/2313/572 5356/2314/572
f 5361/2315/573 5359/2316/573 5355/2317/573
f 5364/2318/574 5365/2319/574 5363/51/574
f 5367/2320/575 5363/22/575 5365/2321/575 5366/2322/575
f 5368/2323/576 5363/30/576 5376/2324/576 5377/2325/576
f 5363/30/577 5368/2326/577 5364/2327/577
f 5367/2328/578 5371/2329/578 5363/30/578
f 5374/2330/579 5379/2331/579 5378/2332/579 5363/30/579 5371/2333/579
f 5363/30/580 5378/2334/580 5376/2335/580
f 5374/2336/581 5380/2337/581 5379/2338/581
f 5380/2339/582 5374/2340/582 5371/2341/582 5367/2342/582 5366/2343/582 5381/2344/582
f 5362/2345/583 5370/2346/583 5369/2347/583 5372/2348/583 5373/2349/583 5375/2350/583
f 5368/2351/584 5377/2352/584 5381/2353/584 5366/2354/584 5365/2355/584 5364/2356/584
f 5388/2357/2264 5395/2358/2264 5394/2359/2264
f 5396/2360/2265 5395/2361/2265 5388/2362/2265 5393/2363/2265 5390/2364/2265 5392/2365/2265
f 5390/2366/587 5382/2367/587 5383/2368/587 5392/2369/587
f 5392/2370/588 5383/2371/588 5384/2372/588 5397/2373/588 5396/2374/588
f 5382/2375/589 5390/2376/589 5393/2377/589
f 5384/2378/590 5398/2379/590 5397/2380/590
f 5398/2381/591 5384/2382/591 5383/2383/591 5382/2384/591 5393/2385/591 5388/2386/591 5394/2387/591
f 5391/2388/2266 5385/2389/2266 5386/2390/2266 5387/2391/2266 5389/2392/2266
f 5402/22/593 5403/2393/593 5404/2394/593
f 5403/2395/594 5402/51/594 5401/22/594 5405/2396/594
f 5401/51/2267 5406/2397/2267 5405/2398/2267
f 5421/2399/596 5420/2400/596 5407/2401/596 5408/2402/596
f 5420/2403/597 5422/2404/597 5402/22/597 5404/2405/597 5407/2406/597
f 5402/30/598 5422/2407/598 5423/2408/598
f 5424/2409/599 5401/22/599 5402/30/599 5423/2410/599
f 5406/2411/600 5401/30/600 5424/2412/600 5425/2413/600 5414/2414/600 5415/2415/600
f 5426/2416/601 5417/2417/601 5418/2418/601 5414/2419/601 5425/2420/601
f 5417/2421/602 5428/2422/602 5427/2423/602 5418/2424/602
f 5426/2425/603 5428/2426/603 5417/2427/603
f 5404/2428/604 5403/2429/604 5405/2430/604 5406/2431/604 5415/2432/604 5408/2433/604 5407/2434/604
f 5418/2435/605 5427/2436/605 5421/2437/605 5408/2438/605 5415/2439/605 5414/2440/605
f 5416/2441/606 5413/2442/606 5412/2443/606 5411/2444/606 5409/2445/606 5410/2446/606 5399/2447/606 5400/2448/606 5419/2449/606
f 5433/22/607 5437/2450/607 5436/2451/607 5438/2452/607
f 5437/2453/2268 5433/51/2268 5439/2454/2268
f 5440/2455/2269 5439/2456/2269 5433/51/2269 5430/22/2269
f 5440/2457/610 5430/51/610 5441/2458/610
f 5441/2459/611 5430/51/611 5442/2460/611 5443/2461/611 5444/2462/611
f 5430/22/2270 5445/2463/2270 5442/2464/2270
f 5430/51/613 5446/2465/613 5445/2466/613
f 5430/22/614 5447/2467/614 5448/2468/614 5450/2469/614 5449/2470/614
f 5447/2471/615 5430/51/615 5433/22/615 5438/2472/615
f 5435/22/616 5430/30/616 5449/2473/616 5451/2474/616
f 5430/30/617 5435/51/617 5452/2475/617 5453/2476/617
f 5430/30/618 5453/2477/618 5446/2478/618
f 5452/2479/619 5435/22/619 5454/2480/619
f 5451/2481/2271 5454/2482/2271 5435/51/2271
f 5429/51/621 5450/2483/621 5448/2484/621
f 5454/2485/622 5451/2486/622 5449/2487/622 5450/2488/622 5429/51/622 5431/2489/622 5432/2490/622 5443/2491/622 5442/2492/622 5445/2493/622 5446/2494/622 5453/2495/622 5452/2496/622
f 5432/2497/623 5444/2498/623 5443/2499/623
f 5431/2500/624 5429/30/624 5434/2501/624
f 5432/2502/625 5431/2503/625 5434/2504/625 5436/2505/625 5437/2506/625 5439/2507/625 5440/2508/625 5441/2509/625 5444/2510/625
f 5434/2511/626 5429/22/626 5448/2512/626 5447/2513/626 5438/2514/626 5436/2515/626
f 5459/2516/627 5455/22/627 5460/2517/627 5458/2518/627
f 5460/2519/628 5455/51/628 5461/2520/628
f 5455/22/629 5459/2521/629 5468/2522/629 5469/2523/629
f 5464/2524/630 5455/30/630 5469/2525/630 5470/2526/630
f 5455/30/2272 5464/2527/2272 5467/2528/2272 5466/2529/2272
f 5471/2530/632 5468/2531/632 5459/2532/632 5458/2533/632
f 5466/2534/633 5467/2535/633 5472/2536/633 5471/2537/633 5458/2538/633 5460/2539/633 5461/2540/633
f 5470/2541/634 5472/2542/634 5467/2543/634 5464/2544/634
f 5456/2545/635 5457/2546/635 5465/2547/635 5463/2548/635 5462/2549/635
f 5455/30/636 5466/2550/636 5461/2551/636
f 5486/2552/637 5487/2553/637 5485/2554/637
f 5475/2555/638 5474/30/638 5485/2556/638 5487/2557/638
f 5476/2558/639 5473/22/639 5474/30/639 5475/2559/639
f 5473/51/640 5491/2560/640 5490/2561/640 5474/30/640
f 5474/30/641 5490/2562/641 5481/2563/641 5483/2564/641
f 5484/2565/642 5474/30/642 5483/2566/642
f 5485/2567/643 5474/30/643 5484/30/643 5482/2568/643 5486/2569/643
f 5476/2570/644 5492/2571/644 5491/2572/644 5473/22/644
f 5480/2573/645 5492/2574/645 5476/2575/645 5475/2576/645 5487/2577/645 5486/2578/645 5482/2579/645
f 5477/2580/646 5478/2581/646 5479/2582/646 5488/2583/646 5489/2584/646
f 5484/2585/647 5483/2586/647 5481/2587/647 5480/2588/647 5482/2589/647
f 5496/2590/648 5497/2591/648 5495/2592/648 5498/2593/648
f 5496/2594/649 5498/2595/649 5500/2596/649 5503/2597/649 5502/2598/649
f 5506/2599/650 5495/2600/650 5497/2601/650
f 5502/2602/651 5507/2603/651 5494/2604/651 5506/2605/651 5497/2606/651 5496/2607/651
f 5503/2608/652 5507/2609/652 5502/2610/652
f 5498/2611/653 5495/2612/653 5506/2613/653 5500/2614/653
f 5499/2615/654 5505/2616/654 5504/2617/654
f 5504/2618/655 5505/2616/655 5493/2619/655 5501/2620/655
f 5527/1/1 5521/2/1 5522/3/1 5524/4/1 5528/5/1
f 5519/6/2 5518/7/2 5517/8/2
f 5514/9/3 5516/10/3 5525/11/3 5526/12/3 5513/13/3
f 5518/14/2273 5519/15/2273 5522/16/2273 5521/17/2273
f 5529/18/5 5513/19/5 5526/20/5
f 5530/21/6 5508/22/6 5514/23/6 5513/24/6 5529/25/6
f 5522/26/7 5519/27/7 5517/28/7 5516/29/7 5514/30/7 5508/30/7 5524/31/7
f 5530/32/2274 5531/33/2274 5508/22/2274
f 5531/34/2275 5528/35/2275 5524/36/2275 5508/30/2275
f 5525/37/10 5516/38/10 5517/39/10 5518/40/10 5521/41/10 5527/42/10
f 5511/43/11 5510/44/11 5509/45/11 5515/46/11 5512/47/11 5520/48/11 5523/49/11
f 5534/2621/656 5533/2622/656 5535/2623/656
f 5532/2624/657 5535/2625/657 5533/2626/657
f 5532/2627/658 5533/2628/658 5534/2629/658
f 5535/2630/659 5532/2631/659 5534/2632/659
f 5538/2633/2276 5536/2634/2276 5537/2635/2276
f 5542/2636/661 5539/2637/661 5540/2638/661 5543/2639/661
f 5539/2640/662 5541/2641/662 5540/2642/662
f 5538/2643/663 5537/2644/663 5542/2645/663 5543/2646/663
f 5540/2647/664 5541/2648/664 5536/2649/664 5538/2650/664 5543/2651/664
f 5542/2652/665 5537/2653/665 5536/2654/665 5541/2655/665 5539/2656/665
f 5557/2657/666 5556/2658/666 5549/2659/666 5550/2660/666 5546/2661/666
f 5549/2662/667 5556/2663/667 5558/2664/667 5552/2665/667
f 5552/2666/668 5558/2667/668 5559/2668/668
f 5557/2669/669 5546/2670/669 5554/2671/669 5560/2672/669
f 5561/2673/670 5560/2674/670 5554/2675/670
f 5562/2676/671 5561/2677/671 5554/2678/671 5546/2679/671 5550/2680/671
f 5559/2681/2277 5562/2682/2277 5550/2683/2277 5549/2684/2277 5552/2685/2277
f 5551/2686/673 5547/2687/673 5548/2688/673 5555/2689/673 5544/2690/673 5545/2691/673 5553/2692/673
f 5584/2693/674 5583/2694/674 5570/2695/674 5567/2696/674
f 5585/2697/675 5571/2698/675 5575/2699/675 5574/2700/675 5586/2701/675
f 5579/2702/676 5588/2703/676 5587/2704/676
f 5570/2705/677 5583/2706/677 5588/2707/677 5579/2708/677
f 5581/2709/678 5589/2710/678 5586/2711/678 5574/2712/678
f 5589/2713/2278 5581/2714/2278 5590/2715/2278
f 5587/2716/680 5591/2717/680 5563/51/680 5572/51/680 5567/2718/680 5570/2719/680 5579/2720/680
f 5574/2721/681 5575/2722/681 5592/2723/681 5590/2724/681 5581/2725/681
f 5563/22/682 5591/2726/682 5593/2727/682
f 5563/30/683 5593/2728/683 5592/2729/683 5575/2730/683 5571/2731/683 5572/2732/683
f 5578/2733/684 5568/2734/684 5569/2735/684 5573/2736/684 5576/2737/684 5580/2738/684 5582/2739/684 5565/2740/684 5566/2741/684 5564/2742/684 5577/2743/684
f 5572/2744/685 5571/2745/685 5585/2746/685 5584/2747/685 5567/2748/685
f 5619/2749/686 5597/2750/686 5618/2751/686
f 5597/2752/687 5619/2753/687 5620/2754/687 5603/2755/687 5602/2756/687 5600/2757/687
f 5605/2758/688 5600/2759/688 5602/2760/688 5604/2761/688 5606/2762/688
f 5621/2763/689 5607/2764/689 5608/2765/689 5609/2766/689 5622/2767/689
f 5609/2768/690 5612/2769/690 5623/2770/690 5622/2771/690
f 5620/2772/691 5623/2773/691 5612/2774/691 5614/2775/691 5615/2776/691 5603/2777/691
f 5614/2778/692 5616/2779/692 5617/2780/692 5615/2781/692
f 5605/2782/693 5594/22/693 5624/2783/693 5618/2784/693 5597/2785/693 5600/2786/693
f 5621/2787/694 5624/2788/694 5594/51/694 5607/2789/694
f 5617/51/695 5595/51/695 5604/2790/695 5602/2791/695 5603/2792/695 5615/2793/695
f 5604/2794/696 5595/22/696 5606/2795/696
f 5606/2796/697 5595/51/697 5594/22/697 5605/2797/697
f 5607/2798/698 5594/30/698 5595/51/698 5608/2799/698
f 5609/2800/699 5608/2801/699 5595/51/699 5616/2802/699 5614/2803/699 5612/2804/699
f 5617/2805/700 5616/2806/700 5595/22/700
f 5601/2807/701 5599/2808/701 5598/2809/701 5596/2810/701 5610/2811/701 5611/2812/701 5613/2813/701
f 5630/2814/702 5629/2815/702 5634/2816/702 5635/2817/702 5632/2818/702
f 5629/2819/703 5630/2820/703 5633/2821/703
f 5636/2822/704 5634/2823/704 5629/2824/704 5633/2825/704 5637/2826/704
f 5635/2827/705 5638/2828/705 5632/2829/705
f 5632/2830/706 5638/2831/706 5637/2832/706 5633/2833/706 5630/2834/706
f 5627/2835/707 5625/2836/707 5631/2837/707 5628/2838/707 5626/2839/707
f 5643/2840/708 5644/2841/708 5645/2842/708
f 5648/2843/709 5646/2844/709 5649/2845/709 5647/2846/709
f 5646/2847/710 5641/2848/710 5639/2849/710 5650/2850/710 5649/2851/710
f 5650/2852/711 5639/2853/711 5640/2854/711
f 5645/2855/712 5644/2856/712 5641/2857/712 5646/2858/712 5648/2859/712
f 5647/2860/713 5642/2861/713 5643/2862/713 5645/2863/713 5648/2864/713
f 5650/2865/714 5640/2866/714 5642/2867/714 5647/2868/714 5649/2869/714
f 5644/2870/715 5643/2871/715 5642/2872/715 5640/2873/715 5639/2874/715 5641/2875/715
f 5652/30/2279 5678/96/2279 5677/97/2279 5674/98/2279 5672/99/2279
f 5679/100/2280 5684/101/2280 5682/102/2280 5681/103/2280 5680/104/2280 5678/105/2280 5652/30/2280 5654/51/2280
f 5654/51/2281 5653/22/2281 5673/106/2281
f 5653/51/2282 5652/22/2282 5672/107/2282 5673/108/2282
f 5676/109/2283 5671/51/2283 5654/22/2283 5673/110/2283
f 5671/22/2284 5676/111/2284 5675/112/2284 5670/113/2284
f 5653/51/2285 5654/22/2285 5652/30/2285
f 5654/30/2286 5671/114/2286 5679/115/2286
f 5681/116/2287 5683/117/2287 5680/118/2287
f 5656/119/2288 5662/120/2288 5651/121/2288 5667/122/2288 5669/123/2288 5659/124/2288 5658/125/2288
f 5661/126/2289 5665/127/2289 5668/128/2289 5651/121/2289 5662/120/2289
f 5664/129/2290 5659/130/2290 5669/131/2290 5663/132/2290
f 5667/133/2291 5651/134/2291 5668/135/2291 5666/136/2291
f 5657/137/2292 5655/138/2292 5656/139/2292 5658/140/2292 5660/141/2292
f 5690/142/2293 5691/143/2293 5689/22/2293
f 5690/144/2294 5689/51/2294 5688/22/2294 5692/145/2294
f 5693/146/2295 5692/147/2295 5688/51/2295
f 5691/148/2296 5694/149/2296 5689/22/2296
f 5689/30/2297 5694/150/2297 5695/151/2297 5688/22/2297
f 5698/152/2298 5693/153/2298 5688/30/2298 5717/154/2298 5718/155/2298
f 5697/156/2299 5708/157/2299 5710/158/2299 5712/159/2299 5720/160/2299 5717/161/2299 5688/30/2299 5695/162/2299
f 5703/163/2300 5704/164/2300 5705/165/2300 5702/166/2300
f 5704/167/2301 5703/168/2301 5707/169/2301 5706/170/2301 5709/171/2301 5710/172/2301 5708/173/2301
f 5718/174/2302 5719/175/2302 5701/176/2302 5698/177/2302
f 5720/178/2303 5712/179/2303 5713/180/2303 5723/181/2303
f 5710/182/2304 5709/183/2304 5724/184/2304 5721/185/2304 5713/186/2304 5712/187/2304
f 5706/188/2305 5685/22/2305 5725/189/2305 5724/190/2305 5709/191/2305
f 5694/192/2306 5691/193/2306 5690/194/2306 5692/195/2306 5693/196/2306 5698/197/2306 5701/198/2306 5716/199/2306 5725/200/2306 5685/30/2306 5705/201/2306 5704/202/2306 5708/203/2306 5697/204/2306 5695/205/2306
f 5685/22/2307 5706/206/2307 5707/207/2307
f 5685/30/2308 5702/208/2308 5705/209/2308
f 5685/30/2309 5707/210/2309 5703/211/2309 5702/212/2309
f 5699/213/2310 5696/214/2310 5711/215/2310 5714/216/2310 5700/217/2310
f 5715/218/2311 5686/219/2311 5687/220/2311 5722/221/2311
f 5721/222/2312 5716/223/2312 5701/224/2312 5719/225/2312 5723/226/2312 5713/227/2312
f 5754/264/2313 5729/265/2313 5730/266/2313 5732/267/2313 5755/268/2313
f 5735/269/2314 5726/22/2314 5756/270/2314 5755/271/2314 5732/272/2314 5733/273/2314
f 5727/22/2315 5726/30/2315 5738/274/2315 5740/275/2315
f 5739/276/2316 5738/277/2316 5726/22/2316 5735/278/2316
f 5726/51/2317 5727/22/2317 5757/279/2317 5756/280/2317
f 5741/281/2318 5742/282/2318 5743/283/2318 5758/284/2318 5757/285/2318 5727/51/2318 5740/286/2318
f 5747/287/2319 5759/288/2319 5760/289/2319 5753/290/2319 5749/291/2319 5750/292/2319 5751/293/2319
f 5753/294/2320 5746/295/2320 5744/296/2320 5749/297/2320
f 5747/298/2321 5729/299/2321 5754/300/2321 5759/301/2321
f 5735/302/2322 5733/303/2322 5739/304/2322
f 5744/305/2323 5745/306/2323 5750/307/2323 5749/308/2323
f 5745/309/2324 5742/310/2324 5741/311/2324 5751/312/2324 5750/313/2324
f 5758/314/2325 5743/315/2325 5746/316/2325 5753/317/2325 5760/318/2325
f 5732/319/2326 5730/320/2326 5747/321/2326 5751/322/2326 5741/323/2326 5740/324/2326 5738/325/2326 5739/326/2326 5733/327/2326
f 5747/328/2327 5730/329/2327 5729/330/2327
f 5728/331/2328 5731/332/2328 5734/333/2328 5736/334/2328 5737/335/2328 5752/336/2328 5748/337/2328
f 5744/338/2329 5746/339/2329 5743/340/2329 5742/341/2329 5745/342/2329
f 5774/2657/2330 5773/2658/2330 5766/2659/2330 5767/2660/2330 5763/2661/2330
f 5766/2662/2331 5773/2663/2331 5775/2664/2331 5769/2665/2331
f 5769/2666/2332 5775/2667/2332 5776/2668/2332
f 5774/2669/2333 5763/2670/2333 5771/2671/2333 5777/2672/2333
f 5778/2673/2334 5777/2674/2334 5771/2675/2334
f 5779/2676/2335 5778/2677/2335 5771/2678/2335 5763/2679/2335 5767/2680/2335
f 5776/2681/2336 5779/2682/2336 5767/2683/2336 5766/2684/2336 5769/2685/2336
f 5768/2686/2337 5764/2687/2337 5765/2688/2337 5772/2689/2337 5761/2690/2337 5762/2691/2337 5770/2692/2337
f 5801/2693/2338 5800/2694/2338 5787/2695/2338 5784/2696/2338
f 5802/2697/2339 5788/2698/2339 5792/2699/2339 5791/2700/2339 5803/2701/2339
f 5796/2702/2340 5805/2703/2340 5804/2704/2340
f 5787/2705/2341 5800/2706/2341 5805/2707/2341 5796/2708/2341
f 5798/2709/2342 5806/2710/2342 5803/2711/2342 5791/2712/2342
f 5806/2713/2343 5798/2714/2343 5807/2715/2343
f 5804/2716/2344 5808/2717/2344 5780/51/2344 5789/51/2344 5784/2718/2344 5787/2719/2344 5796/2720/2344
f 5791/2721/2345 5792/2722/2345 5809/2723/2345 5807/2724/2345 5798/2725/2345
f 5780/22/2346 5808/2726/2346 5810/2727/2346
f 5780/30/2347 5810/2728/2347 5809/2729/2347 5792/2730/2347 5788/2731/2347 5789/2732/2347
f 5795/2733/2348 5785/2734/2348 5786/2735/2348 5790/2736/2348 5793/2737/2348 5797/2738/2348 5799/2739/2348 5782/2740/2348 5783/2741/2348 5781/2742/2348 5794/2743/2348
f 5789/2744/2349 5788/2745/2349 5802/2746/2349 5801/2747/2349 5784/2748/2349
f 5836/2749/2350 5814/2750/2350 5835/2751/2350
f 5814/2752/2351 5836/2753/2351 5837/2754/2351 5820/2755/2351 5819/2756/2351 5817/2757/2351
f 5822/2758/2352 5817/2759/2352 5819/2760/2352 5821/2761/2352 5823/2762/2352
f 5838/2763/2353 5824/2764/2353 5825/2765/2353 5826/2766/2353 5839/2767/2353
f 5826/2768/2354 5829/2769/2354 5840/2770/2354 5839/2771/2354
f 5837/2772/2355 5840/2773/2355 5829/2774/2355 5831/2775/2355 5832/2776/2355 5820/2777/2355
f 5831/2778/2356 5833/2779/2356 5834/2780/2356 5832/2781/2356
f 5822/2782/2357 5811/22/2357 5841/2783/2357 5835/2784/2357 5814/2785/2357 5817/2786/2357
f 5838/2787/2358 5841/2788/2358 5811/51/2358 5824/2789/2358
f 5834/51/2359 5812/51/2359 5821/2790/2359 5819/2791/2359 5820/2792/2359 5832/2793/2359
f 5821/2794/2360 5812/22/2360 5823/2795/2360
f 5823/2796/2361 5812/51/2361 5811/22/2361 5822/2797/2361
f 5824/2798/2362 5811/30/2362 5812/51/2362 5825/2799/2362
f 5826/2800/2363 5825/2801/2363 5812/51/2363 5833/2802/2363 5831/2803/2363 5829/2804/2363
f 5834/2805/2364 5833/2806/2364 5812/22/2364
f 5818/2807/2365 5816/2808/2365 5815/2809/2365 5813/2810/2365 5827/2811/2365 5828/2812/2365 5830/2813/2365
f 5847/2814/2366 5846/2815/2366 5851/2816/2366 5852/2817/2366 5849/2818/2366
f 5846/2819/2367 5847/2820/2367 5850/2821/2367
f 5853/2822/2368 5851/2823/2368 5846/2824/2368 5850/2825/2368 5854/2826/2368
f 5852/2827/2369 5855/2828/2369 5849/2829/2369
f 5849/2830/2370 5855/2831/2370 5854/2832/2370 5850/2833/2370 5847/2834/2370
f 5844/2835/2371 5842/2836/2371 5848/2837/2371 5845/2838/2371 5843/2839/2371
f 5860/2840/2372 5861/2841/2372 5862/2842/2372
f 5865/2843/2373 5863/2844/2373 5866/2845/2373 5864/2846/2373
f 5863/2847/2374 5858/2848/2374 5856/2849/2374 5867/2850/2374 5866/2851/2374
f 5867/2852/2375 5856/2853/2375 5857/2854/2375
f 5862/2855/2376 5861/2856/2376 5858/2857/2376 5863/2858/2376 5865/2859/2376
f 5864/2860/2377 5859/2861/2377 5860/2862/2377 5862/2863/2377 5865/2864/2377
f 5867/2865/2378 5857/2866/2378 5859/2867/2378 5864/2868/2378 5866/2869/2378
f 5861/2870/2379 5860/2871/2379 5859/2872/2379 5857/2873/2379 5856/2874/2379 5858/2875/2379
f 5890/2876/2380 5889/2877/2380 5871/2878/2380 5872/2879/2380
f 5877/2880/2381 5874/2881/2381 5895/2882/2381 5876/2883/2381
f 5876/2884/2382 5895/2885/2382 5896/2886/2382
f 5871/2887/2383 5889/2888/2383 5891/2889/2383 5879/2890/2383
f 5892/2891/2384 5881/2892/2384 5879/2893/2384 5891/2894/2384
f 5881/2895/2385 5892/2896/2385 5893/2897/2385 5883/2898/2385
f 5883/2899/2386 5893/2900/2386 5894/2901/2386 5887/2902/2386 5886/2903/2386 5888/2904/2386
f 5895/2905/2387 5874/2906/2387 5887/2907/2387 5894/2908/2387
f 5888/2909/2388 5869/2910/2388 5868/2911/2388 5872/2912/2388 5871/2913/2388 5879/2914/2388 5881/2915/2388 5883/2916/2388
f 5868/2917/2389 5869/2918/2389 5886/2919/2389 5887/2920/2389 5874/2921/2389 5877/2922/2389
f 5896/2923/2390 5890/2924/2390 5872/2925/2390 5868/2926/2390 5877/2927/2390 5876/2928/2390
f 5886/2929/2391 5869/2930/2391 5888/2931/2391
f 5880/2932/2392 5870/2933/2392 5873/2934/2392 5878/2935/2392 5875/2936/2392 5885/2937/2392 5884/2938/2392 5882/2939/2392
f 5914/2940/2393 5913/2941/2393 5898/2942/2393 5912/2943/2393
f 5898/2944/2394 5913/2945/2394 5915/2946/2394 5902/2947/2394
f 5916/2948/2395 5904/2949/2395 5905/2950/2395 5917/2951/2395
f 5910/2952/2396 5907/2953/2396 5918/2954/2396 5919/2955/2396
f 5910/2956/2397 5919/2957/2397 5920/2958/2397
f 5920/2959/2398 5914/2960/2398 5912/2961/2398 5910/2962/2398
f 5905/2963/2399 5902/2964/2399 5915/2965/2399 5917/2966/2399
f 5897/2967/2400 5904/2968/2400 5916/2969/2400 5918/2970/2400 5907/2971/2400
f 5897/2972/2401 5907/2973/2401 5910/2974/2401 5912/2975/2401
f 5904/2976/2402 5897/2977/2402 5912/2978/2402 5898/2979/2402 5902/2980/2402 5905/2981/2402
f 5908/2982/2403 5903/2983/2403 5906/2984/2403 5901/2985/2403 5899/2986/2403 5900/2987/2403 5911/2988/2403 5909/2989/2403
f 5927/2990/2404 5940/2991/2404 5939/2992/2404 5925/2993/2404 5930/2994/2404 5929/2995/2404
f 5940/2996/2405 5927/2997/2405 5931/2998/2405 5941/2999/2405
f 5934/3000/2406 5942/3001/2406 5941/3002/2406 5931/3003/2406 5933/3004/2406
f 5937/3005/2407 5943/3006/2407 5942/3007/2407 5934/3008/2407
f 5925/3009/2408 5938/3010/2408 5930/3011/2408
f 5938/3012/2409 5921/3013/2409 5922/3014/2409 5929/3015/2409 5930/3016/2409
f 5931/3017/2410 5927/3018/2410 5929/3019/2410 5922/3020/2410 5933/3021/2410
f 5921/3022/2411 5938/3023/2411 5925/3024/2411 5939/3025/2411 5944/3026/2411 5923/3027/2411
f 5937/3028/2412 5923/3029/2412 5944/3030/2412 5943/3031/2412
f 5934/3032/2413 5933/3033/2413 5922/3034/2413 5921/3035/2413 5923/3036/2413 5937/3037/2413
f 5924/3038/2414 5926/3039/2414 5928/3040/2414 5932/3041/2414 5935/3042/2414 5936/3043/2414
f 5962/3044/2415 5963/3045/2415 5951/3046/2415 5950/3047/2415 5949/3048/2415
f 5955/3049/2416 5957/3050/2416 5966/3051/2416 5960/3052/2416
f 5966/3053/2417 5967/3054/2417 5960/3055/2417
f 5949/3056/2418 5947/3057/2418 5948/3058/2418 5946/3059/2418 5956/3060/2418 5955/3061/2418 5960/3062/2418 5967/3063/2418 5962/3064/2418
f 5958/3065/2419 5948/3066/2419 5947/3067/2419 5950/3068/2419 5951/3069/2419
f 5947/3070/2420 5949/3071/2420 5950/3072/2420
f 5946/3073/2421 5948/3074/2421 5958/3075/2421 5959/3076/2421
f 5956/3077/2422 5946/3078/2422 5959/3079/2422
f 5945/3080/2423 5961/3081/2423 5965/3082/2423 5964/3083/2423 5953/3084/2423 5952/3085/2423
f 5958/3086/2424 5951/3087/2424 5963/3088/2424 5954/3089/2424 5957/3090/2424 5955/3091/2424 5956/3092/2424 5959/3093/2424
f 5972/3094/2425 5971/3095/2425 5973/3096/2425 6002/3097/2425 6001/3098/2425
f 5972/3099/2426 6001/3100/2426 6003/3101/2426 5976/3102/2426
f 5979/3103/2427 5976/3104/2427 6003/3105/2427 6004/3106/2427
f 5980/3107/2428 5979/3108/2428 6004/3109/2428 6005/3110/2428 5982/3111/2428
f 5982/3112/2429 6005/3113/2429 6006/3114/2429 5984/3115/2429 5983/3116/2429
f 5984/3117/2430 6006/3118/2430 6007/3119/2430 5986/3120/2430 5989/3121/2430 5988/3122/2430
f 5986/3123/2431 6007/3124/2431 6008/3125/2431 5990/3126/2431
f 6008/3127/2432 6009/3128/2432 5993/3129/2432 5994/3130/2432 5990/3131/2432
f 6009/3132/2433 6010/3133/2433 5996/3134/2433 5993/3135/2433
f 6010/3136/2434 6011/3137/2434 5998/3138/2434 5996/3139/2434
f 6000/3140/2435 5999/3141/2435 5998/3142/2435 6011/3143/2435 6002/3144/2435 5973/3145/2435
f 5968/3146/2436 5970/3147/2436 5969/3148/2436 6000/3149/2436 5973/3150/2436 5971/3151/2436
f 5983/3152/2437 5980/3153/2437 5982/3154/2437
f 5994/3155/2438 5993/3156/2438 5996/3157/2438 5998/3158/2438 5999/3159/2438
f 5986/3160/2439 5969/3161/2439 5970/3162/2439 5989/3163/2439
f 5994/3164/2440 5999/3165/2440 6000/3166/2440 5969/3167/2440 5986/3168/2440 5990/3169/2440
f 5989/3170/2441 5970/3171/2441 5968/3172/2441 5988/3173/2441
f 5968/3174/2442 5971/3175/2442 5972/3176/2442 5976/3177/2442 5979/3178/2442 5980/3179/2442 5983/3180/2442 5984/3181/2442 5988/3182/2442
f 5991/3183/2443 5987/3184/2443 5985/3185/2443 5981/3186/2443 5978/3187/2443 5977/3188/2443 5974/3189/2443 5975/3190/2443 5997/3191/2443 5995/3192/2443 5992/3193/2443
f 6022/3194/2444 6023/3195/2444 6015/3196/2444 6014/3197/2444
f 6015/3198/2445 6023/3199/2445 6024/3200/2445
f 6014/3201/2446 6013/3202/2446 6027/3203/2446 6022/3204/2446
f 6020/3205/2447 6027/3206/2447 6013/3207/2447 6021/3208/2447
f 6012/3209/2448 6026/3210/2448 6025/3211/2448 6018/3212/2448 6017/3213/2448 6016/3214/2448
f 6021/3215/2449 6013/3216/2449 6014/3217/2449 6015/3218/2449 6024/3219/2449 6019/3220/2449
f 6020/3221/2450 6021/3222/2450 6019/3223/2450
f 6033/3224/2451 6036/3225/2451 6037/3226/2451 6032/3227/2451
f 6035/3228/2452 6033/3229/2452 6032/3230/2452
f 6030/3231/2453 6038/3232/2453 6039/3233/2453
f 6030/3234/2454 6039/3235/2454 6036/3236/2454 6033/3237/2454 6035/3238/2454
f 6028/3239/2455 6034/3240/2455 6031/3241/2455 6029/3242/2455
f 6037/3243/2456 6038/3244/2456 6030/3245/2456 6035/3246/2456 6032/3247/2456
f 6043/3248/2457 6050/3249/2457 6049/3250/2457 6042/3251/2457
f 6048/3252/2458 6051/3253/2458 6050/3254/2458 6043/3255/2458 6046/3256/2458
f 6046/3257/2459 6053/3258/2459 6052/3259/2459 6048/3260/2459
f 6048/3261/2460 6052/3262/2460 6051/3263/2460
f 6053/3264/2461 6046/3265/2461 6042/3266/2461 6049/3267/2461
f 6040/3268/2462 6041/3269/2462 6044/3270/2462 6045/3271/2462 6047/3272/2462
f 6042/3273/2463 6046/3274/2463 6043/3275/2463
f 6057/3276/2464 6056/3277/2464 6063/3278/2464 6062/3279/2464 6059/3280/2464
f 6063/3281/2465 6056/3282/2465 6064/3283/2465
f 6059/3284/2466 6054/3285/2466 6057/3286/2466
f 6062/3287/2467 6065/3288/2467 6054/3289/2467 6059/3290/2467
f 6061/3291/2468 6055/3292/2468 6058/3293/2468 6060/3294/2468
f 6057/3295/2469 6054/3296/2469 6065/3297/2469 6064/3298/2469 6056/3299/2469
f 6090/3300/2470 6089/3301/2470 6091/3302/2470
f 6087/3303/2471 6088/3304/2471 6096/3305/2471 6094/3306/2471 6095/3307/2471 6093/3308/2471 6092/3309/2471
f 6100/3310/2472 6099/3311/2472 6069/3312/2472 6070/3313/2472
f 6069/3314/2473 6099/3315/2473 6101/3316/2473 6067/22/2473 6089/3317/2473 6090/3318/2473
f 6067/51/2474 6073/3319/2474 6074/3320/2474 6075/3321/2474 6091/3322/2474 6089/3323/2474
f 6076/3324/2475 6073/3325/2475 6067/51/2475 6066/22/2475
f 6076/3326/2476 6066/51/2476 6077/3327/2476
f 6077/3328/2477 6066/51/2477 6078/3329/2477
f 6094/3330/2478 6096/3331/2478 6102/3332/2478
f 6085/3333/2479 6102/3334/2479 6096/3335/2479 6088/3336/2479
f 6067/22/2480 6101/3337/2480 6103/3338/2480 6066/51/2480
f 6086/3339/2481 6083/3340/2481 6104/3341/2481
f 6094/3342/2482 6102/3343/2482 6100/3344/2482 6070/3345/2482 6095/3346/2482
f 6075/3347/2483 6092/3348/2483 6093/3349/2483
f 6092/3350/2484 6075/3351/2484 6074/3352/2484 6084/3353/2484 6087/3354/2484
f 6095/3355/2485 6070/3356/2485 6069/3357/2485 6090/3358/2485 6091/3359/2485 6075/3360/2485 6093/3361/2485
f 6074/3362/2486 6073/3363/2486 6076/3364/2486 6077/3365/2486 6078/3366/2486 6082/3367/2486 6084/3368/2486
f 6081/3369/2487 6080/3370/2487 6072/3371/2487 6068/3372/2487 6071/3373/2487 6079/3374/2487 6097/3375/2487 6098/3376/2487
f 6078/3377/2488 6066/22/2488 6103/3378/2488 6104/3379/2488 6083/3380/2488 6082/3381/2488
f 6087/3382/2489 6084/3383/2489 6082/3384/2489 6083/3385/2489 6086/3386/2489 6085/3387/2489 6088/3388/2489
f 6109/3389/2490 6106/3390/2490 6107/3391/2490 6108/3392/2490
f 6106/3393/2491 6110/3394/2491 6107/3395/2491
f 6107/3396/2492 6110/3397/2492 6105/3398/2492 6108/3399/2492
f 6109/3400/2493 6105/3401/2493 6110/3402/2493 6106/3403/2493
f 6108/3404/2494 6105/3405/2494 6109/3406/2494
f 6111/3407/2495 6116/3408/2495 6115/3409/2495 6114/3410/2495 6117/3411/2495
f 6111/3412/2496 6112/3413/2496 6116/3414/2496
f 6113/3415/2497 6115/3416/2497 6116/3417/2497 6112/3418/2497
f 6113/3419/2498 6112/3420/2498 6111/3421/2498 6117/3422/2498 6114/3423/2498
f 6113/3424/2499 6114/3425/2499 6115/3426/2499
f 6120/3427/2500 6121/3428/2500 6122/3429/2500 6123/3430/2500 6128/3431/2500 6126/3432/2500
f 6119/51/2501 6121/3433/2501 6120/3434/2501
f 6127/3435/2502 6119/22/2502 6120/3436/2502 6126/3437/2502
f 6118/22/2503 6119/30/2503 6125/3438/2503 6124/3439/2503
f 6118/51/2504 6123/3440/2504 6122/3441/2504 6119/30/2504
f 6119/30/2505 6122/3442/2505 6121/3443/2505
f 6124/3444/2506 6128/3445/2506 6123/3446/2506 6118/51/2506
f 6119/30/2507 6127/3447/2507 6125/3448/2507
f 6126/3449/2508 6128/3450/2508 6124/3451/2508 6125/3452/2508 6127/3453/2508
f 6133/3454/2509 6132/3455/2509 6131/3456/2509 6134/3457/2509 6130/3458/2509 6129/3459/2509
f 6138/3460/2510 6139/3461/2510 6135/3462/2510 6136/3463/2510 6137/3464/2510
f 6140/3465/2511 6141/3466/2511 6136/3467/2511 6135/3468/2511 6143/3469/2511 6142/3470/2511
f 6142/3471/2512 6143/3472/2512 6145/3473/2512 6146/3474/2512 6144/3475/2512
f 6132/3476/2513 6133/3477/2513 6147/3478/2513
f 6148/3479/2514 6144/3480/2514 6146/3481/2514
f 6146/3482/2515 6145/3483/2515 6139/3484/2515 6138/3485/2515 6131/3486/2515 6132/3487/2515 6147/3488/2515 6148/3489/2515
f 6143/3490/2516 6135/3491/2516 6139/3492/2516 6145/3493/2516
f 6134/3494/2517 6131/3495/2517 6138/3496/2517 6137/3497/2517
f 6141/3498/2518 6140/3499/2518 6129/3500/2518 6130/3501/2518
f 6147/3502/2519 6133/3503/2519 6129/3504/2519 6140/3505/2519 6142/3506/2519 6144/3507/2519 6148/3508/2519
f 6141/3509/2520 6130/3510/2520 6134/3511/2520 6137/3512/2520 6136/3513/2520
f 6152/3514/2521 6153/3515/2521 6154/3516/2521 6155/3517/2521 6151/3518/2521
f 6156/3519/2522 6158/3520/2522 6157/3521/2522
f 6169/3522/2523 6159/3523/2523 6156/3524/2523 6157/3525/2523 6161/3526/2523 6162/3527/2523 6163/3528/2523 6170/3529/2523
f 6167/3530/2524 6165/3531/2524 6166/3532/2524
f 6165/3533/2525 6167/3534/2525 6168/3535/2525 6163/3536/2525 6162/3537/2525
f 6166/3538/2526 6149/3539/2526 6155/3540/2526 6154/3541/2526 6168/3542/2526 6167/3543/2526
f 6153/3544/2527 6171/3545/2527 6170/3546/2527 6163/3547/2527 6168/3548/2527 6154/3549/2527
f 6159/3550/2528 6169/3551/2528 6171/3552/2528 6153/3553/2528 6152/3554/2528
f 6162/3555/2529 6161/3556/2529 6149/3557/2529 6166/3558/2529 6165/3559/2529
f 6158/3560/2530 6151/3561/2530 6155/3562/2530 6149/3563/2530 6161/3564/2530 6157/3565/2530
f 6150/3566/2531 6160/3567/2531 6164/3568/2531
f 6152/3569/2532 6151/3570/2532 6158/3571/2532 6156/3572/2532 6159/3573/2532
f 6172/22/2533 6180/3574/2533 6181/3575/2533
f 6180/3576/2534 6172/51/2534 6182/3577/2534
f 6182/3578/2535 6172/51/2535 6190/3579/2535 6189/3580/2535
f 6173/51/2536 6185/3581/2536 6186/3582/2536
f 6172/51/2537 6173/22/2537 6186/3583/2537 6191/3584/2537 6190/3585/2537
f 6185/3586/2538 6173/22/2538 6188/3587/2538
f 6179/3588/2539 6178/3589/2539 6177/3590/2539 6176/3591/2539
f 6175/3592/2540 6176/3593/2540 6177/3594/2540
f 6185/3595/2541 6188/3596/2541 6179/3597/2541 6176/3598/2541 6175/3599/2541 6192/3600/2541 6191/3601/2541 6186/3602/2541
f 6189/3603/2542 6192/3604/2542 6175/3605/2542 6177/3606/2542 6178/3607/2542 6181/3608/2542 6180/3609/2542 6182/3610/2542
f 6187/3611/2543 6174/3612/2543 6183/3613/2543 6184/3614/2543
f 6172/51/2544 6181/3615/2544 6178/3616/2544 6179/3617/2544 6188/3618/2544 6173/51/2544
f 6194/22/2545 6193/30/2545 6208/3619/2545 6209/3620/2545 6200/3621/2545
f 6215/3622/2546 6214/3623/2546 6194/51/2546 6200/3624/2546 6199/3625/2546
f 6215/3626/2547 6199/3627/2547 6210/3628/2547
f 6211/3629/2548 6204/3630/2548 6216/3631/2548
f 6204/3632/2549 6205/3633/2549 6193/22/2549 6217/3634/2549 6216/3635/2549
f 6193/51/2550 6218/3636/2550 6217/3637/2550
f 6193/22/2551 6196/3638/2551 6218/3639/2551
f 6193/30/2552 6205/3640/2552 6208/3641/2552
f 6208/3642/2553 6205/3643/2553 6204/3644/2553 6211/3645/2553 6210/3646/2553 6209/3647/2553
f 6199/3648/2554 6200/3649/2554 6209/3650/2554 6210/3651/2554
f 6213/3652/2555 6212/3653/2555 6202/3654/2555 6206/3655/2555 6207/3656/2555
f 6201/3657/2556 6203/3658/2556 6202/3659/2556 6212/3660/2556 6197/3661/2556 6198/3662/2556
f 6193/51/2557 6194/22/2557 6214/3663/2557 6195/3664/2557 6196/3665/2557
f 6227/3666/2558 6224/3667/2558 6220/51/2558 6225/3668/2558 6226/3669/2558
f 6220/51/2559 6228/3670/2559 6225/3671/2559
f 6237/3672/2560 6238/3673/2560 6236/3674/2560
f 6241/3675/2561 6234/3676/2561 6228/3677/2561 6220/30/2561 6232/3678/2561
f 6226/3679/2562 6223/3680/2562 6227/3681/2562
f 6241/3682/2563 6242/3683/2563 6221/3684/2563 6234/3685/2563
f 6223/3686/2564 6226/3687/2564 6225/3688/2564 6228/3689/2564 6234/3690/2564 6221/3691/2564
f 6227/3692/2565 6223/3693/2565 6221/3694/2565 6242/3695/2565 6243/3696/2565 6239/3697/2565 6224/3698/2565
f 6219/3699/2566 6222/3700/2566 6235/3701/2566 6240/3702/2566 6229/3703/2566 6231/3704/2566
f 6233/3705/2567 6219/3706/2567 6231/3707/2567 6230/3708/2567
f 6239/3709/2568 6236/3710/2568 6238/3711/2568 6232/3712/2568 6220/22/2568 6224/3713/2568
f 6264/3714/2569 6266/3715/2569 6246/30/2569
f 6252/3716/2570 6247/51/2570 6246/22/2570 6253/3717/2570
f 6254/3718/2571 6246/30/2571 6266/3719/2571 6265/3720/2571 6267/3721/2571
f 6258/3722/2572 6255/3723/2572 6257/3724/2572 6259/3725/2572
f 6264/3726/2573 6246/22/2573 6247/30/2573 6261/3727/2573 6263/3728/2573
f 6251/3729/2574 6260/3730/2574 6262/3731/2574 6261/3732/2574 6247/22/2574 6252/3733/2574
f 6249/3734/2575 6248/3735/2575 6245/22/2575 6267/3736/2575 6265/3737/2575 6250/3738/2575
f 6267/3739/2576 6245/22/2576 6256/3740/2576 6254/3741/2576
f 6259/3742/2577 6245/51/2577 6248/3743/2577 6258/3744/2577
f 6256/3745/2578 6245/51/2578 6259/3746/2578 6257/3747/2578
f 6244/22/2579 6249/3748/2579 6250/3749/2579
f 6263/3750/2580 6244/22/2580 6250/3751/2580 6265/3752/2580 6266/3753/2580 6264/3754/2580
f 6258/3755/2581 6248/3756/2581 6249/3757/2581 6244/51/2581 6251/3758/2581 6252/3759/2581 6253/3760/2581 6255/3761/2581
f 6263/3762/2582 6261/3763/2582 6262/3764/2582 6244/22/2582
f 6262/3765/2583 6260/3766/2583 6244/30/2583
f 6244/30/2584 6260/3767/2584 6251/3768/2584
f 6255/3769/2585 6253/3770/2585 6246/51/2585 6254/3771/2585 6256/3772/2585 6257/3773/2585
f 6279/3774/2586 6280/3775/2586 6270/3776/2586 6271/3777/2586
f 6275/3778/2587 6278/3779/2587 6277/3780/2587 6268/22/2587
f 6275/3781/2588 6268/51/2588 6276/3782/2588
f 6271/3783/2589 6276/3784/2589 6268/51/2589 6277/3785/2589 6279/3786/2589
f 6271/3787/2590 6270/3788/2590 6280/3789/2590 6275/3790/2590 6276/3791/2590
f 6274/3792/2591 6269/3793/2591 6272/3794/2591 6273/3795/2591
f 6278/3796/2592 6275/3797/2592 6280/3798/2592
f 6288/3799/2593 6283/22/2593 6286/3800/2593 6287/3801/2593
f 6286/3802/2594 6283/51/2594 6290/3803/2594 6291/3804/2594 6289/3805/2594
f 6285/22/2595 6292/3806/2595 6293/3807/2595
f 6302/3808/2596 6294/3809/2596 6292/3810/2596 6285/51/2596 6303/3811/2596
f 6302/3812/2597 6304/3813/2597 6283/22/2597 6288/3814/2597 6294/3815/2597
f 6307/3816/2598 6300/3817/2598 6306/3818/2598
f 6307/3819/2599 6303/3820/2599 6285/22/2599 6293/3821/2599 6300/3822/2599
f 6288/3823/2600 6287/3824/2600 6308/3825/2600 6306/3826/2600 6300/3827/2600 6293/3828/2600 6292/3829/2600 6294/3830/2600
f 6298/3831/2601 6309/3832/2601 6291/3833/2601 6290/3834/2601
f 6289/3835/2602 6291/3836/2602 6309/3837/2602 6310/3838/2602
f 6286/3839/2603 6289/3840/2603 6310/3841/2603 6308/3842/2603 6287/3843/2603
f 6281/3844/2604 6284/3845/2604 6282/3846/2604 6305/3847/2604 6297/3848/2604 6295/3849/2604 6296/3850/2604 6301/3851/2604 6299/3852/2604
f 6298/3853/2605 6290/3854/2605 6283/30/2605 6304/3855/2605
f 6316/3856/2606 6329/3857/2606 6328/3858/2606
f 6313/22/2607 6319/3859/2607 6330/3860/2607 6331/3861/2607
f 6316/3862/2608 6319/3863/2608 6313/51/2608 6332/3864/2608 6329/3865/2608
f 6335/3866/2609 6336/3867/2609 6314/22/2609 6338/3868/2609 6337/3869/2609
f 6314/51/2610 6313/22/2610 6331/3870/2610 6338/3871/2610
f 6313/30/2611 6314/51/2611 6336/3872/2611 6322/3873/2611
f 6319/3874/2612 6316/3875/2612 6328/3876/2612 6339/3877/2612 6330/3878/2612
f 6327/3879/2613 6320/3880/2613 6318/3881/2613 6312/3882/2613 6311/3883/2613 6324/3884/2613 6325/3885/2613
f 6311/3883/2614 6334/3886/2614 6333/3887/2614 6326/3888/2614 6324/3884/2614
f 6321/3889/2615 6334/3890/2615 6311/3891/2615 6312/3892/2615 6315/3893/2615 6317/3894/2615
f 6323/3895/2616 6332/3896/2616 6313/51/2616 6322/3897/2616
f 6343/3898/2617 6345/3899/2617 6344/3900/2617
f 6346/3901/2618 6348/3902/2618 6347/3903/2618 6341/51/2618
f 6341/22/2619 6347/3904/2619 6349/3905/2619
f 6346/3906/2620 6341/51/2620 6351/3907/2620 6350/3908/2620
f 6351/3909/2621 6341/51/2621 6352/3910/2621
f 6354/3911/2622 6355/3912/2622 6353/3913/2622
f 6355/3914/2623 6354/3915/2623 6352/3916/2623 6341/22/2623 6349/3917/2623
f 6340/3918/2624 6343/3919/2624 6344/3920/2624 6348/3921/2624 6346/3922/2624
f 6353/3923/2625 6342/3924/2625 6345/3925/2625 6343/3926/2625 6340/3927/2625 6350/3928/2625 6351/3929/2625 6352/3930/2625 6354/3931/2625
f 6340/3932/2626 6346/3933/2626 6350/3934/2626
f 6349/3935/2627 6347/3936/2627 6348/3937/2627 6344/3938/2627 6345/3939/2627 6342/3940/2627 6353/3941/2627 6355/3942/2627
f 6368/3943/2628 6361/3944/2628 6364/3945/2628 6365/3946/2628 6367/3947/2628
f 6365/3948/2629 6364/3949/2629 6366/3950/2629
f 6364/3951/2630 6361/3952/2630 6358/3953/2630 6356/3954/2630 6366/3955/2630
f 6357/3956/2631 6370/3957/2631 6369/3958/2631
f 6368/3959/2632 6370/3960/2632 6357/3961/2632 6358/3962/2632 6361/3963/2632
f 6362/3964/2633 6359/3965/2633 6360/3966/2633 6363/3967/2633
f 6366/3968/2634 6356/3969/2634 6358/3970/2634 6357/3971/2634 6369/3972/2634 6367/3973/2634 6365/3974/2634
f 6395/3975/2635 6397/3976/2635 6396/3977/2635
f 6397/3978/2636 6395/3979/2636 6399/3980/2636 6384/3981/2636 6382/3982/2636 6374/22/2636 6383/3983/2636 6398/3984/2636
f 6387/3985/2637 6383/3986/2637 6374/51/2637
f 6392/3987/2638 6375/22/2638 6374/30/2638 6389/3988/2638
f 6374/30/2639 6375/51/2639 6393/3989/2639 6394/3990/2639
f 6394/3991/2640 6387/3992/2640 6374/30/2640
f 6382/3993/2641 6384/3994/2641 6391/3995/2641
f 6391/3996/2642 6384/3997/2642 6399/3998/2642 6401/3999/2642
f 6376/4000/2643 6403/4001/2643 6402/4002/2643 6404/4003/2643
f 6376/4004/2644 6405/4005/2644 6403/4006/2644
f 6385/4007/2645 6378/4008/2645 6372/4009/2645 6380/4010/2645 6381/4011/2645
f 6372/4012/2646 6373/4013/2646 6377/4014/2646 6400/4015/2646 6390/4016/2646 6386/4017/2646 6379/4018/2646 6380/4019/2646
f 6389/4020/2647 6388/4021/2647 6405/4022/2647 6376/4023/2647 6404/4024/2647 6398/4025/2647 6383/4026/2647 6387/4027/2647 6394/4028/2647 6393/4029/2647 6375/4030/2647 6392/4031/2647
f 6401/4032/2648 6388/4033/2648 6389/4034/2648 6374/22/2648 6382/4035/2648 6391/4036/2648
f 6407/4037/2649 6410/4038/2649 6408/4039/2649 6409/4040/2649
f 6406/22/2650 6411/4041/2650 6407/4042/2650 6409/4043/2650 6416/4044/2650
f 6406/51/2651 6412/4045/2651 6411/4046/2651
f 6408/4047/2652 6410/4048/2652 6413/4049/2652 6423/4050/2652 6422/4051/2652
f 6412/22/2653 6406/30/2653 6418/4052/2653 6417/4053/2653
f 6424/4054/2654 6418/4055/2654 6406/30/2654 6416/4056/2654 6426/4057/2654 6425/4058/2654
f 6413/4059/2655 6410/4060/2655 6407/4061/2655 6411/4062/2655 6412/4063/2655 6417/4064/2655
f 6424/4065/2656 6423/4066/2656 6413/4067/2656 6417/4068/2656 6418/4069/2656
f 6414/4070/2657 6415/4071/2657 6419/4072/2657 6420/4073/2657 6421/4074/2657
f 6416/4075/2658 6409/4076/2658 6408/4077/2658 6422/4078/2658 6426/4079/2658
f 6432/4080/2659 6431/22/2659 6433/4081/2659
f 6433/4082/2660 6431/51/2660 6434/4083/2660 6435/4084/2660
f 6436/51/2661 6431/22/2661 6432/4085/2661
f 6437/4086/2662 6431/30/2662 6436/51/2662 6438/4087/2662
f 6439/4088/2663 6434/4089/2663 6431/30/2663 6437/4090/2663
f 6444/4091/2664 6445/4092/2664 6440/4093/2664 6436/4094/2664 6441/4095/2664
f 6438/4096/2665 6436/30/2665 6440/4097/2665
f 6447/4098/2666 6427/4099/2666 6446/4100/2666
f 6446/4101/2667 6427/4102/2667 6434/4103/2667 6439/4104/2667 6448/4105/2667
f 6436/4106/2668 6432/4107/2668 6433/4108/2668 6435/4109/2668 6441/4110/2668
f 6434/4111/2669 6427/4112/2669 6447/4113/2669 6444/4114/2669 6441/4115/2669 6435/4116/2669
f 6442/4117/2670 6429/4118/2670 6428/4119/2670 6430/4120/2670 6443/4121/2670
f 6445/4122/2671 6448/4123/2671 6439/4124/2671 6437/4125/2671 6438/4126/2671 6440/4127/2671
f 6454/4128/2672 6467/4129/2672 6466/4130/2672
f 6456/4131/2673 6455/4132/2673 6462/22/2673
f 6456/4133/2674 6462/4134/2674 6459/4135/2674 6457/4136/2674 6458/4137/2674
f 6468/4138/2675 6467/4139/2675 6454/4140/2675 6458/4141/2675 6457/4142/2675 6469/4143/2675
f 6463/4144/2676 6473/4145/2676 6472/4146/2676 6459/4147/2676 6462/4148/2676
f 6459/4149/2677 6472/4150/2677 6474/4151/2677 6469/4152/2677 6457/4153/2677
f 6473/4154/2678 6463/4155/2678 6464/4156/2678
f 6450/4157/2679 6449/4158/2679 6451/4159/2679 6470/4160/2679 6471/4161/2679 6452/4162/2679 6453/4163/2679 6460/4164/2679
f 6450/4165/2680 6460/4166/2680 6461/4167/2680
f 6455/4168/2681 6456/4169/2681 6458/4170/2681 6454/4171/2681 6466/4172/2681 6465/4173/2681
f 6464/4174/2682 6463/4175/2682 6462/51/2682 6455/4176/2682 6465/4177/2682
f 6479/4178/2683 6478/4179/2683 6480/4180/2683
f 6477/22/2684 6481/4181/2684 6479/4182/2684 6480/4183/2684 6482/4184/2684
f 6494/4185/2685 6493/4186/2685 6477/22/2685 6482/4187/2685
f 6477/30/2686 6493/4188/2686 6495/4189/2686
f 6496/4190/2687 6492/4191/2687 6477/30/2687 6495/4192/2687 6497/4193/2687
f 6496/4194/2688 6497/4195/2688 6498/4196/2688
f 6482/4197/2689 6480/4198/2689 6478/4199/2689 6500/4200/2689 6499/4201/2689 6494/4202/2689
f 6475/4203/2690 6490/4204/2690 6488/4205/2690 6487/4206/2690 6485/4207/2690 6486/4208/2690
f 6490/4209/2691 6475/4203/2691 6476/4210/2691 6483/4211/2691 6484/4212/2691 6489/4213/2691
f 6481/4214/2692 6491/4215/2692 6500/4216/2692 6478/4217/2692 6479/4218/2692
f 6477/51/2693 6492/4219/2693 6491/4220/2693 6481/4221/2693
f 6503/4222/2694 6504/4223/2694 6502/4224/2694
f 6510/4225/2695 6508/4226/2695 6507/4227/2695 6509/4228/2695
f 6510/4229/2696 6509/4230/2696 6511/4231/2696
f 6509/4232/2697 6507/4233/2697 6506/4234/2697 6501/4235/2697 6511/4236/2697
f 6508/4237/2698 6510/4238/2698 6511/4239/2698 6501/4240/2698 6502/4241/2698 6504/4242/2698
f 6503/4243/2699 6502/4244/2699 6501/4245/2699 6506/4246/2699 6505/4247/2699
f 6507/4248/2700 6508/4249/2700 6504/4250/2700 6503/4251/2700 6505/4252/2700 6506/4253/2700
f 6515/4254/2701 6544/4255/2701 6543/4256/2701
f 6519/4257/2702 6516/4258/2702 6517/4259/2702 6545/4260/2702 6544/4261/2702 6515/4262/2702
f 6517/4263/2703 6520/4264/2703 6512/22/2703 6546/4265/2703 6545/4266/2703
f 6547/4267/2704 6546/4268/2704 6512/51/2704 6522/4269/2704 6523/4270/2704
f 6522/4271/2705 6512/51/2705 6526/22/2705 6525/4272/2705
f 6527/4273/2706 6549/4274/2706 6548/4275/2706
f 6531/4276/2707 6516/4277/2707 6519/4278/2707 6530/4279/2707
f 6532/4280/2708 6512/22/2708 6520/4281/2708 6533/4282/2708
f 6534/4283/2709 6531/4284/2709 6530/4285/2709 6536/4286/2709 6535/4287/2709
f 6512/30/2710 6532/4288/2710 6526/22/2710
f 6540/4289/2711 6537/4290/2711 6538/4291/2711 6539/4292/2711
f 6549/4293/2712 6527/4294/2712 6542/4295/2712 6539/4296/2712 6538/4297/2712 6550/4298/2712
f 6535/4299/2713 6536/4300/2713 6537/4301/2713 6540/4302/2713
f 6542/4303/2714 6523/4304/2714 6522/4305/2714 6525/4306/2714 6526/4307/2714 6532/4308/2714 6533/4309/2714 6534/4310/2714 6535/4311/2714 6540/4312/2714 6539/4313/2714
f 6547/4314/2715 6523/4315/2715 6542/4316/2715 6527/4317/2715 6548/4318/2715
f 6538/4319/2716 6537/4320/2716 6536/4321/2716 6530/4322/2716 6519/4323/2716 6515/4324/2716 6543/4325/2716 6550/4326/2716
f 6513/4327/2717 6514/4328/2717 6518/4329/2717 6521/4330/2717 6524/4331/2717 6528/4332/2717 6529/4333/2717 6541/4334/2717
f 6517/4335/2718 6516/4336/2718 6531/4337/2718 6534/4338/2718 6533/4339/2718 6520/4340/2718
f 6564/4341/2719 6554/4342/2719 6553/4343/2719 6555/4344/2719 6563/4345/2719
f 6553/4346/2720 6554/4347/2720 6559/4348/2720 6558/4349/2720
f 6561/4350/2721 6560/4351/2721 6562/4352/2721
f 6562/4353/2722 6558/4354/2722 6559/4355/2722 6561/4356/2722
f 6553/4357/2723 6558/4358/2723 6562/4359/2723 6560/4360/2723 6565/4361/2723 6566/4362/2723 6555/4363/2723
f 6563/4364/2724 6555/4365/2724 6566/4366/2724
f 6561/4367/2725 6559/4368/2725 6554/4369/2725 6564/4370/2725 6565/4371/2725 6560/4372/2725
f 6556/4373/2726 6552/4374/2726 6551/4375/2726 6557/4376/2726
f 6576/22/2727 6583/4377/2727 6582/4378/2727 6569/4379/2727
f 6567/22/2728 6584/4380/2728 6583/4381/2728 6576/51/2728
f 6586/4382/2729 6587/4383/2729 6584/4384/2729 6567/51/2729 6585/4385/2729
f 6586/4386/2730 6588/4387/2730 6587/4388/2730
f 6576/4389/2731 6577/4390/2731 6567/22/2731
f 6578/4391/2732 6567/30/2732 6577/4392/2732
f 6589/4393/2733 6585/4394/2733 6567/30/2733 6578/4395/2733 6581/4396/2733 6590/4397/2733
f 6576/4398/2734 6569/4399/2734 6581/4400/2734 6578/4401/2734 6577/4402/2734
f 6569/4403/2735 6582/4404/2735 6590/4405/2735 6581/4406/2735
f 6568/4407/2736 6570/4408/2736 6571/4409/2736 6572/4410/2736 6575/4411/2736 6579/4412/2736 6580/4413/2736
f 6579/4412/2737 6575/4411/2737 6574/4414/2737 6573/4415/2737
f 6608/4416/2738 6598/4417/2738 6607/4418/2738
f 6595/22/2739 6600/4419/2739 6598/4420/2739 6608/4421/2739 6609/4422/2739
f 6601/4423/2740 6600/4424/2740 6595/51/2740 6594/22/2740
f 6596/4425/2741 6602/4426/2741 6601/4427/2741 6594/51/2741
f 6594/30/2742 6595/51/2742 6609/4428/2742
f 6612/4429/2743 6602/4430/2743 6596/4431/2743 6594/4432/2743 6606/4433/2743 6613/4434/2743
f 6614/4435/2744 6613/4436/2744 6606/4437/2744 6605/4438/2744
f 6610/4439/2745 6593/4440/2745 6611/4441/2745
f 6603/4442/2746 6599/4443/2746 6597/4444/2746 6591/4445/2746 6592/4446/2746 6593/4440/2746 6610/4447/2746
f 6598/4448/2747 6600/4449/2747 6601/4450/2747 6602/4451/2747 6612/4452/2747 6607/4453/2747
f 6594/30/2748 6609/4454/2748 6604/4455/2748 6605/4456/2748 6606/4457/2748
f 6626/4458/2749 6623/4459/2749 6624/4460/2749 6627/4461/2749 6625/4462/2749
f 6652/4463/2750 6623/4464/2750 6626/4465/2750 6653/4466/2750
f 6631/4467/2751 6630/4468/2751 6633/4469/2751 6632/4470/2751
f 6633/4471/2752 6630/4472/2752 6634/4473/2752 6618/22/2752 6637/4474/2752 6636/4475/2752 6635/4476/2752
f 6618/51/2753 6616/22/2753 6638/4477/2753 6637/4478/2753
f 6616/51/2754 6617/22/2754 6639/4479/2754 6638/4480/2754
f 6625/4481/2755 6627/4482/2755 6640/4483/2755 6639/4484/2755 6617/51/2755 6641/4485/2755
f 6643/4486/2756 6641/4487/2756 6617/51/2756 6642/4488/2756
f 6646/4489/2757 6645/4490/2757 6644/4491/2757
f 6649/4492/2758 6617/22/2758 6647/4493/2758 6644/4494/2758 6645/4495/2758 6648/4496/2758
f 6616/22/2759 6650/4497/2759 6647/4498/2759 6617/51/2759
f 6650/4499/2760 6616/51/2760 6618/22/2760 6634/4500/2760
f 6617/30/2761 6651/4501/2761 6642/4502/2761
f 6617/30/2762 6649/4503/2762 6651/4504/2762
f 6648/4505/2763 6643/4506/2763 6642/4507/2763 6651/4508/2763 6649/4509/2763
f 6621/4510/2764 6655/4511/2764 6654/4512/2764 6619/4513/2764
f 6645/4514/2765 6646/4515/2765 6619/4516/2765 6654/4517/2765 6653/4518/2765 6626/4519/2765 6625/4520/2765 6641/4521/2765 6643/4522/2765 6648/4523/2765
f 6640/4524/2766 6636/4525/2766 6637/4526/2766 6638/4527/2766 6639/4528/2766
f 6656/4529/2767 6655/4530/2767 6621/4531/2767 6631/4532/2767 6632/4533/2767
f 6640/4534/2768 6627/4535/2768 6624/4536/2768 6635/4537/2768 6636/4538/2768
f 6635/4539/2769 6624/4540/2769 6623/4541/2769 6652/4542/2769 6656/4543/2769 6632/4544/2769 6633/4545/2769
f 6629/4546/2770 6620/4547/2770 6622/4548/2770 6615/4549/2770 6628/4550/2770
f 6634/4551/2771 6630/4552/2771 6631/4553/2771 6621/4554/2771 6619/4555/2771 6646/4556/2771 6644/4557/2771 6647/4558/2771 6650/4559/2771
f 6662/22/2772 6666/4560/2772 6665/4561/2772
f 6666/4562/2773 6662/51/2773 6664/22/2773 6667/4563/2773
f 6668/4564/2774 6667/4565/2774 6664/51/2774 6663/22/2774 6669/4566/2774
f 6670/4567/2775 6669/4568/2775 6663/51/2775 6683/4569/2775 6671/4570/2775
f 6672/4571/2776 6670/4572/2776 6671/4573/2776 6674/4574/2776 6673/4575/2776
f 6679/4576/2777 6677/4577/2777 6678/4578/2777 6675/4579/2777 6676/4580/2777
f 6662/30/2778 6659/51/2778 6660/22/2778
f 6660/51/2779 6663/22/2779 6662/30/2779
f 6662/30/2780 6663/51/2780 6664/22/2780
f 6683/4581/2781 6659/22/2781 6662/30/2781 6681/4582/2781
f 6660/51/2782 6659/22/2782 6663/30/2782
f 6663/30/2783 6659/51/2783 6683/4583/2783
f 6677/4584/2784 6679/4585/2784 6684/4586/2784 6685/4587/2784
f 6673/4588/2785 6657/4589/2785 6672/4590/2785
f 6674/4591/2786 6658/4592/2786 6657/4593/2786 6673/4594/2786
f 6682/4595/2787 6661/4596/2787 6658/4597/2787 6674/4598/2787 6671/4599/2787 6683/4600/2787 6681/4601/2787
f 6678/4602/2788 6677/4603/2788 6685/4604/2788 6661/4605/2788 6682/4606/2788
f 6672/4607/2789 6657/4608/2789 6658/4609/2789 6661/4610/2789 6685/4611/2789 6684/4612/2789 6668/4613/2789 6669/4614/2789 6670/4615/2789
f 6679/4616/2790 6676/4617/2790 6680/4618/2790 6665/4619/2790 6666/4620/2790 6667/4621/2790 6668/4622/2790 6684/4623/2790
f 6675/4624/2791 6680/4625/2791 6676/4626/2791
f 6678/4627/2792 6682/4628/2792 6681/4629/2792 6662/22/2792 6665/4630/2792 6680/4631/2792 6675/4632/2792
f 6693/4633/2793 6688/51/2793 6692/4634/2793 6694/4635/2793
f 6686/51/2794 6696/4636/2794 6688/30/2794
f 6696/4637/2795 6692/4638/2795 6688/30/2795
f 6686/22/2796 6688/30/2796 6690/51/2796
f 6700/4639/2797 6698/4640/2797 6699/4641/2797
f 6702/4642/2798 6701/4643/2798 6690/22/2798 6697/4644/2798
f 6696/4645/2799 6686/30/2799 6703/4646/2799
f 6690/51/2800 6701/4647/2800 6704/4648/2800 6686/30/2800
f 6698/4649/2801 6703/4650/2801 6686/30/2801 6704/4651/2801 6705/4652/2801 6699/4653/2801
f 6695/4654/2802 6693/4655/2802 6694/4656/2802 6687/4657/2802
f 6695/4658/2803 6687/4659/2803 6689/4660/2803 6702/4661/2803 6697/4662/2803
f 6701/4663/2804 6702/4664/2804 6689/4665/2804 6691/4666/2804 6705/4667/2804 6704/4668/2804
f 6705/4669/2805 6691/4670/2805 6700/4671/2805 6699/4672/2805
f 6687/4673/2806 6694/4674/2806 6692/4675/2806 6696/4676/2806 6703/4677/2806 6698/4678/2806 6700/4679/2806 6691/4680/2806 6689/4681/2806
f 6697/4682/2807 6690/22/2807 6688/22/2807 6693/4683/2807 6695/4684/2807
f 6711/4685/2808 6712/4686/2808 6708/22/2808 6713/4687/2808
f 6713/4688/2809 6708/51/2809 6710/22/2809 6714/4689/2809
f 6714/4690/2810 6710/51/2810 6715/4691/2810 6716/4692/2810
f 6720/4693/2811 6708/22/2811 6712/4694/2811
f 6717/4695/2812 6710/22/2812 6718/4696/2812
f 6718/4697/2813 6710/51/2813 6719/4698/2813
f 6707/51/2814 6710/22/2814 6708/30/2814
f 6720/4699/2815 6707/22/2815 6708/30/2815
f 6721/4700/2816 6715/4701/2816 6710/30/2816 6717/4702/2816
f 6709/22/2817 6710/30/2817 6707/51/2817
f 6709/51/2818 6722/4703/2818 6719/4704/2818 6710/30/2818
f 6707/22/2819 6720/4705/2819 6722/4706/2819 6709/51/2819
f 6706/4707/2820 6716/4708/2820 6715/4709/2820 6721/4710/2820
f 6716/4711/2821 6706/4712/2821 6711/4713/2821 6713/4714/2821 6714/4715/2821
f 6720/4716/2822 6712/4717/2822 6711/4718/2822 6706/4719/2822 6721/4720/2822 6717/4721/2822 6718/4722/2822 6719/4723/2822 6722/4724/2822
f 6728/4725/2823 6729/4726/2823 6726/22/2823 6730/4727/2823
f 6730/4728/2824 6726/51/2824 6731/4729/2824 6727/4730/2824
f 6726/51/2825 6725/22/2825 6732/4731/2825 6731/4732/2825
f 6725/22/2826 6733/4733/2826 6734/4734/2826
f 6733/4735/2827 6725/51/2827 6726/22/2827 6729/4736/2827
f 6725/30/2828 6739/4737/2828 6732/4738/2828
f 6739/4739/2829 6725/30/2829 6737/4740/2829 6740/4741/2829
f 6727/4742/2830 6724/4743/2830 6728/4744/2830 6730/4745/2830
f 6740/4746/2831 6723/22/2831 6724/4747/2831 6727/4748/2831 6731/4749/2831 6732/4750/2831 6739/4751/2831
f 6723/51/2832 6735/4752/2832 6738/4753/2832
f 6736/4754/2833 6723/22/2833 6740/4755/2833 6737/4756/2833
f 6723/30/2834 6736/4757/2834 6735/4758/2834
f 6733/4759/2835 6729/4760/2835 6728/4761/2835 6724/4762/2835 6723/51/2835 6738/4763/2835 6734/4764/2835
f 6725/51/2836 6734/4765/2836 6738/4766/2836 6735/4767/2836 6736/4768/2836 6737/4769/2836
f 6748/4770/2837 6746/4771/2837 6743/22/2837 6747/4772/2837
f 6749/4773/2838 6747/4774/2838 6743/51/2838 6750/4775/2838
f 6750/4776/2839 6743/51/2839 6752/4777/2839 6751/4778/2839
f 6755/4779/2840 6743/51/2840 6753/4780/2840 6756/4781/2840 6754/4782/2840
f 6743/22/2841 6755/4783/2841 6757/4784/2841 6760/4785/2841
f 6758/4786/2842 6744/22/2842 6759/4787/2842
f 6746/4788/2843 6759/4789/2843 6744/51/2843 6743/22/2843
f 6760/4790/2844 6745/22/2844 6743/30/2844
f 6745/51/2845 6752/4791/2845 6743/30/2845
f 6753/4792/2846 6743/30/2846 6744/51/2846 6761/4793/2846 6762/4794/2846
f 6745/51/2847 6760/4795/2847 6752/4796/2847
f 6744/51/2848 6758/4797/2848 6763/4798/2848 6761/4799/2848
f 6748/4800/2849 6741/4801/2849 6742/4802/2849 6763/4803/2849 6758/4804/2849 6759/4805/2849 6746/4806/2849
f 6756/4807/2850 6741/4808/2850 6748/4809/2850 6747/4810/2850 6749/4811/2850 6754/4812/2850
f 6755/4813/2851 6754/4814/2851 6749/4815/2851 6750/4816/2851 6751/4817/2851 6757/4818/2851
f 6760/4819/2852 6757/4820/2852 6751/4821/2852 6752/4822/2852
f 6762/4823/2853 6742/4824/2853 6741/4825/2853 6756/4826/2853 6753/4827/2853
f 6742/4828/2854 6762/4829/2854 6761/4830/2854 6763/4831/2854
f 6768/4832/2855 6770/4833/2855 6769/4834/2855 6771/4835/2855 6772/4836/2855
f 6775/4837/2856 6769/4838/2856 6770/4839/2856 6774/4840/2856 6773/4841/2856
f 6777/4842/2857 6775/4843/2857 6773/4844/2857 6776/4845/2857
f 6777/4846/2858 6776/4847/2858 6781/4848/2858 6780/4849/2858
f 6780/4850/2859 6782/4851/2859 6767/4852/2859 6765/4853/2859 6771/4854/2859 6769/4855/2859 6775/4856/2859 6777/4857/2859
f 6765/4858/2860 6772/4859/2860 6771/4860/2860
f 6772/4861/2861 6765/4862/2861 6767/4863/2861 6768/4864/2861
f 6774/4865/2862 6770/4866/2862 6768/4867/2862 6767/4868/2862 6782/4869/2862 6783/4870/2862
f 6783/4871/2863 6781/4872/2863 6776/4873/2863 6773/4874/2863 6774/4875/2863
f 6779/4876/2864 6764/4877/2864 6766/4878/2864 6778/4879/2864
f 6786/4880/2865 6785/30/2865 6787/4881/2865
f 6788/4882/2866 6789/4883/2866 6785/30/2866 6786/4884/2866 6790/4885/2866
f 6789/4886/2867 6791/4887/2867 6785/30/2867
f 6794/4888/2868 6787/4889/2868 6785/30/2868 6793/4890/2868
f 6792/4891/2869 6793/4892/2869 6785/30/2869 6791/4893/2869
f 6797/4894/2870 6795/4895/2870 6784/51/2870
f 6799/4896/2871 6784/22/2871 6801/4897/2871 6800/4898/2871 6798/4899/2871
f 6803/4900/2872 6801/4901/2872 6784/51/2872 6802/4902/2872
f 6802/4903/2873 6784/22/2873 6796/4904/2873 6804/4905/2873
f 6799/4906/2874 6797/4907/2874 6784/30/2874
f 6804/4908/2875 6796/4909/2875 6790/4910/2875 6786/4911/2875 6787/4912/2875 6794/4913/2875 6800/4914/2875 6801/4915/2875 6803/4916/2875
f 6793/4917/2876 6792/4918/2876 6798/4919/2876 6800/4920/2876 6794/4921/2876
f 6804/4922/2877 6803/4923/2877 6802/4924/2877
f 6788/4925/2878 6795/4926/2878 6797/4927/2878 6799/4928/2878 6798/4929/2878 6792/4930/2878 6791/4931/2878 6789/4932/2878
f 6784/22/2879 6795/4933/2879 6788/4934/2879 6790/4935/2879 6796/4936/2879
f 6809/4937/2880 6806/4938/2880 6807/4939/2880 6805/51/2880 6808/4940/2880
f 6806/4941/2881 6809/4942/2881 6810/4943/2881
f 6811/4944/2882 6805/22/2882 6807/4945/2882
f 6813/4946/2883 6805/30/2883 6811/4947/2883 6812/4948/2883
f 6808/4949/2884 6805/30/2884 6813/4950/2884
f 6812/4951/2885 6810/4952/2885 6809/4953/2885 6808/4954/2885 6813/4955/2885
f 6806/4956/2886 6810/4957/2886 6812/4958/2886 6811/4959/2886 6807/4960/2886
f 6823/4961/2887 6818/4962/2887 6824/4963/2887
f 6815/4964/2888 6825/4965/2888 6816/4966/2888
f 6814/4967/2889 6821/4968/2889 6822/4969/2889 6819/4970/2889 6820/4971/2889
f 6818/4972/2890 6816/4973/2890 6825/4974/2890 6824/4975/2890
f 6823/4976/2891 6817/4977/2891 6815/4978/2891 6816/4979/2891 6818/4980/2891
f 6832/4981/2892 6830/4982/2892 6831/4983/2892
f 6829/22/2893 6833/4984/2893 6834/4985/2893
f 6837/4986/2894 6833/4987/2894 6829/51/2894 6835/4988/2894 6836/4989/2894 6838/4990/2894
f 6831/4991/2895 6830/4992/2895 6838/4993/2895 6836/4994/2895 6839/4995/2895
f 6842/4996/2896 6840/4997/2896 6841/4998/2896
f 6842/4999/2897 6841/5000/2897 6835/5001/2897 6829/22/2897 6834/5002/2897
f 6832/5003/2898 6826/5004/2898 6837/5005/2898 6838/5006/2898 6830/5007/2898
f 6827/5008/2899 6828/5009/2899 6826/5010/2899 6832/5011/2899 6831/5012/2899 6839/5013/2899
f 6834/5014/2900 6833/5015/2900 6837/5016/2900 6826/5017/2900 6828/5018/2900 6840/5019/2900 6842/5020/2900
f 6827/5021/2901 6839/5022/2901 6836/5023/2901 6835/5024/2901 6841/5025/2901 6840/5026/2901 6828/5027/2901
f 6849/5028/2902 6846/51/2902 6871/5029/2902 6848/5030/2902
f 6871/5031/2903 6872/5032/2903 6848/5033/2903
f 6852/5034/2904 6846/22/2904 6849/5035/2904
f 6874/5036/2905 6873/5037/2905 6846/30/2905 6856/5038/2905 6854/5039/2905
f 6871/5040/2906 6846/30/2906 6873/5041/2906
f 6858/5042/2907 6859/5043/2907 6846/30/2907 6852/5044/2907 6857/5045/2907
f 6846/30/2908 6859/5046/2908 6856/5047/2908
f 6861/5048/2909 6860/5049/2909 6862/5050/2909
f 6866/5051/2910 6863/5052/2910 6865/5053/2910 6864/5054/2910
f 6858/5055/2911 6857/5056/2911 6866/5057/2911 6864/5058/2911
f 6868/5059/2912 6865/5060/2912 6863/5061/2912 6867/5062/2912 6847/22/2912 6869/5063/2912
f 6847/51/2913 6870/5064/2913 6869/5065/2913
f 6847/51/2914 6867/5066/2914 6861/5067/2914 6862/5068/2914 6870/5069/2914
f 6865/5070/2915 6868/5071/2915 6844/5072/2915 6854/5073/2915 6856/5074/2915 6859/5075/2915 6858/5076/2915 6864/5077/2915
f 6854/5078/2916 6844/5079/2916 6875/5080/2916 6874/5081/2916
f 6860/5082/2917 6876/5083/2917 6875/5084/2917 6844/5085/2917 6868/5086/2917 6869/5087/2917 6870/5088/2917 6862/5089/2917
f 6855/5090/2918 6845/5091/2918 6843/5092/2918 6851/5093/2918 6850/5094/2918 6853/5095/2918
f 6852/5096/2919 6849/5097/2919 6848/5098/2919 6872/5099/2919 6876/5100/2919 6860/5101/2919 6861/5102/2919 6867/5103/2919 6863/5104/2919 6866/5105/2919 6857/5106/2919
f 6882/5107/2920 6879/5108/2920 6884/5109/2920
f 6879/5110/2921 6877/5111/2921 6883/5112/2921 6884/5113/2921
f 6880/5114/2922 6878/5115/2922 6881/5116/2922
f 6882/5117/2923 6883/5118/2923 6877/5119/2923 6879/5120/2923
f 6904/5121/2924 6903/5122/2924 6889/5123/2924
f 6892/5124/2925 6889/5125/2925 6903/5126/2925 6905/5127/2925
f 6906/5128/2926 6887/22/2926 6907/5129/2926
f 6892/5130/2927 6905/5131/2927 6907/5132/2927 6887/51/2927 6895/5133/2927
f 6897/5134/2928 6895/5135/2928 6887/51/2928 6896/5136/2928
f 6908/5137/2929 6909/5138/2929 6899/5139/2929
f 6902/5140/2930 6896/5141/2930 6887/51/2930 6910/5142/2930 6908/5143/2930 6899/5144/2930
f 6910/5145/2931 6887/22/2931 6906/5146/2931
f 6902/5147/2932 6912/5148/2932 6911/5149/2932 6897/5150/2932 6896/5151/2932
f 6911/5152/2933 6904/5153/2933 6889/5154/2933 6892/5155/2933 6895/5156/2933 6897/5157/2933
f 6909/5158/2934 6912/5159/2934 6902/5160/2934 6899/5161/2934
f 6894/5162/2935 6891/5163/2935 6888/5164/2935 6890/5165/2935 6885/5166/2935 6886/5167/2935 6900/5168/2935 6898/5169/2935 6901/5170/2935 6893/5171/2935
f 6917/5172/2936 6918/5173/2936 6936/5174/2936 6937/5175/2936
f 6917/5176/2937 6937/5177/2937 6943/22/2937 6921/5178/2937
f 6943/51/2938 6916/22/2938 6922/5179/2938 6921/5180/2938
f 6923/5181/2939 6922/5182/2939 6916/51/2939
f 6936/5183/2940 6918/5184/2940 6925/5185/2940 6938/5186/2940
f 6928/5187/2941 6927/5188/2941 6940/5189/2941 6939/5190/2941
f 6940/5191/2942 6927/5192/2942 6930/5193/2942 6943/5194/2942
f 6930/5195/2943 6931/5196/2943 6916/22/2943 6943/30/2943
f 6923/5197/2944 6916/30/2944 6931/5198/2944 6933/5199/2944 6932/5200/2944
f 6934/5201/2945 6932/5202/2945 6933/5203/2945
f 6939/5204/2946 6941/5205/2946 6928/5206/2946
f 6941/5207/2947 6942/5208/2947 6914/5209/2947 6934/5210/2947 6933/5211/2947 6931/5212/2947 6930/5213/2947 6927/5214/2947 6928/5215/2947
f 6925/5216/2948 6914/5217/2948 6942/5218/2948 6938/5219/2948
f 6920/5220/2949 6919/5221/2949 6924/5222/2949 6913/5223/2949 6935/5224/2949 6926/5225/2949 6929/5226/2949 6915/5227/2949
f 6934/5228/2950 6914/5229/2950 6925/5230/2950 6918/5231/2950 6917/5232/2950 6921/5233/2950 6922/5234/2950 6923/5235/2950 6932/5236/2950
f 6969/5237/2951 6955/5238/2951 6971/5239/2951
f 6947/22/2952 6956/5240/2952 6955/5241/2952 6969/5242/2952 6970/5243/2952
f 6957/5244/2953 6956/5245/2953 6947/51/2953 6949/22/2953
f 6972/5246/2954 6973/5247/2954 6948/51/2954 6961/5248/2954 6960/5249/2954
f 6949/51/2955 6948/22/2955 6973/5250/2955
f 6963/5251/2956 6949/22/2956 6962/5252/2956
f 6962/5253/2957 6949/51/2957 6970/5254/2957 6974/5255/2957
f 6949/51/2958 6947/22/2958 6970/5256/2958
f 6949/30/2959 6963/5257/2959 6966/5258/2959
f 6968/5259/2960 6961/5260/2960 6949/30/2960 6966/5261/2960 6967/5262/2960
f 6961/5263/2961 6948/22/2961 6949/30/2961
f 6974/5264/2962 6975/5265/2962 6976/5266/2962 6967/5267/2962 6966/5268/2962 6963/5269/2962 6962/5270/2962
f 6967/5271/2963 6976/5272/2963 6977/5273/2963 6968/5274/2963
f 6960/5275/2964 6978/5276/2964 6972/5277/2964
f 6968/5278/2965 6977/5279/2965 6978/5280/2965 6960/5281/2965 6961/5282/2965
f 6957/5283/2966 6980/5284/2966 6979/5285/2966 6971/5286/2966 6955/5287/2966 6956/5288/2966
f 6950/5289/2967 6946/5290/2967 6945/5291/2967 6944/5292/2967 6952/5293/2967 6959/5294/2967 6958/5295/2967 6951/5296/2967
f 6965/5297/2968 6954/5298/2968 6953/5299/2968 6944/5300/2968 6945/5301/2968 6964/5302/2968
f 6957/5303/2969 6949/51/2969 6973/5304/2969 6980/5305/2969
f 6997/5306/2970 6991/5307/2970 6990/5308/2970 6982/5309/2970 6989/5310/2970 6994/5311/2970
f 6986/51/2971 7002/5312/2971 7001/5313/2971 6990/5314/2971 6991/5315/2971
f 6991/5316/2972 6997/5317/2972 6983/51/2972 6986/22/2972
f 7002/5318/2973 6986/30/2973 6985/51/2973
f 6986/30/2974 6983/51/2974 6985/22/2974
f 7002/5319/2975 6985/51/2975 6998/5320/2975 7003/5321/2975
f 6983/22/2976 6997/5322/2976 6985/51/2976
f 7000/5323/2977 6998/5324/2977 6985/22/2977
f 7000/5325/2978 6996/5326/2978 7004/5327/2978 7003/5328/2978 6998/5329/2978
f 6995/5330/2979 6988/5331/2979 7005/5332/2979 7004/5333/2979 6996/5334/2979
f 6989/5335/2980 6988/5336/2980 6995/5337/2980 6994/5338/2980
f 6989/5339/2981 6982/5340/2981 7006/5341/2981 7005/5342/2981 6988/5343/2981
f 6999/5344/2982 6981/5345/2982 6987/5346/2982 6984/5347/2982 6992/5348/2982 6993/5349/2982
f 6982/5350/2983 6990/5351/2983 7001/5352/2983 7006/5353/2983
f 6985/22/2984 6997/5354/2984 6994/5355/2984 6995/5356/2984 6996/5357/2984 7000/5358/2984
f 7008/5359/2985 7009/5360/2985 7011/5361/2985
f 7011/5362/2986 7009/5363/2986 7010/5364/2986
f 7020/5365/2987 7011/5366/2987 7010/5367/2987 7013/5368/2987 7012/5369/2987 7019/5370/2987
f 7019/5371/2988 7012/5372/2988 7016/5373/2988
f 7021/5374/2989 7019/5375/2989 7016/5376/2989 7017/5377/2989
f 7007/5378/2990 7008/5379/2990 7011/5380/2990 7020/5381/2990 7021/5382/2990 7017/5383/2990
f 7010/5384/2991 7009/5385/2991 7008/5386/2991 7007/5387/2991 7013/5388/2991
f 7014/5389/2992 7018/5390/2992 7015/5391/2992
f 7007/5392/2993 7017/5393/2993 7016/5394/2993 7012/5395/2993 7013/5396/2993
f 7030/5397/2994 7028/5398/2994 7027/5399/2994 7029/5400/2994 7031/5401/2994
f 7041/5402/2995 7042/5403/2995 7022/22/2995 7032/5404/2995 7028/5405/2995 7030/5406/2995
f 7029/5407/2996 7027/5408/2996 7036/5409/2996
f 7022/30/2997 7042/5410/2997 7043/5411/2997 7039/5412/2997
f 7022/30/2998 7039/5413/2998 7040/5414/2998 7034/5415/2998
f 7023/5416/2999 7024/5417/2999 7031/5418/2999 7029/5419/2999 7036/5420/2999
f 7027/5421/3000 7028/5422/3000 7032/5423/3000 7035/5424/3000 7025/5425/3000 7023/5426/3000 7036/5427/3000
f 7043/5428/3001 7044/5429/3001 7024/5430/3001 7023/5431/3001 7025/5432/3001 7040/5433/3001 7039/5434/3001
f 7034/5435/3002 7040/5436/3002 7025/5437/3002 7035/5438/3002
f 7031/5439/3003 7024/5440/3003 7044/5441/3003 7041/5442/3003 7030/5443/3003
f 7026/5444/3004 7038/5445/3004 7037/5446/3004 7033/5447/3004
f 7035/5448/3005 7032/5449/3005 7022/51/3005 7034/5450/3005
f 7069/5451/3006 7070/5452/3006 7052/5453/3006 7051/5454/3006
f 7045/51/3007 7060/5455/3007 7059/5456/3007
f 7060/5457/3008 7045/51/3008 7072/5458/3008 7073/5459/3008
f 7063/5460/3009 7046/51/3009 7045/22/3009
f 7063/5461/3010 7064/5462/3010 7045/30/3010
f 7045/30/3011 7064/5463/3011 7066/5464/3011 7065/5465/3011 7074/5466/3011 7072/5467/3011
f 7075/5468/3012 7074/5469/3012 7065/5470/3012
f 7076/5471/3013 7052/5472/3013 7070/5473/3013
f 7063/5474/3014 7057/5475/3014 7066/5476/3014 7064/5477/3014
f 7055/5478/3015 7058/5479/3015 7049/5480/3015 7077/5481/3015 7056/5482/3015
f 7073/5483/3016 7078/5484/3016 7049/5485/3016 7058/5486/3016 7059/5487/3016 7060/5488/3016
f 7050/5489/3017 7047/5490/3017 7054/5491/3017 7053/5492/3017 7071/5493/3017
f 7068/5494/3018 7048/5495/3018 7062/5496/3018 7061/5497/3018 7067/5498/3018
f 7077/5499/3019 7049/5500/3019 7078/5501/3019 7075/5502/3019 7065/5503/3019 7066/5504/3019 7057/5505/3019 7051/5506/3019 7052/5507/3019 7076/5508/3019
f 7057/5509/3020 7063/5510/3020 7045/22/3020 7059/5511/3020 7058/5512/3020 7055/5513/3020 7056/5514/3020 7069/5515/3020 7051/5516/3020
f 7094/5517/3021 7115/5518/3021 7111/5519/3021 7085/30/3021
f 7093/5520/3022 7094/5521/3022 7085/30/3022 7113/5522/3022 7114/5523/3022
f 7102/5524/3023 7107/5525/3023 7106/5526/3023 7117/5527/3023 7116/5528/3023 7099/5529/3023
f 7112/5530/3024 7087/22/3024 7085/30/3024 7111/5531/3024
f 7085/30/3025 7087/51/3025 7086/22/3025
f 7101/5532/3026 7097/5533/3026 7086/30/3026
f 7101/5534/3027 7086/30/3027 7087/51/3027
f 7084/22/3028 7112/5535/3028 7118/5536/3028
f 7112/5537/3029 7084/51/3029 7087/22/3029
f 7101/5538/3030 7087/30/3030 7084/51/3030
f 7107/5539/3031 7108/5540/3031 7106/5541/3031
f 7086/30/3032 7097/5542/3032 7098/5543/3032 7099/5544/3032 7116/5545/3032 7113/5546/3032 7085/30/3032
f 7109/5547/3033 7090/5548/3033 7089/5549/3033 7120/5550/3033 7117/5551/3033 7106/5552/3033
f 7101/5553/3034 7108/5554/3034 7107/5555/3034 7102/5556/3034 7098/5557/3034 7097/5558/3034
f 7119/5559/3035 7121/5560/3035 7122/5561/3035 7123/5562/3035 7090/5563/3035 7109/5564/3035
f 7089/5565/3036 7090/5566/3036 7123/5567/3036 7124/5568/3036
f 7114/5569/3037 7122/5570/3037 7121/5571/3037 7125/5572/3037 7093/5573/3037
f 7093/5574/3038 7125/5575/3038 7115/5576/3038 7094/5577/3038
f 7120/5578/3039 7089/5579/3039 7124/5580/3039
f 7088/5581/3040 7082/5582/3040 7081/5583/3040 7079/5584/3040 7092/5585/3040 7091/5586/3040 7100/5587/3040 7103/5588/3040
f 7104/5589/3041 7096/5590/3041 7095/5591/3041 7083/5592/3041 7080/5593/3041 7110/5594/3041 7105/5595/3041
f 7102/5596/3042 7099/5597/3042 7098/5598/3042
f 7084/22/3043 7118/5599/3043 7119/5600/3043 7109/5601/3043 7106/5602/3043 7108/5603/3043 7101/5604/3043
f 7130/5605/3044 7129/5606/3044 7131/5607/3044
f 7128/22/3045 7132/5608/3045 7130/5609/3045 7131/5610/3045 7133/5611/3045
f 7134/5612/3046 7132/5613/3046 7128/51/3046
f 7136/5614/3047 7126/22/3047 7135/5615/3047
f 7140/5616/3048 7137/5617/3048 7135/5618/3048 7126/51/3048 7138/5619/3048 7139/5620/3048
f 7127/22/3049 7141/5621/3049 7138/5622/3049 7126/51/3049
f 7128/22/3050 7142/5623/3050 7141/5624/3050 7127/51/3050
f 7144/5625/3051 7143/5626/3051 7142/5627/3051 7128/51/3051 7133/5628/3051
f 7126/22/3052 7128/30/3052 7127/51/3052
f 7126/51/3053 7136/5629/3053 7145/5630/3053 7128/30/3053
f 7134/5631/3054 7128/30/3054 7145/5632/3054
f 7139/5633/3055 7138/5634/3055 7141/5635/3055 7142/5636/3055 7143/5637/3055
f 7140/5638/3056 7139/5639/3056 7143/5640/3056 7144/5641/3056
f 7136/5642/3057 7135/5643/3057 7137/5644/3057 7129/5645/3057 7130/5646/3057 7132/5647/3057 7134/5648/3057 7145/5649/3057
f 7133/5650/3058 7131/5651/3058 7129/5652/3058 7137/5653/3058 7140/5654/3058 7144/5655/3058
f 7149/5656/3059 7161/5657/3059 7160/5658/3059
f 7163/5659/3060 7162/5660/3060 7152/5661/3060 7151/5662/3060
f 7163/5663/3061 7151/5664/3061 7164/5665/3061
f 7156/5666/3062 7152/5667/3062 7162/5668/3062 7165/5669/3062 7158/5670/3062 7159/5671/3062
f 7158/5672/3063 7165/5673/3063 7166/5674/3063
f 7158/5675/3064 7166/5676/3064 7161/5677/3064 7149/5678/3064 7159/5679/3064
f 7160/5680/3065 7167/5681/3065 7156/5682/3065 7159/5683/3065 7149/5684/3065
f 7164/5685/3066 7151/5686/3066 7152/5687/3066 7156/5688/3066 7167/5689/3066
f 7150/5690/3067 7146/5691/3067 7157/5692/3067 7153/5693/3067 7154/5694/3067 7155/5695/3067 7147/5696/3067 7148/5697/3067
f 7170/5698/3068 7168/22/3068 7169/5699/3068
f 7169/5700/3069 7168/51/3069 7172/5701/3069 7171/5702/3069 7191/5703/3069 7190/5704/3069
f 7192/5705/3070 7191/5706/3070 7171/5707/3070 7175/5708/3070
f 7179/5709/3071 7168/22/3071 7170/5710/3071
f 7177/5711/3072 7178/5712/3072 7168/30/3072
f 7178/5713/3073 7172/5714/3073 7168/30/3073
f 7177/5715/3074 7168/30/3074 7179/5716/3074 7181/5717/3074 7180/5718/3074
f 7183/5719/3075 7193/5720/3075 7192/5721/3075 7175/5722/3075
f 7186/5723/3076 7184/5724/3076 7194/5725/3076 7193/5726/3076 7183/5727/3076
f 7189/5728/3077 7188/5729/3077 7195/5730/3077 7194/5731/3077 7184/5732/3077
f 7179/5733/3078 7170/5734/3078 7169/5735/3078 7190/5736/3078 7195/5737/3078 7188/5738/3078
f 7179/5739/3079 7188/5740/3079 7189/5741/3079 7181/5742/3079
f 7181/5743/3080 7189/5744/3080 7184/5745/3080 7186/5746/3080 7180/5747/3080
f 7183/5748/3081 7175/5749/3081 7171/5750/3081 7172/5751/3081 7178/5752/3081 7177/5753/3081 7180/5754/3081 7186/5755/3081
f 7174/5756/3082 7176/5757/3082 7182/5758/3082 7185/5759/3082 7187/5760/3082 7173/5761/3082
f 7208/5762/3083 7199/5763/3083 7209/5764/3083
f 7197/22/3084 7211/5765/3084 7210/5766/3084 7209/5767/3084 7199/5768/3084 7203/5769/3084
f 7197/51/3085 7212/5770/3085 7211/5771/3085
f 7197/22/3086 7213/5772/3086 7212/5773/3086
f 7213/5774/3087 7197/51/3087 7206/5775/3087
f 7206/5776/3088 7197/51/3088 7207/5777/3088
f 7203/5778/3089 7199/5779/3089 7208/5780/3089 7214/5781/3089 7213/5782/3089 7206/5783/3089 7207/5784/3089
f 7196/5785/3090 7201/5786/3090 7202/5787/3090 7204/5788/3090 7205/5789/3090
f 7196/5790/3091 7198/5791/3091 7200/5792/3091 7201/5793/3091
f 7207/5794/3092 7197/22/3092 7203/5795/3092
f 7231/5796/3093 7216/30/3093 7230/5797/3093
f 7231/5798/3094 7219/5799/3094 7216/30/3094
f 7216/30/3095 7221/5800/3095 7235/5801/3095 7234/5802/3095
f 7236/5803/3096 7216/30/3096 7234/5804/3096 7237/5805/3096
f 7216/30/3097 7236/5806/3097 7238/5807/3097
f 7216/30/3098 7238/5808/3098 7230/5809/3098
f 7239/5810/3099 7223/5811/3099 7222/5812/3099
f 7231/5813/3100 7240/5814/3100 7232/5815/3100 7219/5816/3100
f 7235/5817/3101 7221/5818/3101 7223/5819/3101 7239/5820/3101
f 7226/5821/3102 7227/5822/3102 7215/5823/3102 7218/5824/3102 7217/5825/3102 7228/5826/3102
f 7215/5827/3103 7227/5828/3103 7224/5829/3103 7225/5830/3103 7229/5831/3103 7233/5832/3103 7220/5833/3103
f 7232/5834/3104 7222/5835/3104 7223/5836/3104 7221/5837/3104 7216/30/3104 7219/5838/3104
f 7248/5839/3105 7246/5840/3105 7247/5841/3105
f 7248/5842/3106 7249/5843/3106 7242/5844/3106 7246/5845/3106
f 7242/5846/3107 7250/5847/3107 7247/5848/3107 7246/5849/3107
f 7242/5850/3108 7249/5851/3108 7250/5852/3108
f 7243/5853/3109 7241/5854/3109 7245/5855/3109 7244/5856/3109
f 7267/5857/3110 7262/5858/3110 7253/51/3110
f 7258/5859/3111 7253/22/3111 7262/5860/3111 7263/5861/3111
f 7261/5862/3112 7259/5863/3112 7267/5864/3112 7253/30/3112 7258/5865/3112 7260/5866/3112
f 7259/5867/3113 7264/5868/3113 7267/5869/3113
f 7261/5870/3114 7265/5871/3114 7264/5872/3114 7259/5873/3114
f 7260/5874/3115 7266/5875/3115 7265/5876/3115 7261/5877/3115
f 7263/5878/3116 7266/5879/3116 7260/5880/3116 7258/5881/3116
f 7255/5882/3117 7251/5883/3117 7252/5884/3117 7254/5885/3117 7257/5886/3117 7256/5887/3117
f 7290/5888/3118 7291/5889/3118 7275/5890/3118 7274/5891/3118 7277/5892/3118
f 7275/5893/3119 7291/5894/3119 7292/5895/3119 7279/5896/3119
f 7294/5897/3120 7293/5898/3120 7283/5899/3120 7269/22/3120
f 7269/51/3121 7295/5900/3121 7294/5901/3121
f 7287/5902/3122 7269/51/3122 7283/5903/3122 7288/5904/3122 7289/5905/3122
f 7282/5906/3123 7272/5907/3123 7273/5908/3123 7274/5909/3123 7275/5910/3123 7279/5911/3123
f 7288/5912/3124 7270/5913/3124 7289/5914/3124
f 7271/5915/3125 7272/5916/3125 7282/5917/3125 7281/5918/3125
f 7277/5919/3126 7274/5920/3126 7273/5921/3126 7296/5922/3126 7290/5923/3126
f 7273/5924/3127 7272/5925/3127 7271/5926/3127 7270/5927/3127 7288/5928/3127 7283/5929/3127 7293/5930/3127 7296/5931/3127
f 7285/5932/3128 7286/5933/3128 7280/5934/3128 7278/5935/3128 7276/5936/3128 7268/5937/3128 7284/5938/3128
f 7270/5939/3129 7271/5940/3129 7281/5941/3129 7287/5942/3129 7289/5943/3129
f 7269/51/3130 7287/5944/3130 7281/5945/3130 7282/5946/3130 7279/5947/3130 7292/5948/3130 7295/5949/3130
f 7304/5950/3131 7318/5951/3131 7317/5952/3131 7303/5953/3131
f 7297/51/3132 7309/5954/3132 7307/5955/3132 7308/5956/3132 7306/5957/3132
f 7310/5958/3133 7311/5959/3133 7298/22/3133
f 7319/5960/3134 7310/5961/3134 7298/51/3134 7320/5962/3134
f 7298/51/3135 7311/5963/3135 7314/5964/3135 7297/30/3135
f 7309/5965/3136 7297/30/3136 7314/5966/3136 7316/5967/3136 7315/5968/3136
f 7311/5969/3137 7310/5970/3137 7319/5971/3137 7321/5972/3137 7316/5973/3137 7314/5974/3137
f 7316/5975/3138 7321/5976/3138 7322/5977/3138 7315/5978/3138
f 7307/5979/3139 7323/5980/3139 7318/5981/3139 7304/5982/3139 7308/5983/3139
f 7304/5984/3140 7303/5985/3140 7306/5986/3140 7308/5987/3140
f 7301/5988/3141 7300/5989/3141 7299/5990/3141 7312/5991/3141 7313/5992/3141 7302/5993/3141 7305/5994/3141
f 7307/5995/3142 7309/5996/3142 7315/5997/3142 7322/5998/3142 7323/5999/3142
f 7298/51/3143 7297/22/3143 7306/6000/3143 7303/6001/3143 7317/6002/3143 7320/6003/3143
f 7339/6004/3144 7362/6005/3144 7360/6006/3144 7355/6007/3144 7361/6008/3144 7327/30/3144 7344/6009/3144 7345/6010/3144
f 7353/6011/3145 7359/6012/3145 7356/6013/3145
f 7360/6014/3146 7352/6015/3146 7355/6016/3146
f 7364/6017/3147 7342/6018/3147 7350/6019/3147 7351/6020/3147 7348/6021/3147 7328/51/3147 7346/6022/3147
f 7357/6023/3148 7332/6024/3148 7340/6025/3148 7363/6026/3148
f 7342/6027/3149 7364/6028/3149 7363/6029/3149 7340/6030/3149
f 7344/6031/3150 7327/30/3150 7328/51/3150 7348/6032/3150 7347/6033/3150 7349/6034/3150
f 7356/6035/3151 7359/6036/3151 7358/6037/3151 7332/6038/3151 7357/6039/3151
f 7325/51/3152 7339/6040/3152 7345/6041/3152
f 7345/6042/3153 7344/6043/3153 7349/6044/3153 7325/22/3153
f 7325/30/3154 7366/6045/3154 7362/6046/3154 7339/6047/3154
f 7347/6048/3155 7324/22/3155 7325/30/3155 7349/6049/3155
f 7358/6050/3156 7366/6051/3156 7325/30/3156 7324/30/3156 7350/6052/3156 7342/6053/3156 7340/6054/3156 7332/6055/3156
f 7324/30/3157 7351/6056/3157 7350/6057/3157
f 7336/6058/3158 7354/6059/3158 7330/6060/3158 7333/6061/3158 7341/6062/3158 7343/6063/3158 7365/6064/3158 7337/6065/3158
f 7338/6066/3159 7326/6067/3159 7329/6068/3159 7331/6069/3159 7334/6070/3159 7335/6071/3159
f 7324/22/3160 7347/6072/3160 7348/6073/3160 7351/6074/3160
f 7361/6075/3161 7346/6076/3161 7328/22/3161 7327/22/3161
f 7383/6077/3162 7382/6078/3162 7373/6079/3162
f 7370/6080/3163 7381/6081/3163 7384/6082/3163 7378/6083/3163 7376/6084/3163
f 7376/6085/3164 7369/6086/3164 7385/6087/3164 7372/6088/3164 7370/6089/3164
f 7386/6090/3165 7385/6091/3165 7369/6092/3165 7376/6093/3165 7378/6094/3165 7384/6095/3165
f 7375/6096/3166 7367/6097/3166 7377/6098/3166 7371/6099/3166 7374/6100/3166
f 7379/6101/3167 7368/6102/3167 7367/6097/3167 7375/6096/3167 7380/6103/3167
f 7373/6104/3168 7382/6105/3168 7381/6106/3168 7370/6107/3168 7372/6108/3168
f 7388/22/3169 7402/6109/3169 7403/6110/3169
f 7404/6111/3170 7402/6112/3170 7388/51/3170 7392/6113/3170
f 7392/6114/3171 7388/51/3171 7394/6115/3171
f 7394/6116/3172 7388/51/3172 7389/22/3172 7405/6117/3172 7406/6118/3172
f 7405/6119/3173 7389/51/3173 7407/6120/3173
f 7409/6121/3174 7408/6122/3174 7407/6123/3174 7389/51/3174
f 7389/51/3175 7410/6124/3175 7409/6125/3175
f 7388/22/3176 7403/6126/3176 7411/6127/3176
f 7410/6128/3177 7389/22/3177 7388/30/3177 7411/6129/3177
f 7394/6130/3178 7406/6131/3178 7412/6132/3178 7404/6133/3178 7392/6134/3178
f 7393/6135/3179 7387/6136/3179 7398/6137/3179 7399/6138/3179 7400/6139/3179 7401/6140/3179 7391/6141/3179 7390/6142/3179
f 7398/6143/3180 7387/6136/3180 7396/6144/3180 7395/6145/3180 7397/6146/3180
f 7417/22/3181 7432/6147/3181 7433/6148/3181
f 7432/6149/3182 7417/51/3182 7435/6150/3182 7434/6151/3182
f 7417/22/3183 7433/6152/3183 7441/6153/3183 7437/6154/3183 7440/6155/3183 7439/6156/3183 7425/6157/3183 7430/6158/3183
f 7440/6159/3184 7437/6160/3184 7438/6161/3184
f 7423/6162/3185 7417/30/3185 7430/6163/3185 7431/6164/3185
f 7425/6165/3186 7442/6166/3186 7443/6167/3186 7444/6168/3186 7431/6169/3186 7430/6170/3186
f 7444/6171/3187 7422/6172/3187 7423/6173/3187 7431/6174/3187
f 7425/6175/3188 7439/6176/3188 7442/6177/3188
f 7429/6178/3189 7428/6179/3189 7427/6180/3189 7419/6181/3189 7418/6182/3189 7420/6183/3189 7413/6184/3189
f 7429/6185/3190 7413/6184/3190 7415/6186/3190 7414/6187/3190 7424/6188/3190 7426/6189/3190
f 7416/6190/3191 7415/6191/3191 7413/6184/3191 7420/6192/3191 7421/6193/3191 7436/6194/3191
f 7417/51/3192 7423/6195/3192 7422/6196/3192 7435/6197/3192
f 7450/6198/3193 7451/6199/3193 7453/6200/3193 7452/6201/3193 7449/6202/3193 7448/6203/3193
f 7457/6204/3194 7464/6205/3194 7465/6206/3194 7454/6207/3194
f 7466/6208/3195 7458/6209/3195 7454/6210/3195 7465/6211/3195
f 7467/6212/3196 7461/6213/3196 7458/6214/3196 7466/6215/3196
f 7468/6216/3197 7451/6217/3197 7450/6218/3197 7461/6219/3197 7467/6220/3197
f 7469/6221/3198 7464/6222/3198 7457/6223/3198
f 7448/6224/3199 7447/6225/3199 7446/6226/3199 7445/6227/3199 7457/6228/3199 7454/6229/3199 7458/6230/3199 7461/6231/3199 7450/6232/3199
f 7457/6233/3200 7445/6234/3200 7453/6235/3200 7451/6236/3200 7468/6237/3200 7469/6238/3200
f 7445/6239/3201 7446/6240/3201 7452/6241/3201 7453/6242/3201
f 7446/6243/3202 7447/6244/3202 7449/6245/3202 7452/6246/3202
f 7447/6247/3203 7448/6248/3203 7449/6249/3203
f 7460/6250/3204 7459/6251/3204 7456/6252/3204 7455/6253/3204 7463/6254/3204 7462/6255/3204
f 7473/6256/3205 7478/6257/3205 7472/6258/3205
f 7470/6259/3206 7472/6260/3206 7478/6261/3206 7477/6262/3206
f 7474/6263/3207 7476/6264/3207 7475/6265/3207 7471/6266/3207
f 7472/6267/3208 7470/6268/3208 7473/6269/3208
f 7482/6270/3209 7497/6271/3209 7501/6272/3209
f 7497/6273/3210 7482/6274/3210 7485/6275/3210 7489/6276/3210 7487/6277/3210 7488/6278/3210 7498/6279/3210
f 7490/6280/3211 7492/6281/3211 7491/6282/3211 7493/6283/3211
f 7499/6284/3212 7493/6285/3212 7491/6286/3212 7500/6287/3212
f 7482/6288/3213 7501/6289/3213 7502/6290/3213 7500/6291/3213 7491/6292/3213 7492/6293/3213 7485/6294/3213
f 7503/6295/3214 7498/6296/3214 7488/6297/3214
f 7493/6298/3215 7499/6299/3215 7504/6300/3215 7490/6301/3215
f 7487/6302/3216 7505/6303/3216 7503/6304/3216 7488/6305/3216
f 7505/6306/3217 7487/6307/3217 7489/6308/3217
f 7490/6309/3218 7504/6310/3218 7505/6311/3218 7489/6312/3218 7485/6313/3218 7492/6314/3218
f 7483/6315/3219 7486/6316/3219 7479/6317/3219 7481/6318/3219 7480/6319/3219 7494/6320/3219 7495/6321/3219 7496/6322/3219 7484/6323/3219
f 7509/6324/3220 7514/6325/3220 7515/6326/3220 7512/6327/3220
f 7514/6328/3221 7509/6329/3221 7516/6330/3221
f 7512/6331/3222 7508/6332/3222 7517/6333/3222 7516/6334/3222 7509/6335/3222
f 7515/6336/3223 7518/6337/3223 7508/6338/3223 7512/6339/3223
f 7518/6340/3224 7517/6341/3224 7508/6342/3224
f 7513/6343/3225 7507/6344/3225 7506/6345/3225 7511/6346/3225 7510/6347/3225
f 7527/6348/3226 7524/6349/3226 7525/6350/3226 7521/6351/3226 7526/6352/3226
f 7527/6353/3227 7528/6354/3227 7519/6355/3227 7525/6356/3227 7524/6357/3227
f 7526/6358/3228 7521/6359/3228 7519/6360/3228 7528/6361/3228
f 7525/6362/3229 7519/6363/3229 7521/6364/3229
f 7520/6365/3230 7523/6366/3230 7522/6367/3230
f 7532/6368/3231 7530/6369/3231 7543/6370/3231 7544/6371/3231
f 7530/6372/3232 7534/6373/3232 7545/6374/3232 7543/6375/3232
f 7546/6376/3233 7537/6377/3233 7547/6378/3233
f 7547/6379/3234 7537/6380/3234 7539/6381/3234 7532/6382/3234 7544/6383/3234
f 7545/6384/3235 7534/6385/3235 7540/6386/3235 7548/6387/3235
f 7540/6388/3236 7549/6389/3236 7548/6390/3236
f 7537/6391/3237 7546/6392/3237 7550/6393/3237 7539/6394/3237
f 7533/6395/3238 7531/6396/3238 7535/6397/3238 7541/6398/3238 7542/6399/3238 7529/6400/3238 7536/6401/3238 7538/6402/3238
f 7540/6403/3239 7534/6404/3239 7530/6405/3239 7532/6406/3239 7539/6407/3239 7550/6408/3239 7549/6409/3239
f 7572/6410/3240 7573/6411/3240 7557/6412/3240 7571/6413/3240
f 7558/6414/3241 7574/6415/3241 7571/6416/3241 7557/6417/3241
f 7574/6418/3242 7558/6419/3242 7560/6420/3242 7575/6421/3242
f 7566/6422/3243 7577/6423/3243 7576/6424/3243 7563/6425/3243 7562/6426/3243
f 7575/6427/3244 7560/6428/3244 7567/6429/3244 7578/6430/3244
f 7579/6431/3245 7570/6432/3245 7563/6433/3245 7576/6434/3245
f 7578/6435/3246 7567/6436/3246 7570/6437/3246 7579/6438/3246
f 7577/6439/3247 7566/6440/3247 7552/6441/3247 7581/6442/3247 7580/6443/3247
f 7562/6444/3248 7552/6445/3248 7566/6446/3248
f 7565/6447/3249 7553/6448/3249 7556/6449/3249 7555/6450/3249 7559/6451/3249 7561/6452/3249 7568/6453/3249 7569/6454/3249 7564/6455/3249
f 7556/6456/3250 7553/6457/3250 7551/6458/3250 7554/6459/3250
f 7567/6460/3251 7560/6461/3251 7558/6462/3251 7557/6463/3251 7573/6464/3251 7581/6465/3251 7552/6466/3251 7562/6467/3251 7563/6468/3251 7570/6469/3251
f 7589/6470/3252 7602/6471/3252 7599/6472/3252 7587/6473/3252
f 7591/6474/3253 7597/6475/3253 7598/6476/3253 7594/6477/3253 7590/6478/3253
f 7597/6479/3254 7591/6480/3254 7595/6481/3254 7599/6482/3254
f 7599/6483/3255 7595/6484/3255 7587/6485/3255
f 7594/6486/3256 7598/6487/3256 7600/6488/3256
f 7583/6489/3257 7601/6490/3257 7602/6491/3257 7589/6492/3257
f 7583/6493/3258 7585/6494/3258 7603/6495/3258 7601/6496/3258
f 7585/6497/3259 7590/6498/3259 7594/6499/3259 7600/6500/3259 7603/6501/3259
f 7596/6502/3260 7588/6503/3260 7584/6504/3260 7586/6505/3260 7582/6506/3260 7593/6507/3260 7592/6508/3260
f 7590/6509/3261 7585/6510/3261 7583/6511/3261 7589/6512/3261 7587/6513/3261 7595/6514/3261 7591/6515/3261
f 7607/6516/3262 7614/6517/3262 7615/6518/3262 7608/6519/3262
f 7607/6520/3263 7609/6521/3263 7616/6522/3263 7614/6523/3263
f 7618/6524/3264 7616/6525/3264 7609/6526/3264 7617/6527/3264
f 7608/6528/3265 7615/6529/3265 7619/6530/3265
f 7613/6531/3266 7606/6532/3266 7605/6533/3266 7610/6534/3266 7612/6535/3266 7620/6536/3266
f 7620/6537/3267 7612/6538/3267 7611/6539/3267
f 7607/6540/3268 7608/6541/3268 7619/6542/3268 7604/6543/3268 7617/6544/3268 7609/6545/3268
f 7638/6546/3269 7624/6547/3269 7623/6548/3269
f 7634/6549/3270 7625/6550/3270 7624/6551/3270 7638/6552/3270
f 7625/6553/3271 7634/6554/3271 7635/6555/3271 7627/6556/3271
f 7630/6557/3272 7629/6558/3272 7636/6559/3272 7637/6560/3272
f 7637/6561/3273 7638/6562/3273 7623/6563/3273 7630/6564/3273
f 7639/6565/3274 7636/6566/3274 7629/6567/3274
f 7635/6568/3275 7640/6569/3275 7627/6570/3275
f 7631/6571/3276 7633/6572/3276 7621/6573/3276 7628/6574/3276 7626/6575/3276 7622/6576/3276 7632/6577/3276
f 7623/6578/3277 7624/6579/3277 7625/6580/3277 7627/6581/3277 7640/6582/3277 7639/6583/3277 7629/6584/3277 7630/6585/3277
f 7647/6586/3278 7659/6587/3278 7645/6588/3278
f 7659/6589/3279 7647/6590/3279 7648/6591/3279 7655/6592/3279
f 7655/6593/3280 7648/6594/3280 7651/6595/3280 7656/6596/3280
f 7658/6597/3281 7660/6598/3281 7643/6599/3281 7642/6600/3281
f 7654/6601/3282 7643/6602/3282 7660/6603/3282 7653/6604/3282
f 7658/6605/3283 7642/6606/3283 7645/6607/3283 7659/6608/3283
f 7657/6609/3284 7641/6610/3284 7644/6611/3284 7646/6612/3284 7649/6613/3284 7650/6614/3284
f 7647/6615/3285 7645/6616/3285 7642/6617/3285 7643/6618/3285 7654/6619/3285 7652/6620/3285 7651/6621/3285 7648/6622/3285
f 7652/6623/3286 7654/6624/3286 7653/6625/3286 7656/6626/3286 7651/6627/3286
f 7668/6628/3287 7665/6629/3287 7677/6630/3287 7678/6631/3287
f 7670/6632/3288 7679/6633/3288 7680/6634/3288 7669/6635/3288
f 7676/6636/3289 7682/6637/3289 7673/6638/3289 7674/6639/3289
f 7680/6640/3290 7682/6641/3290 7676/6642/3290 7669/6643/3290
f 7678/6644/3291 7683/6645/3291 7663/6646/3291 7661/6647/3291 7668/6648/3291
f 7664/6649/3292 7661/6650/3292 7663/6651/3292
f 7663/6652/3293 7683/6653/3293 7679/6654/3293 7670/6655/3293 7664/6656/3293
f 7666/6657/3294 7681/6658/3294 7675/6659/3294 7672/6660/3294 7671/6661/3294 7662/6662/3294 7667/6663/3294
f 7668/6664/3295 7661/6665/3295 7664/6666/3295 7670/6667/3295 7669/6668/3295 7676/6669/3295 7674/6670/3295 7665/6671/3295
f 7665/6672/3296 7674/6673/3296 7673/6674/3296 7677/6675/3296
f 7685/6676/3297 7684/6677/3297 7686/6678/3297
f 7701/6679/3298 7686/6680/3298 7684/6681/3298 7687/6682/3298 7702/6683/3298
f 7687/6684/3299 7691/6685/3299 7703/6686/3299 7702/6687/3299
f 7703/6688/3300 7691/6689/3300 7692/6690/3300 7704/6691/3300
f 7698/6692/3301 7696/6693/3301 7695/6694/3301 7707/6695/3301
f 7699/6696/3302 7698/6697/3302 7707/6698/3302 7704/6699/3302
f 7704/6700/3303 7692/6701/3303 7699/6702/3303
f 7685/6703/3304 7686/6704/3304 7701/6705/3304 7705/6706/3304 7694/6707/3304
f 7697/6708/3305 7706/6709/3305 7693/6710/3305 7688/6711/3305 7689/6712/3305 7690/6713/3305 7700/6714/3305
f 7692/6715/3306 7691/6716/3306 7687/6717/3306 7684/6718/3306 7685/6719/3306 7694/6720/3306 7696/6721/3306 7698/6722/3306 7699/6723/3306
f 7705/6724/3307 7695/6725/3307 7696/6726/3307 7694/6727/3307
f 7711/6728/3308 7726/6729/3308 7727/6730/3308
f 7728/6731/3309 7726/6732/3309 7711/6733/3309 7714/6734/3309 7715/6735/3309
f 7715/6736/3310 7714/6737/3310 7717/6738/3310
f 7718/6739/3311 7711/6740/3311 7727/6741/3311 7729/6742/3311
f 7718/6743/3312 7729/6744/3312 7730/6745/3312 7721/6746/3312
f 7724/6747/3313 7731/6748/3313 7732/6749/3313 7722/6750/3313
f 7721/6751/3314 7730/6752/3314 7731/6753/3314 7724/6754/3314
f 7708/6755/3315 7733/6756/3315 7728/6757/3315 7715/6758/3315 7717/6759/3315
f 7732/6760/3316 7733/6761/3316 7709/6762/3316 7722/6763/3316
f 7709/6764/3317 7733/6765/3317 7708/6766/3317
f 7716/6767/3318 7710/6768/3318 7725/6769/3318 7723/6770/3318 7720/6771/3318 7719/6772/3318 7713/6773/3318 7712/6774/3318
f 7709/6775/3319 7708/6776/3319 7717/6777/3319 7714/6778/3319 7711/6779/3319 7718/6780/3319 7721/6781/3319 7724/6782/3319 7722/6783/3319
f 7740/6784/3320 7737/6785/3320 7741/6786/3320
f 7742/6787/3321 7741/6788/3321 7737/6789/3321 7738/6790/3321
f 7743/6791/3322 7742/6792/3322 7738/6793/3322
f 7734/6794/3323 7735/6795/3323 7736/6796/3323 7739/6797/3323
f 7743/6798/3324 7738/6799/3324 7737/6800/3324 7740/6801/3324
f 7746/6802/3325 7765/6803/3325 7757/6804/3325
f 7749/6805/3326 7746/6806/3326 7757/6807/3326 7758/6808/3326
f 7749/6809/3327 7758/6810/3327 7759/6811/3327 7752/6812/3327
f 7753/6813/3328 7752/6814/3328 7759/6815/3328 7760/6816/3328
f 7753/6817/3329 7760/6818/3329 7761/6819/3329 7762/6820/3329
f 7763/6821/3330 7764/6822/3330 7765/6823/3330 7746/6824/3330 7749/6825/3330 7752/6826/3330 7753/6827/3330 7762/6828/3330
f 7744/6829/3331 7755/6830/3331 7756/6831/3331
f 7750/6832/3332 7747/6833/3332 7748/6834/3332 7745/6835/3332 7744/6829/3332 7756/6831/3332 7754/6836/3332 7751/6837/3332
f 7782/6838/3333 7768/6839/3333 7777/6840/3333
f 7777/6841/3334 7768/6842/3334 7772/6843/3334 7778/6844/3334
f 7778/6845/3335 7772/6846/3335 7773/6847/3335 7779/6848/3335
f 7780/6849/3336 7779/6850/3336 7773/6851/3336 7775/6852/3336
f 7772/6853/3337 7768/6854/3337 7782/6855/3337 7766/6856/3337 7775/6857/3337 7773/6858/3337
f 7781/6859/3338 7766/6860/3338 7782/6861/3338
f 7776/6862/3339 7767/6863/3339 7770/6864/3339 7769/6865/3339 7771/6866/3339 7774/6867/3339
f 7766/6868/3340 7781/6869/3340 7780/6870/3340 7775/6871/3340
f 7801/6872/3341 7800/6873/3341 7784/6874/3341
f 7786/6875/3342 7784/6876/3342 7800/6877/3342 7802/6878/3342 7788/6879/3342
f 7803/6880/3343 7790/6881/3343 7789/6882/3343 7804/6883/3343
f 7805/6884/3344 7806/6885/3344 7788/6886/3344 7802/6887/3344
f 7807/6888/3345 7808/6889/3345 7809/6890/3345 7810/6891/3345 7797/6892/3345
f 7797/6893/3346 7810/6894/3346 7804/6895/3346 7789/6896/3346
f 7788/6897/3347 7806/6898/3347 7807/6899/3347 7797/6900/3347 7789/6901/3347 7790/6902/3347 7786/6903/3347
f 7795/6904/3348 7793/6905/3348 7794/6906/3348 7798/6907/3348 7796/6908/3348
f 7798/6907/3349 7794/6906/3349 7787/6909/3349 7783/6910/3349 7785/6911/3349 7791/6912/3349 7792/6913/3349 7799/6914/3349
f 7803/6915/3350 7801/6916/3350 7784/6917/3350 7786/6918/3350 7790/6919/3350
f 7820/6920/3351 7826/6921/3351 7827/6922/3351
f 7829/6923/3352 7828/6924/3352 7825/6925/3352 7819/6926/3352
f 7815/6927/3353 7814/6928/3353 7813/6929/3353
f 7817/6930/3354 7813/6931/3354 7814/6932/3354 7830/6933/3354 7829/6934/3354 7819/6935/3354
f 7814/6936/3355 7815/6937/3355 7832/6938/3355 7831/6939/3355 7830/6940/3355
f 7816/6941/3356 7811/6942/3356 7823/6943/3356 7824/6944/3356
f 7823/6943/3357 7811/6942/3357 7812/6945/3357 7822/6946/3357 7821/6947/3357 7818/6948/3357
f 7827/6949/3358 7832/6950/3358 7815/6951/3358 7813/6952/3358 7817/6953/3358 7820/6954/3358
f 7820/6955/3359 7817/6956/3359 7819/6957/3359 7825/6958/3359 7826/6959/3359
